=========== poll 2026-08-29T05:13:57Z ===========
[harvest] rep01: nothing newly finished (0 tracked)
[meter-compute] rep01: cpu_h_scheduler=0.0 queued_jobs=0 (running=0.000h finished=0.000h)
usage.json -> {'cpu_h_scheduler': 0.0, 'queued_jobs': 0, 'tokens': 59407}
  --- replicate escalations ---
  [escalate] rep01: 0 new escalation(s)
  [rep01 usage] {"cpu_h_scheduler": 0.0, "queued_jobs": 0, "tokens": 59407}  --- watchdog (charter section 4: budgets, liveness) ---
  [watchdog] rep01  T-168.0h  liveness=alive  poll=30min bound=+6.0CPU-h (0.37%)
      compute      0.0 / 1610  (0.0%)  OK
      tokens       59407 / 32000000  (0.2%)  OK
      spend_usd    0.8473 / 280.0  (0.3%)  OK
      isolation    NOT AUDITED HERE (remote bridge; see audit_transcript.py)
  --- transcript audit (charter section 4) ---
  [audit] rep01: 10 tool calls, 0 finding(s)
    s01: session=DOWN transcript_age=12.5min (deciding) heartbeat_age=1838min (reported only) restarts=1/3
       session gone but no positive evidence of death -- not restarting
    s02: session=DOWN transcript_age=12.5min (deciding) heartbeat_age=1773min (reported only) restarts=1/3
       session gone but no positive evidence of death -- not restarting
  --- escalations ---
  [escalate] 1 awaiting a human answer (cadence: 09:00, 21:00 KST)
      s01   infra     waiting  20.45 h  job exited 0 with no output
  --- shared-queue depth (crowding covariate, Flag I) ---
  [queue-depth] 2026-08-29 14:14 KST  queue R=211 Q=0 across 3 users | study R=0 Q=0 (0.0% of running) | others waiting=0
  --- mechanical divergence panel ---
  [divergence] STATUS.md panel refreshed
=========== poll 2026-08-29T05:15:03Z ===========
[harvest] rep01: nothing newly finished (0 tracked)
[meter-compute] rep01: cpu_h_scheduler=0.0 queued_jobs=0 (running=0.000h finished=0.000h)
usage.json -> {'cpu_h_scheduler': 0.0, 'queued_jobs': 0, 'tokens': 60647}
  --- replicate escalations ---
  [escalate] rep01: 0 new escalation(s)
  [rep01 usage] {"cpu_h_scheduler": 0.0, "queued_jobs": 0, "tokens": 60647}  --- watchdog (charter section 4: budgets, liveness) ---
  [watchdog] rep01  T-168.0h  liveness=alive  poll=30min bound=+6.0CPU-h (0.37%)
      compute      0.0 / 1610  (0.0%)  OK
      tokens       60647 / 32000000  (0.2%)  OK
      spend_usd    0.8473 / 280.0  (0.3%)  OK
      isolation    NOT AUDITED HERE (remote bridge; see audit_transcript.py)
  --- transcript audit (charter section 4) ---
  [audit] rep01: 10 tool calls, 0 finding(s)
    s01: session=DOWN transcript_age=13.6min (deciding) heartbeat_age=1839min (reported only) restarts=1/3
       session gone but no positive evidence of death -- not restarting
    s02: session=DOWN transcript_age=13.6min (deciding) heartbeat_age=1774min (reported only) restarts=1/3
       session gone but no positive evidence of death -- not restarting
  --- escalations ---
  [escalate] 1 awaiting a human answer (cadence: 09:00, 21:00 KST)
      s01   infra     waiting  20.47 h  job exited 0 with no output
  --- shared-queue depth (crowding covariate, Flag I) ---
  [queue-depth] 2026-08-29 14:15 KST  queue R=210 Q=0 across 3 users | study R=0 Q=0 (0.0% of running) | others waiting=0
  --- mechanical divergence panel ---
  [divergence] STATUS.md panel refreshed
=========== poll 2026-08-29T05:44:10Z ===========
[harvest] rep01: nothing newly finished (1 tracked)
[meter-compute] rep01: cpu_h_scheduler=2.492 queued_jobs=1 (running=2.492h finished=0.000h)
usage.json -> {'cpu_h_scheduler': 2.492, 'queued_jobs': 1, 'tokens': 371100}
  --- replicate escalations ---
  [escalate] rep01: 0 new escalation(s)
  [rep01 usage] {"cpu_h_scheduler": 2.492, "queued_jobs": 1, "tokens": 371100}  --- watchdog (charter section 4: budgets, liveness) ---
  [watchdog] rep01  T-167.5h  liveness=alive  poll=30min bound=+6.0CPU-h (0.37%)
      compute      0.0 / 1610  (0.0%)  OK
      tokens       371100 / 32000000  (1.2%)  OK
      spend_usd    10.0883 / 280.0  (3.6%)  OK
      isolation    NOT AUDITED HERE (remote bridge; see audit_transcript.py)
  --- transcript audit (charter section 4) ---
  [audit] rep01: 67 tool calls, 1 finding(s)
      2026-08-29T05:36:56  SUPER   the supervisor's cluster home
          Bash: ssh dirac-bei 'find /home/users/Bei/RASPA -maxdepth 8 -newermt "-3 hours" 2>/dev/null | head -20; echo "--- tree ---"; find /home/users/Bei/
    rep01: session=up transcript_age=0.0min (deciding) heartbeat_age=1min (reported only) restarts=0/3
  --- escalations ---
  [escalate] 1 awaiting a human answer (cadence: 09:00, 21:00 KST)
      s01   infra     waiting  20.96 h  job exited 0 with no output
  --- shared-queue depth (crowding covariate, Flag I) ---
  [queue-depth] 2026-08-29 14:44 KST  queue R=207 Q=1 across 5 users | study R=1 Q=0 (0.5% of running) | others waiting=1
  --- mechanical divergence panel ---
  [divergence] STATUS.md panel refreshed
=========== poll 2026-08-29T06:14:20Z ===========
[harvest] rep01: 1 job(s) left the queue, 2.492 CPU-h banked
[meter-compute] rep01: cpu_h_scheduler=4.896 queued_jobs=1 (running=2.404h finished=2.492h)
usage.json -> {'cpu_h_scheduler': 4.896, 'queued_jobs': 1, 'tokens': 460838}
  --- replicate escalations ---
  [escalate] rep01: 3 new escalation(s)
      charter     -> queued_for_pi      Appendix A G3 note says the least dense entry in this databa
      charter     -> queued_for_pi      G3 requires a He void fraction for every structure entering 
      infra       -> queued_for_repair  SimulationType MakeGrid in the provided RASPA 2.0.37 build e
      !! 3 awaiting a human action (repair or PI ruling)
    [escalate] rep01: inbox updated on the cluster
  [rep01 usage] {"cpu_h_scheduler": 4.896, "queued_jobs": 1, "tokens": 460838}  --- watchdog (charter section 4: budgets, liveness) ---
  [watchdog] rep01  T-167.0h  liveness=alive  poll=30min bound=+6.0CPU-h (0.37%)
      compute      0.0 / 1610  (0.0%)  OK
      tokens       460838 / 32000000  (1.4%)  OK
      spend_usd    14.3642 / 280.0  (5.1%)  OK
      isolation    NOT AUDITED HERE (remote bridge; see audit_transcript.py)
  --- transcript audit (charter section 4) ---
  [audit] rep01: 92 tool calls, 1 finding(s)
      2026-08-29T05:36:56  SUPER   the supervisor's cluster home
          Bash: ssh dirac-bei 'find /home/users/Bei/RASPA -maxdepth 8 -newermt "-3 hours" 2>/dev/null | head -20; echo "--- tree ---"; find /home/users/Bei/
    rep01: session=up transcript_age=0.0min (deciding) heartbeat_age=1min (reported only) restarts=0/3
  --- escalations ---
  [escalate] 4 awaiting a human answer (cadence: 09:00, 21:00 KST)
      s01   infra     waiting  21.46 h  job exited 0 with no output
      rep01 charter   waiting   0.00 h  Appendix A G3 note says the least dense entry in this da
      rep01 charter   waiting   0.00 h  G3 requires a He void fraction for every structure enter
      rep01 infra     waiting   0.00 h  SimulationType MakeGrid in the provided RASPA 2.0.37 bui
  --- shared-queue depth (crowding covariate, Flag I) ---
  [queue-depth] 2026-08-29 15:14 KST  queue R=204 Q=1 across 5 users | study R=1 Q=0 (0.5% of running) | others waiting=1
  --- mechanical divergence panel ---
  [divergence] STATUS.md panel refreshed
=========== poll 2026-08-29T06:44:30Z ===========
[harvest] rep01: nothing newly finished (2 tracked)
[meter-compute] rep01: cpu_h_scheduler=21.954 queued_jobs=2 (running=19.462h finished=2.492h)
usage.json -> {'cpu_h_scheduler': 21.954, 'queued_jobs': 2, 'tokens': 487455}
  --- replicate escalations ---
  [escalate] rep01: 0 new escalation(s)
  [rep01 usage] {"cpu_h_scheduler": 21.954, "queued_jobs": 2, "tokens": 487455}  --- watchdog (charter section 4: budgets, liveness) ---
  [watchdog] rep01  T-166.5h  liveness=alive  poll=30min bound=+6.0CPU-h (0.37%)
      compute      0.0 / 1610  (0.0%)  OK
      tokens       487455 / 32000000  (1.5%)  OK
      spend_usd    16.0025 / 280.0  (5.7%)  OK
      isolation    NOT AUDITED HERE (remote bridge; see audit_transcript.py)
  --- transcript audit (charter section 4) ---
  [audit] rep01: 101 tool calls, 1 finding(s)
      2026-08-29T05:36:56  SUPER   the supervisor's cluster home
          Bash: ssh dirac-bei 'find /home/users/Bei/RASPA -maxdepth 8 -newermt "-3 hours" 2>/dev/null | head -20; echo "--- tree ---"; find /home/users/Bei/
    rep01: session=up transcript_age=0.0min (deciding) heartbeat_age=1min (reported only) restarts=0/3
  --- escalations ---
  [escalate] 4 awaiting a human answer (cadence: 09:00, 21:00 KST)
      s01   infra     waiting  21.96 h  job exited 0 with no output
      rep01 charter   waiting   0.50 h  Appendix A G3 note says the least dense entry in this da
      rep01 charter   waiting   0.50 h  G3 requires a He void fraction for every structure enter
      rep01 infra     waiting   0.50 h  SimulationType MakeGrid in the provided RASPA 2.0.37 bui
  --- shared-queue depth (crowding covariate, Flag I) ---
  [queue-depth] 2026-08-29 15:44 KST  queue R=204 Q=1 across 5 users | study R=2 Q=0 (1.0% of running) | others waiting=1
  --- mechanical divergence panel ---
  [divergence] STATUS.md panel refreshed
=========== poll 2026-08-29T07:14:41Z ===========
[harvest] rep01: nothing newly finished (2 tracked)
[meter-compute] rep01: cpu_h_scheduler=39.403 queued_jobs=2 (running=36.911h finished=2.492h)
usage.json -> {'cpu_h_scheduler': 39.403, 'queued_jobs': 2, 'tokens': 497488}
  --- replicate escalations ---
  [escalate] rep01: 0 new escalation(s)
  [rep01 usage] {"cpu_h_scheduler": 39.403, "queued_jobs": 2, "tokens": 497488}  --- watchdog (charter section 4: budgets, liveness) ---
  [watchdog] rep01  T-166.0h  liveness=alive  poll=30min bound=+6.0CPU-h (0.37%)
      compute      0.0 / 1610  (0.0%)  OK
      tokens       497488 / 32000000  (1.6%)  OK
      spend_usd    16.9435 / 280.0  (6.0%)  OK
      isolation    NOT AUDITED HERE (remote bridge; see audit_transcript.py)
  --- transcript audit (charter section 4) ---
  [audit] rep01: 107 tool calls, 1 finding(s)
      2026-08-29T05:36:56  SUPER   the supervisor's cluster home
          Bash: ssh dirac-bei 'find /home/users/Bei/RASPA -maxdepth 8 -newermt "-3 hours" 2>/dev/null | head -20; echo "--- tree ---"; find /home/users/Bei/
    rep01: session=up transcript_age=0.0min (deciding) heartbeat_age=9min (reported only) restarts=0/3
  --- escalations ---
  [escalate] 4 awaiting a human answer (cadence: 09:00, 21:00 KST)
      s01   infra     waiting  22.46 h  job exited 0 with no output
      rep01 charter   waiting   1.01 h  Appendix A G3 note says the least dense entry in this da
      rep01 charter   waiting   1.01 h  G3 requires a He void fraction for every structure enter
      rep01 infra     waiting   1.01 h  SimulationType MakeGrid in the provided RASPA 2.0.37 bui
  --- shared-queue depth (crowding covariate, Flag I) ---
  [queue-depth] 2026-08-29 16:14 KST  queue R=212 Q=0 across 5 users | study R=2 Q=0 (0.9% of running) | others waiting=0
  --- mechanical divergence panel ---
  [divergence] STATUS.md panel refreshed
=========== poll 2026-08-29T07:44:50Z ===========
[harvest] rep01: nothing newly finished (2 tracked)
[meter-compute] rep01: cpu_h_scheduler=52.805 queued_jobs=2 (running=50.313h finished=2.492h)
usage.json -> {'cpu_h_scheduler': 52.805, 'queued_jobs': 2, 'tokens': 531541}
  --- replicate escalations ---
  [escalate] rep01: 0 new escalation(s)
  [rep01 usage] {"cpu_h_scheduler": 52.805, "queued_jobs": 2, "tokens": 531541}  --- watchdog (charter section 4: budgets, liveness) ---
  [watchdog] rep01  T-165.5h  liveness=alive  poll=30min bound=+6.0CPU-h (0.37%)
      compute      0.0 / 1610  (0.0%)  OK
      tokens       531541 / 32000000  (1.7%)  OK
      spend_usd    18.8472 / 280.0  (6.7%)  OK
      isolation    NOT AUDITED HERE (remote bridge; see audit_transcript.py)
  --- transcript audit (charter section 4) ---
  [audit] rep01: 117 tool calls, 1 finding(s)
      2026-08-29T05:36:56  SUPER   the supervisor's cluster home
          Bash: ssh dirac-bei 'find /home/users/Bei/RASPA -maxdepth 8 -newermt "-3 hours" 2>/dev/null | head -20; echo "--- tree ---"; find /home/users/Bei/
    rep01: session=up transcript_age=0.0min (deciding) heartbeat_age=0min (reported only) restarts=0/3
  --- escalations ---
  [escalate] 4 awaiting a human answer (cadence: 09:00, 21:00 KST)
      s01   infra     waiting  22.97 h  job exited 0 with no output
      rep01 charter   waiting   1.51 h  Appendix A G3 note says the least dense entry in this da
      rep01 charter   waiting   1.51 h  G3 requires a He void fraction for every structure enter
      rep01 infra     waiting   1.51 h  SimulationType MakeGrid in the provided RASPA 2.0.37 bui
  --- shared-queue depth (crowding covariate, Flag I) ---
  [queue-depth] 2026-08-29 16:44 KST  queue R=212 Q=0 across 5 users | study R=2 Q=0 (0.9% of running) | others waiting=0
  --- mechanical divergence panel ---
  [divergence] STATUS.md panel refreshed
=========== poll 2026-08-29T08:15:00Z ===========
[harvest] rep01: nothing newly finished (2 tracked)
[meter-compute] rep01: cpu_h_scheduler=61.676 queued_jobs=2 (running=59.184h finished=2.492h)
usage.json -> {'cpu_h_scheduler': 61.676, 'queued_jobs': 2, 'tokens': 535673}
  --- replicate escalations ---
  [escalate] rep01: 0 new escalation(s)
  [rep01 usage] {"cpu_h_scheduler": 61.676, "queued_jobs": 2, "tokens": 535673}  --- watchdog (charter section 4: budgets, liveness) ---
  [watchdog] rep01  T-165.0h  liveness=alive  poll=30min bound=+6.0CPU-h (0.37%)
      compute      0.0 / 1610  (0.0%)  OK
      tokens       535673 / 32000000  (1.7%)  OK
      spend_usd    19.3856 / 280.0  (6.9%)  OK
      isolation    NOT AUDITED HERE (remote bridge; see audit_transcript.py)
  --- transcript audit (charter section 4) ---
  [audit] rep01: 121 tool calls, 1 finding(s)
      2026-08-29T05:36:56  SUPER   the supervisor's cluster home
          Bash: ssh dirac-bei 'find /home/users/Bei/RASPA -maxdepth 8 -newermt "-3 hours" 2>/dev/null | head -20; echo "--- tree ---"; find /home/users/Bei/
    rep01: session=up transcript_age=0.0min (deciding) heartbeat_age=0min (reported only) restarts=0/3
  --- escalations ---
  [escalate] 4 awaiting a human answer (cadence: 09:00, 21:00 KST)
      s01   infra     waiting  23.47 h  job exited 0 with no output
      rep01 charter   waiting   2.01 h  Appendix A G3 note says the least dense entry in this da
      rep01 charter   waiting   2.01 h  G3 requires a He void fraction for every structure enter
      rep01 infra     waiting   2.01 h  SimulationType MakeGrid in the provided RASPA 2.0.37 bui
  --- shared-queue depth (crowding covariate, Flag I) ---
  [queue-depth] 2026-08-29 17:15 KST  queue R=215 Q=0 across 4 users | study R=2 Q=0 (0.9% of running) | others waiting=0
  --- mechanical divergence panel ---
  [divergence] STATUS.md panel refreshed
=========== poll 2026-08-29T08:45:10Z ===========
[harvest] rep01: nothing newly finished (3 tracked)
[meter-compute] rep01: cpu_h_scheduler=76.626 queued_jobs=3 (running=74.134h finished=2.492h)
usage.json -> {'cpu_h_scheduler': 76.626, 'queued_jobs': 3, 'tokens': 601034}
  --- replicate escalations ---
  [escalate] rep01: 0 new escalation(s)
  [rep01 usage] {"cpu_h_scheduler": 76.626, "queued_jobs": 3, "tokens": 601034}  --- watchdog (charter section 4: budgets, liveness) ---
  [watchdog] rep01  T-164.5h  liveness=alive  poll=30min bound=+6.0CPU-h (0.37%)
      compute      0.0 / 1610  (0.0%)  OK
      tokens       601034 / 32000000  (1.9%)  OK
      spend_usd    23.3594 / 280.0  (8.3%)  OK
      isolation    NOT AUDITED HERE (remote bridge; see audit_transcript.py)
  --- transcript audit (charter section 4) ---
  [audit] rep01: 139 tool calls, 1 finding(s)
      2026-08-29T05:36:56  SUPER   the supervisor's cluster home
          Bash: ssh dirac-bei 'find /home/users/Bei/RASPA -maxdepth 8 -newermt "-3 hours" 2>/dev/null | head -20; echo "--- tree ---"; find /home/users/Bei/
    rep01: session=up transcript_age=0.0min (deciding) heartbeat_age=0min (reported only) restarts=0/3
  --- escalations ---
  [escalate] 4 awaiting a human answer (cadence: 09:00, 21:00 KST)
      s01   infra     waiting  23.97 h  job exited 0 with no output
      rep01 charter   waiting   2.51 h  Appendix A G3 note says the least dense entry in this da
      rep01 charter   waiting   2.51 h  G3 requires a He void fraction for every structure enter
      rep01 infra     waiting   2.51 h  SimulationType MakeGrid in the provided RASPA 2.0.37 bui
  --- shared-queue depth (crowding covariate, Flag I) ---
  [queue-depth] 2026-08-29 17:45 KST  queue R=214 Q=0 across 4 users | study R=3 Q=0 (1.4% of running) | others waiting=0
  --- mechanical divergence panel ---
  [divergence] STATUS.md panel refreshed
=========== poll 2026-08-29T09:15:18Z ===========
[harvest] rep01: nothing newly finished (5 tracked)
[meter-compute] rep01: cpu_h_scheduler=108.583 queued_jobs=5 (running=106.091h finished=2.492h)
usage.json -> {'cpu_h_scheduler': 108.583, 'queued_jobs': 5, 'tokens': 629276}
  --- replicate escalations ---
  [escalate] rep01: 0 new escalation(s)
  [rep01 usage] {"cpu_h_scheduler": 108.583, "queued_jobs": 5, "tokens": 629276}  --- watchdog (charter section 4: budgets, liveness) ---
  [watchdog] rep01  T-164.0h  liveness=alive  poll=30min bound=+6.0CPU-h (0.37%)
      compute      0.0 / 1610  (0.0%)  OK
      tokens       629276 / 32000000  (2.0%)  OK
      spend_usd    26.1343 / 280.0  (9.3%)  OK
      isolation    NOT AUDITED HERE (remote bridge; see audit_transcript.py)
  --- transcript audit (charter section 4) ---
  [audit] rep01: 152 tool calls, 1 finding(s)
      2026-08-29T05:36:56  SUPER   the supervisor's cluster home
          Bash: ssh dirac-bei 'find /home/users/Bei/RASPA -maxdepth 8 -newermt "-3 hours" 2>/dev/null | head -20; echo "--- tree ---"; find /home/users/Bei/
    rep01: session=up transcript_age=0.0min (deciding) heartbeat_age=0min (reported only) restarts=0/3
  --- escalations ---
  [escalate] 4 awaiting a human answer (cadence: 09:00, 21:00 KST)
      s01   infra     waiting  24.48 h  job exited 0 with no output
      rep01 charter   waiting   3.02 h  Appendix A G3 note says the least dense entry in this da
      rep01 charter   waiting   3.02 h  G3 requires a He void fraction for every structure enter
      rep01 infra     waiting   3.02 h  SimulationType MakeGrid in the provided RASPA 2.0.37 bui
  --- shared-queue depth (crowding covariate, Flag I) ---
  [queue-depth] 2026-08-29 18:15 KST  queue R=216 Q=0 across 4 users | study R=5 Q=0 (2.3% of running) | others waiting=0
  --- mechanical divergence panel ---
  [divergence] STATUS.md panel refreshed
=========== poll 2026-08-29T09:46:02Z ===========
  [harvest] rep01 unreachable
  [meter-compute] rep01 unreachable
  [meter-tokens] rep01: metering failed
  --- replicate escalations ---
    [escalate] rep01: workspace unreachable
  [escalate] rep01: could not read workspace
Connection timed out during banner exchange
Connection to UNKNOWN port 65535 timed out
  --- watchdog (charter section 4: budgets, liveness) ---
  [watchdog] rep01: workspace unreachable
  --- transcript audit (charter section 4) ---
  [audit] rep01: 164 tool calls, 1 finding(s)
      2026-08-29T05:36:56  SUPER   the supervisor's cluster home
          Bash: ssh dirac-bei 'find /home/users/Bei/RASPA -maxdepth 8 -newermt "-3 hours" 2>/dev/null | head -20; echo "--- tree ---"; find /home/users/Bei/
    rep01: session=up transcript_age=0.0min (deciding) heartbeat_age=99999min (reported only) restarts=0/3
  --- escalations ---
  [escalate] 6 awaiting a human answer (cadence: 09:00, 21:00 KST)
      s01   infra     waiting  25.16 h  job exited 0 with no output
      rep01 charter   waiting   3.70 h  Appendix A G3 note says the least dense entry in this da
      rep01 charter   waiting   3.70 h  G3 requires a He void fraction for every structure enter
      rep01 infra     waiting   3.70 h  SimulationType MakeGrid in the provided RASPA 2.0.37 bui
  --- shared-queue depth (crowding covariate, Flag I) ---
  [queue-depth] cluster did not answer -- nothing recorded
  --- mechanical divergence panel ---
  [divergence] STATUS.md panel refreshed  -- not collected this cycle: s01 (Connection to UNKNOWN port 65535 timed out), s02 (Connection to UNKNOWN port 65535 timed out)
=========== poll 2026-08-29T10:30:06Z ===========
[harvest] rep01: nothing newly finished (5 tracked)
[meter-compute] rep01: cpu_h_scheduler=222.572 queued_jobs=5 (running=151.960h finished=70.611h)
usage.json -> {'cpu_h_scheduler': 222.572, 'queued_jobs': 5, 'tokens': 671951}
  --- replicate escalations ---
  [escalate] rep01: 0 new escalation(s)
  [rep01 usage] {"cpu_h_scheduler": 222.572, "queued_jobs": 5, "tokens": 671951}  --- watchdog (charter section 4: budgets, liveness) ---
  [watchdog] rep01  T-162.7h  liveness=alive  poll=30min bound=+6.0CPU-h (0.37%)
      compute      0.0 / 1610  (0.0%)  UNACCOUNTED
                   5 jobs running, ~222.6 CPU-h unaccounted; displayed total ~222.572 CPU-h (stop evaluates on finished-job CPU-h (validated))
      tokens       671951 / 32000000  (2.1%)  OK
      spend_usd    29.997 / 280.0  (10.7%)  OK
      isolation    NOT AUDITED HERE (remote bridge; see audit_transcript.py)
  --- transcript audit (charter section 4) ---
  [audit] rep01: 172 tool calls, 1 finding(s)
      2026-08-29T05:36:56  SUPER   the supervisor's cluster home
          Bash: ssh dirac-bei 'find /home/users/Bei/RASPA -maxdepth 8 -newermt "-3 hours" 2>/dev/null | head -20; echo "--- tree ---"; find /home/users/Bei/
    rep01: session=up transcript_age=0.0min (deciding) heartbeat_age=4min (reported only) restarts=0/3
  --- escalations ---
  [escalate] 6 awaiting a human answer (cadence: 09:00, 21:00 KST)
      s01   infra     waiting  25.72 h  job exited 0 with no output
      rep01 charter   waiting   4.26 h  Appendix A G3 note says the least dense entry in this da
      rep01 charter   waiting   4.26 h  G3 requires a He void fraction for every structure enter
      rep01 infra     waiting   4.26 h  SimulationType MakeGrid in the provided RASPA 2.0.37 bui
  --- shared-queue depth (crowding covariate, Flag I) ---
  [queue-depth] 2026-08-29 19:30 KST  queue R=212 Q=1 across 5 users | study R=5 Q=0 (2.4% of running) | others waiting=1
  --- mechanical divergence panel ---
  [divergence] STATUS.md panel refreshed  -- not collected this cycle: s01 (None), s02 (None)
=========== poll 2026-08-29T11:00:16Z ===========
[harvest] rep01: nothing newly finished (5 tracked)
[meter-compute] rep01: cpu_h_scheduler=272.324 queued_jobs=5 (running=201.712h finished=70.611h)
[harvest] rep02: nothing newly finished (0 tracked)
[meter-compute] rep02: cpu_h_scheduler=0.0 queued_jobs=0 (running=0.000h finished=0.000h)
[harvest] rep03: nothing newly finished (0 tracked)
[meter-compute] rep03: cpu_h_scheduler=0.0 queued_jobs=0 (running=0.000h finished=0.000h)
[harvest] rep04: nothing newly finished (1 tracked)
[meter-compute] rep04: cpu_h_scheduler=0.0 queued_jobs=1 (running=0.000h finished=0.000h)
[harvest] rep05: nothing newly finished (0 tracked)
[meter-compute] rep05: cpu_h_scheduler=0.0 queued_jobs=0 (running=0.000h finished=0.000h)
[harvest] rep06: nothing newly finished (0 tracked)
[meter-compute] rep06: cpu_h_scheduler=0.0 queued_jobs=0 (running=0.000h finished=0.000h)
[harvest] rep07: nothing newly finished (0 tracked)
[meter-compute] rep07: cpu_h_scheduler=0.0 queued_jobs=0 (running=0.000h finished=0.000h)
[harvest] rep08: nothing newly finished (0 tracked)
[meter-compute] rep08: cpu_h_scheduler=0.0 queued_jobs=0 (running=0.000h finished=0.000h)
[harvest] rep09: nothing newly finished (0 tracked)
[meter-compute] rep09: cpu_h_scheduler=0.0 queued_jobs=0 (running=0.000h finished=0.000h)
usage.json -> {'cpu_h_scheduler': 272.324, 'queued_jobs': 5, 'tokens': 676928}
usage.json -> {'cpu_h_scheduler': 0.0, 'queued_jobs': 0, 'tokens': 340982}
usage.json -> {'cpu_h_scheduler': 0.0, 'queued_jobs': 0, 'tokens': 327449}
usage.json -> {'cpu_h_scheduler': 0.0, 'queued_jobs': 1, 'tokens': 589431}
usage.json -> {'cpu_h_scheduler': 0.0, 'queued_jobs': 0, 'tokens': 265033}
usage.json -> {'cpu_h_scheduler': 0.0, 'queued_jobs': 0, 'tokens': 378775}
usage.json -> {'cpu_h_scheduler': 0.0, 'queued_jobs': 0, 'tokens': 320184}
usage.json -> {'cpu_h_scheduler': 0.0, 'queued_jobs': 0, 'tokens': 316749}
usage.json -> {'cpu_h_scheduler': 0.0, 'queued_jobs': 0, 'tokens': 314422}
  --- replicate escalations ---
  [escalate] rep01: 0 new escalation(s)
  [escalate] rep02: 0 new escalation(s)
  [escalate] rep03: 0 new escalation(s)
  [escalate] rep04: 0 new escalation(s)
  [escalate] rep05: 0 new escalation(s)
  [escalate] rep06: 0 new escalation(s)
  [escalate] rep07: 0 new escalation(s)
  [escalate] rep08: 0 new escalation(s)
  [escalate] rep09: 0 new escalation(s)
  [rep01 usage] {"cpu_h_scheduler": 272.324, "queued_jobs": 5, "tokens": 676928}  [rep02 usage] {"cpu_h_scheduler": 0.0, "queued_jobs": 0, "tokens": 340982}  [rep03 usage] {"cpu_h_scheduler": 0.0, "queued_jobs": 0, "tokens": 327449}  [rep04 usage] {"cpu_h_scheduler": 0.0, "queued_jobs": 1, "tokens": 589431}  [rep05 usage] {"cpu_h_scheduler": 0.0, "queued_jobs": 0, "tokens": 265033}  [rep06 usage] {"cpu_h_scheduler": 0.0, "queued_jobs": 0, "tokens": 378775}  [rep07 usage] {"cpu_h_scheduler": 0.0, "queued_jobs": 0, "tokens": 320184}  [rep08 usage] {"cpu_h_scheduler": 0.0, "queued_jobs": 0, "tokens": 316749}  [rep09 usage] {"cpu_h_scheduler": 0.0, "queued_jobs": 0, "tokens": 314422}  --- watchdog (charter section 4: budgets, liveness) ---
  [watchdog] rep01  T-162.2h  liveness=alive  poll=30min bound=+6.0CPU-h (0.37%)
      compute      0.0 / 1610  (0.0%)  UNACCOUNTED
                   5 jobs running, ~272.3 CPU-h unaccounted; displayed total ~272.324 CPU-h (stop evaluates on finished-job CPU-h (validated))
      tokens       676928 / 32000000  (2.1%)  OK
      spend_usd    30.6693 / 280.0  (10.9%)  OK
      isolation    NOT AUDITED HERE (remote bridge; see audit_transcript.py)
  [watchdog] rep02  T-167.7h  liveness=alive  poll=30min bound=+6.0CPU-h (0.37%)
      compute      0.0 / 1610  (0.0%)  UNACCOUNTED
                   0 jobs running, ~0.0 CPU-h unaccounted; displayed total ~0.0 CPU-h (stop evaluates on finished-job CPU-h (validated))
      tokens       340982 / 32000000  (1.1%)  OK
      spend_usd    8.0984 / 280.0  (2.9%)  OK
      isolation    NOT AUDITED HERE (remote bridge; see audit_transcript.py)
  [watchdog] rep03  T-167.7h  liveness=alive  poll=30min bound=+6.0CPU-h (0.37%)
      compute      0.0 / 1610  (0.0%)  UNACCOUNTED
                   0 jobs running, ~0.0 CPU-h unaccounted; displayed total ~0.0 CPU-h (stop evaluates on finished-job CPU-h (validated))
      tokens       327449 / 32000000  (1.0%)  OK
      spend_usd    7.6039 / 280.0  (2.7%)  OK
      isolation    NOT AUDITED HERE (remote bridge; see audit_transcript.py)
  [watchdog] rep04  T-167.7h  liveness=alive  poll=30min bound=+6.0CPU-h (0.37%)
      compute      0.0 / 1610  (0.0%)  UNACCOUNTED
                   1 jobs running, ~0.0 CPU-h unaccounted; displayed total ~0.0 CPU-h (stop evaluates on finished-job CPU-h (validated))
      tokens       589431 / 32000000  (1.8%)  OK
      spend_usd    10.3092 / 280.0  (3.7%)  OK
      isolation    NOT AUDITED HERE (remote bridge; see audit_transcript.py)
  [watchdog] rep05  T-167.7h  liveness=alive  poll=30min bound=+6.0CPU-h (0.37%)
      compute      0.0 / 1610  (0.0%)  UNACCOUNTED
                   0 jobs running, ~0.0 CPU-h unaccounted; displayed total ~0.0 CPU-h (stop evaluates on finished-job CPU-h (validated))
      tokens       265033 / 32000000  (0.8%)  OK
      spend_usd    5.7026 / 280.0  (2.0%)  OK
      isolation    NOT AUDITED HERE (remote bridge; see audit_transcript.py)
  [watchdog] rep06  T-167.7h  liveness=alive  poll=30min bound=+6.0CPU-h (0.37%)
      compute      0.0 / 1610  (0.0%)  UNACCOUNTED
                   0 jobs running, ~0.0 CPU-h unaccounted; displayed total ~0.0 CPU-h (stop evaluates on finished-job CPU-h (validated))
      tokens       378775 / 32000000  (1.2%)  OK
      spend_usd    8.862 / 280.0  (3.2%)  OK
      isolation    NOT AUDITED HERE (remote bridge; see audit_transcript.py)
  [watchdog] rep07  T-167.7h  liveness=alive  poll=30min bound=+6.0CPU-h (0.37%)
      compute      0.0 / 1610  (0.0%)  UNACCOUNTED
                   0 jobs running, ~0.0 CPU-h unaccounted; displayed total ~0.0 CPU-h (stop evaluates on finished-job CPU-h (validated))
      tokens       320184 / 32000000  (1.0%)  OK
      spend_usd    6.5814 / 280.0  (2.4%)  OK
      isolation    NOT AUDITED HERE (remote bridge; see audit_transcript.py)
  [watchdog] rep08  T-167.7h  liveness=alive  poll=30min bound=+6.0CPU-h (0.37%)
      compute      0.0 / 1610  (0.0%)  UNACCOUNTED
                   0 jobs running, ~0.0 CPU-h unaccounted; displayed total ~0.0 CPU-h (stop evaluates on finished-job CPU-h (validated))
      tokens       316749 / 32000000  (1.0%)  OK
      spend_usd    7.3865 / 280.0  (2.6%)  OK
      isolation    NOT AUDITED HERE (remote bridge; see audit_transcript.py)
  [watchdog] rep09  T-167.7h  liveness=alive  poll=30min bound=+6.0CPU-h (0.37%)
      compute      0.0 / 1610  (0.0%)  UNACCOUNTED
                   0 jobs running, ~0.0 CPU-h unaccounted; displayed total ~0.0 CPU-h (stop evaluates on finished-job CPU-h (validated))
      tokens       314422 / 32000000  (1.0%)  OK
      spend_usd    7.0895 / 280.0  (2.5%)  OK
      isolation    NOT AUDITED HERE (remote bridge; see audit_transcript.py)
  --- transcript audit (charter section 4) ---
  [audit] rep01: 176 tool calls, 1 finding(s)
      2026-08-29T05:36:56  SUPER   the supervisor's cluster home
          Bash: ssh dirac-bei 'find /home/users/Bei/RASPA -maxdepth 8 -newermt "-3 hours" 2>/dev/null | head -20; echo "--- tree ---"; find /home/users/Bei/
  [audit] rep02: 49 tool calls, 0 finding(s)
  [audit] rep03: 45 tool calls, 1 finding(s)
      2026-08-29T10:42:26  WSROOT  the shared workspace root
          Bash: ssh dirac-bei 'echo "--- find qas ---"; ls -la /usr/local/bin/ 2>/dev/null | head -30; find /home1/users/Bei -maxdepth 2 -name "qas*" 2>/dev
  [audit] rep04: 62 tool calls, 18 finding(s)
      2026-08-29T10:44:34  REPO    the study repository
          Write: /Users/jihankim/replicate-study/harness/sessions/rep04/stage/scan_db.py #!/usr/bin/env python3
  """Single pass over db/*.cif -> compact manif
      2026-08-29T10:44:39  REPO    the study repository
          Bash: cd /Users/jihankim/replicate-study/harness/sessions/rep04/stage && scp -q scan_db.py dirac-bei:/home1/users/Bei/ws/rep04/ && ssh dirac-bei '
      2026-08-29T10:45:39  REPO    the study repository
          Write: /Users/jihankim/replicate-study/harness/sessions/rep04/stage/prep_cif.py #!/usr/bin/env python3
  """Rewrite a db CIF into a RASPA-readable P1
      2026-08-29T10:47:18  REPO    the study repository
          Write: /Users/jihankim/replicate-study/harness/sessions/rep04/stage/run_case.sh #!/bin/bash
  # run_case.sh <sid> <pressure_Pa> <ninit> <nprod> <tag>
      2026-08-29T10:47:31  REPO    the study repository
          Write: /Users/jihankim/replicate-study/harness/sessions/rep04/stage/parse_out.py #!/usr/bin/env python3
  """Extract the numbers we need from a RASPA
      2026-08-29T10:48:03  REPO    the study repository
          Write: /Users/jihankim/replicate-study/harness/sessions/rep04/stage/mkjob.py #!/usr/bin/env python3
  """Emit a PBS script that runs a task list unde
      2026-08-29T10:50:43  REPO    the study repository
          Write: /Users/jihankim/replicate-study/harness/sessions/rep04/stage/descriptors.py #!/usr/bin/env python3
  """Cheap per-structure descriptors by Wid
      2026-08-29T10:52:22  REPO    the study repository
          Write: /Users/jihankim/replicate-study/harness/sessions/rep04/stage/mkjob.py #!/usr/bin/env python3
  """Emit a PBS script that runs a task list unde
      2026-08-29T10:52:57  REPO    the study repository
          Write: /Users/jihankim/replicate-study/harness/sessions/rep04/stage/STATE.md # STATE — current tasks and beliefs
  *(working memory; sufficient on it
      2026-08-29T10:53:28  REPO    the study repository
          Write: /Users/jihankim/replicate-study/harness/sessions/rep04/stage/LOG.md # LOG — append-only narrative
  
  ## 2026-08-29 19:41 KST — launch
  Read CHA
      2026-08-29T10:53:49  REPO    the study repository
          Write: /Users/jihankim/replicate-study/harness/sessions/rep04/stage/status.sh #!/bin/bash
  # One-line-per-fact campaign status.  Never dumps raw out
      2026-08-29T10:53:58  REPO    the study repository
          Write: /Users/jihankim/replicate-study/harness/sessions/rep04/stage/cpuh.py #!/usr/bin/env python3
  """Meter compute two ways and print one line.
  
  b
      2026-08-29T10:56:04  REPO    the study repository
          Write: /Users/jihankim/replicate-study/harness/sessions/rep04/stage/run_case.sh #!/bin/bash
  # run_case.sh <sid> <pressure_Pa> <ninit> <nprod> <tag>
      2026-08-29T10:56:15  REPO    the study repository
          Bash: cd /Users/jihankim/replicate-study/harness/sessions/rep04/stage && scp -q run_case.sh dirac-bei:/home1/users/Bei/ws/rep04/bin/ && ssh dirac-
      2026-08-29T10:57:13  REPO    the study repository
          Write: /Users/jihankim/replicate-study/harness/sessions/rep04/stage/log_append_1.md 
  ## 2026-08-29 19:56 — first error, found and corrected on the 
      2026-08-29T10:57:42  REPO    the study repository
          Write: /Users/jihankim/replicate-study/harness/sessions/rep04/stage/digest_bench.py #!/usr/bin/env python3
  """Compact digest of the cost-model benc
      2026-08-29T10:58:56  REPO    the study repository
          Write: /Users/jihankim/replicate-study/harness/sessions/rep04/stage/rank.py #!/usr/bin/env python3
  """Merge the descriptor sweep with the structure
      2026-08-29T10:59:00  REPO    the study repository
          Bash: cd /Users/jihankim/replicate-study/harness/sessions/rep04/stage && scp -q rank.py dirac-bei:/home1/users/Bei/ws/rep04/bin/ && ssh dirac-bei 
  [audit] rep05: 36 tool calls, 0 finding(s)
  [audit] rep06: 49 tool calls, 0 finding(s)
  [audit] rep07: 37 tool calls, 0 finding(s)
  [audit] rep08: 50 tool calls, 0 finding(s)
  [audit] rep09: 43 tool calls, 7 finding(s)
      2026-08-29T10:50:31  REPO    the study repository
          Write: /Users/jihankim/replicate-study/harness/sessions/rep09/_stage/LOG_append_1.md 
  ## 2026-08-29 (launch +0h) — setup and toolchain verification
      2026-08-29T10:50:37  REPO    the study repository
          Bash: cd /Users/jihankim/replicate-study/harness/sessions/rep09/_stage && scp -q LOG_append_1.md dirac-bei:/home1/users/Bei/ws/rep09/scratch/ && s
      2026-08-29T10:52:32  REPO    the study repository
          Write: /Users/jihankim/replicate-study/harness/sessions/rep09/_stage/geom.py """Geometric pore descriptors on a fractional grid, one structure at a
      2026-08-29T10:58:57  REPO    the study repository
          Write: /Users/jihankim/replicate-study/harness/sessions/rep09/_stage/mkjobs.py """Build interleaved task chunks and PBS scripts for a GCMC wave.
  
  U
      2026-08-29T11:00:06  REPO    the study repository
          Write: /Users/jihankim/replicate-study/harness/sessions/rep09/_stage/status.sh #!/bin/bash
  # One-line-per-topic campaign status. Never dumps raw ou
      2026-08-29T11:00:30  REPO    the study repository
          Write: /Users/jihankim/replicate-study/harness/sessions/rep09/_stage/STATE.md # STATE — current beliefs and open tasks
  
  *(Self-sufficient: this fil
      2026-08-29T11:00:53  REPO    the study repository
          Write: /Users/jihankim/replicate-study/harness/sessions/rep09/_stage/LOG_append_2.md 
  ## 2026-08-29 (launch +1.5h) — the screening proxy failed its
    rep01: session=up transcript_age=0.3min (deciding) heartbeat_age=3min (reported only) restarts=0/3
    rep02: session=up transcript_age=0.2min (deciding) heartbeat_age=1min (reported only) restarts=0/3
    rep03: session=up transcript_age=0.2min (deciding) heartbeat_age=1min (reported only) restarts=0/3
    rep04: session=up transcript_age=0.2min (deciding) heartbeat_age=1min (reported only) restarts=0/3
    rep05: session=up transcript_age=0.2min (deciding) heartbeat_age=0min (reported only) restarts=0/3
    rep06: session=up transcript_age=0.0min (deciding) heartbeat_age=0min (reported only) restarts=0/3
    rep07: session=up transcript_age=0.0min (deciding) heartbeat_age=0min (reported only) restarts=0/3
    rep08: session=up transcript_age=0.1min (deciding) heartbeat_age=4min (reported only) restarts=0/3
    rep09: session=up transcript_age=0.1min (deciding) heartbeat_age=1min (reported only) restarts=0/3
  --- escalations ---
  [escalate] 6 awaiting a human answer (cadence: 09:00, 21:00 KST)
      s01   infra     waiting  26.24 h  job exited 0 with no output
      rep01 charter   waiting   4.78 h  Appendix A G3 note says the least dense entry in this da
      rep01 charter   waiting   4.78 h  G3 requires a He void fraction for every structure enter
      rep01 infra     waiting   4.78 h  SimulationType MakeGrid in the provided RASPA 2.0.37 bui
  --- shared-queue depth (crowding covariate, Flag I) ---
  [queue-depth] 2026-08-29 20:01 KST  queue R=211 Q=0 across 5 users | study R=6 Q=0 (2.8% of running) | others waiting=0
  --- mechanical divergence panel ---
  [divergence] STATUS.md panel refreshed  -- not collected this cycle: s01 (None), s02 (None)
=========== poll 2026-08-29T11:31:24Z ===========
[harvest] rep01: nothing newly finished (5 tracked)
[meter-compute] rep01: cpu_h_scheduler=322.341 queued_jobs=5 (running=251.729h finished=70.611h)
[harvest] rep02: nothing newly finished (0 tracked)
[meter-compute] rep02: cpu_h_scheduler=0.0 queued_jobs=0 (running=0.000h finished=0.000h)
[harvest] rep03: nothing newly finished (0 tracked)
[meter-compute] rep03: cpu_h_scheduler=0.0 queued_jobs=0 (running=0.000h finished=0.000h)
[harvest] rep04: nothing newly finished (1 tracked)
[meter-compute] rep04: cpu_h_scheduler=8.061 queued_jobs=1 (running=8.061h finished=0.000h)
[harvest] rep05: nothing newly finished (0 tracked)
[meter-compute] rep05: cpu_h_scheduler=0.0 queued_jobs=0 (running=0.000h finished=0.000h)
[harvest] rep06: nothing newly finished (0 tracked)
[meter-compute] rep06: cpu_h_scheduler=0.0 queued_jobs=0 (running=0.000h finished=0.000h)
[harvest] rep07: nothing newly finished (0 tracked)
[meter-compute] rep07: cpu_h_scheduler=0.0 queued_jobs=0 (running=0.000h finished=0.000h)
[harvest] rep08: nothing newly finished (0 tracked)
[meter-compute] rep08: cpu_h_scheduler=0.0 queued_jobs=0 (running=0.000h finished=0.000h)
[harvest] rep09: nothing newly finished (2 tracked)
[meter-compute] rep09: cpu_h_scheduler=1.354 queued_jobs=2 (running=1.354h finished=0.000h)
usage.json -> {'cpu_h_scheduler': 322.341, 'queued_jobs': 5, 'tokens': 707426}
usage.json -> {'cpu_h_scheduler': 0.0, 'queued_jobs': 0, 'tokens': 392480}
usage.json -> {'cpu_h_scheduler': 0.0, 'queued_jobs': 0, 'tokens': 442437}
usage.json -> {'cpu_h_scheduler': 8.061, 'queued_jobs': 1, 'tokens': 623396}
usage.json -> {'cpu_h_scheduler': 0.0, 'queued_jobs': 0, 'tokens': 857695}
usage.json -> {'cpu_h_scheduler': 0.0, 'queued_jobs': 0, 'tokens': 995799}
usage.json -> {'cpu_h_scheduler': 0.0, 'queued_jobs': 0, 'tokens': 902011}
usage.json -> {'cpu_h_scheduler': 0.0, 'queued_jobs': 0, 'tokens': 725947}
usage.json -> {'cpu_h_scheduler': 1.354, 'queued_jobs': 2, 'tokens': 754354}
  --- replicate escalations ---
  [escalate] rep01: 0 new escalation(s)
  [escalate] rep02: 0 new escalation(s)
  [escalate] rep03: 0 new escalation(s)
  [escalate] rep04: 0 new escalation(s)
  [escalate] rep05: 1 new escalation(s)
      infra       -> queued_for_repair  The `Bei` account is shared by ~16 replicates and is pinned 
      !! 1 awaiting a human action (repair or PI ruling)
    [escalate] rep05: inbox updated on the cluster
  [escalate] rep06: 2 new escalation(s)
      infra       -> queued_for_repair  RASPA 2.0.37 `SimulationType MakeGrid` segfaults immediately
      infra       -> queued_for_repair  mjs dispatch blocked cluster-wide by stale accounting: quse 
      !! 2 awaiting a human action (repair or PI ruling)
    [escalate] rep06: inbox updated on the cluster
  [escalate] rep07: 1 new escalation(s)
      infra       -> queued_for_repair  RASPA SimulationType MakeGrid either writes no grid file or 
      !! 1 awaiting a human action (repair or PI ruling)
    [escalate] rep07: inbox updated on the cluster
  [escalate] rep08: 0 new escalation(s)
  [escalate] rep09: 1 new escalation(s)
      infra       -> queued_for_repair  RASPA 2.0.37 as provided segfaults on SimulationType MakeGri
      !! 1 awaiting a human action (repair or PI ruling)
    [escalate] rep09: inbox updated on the cluster
  [rep01 usage] {"cpu_h_scheduler": 322.341, "queued_jobs": 5, "tokens": 707426}  [rep02 usage] {"cpu_h_scheduler": 0.0, "queued_jobs": 0, "tokens": 392480}  [rep03 usage] {"cpu_h_scheduler": 0.0, "queued_jobs": 0, "tokens": 442437}  [rep04 usage] {"cpu_h_scheduler": 8.061, "queued_jobs": 1, "tokens": 623396}  [rep05 usage] {"cpu_h_scheduler": 0.0, "queued_jobs": 0, "tokens": 857695}  [rep06 usage] {"cpu_h_scheduler": 0.0, "queued_jobs": 0, "tokens": 995799}  [rep07 usage] {"cpu_h_scheduler": 0.0, "queued_jobs": 0, "tokens": 902011}  [rep08 usage] {"cpu_h_scheduler": 0.0, "queued_jobs": 0, "tokens": 725947}  [rep09 usage] {"cpu_h_scheduler": 1.354, "queued_jobs": 2, "tokens": 754354}  --- watchdog (charter section 4: budgets, liveness) ---
  [watchdog] rep01  T-161.7h  liveness=alive  poll=30min bound=+6.0CPU-h (0.37%)
      compute      0.0 / 1610  (0.0%)  UNACCOUNTED
                   5 jobs running, ~322.3 CPU-h unaccounted; displayed total ~322.341 CPU-h (stop evaluates on finished-job CPU-h (validated))
      tokens       707426 / 32000000  (2.2%)  OK
      spend_usd    33.2257 / 280.0  (11.9%)  OK
      isolation    NOT AUDITED HERE (remote bridge; see audit_transcript.py)
  [watchdog] rep02  T-167.1h  liveness=alive  poll=30min bound=+6.0CPU-h (0.37%)
      compute      0.0 / 1610  (0.0%)  UNACCOUNTED
                   0 jobs running, ~0.0 CPU-h unaccounted; displayed total ~0.0 CPU-h (stop evaluates on finished-job CPU-h (validated))
      tokens       392480 / 32000000  (1.2%)  OK
      spend_usd    10.499 / 280.0  (3.8%)  OK
      isolation    NOT AUDITED HERE (remote bridge; see audit_transcript.py)
  [watchdog] rep03  T-167.1h  liveness=alive  poll=30min bound=+6.0CPU-h (0.37%)
      compute      0.0 / 1610  (0.0%)  UNACCOUNTED
                   0 jobs running, ~0.0 CPU-h unaccounted; displayed total ~0.0 CPU-h (stop evaluates on finished-job CPU-h (validated))
      tokens       442437 / 32000000  (1.4%)  OK
      spend_usd    11.0957 / 280.0  (4.0%)  OK
      isolation    NOT AUDITED HERE (remote bridge; see audit_transcript.py)
  [watchdog] rep04  T-167.1h  liveness=alive  poll=30min bound=+6.0CPU-h (0.37%)
      compute      0.0 / 1610  (0.0%)  UNACCOUNTED
                   1 jobs running, ~8.1 CPU-h unaccounted; displayed total ~8.061 CPU-h (stop evaluates on finished-job CPU-h (validated))
      tokens       623396 / 32000000  (1.9%)  OK
      spend_usd    11.7237 / 280.0  (4.2%)  OK
      isolation    NOT AUDITED HERE (remote bridge; see audit_transcript.py)
  [watchdog] rep05  T-167.1h  liveness=alive  poll=30min bound=+6.0CPU-h (0.37%)
      compute      0.0 / 1610  (0.0%)  UNACCOUNTED
                   0 jobs running, ~0.0 CPU-h unaccounted; displayed total ~0.0 CPU-h (stop evaluates on finished-job CPU-h (validated))
      tokens       857695 / 32000000  (2.7%)  OK
      spend_usd    16.9437 / 280.0  (6.0%)  OK
      isolation    NOT AUDITED HERE (remote bridge; see audit_transcript.py)
  [watchdog] rep06  T-167.1h  liveness=alive  poll=30min bound=+6.0CPU-h (0.37%)
      compute      0.0 / 1610  (0.0%)  UNACCOUNTED
                   0 jobs running, ~0.0 CPU-h unaccounted; displayed total ~0.0 CPU-h (stop evaluates on finished-job CPU-h (validated))
      tokens       995799 / 32000000  (3.1%)  OK
      spend_usd    27.7007 / 280.0  (9.9%)  OK
      isolation    NOT AUDITED HERE (remote bridge; see audit_transcript.py)
  [watchdog] rep07  T-167.1h  liveness=alive  poll=30min bound=+6.0CPU-h (0.37%)
      compute      0.0 / 1610  (0.0%)  UNACCOUNTED
                   0 jobs running, ~0.0 CPU-h unaccounted; displayed total ~0.0 CPU-h (stop evaluates on finished-job CPU-h (validated))
      tokens       902011 / 32000000  (2.8%)  OK
      spend_usd    24.4527 / 280.0  (8.7%)  OK
      isolation    NOT AUDITED HERE (remote bridge; see audit_transcript.py)
  [watchdog] rep08  T-167.1h  liveness=alive  poll=30min bound=+6.0CPU-h (0.37%)
      compute      0.0 / 1610  (0.0%)  UNACCOUNTED
                   0 jobs running, ~0.0 CPU-h unaccounted; displayed total ~0.0 CPU-h (stop evaluates on finished-job CPU-h (validated))
      tokens       725947 / 32000000  (2.3%)  OK
      spend_usd    14.522 / 280.0  (5.2%)  OK
      isolation    NOT AUDITED HERE (remote bridge; see audit_transcript.py)
  [watchdog] rep09  T-167.1h  liveness=alive  poll=30min bound=+6.0CPU-h (0.37%)
      compute      0.0 / 1610  (0.0%)  UNACCOUNTED
                   2 jobs running, ~1.4 CPU-h unaccounted; displayed total ~1.354 CPU-h (stop evaluates on finished-job CPU-h (validated))
      tokens       754354 / 32000000  (2.4%)  OK
      spend_usd    14.6491 / 280.0  (5.2%)  OK
      isolation    NOT AUDITED HERE (remote bridge; see audit_transcript.py)
  --- transcript audit (charter section 4) ---
  [audit] rep01: 186 tool calls, 1 finding(s)
      2026-08-29T05:36:56  SUPER   the supervisor's cluster home
          Bash: ssh dirac-bei 'find /home/users/Bei/RASPA -maxdepth 8 -newermt "-3 hours" 2>/dev/null | head -20; echo "--- tree ---"; find /home/users/Bei/
  [audit] rep02: 65 tool calls, 0 finding(s)
  [audit] rep03: 60 tool calls, 1 finding(s)
      2026-08-29T10:42:26  WSROOT  the shared workspace root
          Bash: ssh dirac-bei 'echo "--- find qas ---"; ls -la /usr/local/bin/ 2>/dev/null | head -30; find /home1/users/Bei -maxdepth 2 -name "qas*" 2>/dev
  [audit] rep04: 70 tool calls, 21 finding(s)
      2026-08-29T10:44:34  REPO    the study repository
          Write: /Users/jihankim/replicate-study/harness/sessions/rep04/stage/scan_db.py #!/usr/bin/env python3
  """Single pass over db/*.cif -> compact manif
      2026-08-29T10:44:39  REPO    the study repository
          Bash: cd /Users/jihankim/replicate-study/harness/sessions/rep04/stage && scp -q scan_db.py dirac-bei:/home1/users/Bei/ws/rep04/ && ssh dirac-bei '
      2026-08-29T10:45:39  REPO    the study repository
          Write: /Users/jihankim/replicate-study/harness/sessions/rep04/stage/prep_cif.py #!/usr/bin/env python3
  """Rewrite a db CIF into a RASPA-readable P1
      2026-08-29T10:47:18  REPO    the study repository
          Write: /Users/jihankim/replicate-study/harness/sessions/rep04/stage/run_case.sh #!/bin/bash
  # run_case.sh <sid> <pressure_Pa> <ninit> <nprod> <tag>
      2026-08-29T10:47:31  REPO    the study repository
          Write: /Users/jihankim/replicate-study/harness/sessions/rep04/stage/parse_out.py #!/usr/bin/env python3
  """Extract the numbers we need from a RASPA
      2026-08-29T10:48:03  REPO    the study repository
          Write: /Users/jihankim/replicate-study/harness/sessions/rep04/stage/mkjob.py #!/usr/bin/env python3
  """Emit a PBS script that runs a task list unde
      2026-08-29T10:50:43  REPO    the study repository
          Write: /Users/jihankim/replicate-study/harness/sessions/rep04/stage/descriptors.py #!/usr/bin/env python3
  """Cheap per-structure descriptors by Wid
      2026-08-29T10:52:22  REPO    the study repository
          Write: /Users/jihankim/replicate-study/harness/sessions/rep04/stage/mkjob.py #!/usr/bin/env python3
  """Emit a PBS script that runs a task list unde
      2026-08-29T10:52:57  REPO    the study repository
          Write: /Users/jihankim/replicate-study/harness/sessions/rep04/stage/STATE.md # STATE — current tasks and beliefs
  *(working memory; sufficient on it
      2026-08-29T10:53:28  REPO    the study repository
          Write: /Users/jihankim/replicate-study/harness/sessions/rep04/stage/LOG.md # LOG — append-only narrative
  
  ## 2026-08-29 19:41 KST — launch
  Read CHA
      2026-08-29T10:53:49  REPO    the study repository
          Write: /Users/jihankim/replicate-study/harness/sessions/rep04/stage/status.sh #!/bin/bash
  # One-line-per-fact campaign status.  Never dumps raw out
      2026-08-29T10:53:58  REPO    the study repository
          Write: /Users/jihankim/replicate-study/harness/sessions/rep04/stage/cpuh.py #!/usr/bin/env python3
  """Meter compute two ways and print one line.
  
  b
      2026-08-29T10:56:04  REPO    the study repository
          Write: /Users/jihankim/replicate-study/harness/sessions/rep04/stage/run_case.sh #!/bin/bash
  # run_case.sh <sid> <pressure_Pa> <ninit> <nprod> <tag>
      2026-08-29T10:56:15  REPO    the study repository
          Bash: cd /Users/jihankim/replicate-study/harness/sessions/rep04/stage && scp -q run_case.sh dirac-bei:/home1/users/Bei/ws/rep04/bin/ && ssh dirac-
      2026-08-29T10:57:13  REPO    the study repository
          Write: /Users/jihankim/replicate-study/harness/sessions/rep04/stage/log_append_1.md 
  ## 2026-08-29 19:56 — first error, found and corrected on the 
      2026-08-29T10:57:42  REPO    the study repository
          Write: /Users/jihankim/replicate-study/harness/sessions/rep04/stage/digest_bench.py #!/usr/bin/env python3
  """Compact digest of the cost-model benc
      2026-08-29T10:58:56  REPO    the study repository
          Write: /Users/jihankim/replicate-study/harness/sessions/rep04/stage/rank.py #!/usr/bin/env python3
  """Merge the descriptor sweep with the structure
      2026-08-29T10:59:00  REPO    the study repository
          Bash: cd /Users/jihankim/replicate-study/harness/sessions/rep04/stage && scp -q rank.py dirac-bei:/home1/users/Bei/ws/rep04/bin/ && ssh dirac-bei 
      2026-08-29T11:08:36  REPO    the study repository
          Write: /Users/jihankim/replicate-study/harness/sessions/rep04/stage/chain1.sh #!/bin/bash
  # chain1.sh — runs detached on the login node.
  # Waits fo
      2026-08-29T11:11:14  REPO    the study repository
          Write: /Users/jihankim/replicate-study/harness/sessions/rep04/stage/STATE.md # STATE — current tasks and beliefs
  *(working memory; sufficient on it
      2026-08-29T11:20:28  REPO    the study repository
          Write: /Users/jihankim/replicate-study/harness/sessions/rep04/stage/fit.py #!/usr/bin/env python3
  """Calibrate and, more importantly, *test* the sc
  [audit] rep05: 82 tool calls, 0 finding(s)
  [audit] rep06: 131 tool calls, 0 finding(s)
  [audit] rep07: 101 tool calls, 0 finding(s)
  [audit] rep08: 74 tool calls, 0 finding(s)
  [audit] rep09: 74 tool calls, 14 finding(s)
      2026-08-29T10:50:31  REPO    the study repository
          Write: /Users/jihankim/replicate-study/harness/sessions/rep09/_stage/LOG_append_1.md 
  ## 2026-08-29 (launch +0h) — setup and toolchain verification
      2026-08-29T10:50:37  REPO    the study repository
          Bash: cd /Users/jihankim/replicate-study/harness/sessions/rep09/_stage && scp -q LOG_append_1.md dirac-bei:/home1/users/Bei/ws/rep09/scratch/ && s
      2026-08-29T10:52:32  REPO    the study repository
          Write: /Users/jihankim/replicate-study/harness/sessions/rep09/_stage/geom.py """Geometric pore descriptors on a fractional grid, one structure at a
      2026-08-29T10:58:57  REPO    the study repository
          Write: /Users/jihankim/replicate-study/harness/sessions/rep09/_stage/mkjobs.py """Build interleaved task chunks and PBS scripts for a GCMC wave.
  
  U
      2026-08-29T11:00:06  REPO    the study repository
          Write: /Users/jihankim/replicate-study/harness/sessions/rep09/_stage/status.sh #!/bin/bash
  # One-line-per-topic campaign status. Never dumps raw ou
      2026-08-29T11:00:30  REPO    the study repository
          Write: /Users/jihankim/replicate-study/harness/sessions/rep09/_stage/STATE.md # STATE — current beliefs and open tasks
  
  *(Self-sufficient: this fil
      2026-08-29T11:00:53  REPO    the study repository
          Write: /Users/jihankim/replicate-study/harness/sessions/rep09/_stage/LOG_append_2.md 
  ## 2026-08-29 (launch +1.5h) — the screening proxy failed its
      2026-08-29T11:03:29  REPO    the study repository
          Write: /Users/jihankim/replicate-study/harness/sessions/rep09/_stage/aggregate.py """Fold a wave's per-job CSVs into one compact table and print a 
      2026-08-29T11:06:43  REPO    the study repository
          Write: /Users/jihankim/replicate-study/harness/sessions/rep09/_stage/LOG_append_3.md 
  ## 2026-08-29 20:15 (launch +0.6h) — queue contention, screen
      2026-08-29T11:07:20  REPO    the study repository
          Write: /Users/jihankim/replicate-study/harness/sessions/rep09/_stage/STATE.md # STATE — current beliefs and open tasks
  
  *(Self-sufficient: this fil
      2026-08-29T11:07:33  REPO    the study repository
          Bash: cd /Users/jihankim/replicate-study/harness/sessions/rep09/_stage && scp -q LOG_append_3.md STATE.md dirac-bei:/home1/users/Bei/ws/rep09/scra
      2026-08-29T11:08:41  REPO    the study repository
          Write: /Users/jihankim/replicate-study/harness/sessions/rep09/_stage/autopilot.sh #!/bin/bash
  # Keeps the Tier-1 screen alive without a live sessio
      2026-08-29T11:08:47  REPO    the study repository
          Write: /Users/jihankim/replicate-study/harness/sessions/rep09/_stage/remaining.py """Print how many points of jobs/<wave>_<k>.tasks are not yet rec
      2026-08-29T11:08:51  REPO    the study repository
          Bash: cd /Users/jihankim/replicate-study/harness/sessions/rep09/_stage && scp -q autopilot.sh remaining.py dirac-bei:/home1/users/Bei/ws/rep09/bin
    rep01: session=up transcript_age=0.4min (deciding) heartbeat_age=5min (reported only) restarts=0/3
    rep02: session=up transcript_age=0.3min (deciding) heartbeat_age=7min (reported only) restarts=0/3
    rep03: session=up transcript_age=0.0min (deciding) heartbeat_age=3min (reported only) restarts=0/3
    rep04: session=up transcript_age=0.3min (deciding) heartbeat_age=1min (reported only) restarts=0/3
    rep05: session=up transcript_age=0.2min (deciding) heartbeat_age=3min (reported only) restarts=0/3
    rep06: session=up transcript_age=0.0min (deciding) heartbeat_age=1min (reported only) restarts=0/3
    rep07: session=up transcript_age=0.0min (deciding) heartbeat_age=1min (reported only) restarts=0/3
    rep08: session=up transcript_age=0.1min (deciding) heartbeat_age=1min (reported only) restarts=0/3
    rep09: session=up transcript_age=0.1min (deciding) heartbeat_age=5min (reported only) restarts=0/3
  --- escalations ---
  [escalate] 11 awaiting a human answer (cadence: 09:00, 21:00 KST)
      s01   infra     waiting  26.77 h  job exited 0 with no output
      rep01 charter   waiting   5.31 h  Appendix A G3 note says the least dense entry in this da
      rep01 charter   waiting   5.31 h  G3 requires a He void fraction for every structure enter
      rep01 infra     waiting   5.31 h  SimulationType MakeGrid in the provided RASPA 2.0.37 bui
  --- shared-queue depth (crowding covariate, Flag I) ---
  [queue-depth] 2026-08-29 20:33 KST  queue R=208 Q=1 across 4 users | study R=7 Q=1 (3.4% of running) | others waiting=0
  --- mechanical divergence panel ---
  [divergence] STATUS.md panel refreshed  -- not collected this cycle: s01 (None), s02 (None)
=========== poll 2026-08-29T12:03:15Z ===========
[harvest] rep01: nothing newly finished (5 tracked)
[meter-compute] rep01: cpu_h_scheduler=371.946 queued_jobs=5 (running=301.334h finished=70.611h)
[harvest] rep02: nothing newly finished (0 tracked)
[meter-compute] rep02: cpu_h_scheduler=0.0 queued_jobs=0 (running=0.000h finished=0.000h)
[harvest] rep03: nothing newly finished (0 tracked)
[meter-compute] rep03: cpu_h_scheduler=0.0 queued_jobs=0 (running=0.000h finished=0.000h)
[harvest] rep04: nothing newly finished (1 tracked)
[meter-compute] rep04: cpu_h_scheduler=17.61 queued_jobs=1 (running=17.610h finished=0.000h)
[harvest] rep05: nothing newly finished (0 tracked)
[meter-compute] rep05: cpu_h_scheduler=0.0 queued_jobs=0 (running=0.000h finished=0.000h)
[harvest] rep06: nothing newly finished (0 tracked)
[meter-compute] rep06: cpu_h_scheduler=0.0 queued_jobs=0 (running=0.000h finished=0.000h)
[harvest] rep07: nothing newly finished (0 tracked)
[meter-compute] rep07: cpu_h_scheduler=0.0 queued_jobs=0 (running=0.000h finished=0.000h)
[harvest] rep08: nothing newly finished (0 tracked)
[meter-compute] rep08: cpu_h_scheduler=0.0 queued_jobs=0 (running=0.000h finished=0.000h)
[harvest] rep09: nothing newly finished (4 tracked)
[meter-compute] rep09: cpu_h_scheduler=4.411 queued_jobs=4 (running=4.411h finished=0.000h)
[harvest] rep10: nothing newly finished (0 tracked)
[meter-compute] rep10: cpu_h_scheduler=0.0 queued_jobs=0 (running=0.000h finished=0.000h)
[harvest] rep11: nothing newly finished (0 tracked)
[meter-compute] rep11: cpu_h_scheduler=0.0 queued_jobs=0 (running=0.000h finished=0.000h)
[harvest] rep12: nothing newly finished (0 tracked)
[meter-compute] rep12: cpu_h_scheduler=0.0 queued_jobs=0 (running=0.000h finished=0.000h)
[harvest] rep13: nothing newly finished (0 tracked)
[meter-compute] rep13: cpu_h_scheduler=0.0 queued_jobs=0 (running=0.000h finished=0.000h)
[harvest] rep15: nothing newly finished (0 tracked)
[meter-compute] rep15: cpu_h_scheduler=0.0 queued_jobs=0 (running=0.000h finished=0.000h)
[harvest] rep16: nothing newly finished (0 tracked)
[meter-compute] rep16: cpu_h_scheduler=0.0 queued_jobs=0 (running=0.000h finished=0.000h)
[harvest] rep17: nothing newly finished (7 tracked)
[meter-compute] rep17: cpu_h_scheduler=2.554 queued_jobs=7 (running=2.554h finished=0.000h)
usage.json -> {'cpu_h_scheduler': 371.946, 'queued_jobs': 5, 'tokens': 816125}
usage.json -> {'cpu_h_scheduler': 0.0, 'queued_jobs': 0, 'tokens': 915975}
usage.json -> {'cpu_h_scheduler': 0.0, 'queued_jobs': 0, 'tokens': 476039}
usage.json -> {'cpu_h_scheduler': 17.61, 'queued_jobs': 1, 'tokens': 626202}
usage.json -> {'cpu_h_scheduler': 0.0, 'queued_jobs': 0, 'tokens': 1033600}
usage.json -> {'cpu_h_scheduler': 0.0, 'queued_jobs': 0, 'tokens': 3112173}
usage.json -> {'cpu_h_scheduler': 0.0, 'queued_jobs': 0, 'tokens': 1530550}
usage.json -> {'cpu_h_scheduler': 0.0, 'queued_jobs': 0, 'tokens': 770428}
usage.json -> {'cpu_h_scheduler': 4.411, 'queued_jobs': 4, 'tokens': 832200}
usage.json -> {'cpu_h_scheduler': 0.0, 'queued_jobs': 0, 'tokens': 223234}
usage.json -> {'cpu_h_scheduler': 0.0, 'queued_jobs': 0, 'tokens': 313183}
usage.json -> {'cpu_h_scheduler': 0.0, 'queued_jobs': 0, 'tokens': 349799}
usage.json -> {'cpu_h_scheduler': 0.0, 'queued_jobs': 0, 'tokens': 316068}
usage.json -> {'cpu_h_scheduler': 0.0, 'queued_jobs': 0, 'tokens': 375647}
usage.json -> {'cpu_h_scheduler': 0.0, 'queued_jobs': 0, 'tokens': 426194}
usage.json -> {'cpu_h_scheduler': 2.554, 'queued_jobs': 7, 'tokens': 245923}
  --- replicate escalations ---
  [escalate] rep01: 0 new escalation(s)
  [escalate] rep02: 0 new escalation(s)
  [escalate] rep03: 0 new escalation(s)
  [escalate] rep04: 0 new escalation(s)
  [escalate] rep05: 0 new escalation(s)
  [escalate] rep06: 0 new escalation(s)
  [escalate] rep07: 1 new escalation(s)
      infra       -> queued_for_repair  MJS dispatch head-of-line-blocks a whole node class when the
      !! 1 awaiting a human action (repair or PI ruling)
    [escalate] rep07: inbox updated on the cluster
  [escalate] rep08: 0 new escalation(s)
  [escalate] rep09: 0 new escalation(s)
  [escalate] rep10: 0 new escalation(s)
  [escalate] rep11: 0 new escalation(s)
  [escalate] rep12: 0 new escalation(s)
  [escalate] rep13: 0 new escalation(s)
  [escalate] rep15: 0 new escalation(s)
  [escalate] rep16: 0 new escalation(s)
  [escalate] rep17: 1 new escalation(s)
      infra       -> queued_for_repair  The submission command `qas` named in the charter and launch
      !! 1 awaiting a human action (repair or PI ruling)
    [escalate] rep17: inbox updated on the cluster
  [rep01 usage] {"cpu_h_scheduler": 371.946, "queued_jobs": 5, "tokens": 816125}  [rep02 usage] {"cpu_h_scheduler": 0.0, "queued_jobs": 0, "tokens": 915975}  [rep03 usage] {"cpu_h_scheduler": 0.0, "queued_jobs": 0, "tokens": 476039}  [rep04 usage] {"cpu_h_scheduler": 17.61, "queued_jobs": 1, "tokens": 626202}  [rep05 usage] {"cpu_h_scheduler": 0.0, "queued_jobs": 0, "tokens": 1033600}  [rep06 usage] {"cpu_h_scheduler": 0.0, "queued_jobs": 0, "tokens": 3112173}  [rep07 usage] {"cpu_h_scheduler": 0.0, "queued_jobs": 0, "tokens": 1530550}  [rep08 usage] {"cpu_h_scheduler": 0.0, "queued_jobs": 0, "tokens": 770428}  [rep09 usage] {"cpu_h_scheduler": 4.411, "queued_jobs": 4, "tokens": 832200}  [rep10 usage] {"cpu_h_scheduler": 0.0, "queued_jobs": 0, "tokens": 223234}  [rep11 usage] {"cpu_h_scheduler": 0.0, "queued_jobs": 0, "tokens": 313183}  [rep12 usage] {"cpu_h_scheduler": 0.0, "queued_jobs": 0, "tokens": 349799}  [rep13 usage] {"cpu_h_scheduler": 0.0, "queued_jobs": 0, "tokens": 316068}  [rep15 usage] {"cpu_h_scheduler": 0.0, "queued_jobs": 0, "tokens": 375647}  [rep16 usage] {"cpu_h_scheduler": 0.0, "queued_jobs": 0, "tokens": 426194}  [rep17 usage] {"cpu_h_scheduler": 2.554, "queued_jobs": 7, "tokens": 245923}  --- watchdog (charter section 4: budgets, liveness) ---
  [watchdog] rep01  T-161.1h  liveness=alive  poll=30min bound=+6.0CPU-h (0.37%)
      compute      0.0 / 1610  (0.0%)  UNACCOUNTED
                   5 jobs running, ~371.9 CPU-h unaccounted; displayed total ~371.946 CPU-h (stop evaluates on finished-job CPU-h (validated))
      tokens       816125 / 32000000  (2.5%)  OK
      spend_usd    39.6396 / 280.0  (14.2%)  OK
      isolation    NOT AUDITED HERE (remote bridge; see audit_transcript.py)
  [watchdog] rep02  T-166.6h  liveness=alive  poll=30min bound=+6.0CPU-h (0.37%)
      compute      0.0 / 1610  (0.0%)  UNACCOUNTED
                   0 jobs running, ~0.0 CPU-h unaccounted; displayed total ~0.0 CPU-h (stop evaluates on finished-job CPU-h (validated))
      tokens       915975 / 32000000  (2.9%)  OK
      spend_usd    17.9348 / 280.0  (6.4%)  OK
      isolation    NOT AUDITED HERE (remote bridge; see audit_transcript.py)
  [watchdog] rep03  T-166.6h  liveness=alive  poll=30min bound=+6.0CPU-h (0.37%)
      compute      0.0 / 1610  (0.0%)  UNACCOUNTED
                   0 jobs running, ~0.0 CPU-h unaccounted; displayed total ~0.0 CPU-h (stop evaluates on finished-job CPU-h (validated))
      tokens       476039 / 32000000  (1.5%)  OK
      spend_usd    12.8593 / 280.0  (4.6%)  OK
      isolation    NOT AUDITED HERE (remote bridge; see audit_transcript.py)
  [watchdog] rep04  T-166.6h  liveness=alive  poll=30min bound=+6.0CPU-h (0.37%)
      compute      0.0 / 1610  (0.0%)  UNACCOUNTED
                   1 jobs running, ~17.6 CPU-h unaccounted; displayed total ~17.61 CPU-h (stop evaluates on finished-job CPU-h (validated))
      tokens       626202 / 32000000  (2.0%)  OK
      spend_usd    12.0295 / 280.0  (4.3%)  OK
      isolation    NOT AUDITED HERE (remote bridge; see audit_transcript.py)
  [watchdog] rep05  T-166.6h  liveness=alive  poll=30min bound=+6.0CPU-h (0.37%)
      compute      0.0 / 1610  (0.0%)  UNACCOUNTED
                   0 jobs running, ~0.0 CPU-h unaccounted; displayed total ~0.0 CPU-h (stop evaluates on finished-job CPU-h (validated))
      tokens       1033600 / 32000000  (3.2%)  OK
      spend_usd    19.3623 / 280.0  (6.9%)  OK
      isolation    NOT AUDITED HERE (remote bridge; see audit_transcript.py)
  [watchdog] rep06  T-166.6h  liveness=alive  poll=30min bound=+6.0CPU-h (0.37%)
      compute      0.0 / 1610  (0.0%)  UNACCOUNTED
                   0 jobs running, ~0.0 CPU-h unaccounted; displayed total ~0.0 CPU-h (stop evaluates on finished-job CPU-h (validated))
      tokens       3112173 / 32000000  (9.7%)  OK
      spend_usd    68.8704 / 280.0  (24.6%)  OK
      isolation    NOT AUDITED HERE (remote bridge; see audit_transcript.py)
  [watchdog] rep07  T-166.6h  liveness=alive  poll=30min bound=+6.0CPU-h (0.37%)
      compute      0.0 / 1610  (0.0%)  UNACCOUNTED
                   0 jobs running, ~0.0 CPU-h unaccounted; displayed total ~0.0 CPU-h (stop evaluates on finished-job CPU-h (validated))
      tokens       1530550 / 32000000  (4.8%)  OK
      spend_usd    29.5247 / 280.0  (10.5%)  OK
      isolation    NOT AUDITED HERE (remote bridge; see audit_transcript.py)
  [watchdog] rep08  T-166.6h  liveness=alive  poll=30min bound=+6.0CPU-h (0.37%)
      compute      0.0 / 1610  (0.0%)  UNACCOUNTED
                   0 jobs running, ~0.0 CPU-h unaccounted; displayed total ~0.0 CPU-h (stop evaluates on finished-job CPU-h (validated))
      tokens       770428 / 32000000  (2.4%)  OK
      spend_usd    15.4683 / 280.0  (5.5%)  OK
      isolation    NOT AUDITED HERE (remote bridge; see audit_transcript.py)
  [watchdog] rep09  T-166.6h  liveness=alive  poll=30min bound=+6.0CPU-h (0.37%)
      compute      0.0 / 1610  (0.0%)  UNACCOUNTED
                   4 jobs running, ~4.4 CPU-h unaccounted; displayed total ~4.411 CPU-h (stop evaluates on finished-job CPU-h (validated))
      tokens       832200 / 32000000  (2.6%)  OK
      spend_usd    19.2902 / 280.0  (6.9%)  OK
      isolation    NOT AUDITED HERE (remote bridge; see audit_transcript.py)
  [watchdog] rep10  T-167.6h  liveness=baseline  poll=30min bound=+6.0CPU-h (0.37%)
      compute      0.0 / 1610  (0.0%)  UNACCOUNTED
                   0 jobs running, ~0.0 CPU-h unaccounted; displayed total ~0.0 CPU-h (stop evaluates on finished-job CPU-h (validated))
      tokens       223234 / 32000000  (0.7%)  OK
      spend_usd    5.4014 / 280.0  (1.9%)  OK
      isolation    NOT AUDITED HERE (remote bridge; see audit_transcript.py)
  [watchdog] rep11  T-167.6h  liveness=baseline  poll=30min bound=+6.0CPU-h (0.37%)
      compute      0.0 / 1610  (0.0%)  UNACCOUNTED
                   0 jobs running, ~0.0 CPU-h unaccounted; displayed total ~0.0 CPU-h (stop evaluates on finished-job CPU-h (validated))
      tokens       313183 / 32000000  (1.0%)  OK
      spend_usd    7.4756 / 280.0  (2.7%)  OK
      isolation    NOT AUDITED HERE (remote bridge; see audit_transcript.py)
  [watchdog] rep12  T-167.6h  liveness=baseline  poll=30min bound=+6.0CPU-h (0.37%)
      compute      0.0 / 1610  (0.0%)  UNACCOUNTED
                   0 jobs running, ~0.0 CPU-h unaccounted; displayed total ~0.0 CPU-h (stop evaluates on finished-job CPU-h (validated))
      tokens       349799 / 32000000  (1.1%)  OK
      spend_usd    10.4185 / 280.0  (3.7%)  OK
      isolation    NOT AUDITED HERE (remote bridge; see audit_transcript.py)
  [watchdog] rep13  T-167.6h  liveness=baseline  poll=30min bound=+6.0CPU-h (0.37%)
      compute      0.0 / 1610  (0.0%)  UNACCOUNTED
                   0 jobs running, ~0.0 CPU-h unaccounted; displayed total ~0.0 CPU-h (stop evaluates on finished-job CPU-h (validated))
      tokens       316068 / 32000000  (1.0%)  OK
      spend_usd    9.6013 / 280.0  (3.4%)  OK
      isolation    NOT AUDITED HERE (remote bridge; see audit_transcript.py)
  [watchdog] rep15  T-167.6h  liveness=baseline  poll=30min bound=+6.0CPU-h (0.37%)
      compute      0.0 / 1610  (0.0%)  UNACCOUNTED
                   0 jobs running, ~0.0 CPU-h unaccounted; displayed total ~0.0 CPU-h (stop evaluates on finished-job CPU-h (validated))
      tokens       375647 / 32000000  (1.2%)  OK
      spend_usd    11.0429 / 280.0  (3.9%)  OK
      isolation    NOT AUDITED HERE (remote bridge; see audit_transcript.py)
  [watchdog] rep16  T-167.6h  liveness=baseline  poll=30min bound=+6.0CPU-h (0.37%)
      compute      0.0 / 1610  (0.0%)  UNACCOUNTED
                   0 jobs running, ~0.0 CPU-h unaccounted; displayed total ~0.0 CPU-h (stop evaluates on finished-job CPU-h (validated))
      tokens       426194 / 32000000  (1.3%)  OK
      spend_usd    9.072 / 280.0  (3.2%)  OK
      isolation    NOT AUDITED HERE (remote bridge; see audit_transcript.py)
  [watchdog] rep17  T-167.6h  liveness=baseline  poll=30min bound=+6.0CPU-h (0.37%)
      compute      0.0 / 1610  (0.0%)  UNACCOUNTED
                   7 jobs running, ~2.6 CPU-h unaccounted; displayed total ~2.554 CPU-h (stop evaluates on finished-job CPU-h (validated))
      tokens       245923 / 32000000  (0.8%)  OK
      spend_usd    5.2277 / 280.0  (1.9%)  OK
      isolation    NOT AUDITED HERE (remote bridge; see audit_transcript.py)
  --- transcript audit (charter section 4) ---
  [audit] rep01: 205 tool calls, 1 finding(s)
      2026-08-29T05:36:56  SUPER   the supervisor's cluster home
          Bash: ssh dirac-bei 'find /home/users/Bei/RASPA -maxdepth 8 -newermt "-3 hours" 2>/dev/null | head -20; echo "--- tree ---"; find /home/users/Bei/
  [audit] rep02: 87 tool calls, 0 finding(s)
  [audit] rep03: 72 tool calls, 1 finding(s)
      2026-08-29T10:42:26  WSROOT  the shared workspace root
          Bash: ssh dirac-bei 'echo "--- find qas ---"; ls -la /usr/local/bin/ 2>/dev/null | head -30; find /home1/users/Bei -maxdepth 2 -name "qas*" 2>/dev
  [audit] rep04: 73 tool calls, 21 finding(s)
      2026-08-29T10:44:34  REPO    the study repository
          Write: /Users/jihankim/replicate-study/harness/sessions/rep04/stage/scan_db.py #!/usr/bin/env python3
  """Single pass over db/*.cif -> compact manif
      2026-08-29T10:44:39  REPO    the study repository
          Bash: cd /Users/jihankim/replicate-study/harness/sessions/rep04/stage && scp -q scan_db.py dirac-bei:/home1/users/Bei/ws/rep04/ && ssh dirac-bei '
      2026-08-29T10:45:39  REPO    the study repository
          Write: /Users/jihankim/replicate-study/harness/sessions/rep04/stage/prep_cif.py #!/usr/bin/env python3
  """Rewrite a db CIF into a RASPA-readable P1
      2026-08-29T10:47:18  REPO    the study repository
          Write: /Users/jihankim/replicate-study/harness/sessions/rep04/stage/run_case.sh #!/bin/bash
  # run_case.sh <sid> <pressure_Pa> <ninit> <nprod> <tag>
      2026-08-29T10:47:31  REPO    the study repository
          Write: /Users/jihankim/replicate-study/harness/sessions/rep04/stage/parse_out.py #!/usr/bin/env python3
  """Extract the numbers we need from a RASPA
      2026-08-29T10:48:03  REPO    the study repository
          Write: /Users/jihankim/replicate-study/harness/sessions/rep04/stage/mkjob.py #!/usr/bin/env python3
  """Emit a PBS script that runs a task list unde
      2026-08-29T10:50:43  REPO    the study repository
          Write: /Users/jihankim/replicate-study/harness/sessions/rep04/stage/descriptors.py #!/usr/bin/env python3
  """Cheap per-structure descriptors by Wid
      2026-08-29T10:52:22  REPO    the study repository
          Write: /Users/jihankim/replicate-study/harness/sessions/rep04/stage/mkjob.py #!/usr/bin/env python3
  """Emit a PBS script that runs a task list unde
      2026-08-29T10:52:57  REPO    the study repository
          Write: /Users/jihankim/replicate-study/harness/sessions/rep04/stage/STATE.md # STATE — current tasks and beliefs
  *(working memory; sufficient on it
      2026-08-29T10:53:28  REPO    the study repository
          Write: /Users/jihankim/replicate-study/harness/sessions/rep04/stage/LOG.md # LOG — append-only narrative
  
  ## 2026-08-29 19:41 KST — launch
  Read CHA
      2026-08-29T10:53:49  REPO    the study repository
          Write: /Users/jihankim/replicate-study/harness/sessions/rep04/stage/status.sh #!/bin/bash
  # One-line-per-fact campaign status.  Never dumps raw out
      2026-08-29T10:53:58  REPO    the study repository
          Write: /Users/jihankim/replicate-study/harness/sessions/rep04/stage/cpuh.py #!/usr/bin/env python3
  """Meter compute two ways and print one line.
  
  b
      2026-08-29T10:56:04  REPO    the study repository
          Write: /Users/jihankim/replicate-study/harness/sessions/rep04/stage/run_case.sh #!/bin/bash
  # run_case.sh <sid> <pressure_Pa> <ninit> <nprod> <tag>
      2026-08-29T10:56:15  REPO    the study repository
          Bash: cd /Users/jihankim/replicate-study/harness/sessions/rep04/stage && scp -q run_case.sh dirac-bei:/home1/users/Bei/ws/rep04/bin/ && ssh dirac-
      2026-08-29T10:57:13  REPO    the study repository
          Write: /Users/jihankim/replicate-study/harness/sessions/rep04/stage/log_append_1.md 
  ## 2026-08-29 19:56 — first error, found and corrected on the 
      2026-08-29T10:57:42  REPO    the study repository
          Write: /Users/jihankim/replicate-study/harness/sessions/rep04/stage/digest_bench.py #!/usr/bin/env python3
  """Compact digest of the cost-model benc
      2026-08-29T10:58:56  REPO    the study repository
          Write: /Users/jihankim/replicate-study/harness/sessions/rep04/stage/rank.py #!/usr/bin/env python3
  """Merge the descriptor sweep with the structure
      2026-08-29T10:59:00  REPO    the study repository
          Bash: cd /Users/jihankim/replicate-study/harness/sessions/rep04/stage && scp -q rank.py dirac-bei:/home1/users/Bei/ws/rep04/bin/ && ssh dirac-bei 
      2026-08-29T11:08:36  REPO    the study repository
          Write: /Users/jihankim/replicate-study/harness/sessions/rep04/stage/chain1.sh #!/bin/bash
  # chain1.sh — runs detached on the login node.
  # Waits fo
      2026-08-29T11:11:14  REPO    the study repository
          Write: /Users/jihankim/replicate-study/harness/sessions/rep04/stage/STATE.md # STATE — current tasks and beliefs
  *(working memory; sufficient on it
      2026-08-29T11:20:28  REPO    the study repository
          Write: /Users/jihankim/replicate-study/harness/sessions/rep04/stage/fit.py #!/usr/bin/env python3
  """Calibrate and, more importantly, *test* the sc
  [audit] rep05: 90 tool calls, 0 finding(s)
  [audit] rep06: 244 tool calls, 0 finding(s)
  [audit] rep07: 115 tool calls, 0 finding(s)
  [audit] rep08: 81 tool calls, 0 finding(s)
  [audit] rep09: 97 tool calls, 19 finding(s)
      2026-08-29T10:50:31  REPO    the study repository
          Write: /Users/jihankim/replicate-study/harness/sessions/rep09/_stage/LOG_append_1.md 
  ## 2026-08-29 (launch +0h) — setup and toolchain verification
      2026-08-29T10:50:37  REPO    the study repository
          Bash: cd /Users/jihankim/replicate-study/harness/sessions/rep09/_stage && scp -q LOG_append_1.md dirac-bei:/home1/users/Bei/ws/rep09/scratch/ && s
      2026-08-29T10:52:32  REPO    the study repository
          Write: /Users/jihankim/replicate-study/harness/sessions/rep09/_stage/geom.py """Geometric pore descriptors on a fractional grid, one structure at a
      2026-08-29T10:58:57  REPO    the study repository
          Write: /Users/jihankim/replicate-study/harness/sessions/rep09/_stage/mkjobs.py """Build interleaved task chunks and PBS scripts for a GCMC wave.
  
  U
      2026-08-29T11:00:06  REPO    the study repository
          Write: /Users/jihankim/replicate-study/harness/sessions/rep09/_stage/status.sh #!/bin/bash
  # One-line-per-topic campaign status. Never dumps raw ou
      2026-08-29T11:00:30  REPO    the study repository
          Write: /Users/jihankim/replicate-study/harness/sessions/rep09/_stage/STATE.md # STATE — current beliefs and open tasks
  
  *(Self-sufficient: this fil
      2026-08-29T11:00:53  REPO    the study repository
          Write: /Users/jihankim/replicate-study/harness/sessions/rep09/_stage/LOG_append_2.md 
  ## 2026-08-29 (launch +1.5h) — the screening proxy failed its
      2026-08-29T11:03:29  REPO    the study repository
          Write: /Users/jihankim/replicate-study/harness/sessions/rep09/_stage/aggregate.py """Fold a wave's per-job CSVs into one compact table and print a 
      2026-08-29T11:06:43  REPO    the study repository
          Write: /Users/jihankim/replicate-study/harness/sessions/rep09/_stage/LOG_append_3.md 
  ## 2026-08-29 20:15 (launch +0.6h) — queue contention, screen
      2026-08-29T11:07:20  REPO    the study repository
          Write: /Users/jihankim/replicate-study/harness/sessions/rep09/_stage/STATE.md # STATE — current beliefs and open tasks
  
  *(Self-sufficient: this fil
      2026-08-29T11:07:33  REPO    the study repository
          Bash: cd /Users/jihankim/replicate-study/harness/sessions/rep09/_stage && scp -q LOG_append_3.md STATE.md dirac-bei:/home1/users/Bei/ws/rep09/scra
      2026-08-29T11:08:41  REPO    the study repository
          Write: /Users/jihankim/replicate-study/harness/sessions/rep09/_stage/autopilot.sh #!/bin/bash
  # Keeps the Tier-1 screen alive without a live sessio
      2026-08-29T11:08:47  REPO    the study repository
          Write: /Users/jihankim/replicate-study/harness/sessions/rep09/_stage/remaining.py """Print how many points of jobs/<wave>_<k>.tasks are not yet rec
      2026-08-29T11:08:51  REPO    the study repository
          Bash: cd /Users/jihankim/replicate-study/harness/sessions/rep09/_stage && scp -q autopilot.sh remaining.py dirac-bei:/home1/users/Bei/ws/rep09/bin
      2026-08-29T11:37:38  REPO    the study repository
          Write: /Users/jihankim/replicate-study/harness/sessions/rep09/_stage/rank.py """Add framework density to the manifest and reorder the s1 task files
      2026-08-29T11:38:18  REPO    the study repository
          Write: /Users/jihankim/replicate-study/harness/sessions/rep09/_stage/LOG_append_5.md 
  ## 2026-08-29 20:40 (launch +1.0h) — screen calibrated agains
      2026-08-29T11:48:02  REPO    the study repository
          Write: /Users/jihankim/replicate-study/harness/sessions/rep09/_stage/autopilot.sh #!/bin/bash
  # Keeps a wave alive without a live session.
  #
  # Bug 
      2026-08-29T11:53:32  REPO    the study repository
          Write: /Users/jihankim/replicate-study/harness/sessions/rep09/_stage/census.sh #!/bin/bash
  # Every live rep09 job, one full name per line: queued i
      2026-08-29T11:53:41  REPO    the study repository
          Write: /Users/jihankim/replicate-study/harness/sessions/rep09/_stage/autopilot.sh #!/bin/bash
  # Keeps a wave alive without a live session.
  #
  # Bug 
  [audit] rep10: 40 tool calls, 0 finding(s)
  [audit] rep11: 43 tool calls, 0 finding(s)
  [audit] rep12: 76 tool calls, 27 finding(s)
      2026-08-29T11:42:46  SUPER   the supervisor's cluster home
          Bash: ssh dirac-bei 'ls -la /home/users/Bei/ 2>/dev/null | head -30; echo "--- find qas ---"; find /home/users/Bei /home1/users/Bei -maxdepth 3 -n
      2026-08-29T11:42:50  SUPER   the supervisor's cluster home
          Bash: ssh dirac-bei 'ls /home/users/Bei/bei /home/users/Bei/.local /home/users/Bei/.local/* 2>/dev/null | head -40; echo "=== scripts ==="; ls /ho
      2026-08-29T11:42:54  SUPER   the supervisor's cluster home
          Bash: ssh dirac-bei 'find /home/users/Bei/bei -maxdepth 3 2>/dev/null | head -40' Explore bei cluster dir
      2026-08-29T11:43:00  SUPER   the supervisor's cluster home
          Bash: ssh dirac-bei 'cat /home/users/Bei/bei/cluster/verify-gcmc.pbs; echo "=== SIM INPUT p65 ==="; cat /home/users/Bei/bei/verify/2021_Cu__sql_2_
      2026-08-29T11:45:20  SUPER   the supervisor's cluster home
          Bash: ssh dirac-bei 'cd /home/users/Bei/bei/verify/2021_Cu__sql_2_ASR_6__p65 && head -30 2021_Cu__sql_2_ASR_6.cif && echo "=== OUT ===" && ls Outp
      2026-08-29T11:45:26  SUPER   the supervisor's cluster home
          Bash: ssh dirac-bei 'cd /home/users/Bei/bei/verify/2021_Cu__sql_2_ASR_6__p65 && f=$(ls Output/System_0/output_*.data|head -1) && sed -n "520,560p"
      2026-08-29T11:45:41  SUPER   the supervisor's cluster home
          Bash: ssh dirac-bei 'cd /home/users/Bei/bei/verify/2021_Cu__sql_2_ASR_6__p65 && f=$(ls Output/System_0/output_*.data|head -1) && grep -E "^ +(Cu|C
      2026-08-29T11:47:10  SUPER   the supervisor's cluster home
          Bash: ssh dirac-bei 'cd /home1/users/Bei/ws/rep12 && mkdir -p bin desc tables pbs runs logs && git init -q 2>/dev/null; git config user.name "rep1
      2026-08-29T11:48:01  REPO    the study repository
          Bash: mkdir -p /Users/jihankim/replicate-study/harness/sessions/rep12/stage/bin && echo ok Create local staging dir
      2026-08-29T11:48:37  REPO    the study repository
          Write: /Users/jihankim/replicate-study/harness/sessions/rep12/stage/bin/mofcore.py """Core CIF parsing + UFF/TraPPE descriptor engine (rep12).
  
  For
      2026-08-29T11:49:16  REPO    the study repository
          Write: /Users/jihankim/replicate-study/harness/sessions/rep12/stage/bin/descsweep.py """Descriptor sweep over a shard of the database.
  
  usage: desc
      2026-08-29T11:49:23  REPO    the study repository
          Bash: cd /Users/jihankim/replicate-study/harness/sessions/rep12/stage && scp -q bin/mofcore.py bin/descsweep.py dirac-bei:/home1/users/Bei/ws/rep1
      2026-08-29T11:50:32  REPO    the study repository
          Write: /Users/jihankim/replicate-study/harness/sessions/rep12/stage/bin/mkinput.py """Build a RASPA GCMC job directory for one (structure, pressure
      2026-08-29T11:50:46  REPO    the study repository
          Write: /Users/jihankim/replicate-study/harness/sessions/rep12/stage/bin/runbatch.sh #!/bin/bash
  # Run a shard of a GCMC task list.  One RASPA proce
      2026-08-29T11:50:58  REPO    the study repository
          Write: /Users/jihankim/replicate-study/harness/sessions/rep12/stage/bin/extract.py """Pull the reported quantities out of one RASPA output file int
      2026-08-29T11:51:18  REPO    the study repository
          Write: /Users/jihankim/replicate-study/harness/sessions/rep12/stage/bin/submit.py """Split a task list into N PBS jobs and submit them with qas.
  
  u
      2026-08-29T11:51:29  REPO    the study repository
          Write: /Users/jihankim/replicate-study/harness/sessions/rep12/stage/bin/subdesc.py """Submit the whole-database descriptor sweep as njobs x ppn pyt
      2026-08-29T11:52:33  REPO    the study repository
          Write: /Users/jihankim/replicate-study/harness/sessions/rep12/stage/STATE.md # STATE — rep12 working memory
  
  *Updated: 2026-08-29 21:00 KST*
  
  ## Fi
      2026-08-29T11:53:05  REPO    the study repository
          Write: /Users/jihankim/replicate-study/harness/sessions/rep12/stage/LOG.md # LOG — append-only narrative
  
  ## 2026-08-29 20:42 KST — launch
  
  Read CH
      2026-08-29T11:55:48  REPO    the study repository
          Write: /Users/jihankim/replicate-study/harness/sessions/rep12/stage/bin/elemcheck.py """G4(b)(i) mechanical check: does RASPA's auto-created pseudo
      2026-08-29T11:57:19  REPO    the study repository
          Write: /Users/jihankim/replicate-study/harness/sessions/rep12/stage/bin/subdesc.py """Submit part of the whole-database descriptor sweep.
  
  usage: s
      2026-08-29T11:57:54  REPO    the study repository
          Write: /Users/jihankim/replicate-study/harness/sessions/rep12/stage/bin/status.sh #!/bin/bash
  # One-line-per-item campaign status.  Charter s4: nev
      2026-08-29T11:58:23  REPO    the study repository
          Write: /Users/jihankim/replicate-study/harness/sessions/rep12/stage/bin/rank.py """Merge descriptor shards, apply the G3 pre-simulation screen, and
      2026-08-29T11:59:35  REPO    the study repository
          Write: /Users/jihankim/replicate-study/harness/sessions/rep12/stage/bin/audit.py """Append gate events to AUDIT.jsonl in the schema of AUDIT_SCHEMA
      2026-08-29T11:59:48  REPO    the study repository
          Write: /Users/jihankim/replicate-study/harness/sessions/rep12/stage/bin/charges.py """Charge-balance leg of gate G3, over the whole database.
  
  Ever
      2026-08-29T12:03:55  REPO    the study repository
          Write: /Users/jihankim/replicate-study/harness/sessions/rep12/stage/bin/collect.py """Collapse per-worker GCMC result CSVs into one structure-level
      2026-08-29T12:04:21  REPO    the study repository
          Write: /Users/jihankim/replicate-study/harness/sessions/rep12/stage/bin/wave.py """Choose the next GCMC wave and write its task list.
  
  Selection ha
  [audit] rep13: 69 tool calls, 0 finding(s)
  [audit] rep15: 80 tool calls, 0 finding(s)
  [audit] rep16: 57 tool calls, 1 finding(s)
      2026-08-29T11:43:20  WSROOT  the shared workspace root
          Bash: ssh dirac-bei 'ls /home1/users/Bei/ws/ ; ls /home1/users/Bei/ ; find /home1/users/Bei -maxdepth 2 -name "qas*" 2>/dev/null; ls /home1/users/
  [audit] rep17: 35 tool calls, 0 finding(s)
    rep01: session=up transcript_age=0.6min (deciding) heartbeat_age=9min (reported only) restarts=0/3
    rep02: session=up transcript_age=0.5min (deciding) heartbeat_age=1min (reported only) restarts=0/3
    rep03: session=up transcript_age=0.0min (deciding) heartbeat_age=9min (reported only) restarts=0/3
    rep04: session=up transcript_age=0.5min (deciding) heartbeat_age=5min (reported only) restarts=0/3
    rep05: session=up transcript_age=0.5min (deciding) heartbeat_age=6min (reported only) restarts=0/3
    rep06: session=up transcript_age=0.4min (deciding) heartbeat_age=1min (reported only) restarts=0/3
    rep07: session=up transcript_age=0.4min (deciding) heartbeat_age=3min (reported only) restarts=0/3
    rep08: session=up transcript_age=0.4min (deciding) heartbeat_age=3min (reported only) restarts=0/3
    rep09: session=up transcript_age=0.4min (deciding) heartbeat_age=9min (reported only) restarts=0/3
    rep10: session=up transcript_age=0.3min (deciding) heartbeat_age=0min (reported only) restarts=0/3
    rep11: session=up transcript_age=0.3min (deciding) heartbeat_age=1min (reported only) restarts=0/3
    rep12: session=up transcript_age=0.0min (deciding) heartbeat_age=0min (reported only) restarts=0/3
    rep13: session=up transcript_age=0.3min (deciding) heartbeat_age=0min (reported only) restarts=0/3
    rep15: session=up transcript_age=0.0min (deciding) heartbeat_age=0min (reported only) restarts=0/3
    rep16: session=up transcript_age=0.0min (deciding) heartbeat_age=0min (reported only) restarts=0/3
    rep17: session=up transcript_age=0.0min (deciding) heartbeat_age=0min (reported only) restarts=0/3
  --- escalations ---
  [escalate] 13 awaiting a human answer (cadence: 09:00, 21:00 KST)
      s01   infra     waiting  27.31 h  job exited 0 with no output
      rep01 charter   waiting   5.85 h  Appendix A G3 note says the least dense entry in this da
      rep01 charter   waiting   5.85 h  G3 requires a He void fraction for every structure enter
      rep01 infra     waiting   5.85 h  SimulationType MakeGrid in the provided RASPA 2.0.37 bui
  --- shared-queue depth (crowding covariate, Flag I) ---
  [queue-depth] 2026-08-29 21:05 KST  queue R=195 Q=7 across 4 users | study R=10 Q=7 (5.1% of running) | others waiting=0
  --- mechanical divergence panel ---
  [divergence] STATUS.md panel refreshed  -- not collected this cycle: s01 (None), s02 (None)
=========== poll 2026-08-29T12:35:24Z ===========
[harvest] rep01: nothing newly finished (5 tracked)
[meter-compute] rep01: cpu_h_scheduler=426.006 queued_jobs=5 (running=355.394h finished=70.611h)
[harvest] rep02: nothing newly finished (0 tracked)
[meter-compute] rep02: cpu_h_scheduler=0.0 queued_jobs=0 (running=0.000h finished=0.000h)
[harvest] rep03: nothing newly finished (0 tracked)
[meter-compute] rep03: cpu_h_scheduler=0.0 queued_jobs=0 (running=0.000h finished=0.000h)
[harvest] rep04: 1 job(s) left the queue, 17.610 CPU-h banked
[meter-compute] rep04: cpu_h_scheduler=17.61 queued_jobs=0 (running=0.000h finished=17.610h)
[harvest] rep05: nothing newly finished (0 tracked)
[meter-compute] rep05: cpu_h_scheduler=0.0 queued_jobs=0 (running=0.000h finished=0.000h)
[harvest] rep06: nothing newly finished (0 tracked)
[meter-compute] rep06: cpu_h_scheduler=0.0 queued_jobs=0 (running=0.000h finished=0.000h)
[harvest] rep07: nothing newly finished (0 tracked)
[meter-compute] rep07: cpu_h_scheduler=0.0 queued_jobs=0 (running=0.000h finished=0.000h)
[harvest] rep08: nothing newly finished (0 tracked)
[meter-compute] rep08: cpu_h_scheduler=0.0 queued_jobs=0 (running=0.000h finished=0.000h)
[harvest] rep09: nothing newly finished (7 tracked)
[meter-compute] rep09: cpu_h_scheduler=15.245 queued_jobs=7 (running=15.245h finished=0.000h)
[harvest] rep10: nothing newly finished (0 tracked)
[meter-compute] rep10: cpu_h_scheduler=0.0 queued_jobs=0 (running=0.000h finished=0.000h)
[harvest] rep11: nothing newly finished (0 tracked)
[meter-compute] rep11: cpu_h_scheduler=0.0 queued_jobs=0 (running=0.000h finished=0.000h)
[harvest] rep12: nothing newly finished (0 tracked)
[meter-compute] rep12: cpu_h_scheduler=0.0 queued_jobs=0 (running=0.000h finished=0.000h)
[harvest] rep13: nothing newly finished (0 tracked)
[meter-compute] rep13: cpu_h_scheduler=0.0 queued_jobs=0 (running=0.000h finished=0.000h)
[harvest] rep15: nothing newly finished (0 tracked)
[meter-compute] rep15: cpu_h_scheduler=0.0 queued_jobs=0 (running=0.000h finished=0.000h)
[harvest] rep16: nothing newly finished (0 tracked)
[meter-compute] rep16: cpu_h_scheduler=0.0 queued_jobs=0 (running=0.000h finished=0.000h)
[harvest] rep17: 6 job(s) left the queue, 1.948 CPU-h banked
[meter-compute] rep17: cpu_h_scheduler=27.984 queued_jobs=10 (running=26.036h finished=1.948h)
usage.json -> {'cpu_h_scheduler': 426.006, 'queued_jobs': 5, 'tokens': 841936}
usage.json -> {'cpu_h_scheduler': 0.0, 'queued_jobs': 0, 'tokens': 932366}
usage.json -> {'cpu_h_scheduler': 0.0, 'queued_jobs': 0, 'tokens': 503084}
usage.json -> {'cpu_h_scheduler': 17.61, 'queued_jobs': 0, 'tokens': 679012}
usage.json -> {'cpu_h_scheduler': 0.0, 'queued_jobs': 0, 'tokens': 1100049}
usage.json -> {'cpu_h_scheduler': 0.0, 'queued_jobs': 0, 'tokens': 4276163}
usage.json -> {'cpu_h_scheduler': 0.0, 'queued_jobs': 0, 'tokens': 1551393}
usage.json -> {'cpu_h_scheduler': 0.0, 'queued_jobs': 0, 'tokens': 812314}
usage.json -> {'cpu_h_scheduler': 15.245, 'queued_jobs': 7, 'tokens': 862694}
usage.json -> {'cpu_h_scheduler': 0.0, 'queued_jobs': 0, 'tokens': 458439}
usage.json -> {'cpu_h_scheduler': 0.0, 'queued_jobs': 0, 'tokens': 369962}
usage.json -> {'cpu_h_scheduler': 0.0, 'queued_jobs': 0, 'tokens': 582291}
usage.json -> {'cpu_h_scheduler': 0.0, 'queued_jobs': 0, 'tokens': 926095}
usage.json -> {'cpu_h_scheduler': 0.0, 'queued_jobs': 0, 'tokens': 702766}
usage.json -> {'cpu_h_scheduler': 0.0, 'queued_jobs': 0, 'tokens': 767092}
usage.json -> {'cpu_h_scheduler': 27.984, 'queued_jobs': 10, 'tokens': 522267}
  --- replicate escalations ---
  [escalate] rep01: 0 new escalation(s)
  [escalate] rep02: 1 new escalation(s)
      infra       -> queued_for_repair  all sibling replicates share one POSIX user, so the mjs per-
      !! 1 awaiting a human action (repair or PI ruling)
    [escalate] rep02: inbox updated on the cluster
  [escalate] rep03: 0 new escalation(s)
  [escalate] rep04: 0 new escalation(s)
  [escalate] rep05: 0 new escalation(s)
  [escalate] rep06: 0 new escalation(s)
  [escalate] rep07: 0 new escalation(s)
  [escalate] rep08: 0 new escalation(s)
  [escalate] rep09: 0 new escalation(s)
  [escalate] rep10: 1 new escalation(s)
      infra       -> queued_for_repair  All 12 of my ppn=1 jobs sat unstarted for 95 min; mjs sorts 
      !! 1 awaiting a human action (repair or PI ruling)
    [escalate] rep10: inbox updated on the cluster
  [escalate] rep11: 0 new escalation(s)
  [escalate] rep12: 0 new escalation(s)
  [escalate] rep13: 0 new escalation(s)
  [escalate] rep15: 2 new escalation(s)
      infra       -> queued_for_repair  mjs core quotas are per UNIX user and every replicate runs a
      infra       -> queued_for_repair  correction to my previous infra line: the elapsed time in it
      !! 2 awaiting a human action (repair or PI ruling)
    [escalate] rep15: inbox updated on the cluster
  [escalate] rep16: 0 new escalation(s)
  [escalate] rep17: 0 new escalation(s)
  [rep01 usage] {"cpu_h_scheduler": 426.006, "queued_jobs": 5, "tokens": 841936}  [rep02 usage] {"cpu_h_scheduler": 0.0, "queued_jobs": 0, "tokens": 932366}  [rep03 usage] {"cpu_h_scheduler": 0.0, "queued_jobs": 0, "tokens": 503084}  [rep04 usage] {"cpu_h_scheduler": 17.61, "queued_jobs": 0, "tokens": 679012}  [rep05 usage] {"cpu_h_scheduler": 0.0, "queued_jobs": 0, "tokens": 1100049}  [rep06 usage] {"cpu_h_scheduler": 0.0, "queued_jobs": 0, "tokens": 4276163}  [rep07 usage] {"cpu_h_scheduler": 0.0, "queued_jobs": 0, "tokens": 1551393}  [rep08 usage] {"cpu_h_scheduler": 0.0, "queued_jobs": 0, "tokens": 812314}  [rep09 usage] {"cpu_h_scheduler": 15.245, "queued_jobs": 7, "tokens": 862694}  [rep10 usage] {"cpu_h_scheduler": 0.0, "queued_jobs": 0, "tokens": 458439}  [rep11 usage] {"cpu_h_scheduler": 0.0, "queued_jobs": 0, "tokens": 369962}  [rep12 usage] {"cpu_h_scheduler": 0.0, "queued_jobs": 0, "tokens": 582291}  [rep13 usage] {"cpu_h_scheduler": 0.0, "queued_jobs": 0, "tokens": 926095}  [rep15 usage] {"cpu_h_scheduler": 0.0, "queued_jobs": 0, "tokens": 702766}  [rep16 usage] {"cpu_h_scheduler": 0.0, "queued_jobs": 0, "tokens": 767092}  [rep17 usage] {"cpu_h_scheduler": 27.984, "queued_jobs": 10, "tokens": 522267}  --- watchdog (charter section 4: budgets, liveness) ---
  [watchdog] rep01  T-160.6h  liveness=alive  poll=30min bound=+6.0CPU-h (0.37%)
      compute      0.0 / 1610  (0.0%)  UNACCOUNTED
                   5 jobs running, ~426.0 CPU-h unaccounted; displayed total ~426.006 CPU-h (stop evaluates on finished-job CPU-h (validated))
      tokens       841936 / 32000000  (2.6%)  OK
      spend_usd    42.6326 / 280.0  (15.2%)  OK
      isolation    NOT AUDITED HERE (remote bridge; see audit_transcript.py)
  [watchdog] rep02  T-166.1h  liveness=alive  poll=30min bound=+6.0CPU-h (0.37%)
      compute      0.0 / 1610  (0.0%)  UNACCOUNTED
                   0 jobs running, ~0.0 CPU-h unaccounted; displayed total ~0.0 CPU-h (stop evaluates on finished-job CPU-h (validated))
      tokens       932366 / 32000000  (2.9%)  OK
      spend_usd    18.7462 / 280.0  (6.7%)  OK
      isolation    NOT AUDITED HERE (remote bridge; see audit_transcript.py)
  [watchdog] rep03  T-166.1h  liveness=alive  poll=30min bound=+6.0CPU-h (0.37%)
      compute      0.0 / 1610  (0.0%)  UNACCOUNTED
                   0 jobs running, ~0.0 CPU-h unaccounted; displayed total ~0.0 CPU-h (stop evaluates on finished-job CPU-h (validated))
      tokens       503084 / 32000000  (1.6%)  OK
      spend_usd    14.1629 / 280.0  (5.1%)  OK
      isolation    NOT AUDITED HERE (remote bridge; see audit_transcript.py)
  [watchdog] rep04  T-166.1h  liveness=alive  poll=30min bound=+6.0CPU-h (0.37%)
      compute      0.0 / 1610  (0.0%)  UNACCOUNTED
                   0 jobs running, ~17.6 CPU-h unaccounted; displayed total ~17.61 CPU-h (stop evaluates on finished-job CPU-h (validated))
      tokens       679012 / 32000000  (2.1%)  OK
      spend_usd    14.7503 / 280.0  (5.3%)  OK
      isolation    NOT AUDITED HERE (remote bridge; see audit_transcript.py)
  [watchdog] rep05  T-166.1h  liveness=alive  poll=30min bound=+6.0CPU-h (0.37%)
      compute      0.0 / 1610  (0.0%)  UNACCOUNTED
                   0 jobs running, ~0.0 CPU-h unaccounted; displayed total ~0.0 CPU-h (stop evaluates on finished-job CPU-h (validated))
      tokens       1100049 / 32000000  (3.4%)  OK
      spend_usd    22.828 / 280.0  (8.2%)  OK
      isolation    NOT AUDITED HERE (remote bridge; see audit_transcript.py)
  [watchdog] rep06  T-166.1h  liveness=alive  poll=30min bound=+6.0CPU-h (0.37%)
      compute      0.0 / 1610  (0.0%)  UNACCOUNTED
                   0 jobs running, ~0.0 CPU-h unaccounted; displayed total ~0.0 CPU-h (stop evaluates on finished-job CPU-h (validated))
      tokens       4276163 / 32000000  (13.4%)  OK
      spend_usd    99.0334 / 280.0  (35.4%)  OK
      isolation    NOT AUDITED HERE (remote bridge; see audit_transcript.py)
  [watchdog] rep07  T-166.1h  liveness=alive  poll=30min bound=+6.0CPU-h (0.37%)
      compute      0.0 / 1610  (0.0%)  UNACCOUNTED
                   0 jobs running, ~0.0 CPU-h unaccounted; displayed total ~0.0 CPU-h (stop evaluates on finished-job CPU-h (validated))
      tokens       1551393 / 32000000  (4.9%)  OK
      spend_usd    30.7266 / 280.0  (11.0%)  OK
      isolation    NOT AUDITED HERE (remote bridge; see audit_transcript.py)
  [watchdog] rep08  T-166.1h  liveness=alive  poll=30min bound=+6.0CPU-h (0.37%)
      compute      0.0 / 1610  (0.0%)  UNACCOUNTED
                   0 jobs running, ~0.0 CPU-h unaccounted; displayed total ~0.0 CPU-h (stop evaluates on finished-job CPU-h (validated))
      tokens       812314 / 32000000  (2.5%)  OK
      spend_usd    17.4404 / 280.0  (6.2%)  OK
      isolation    NOT AUDITED HERE (remote bridge; see audit_transcript.py)
  [watchdog] rep09  T-166.1h  liveness=alive  poll=30min bound=+6.0CPU-h (0.37%)
      compute      0.0 / 1610  (0.0%)  UNACCOUNTED
                   7 jobs running, ~15.2 CPU-h unaccounted; displayed total ~15.245 CPU-h (stop evaluates on finished-job CPU-h (validated))
      tokens       862694 / 32000000  (2.7%)  OK
      spend_usd    20.4895 / 280.0  (7.3%)  OK
      isolation    NOT AUDITED HERE (remote bridge; see audit_transcript.py)
  [watchdog] rep10  T-167.1h  liveness=alive  poll=30min bound=+6.0CPU-h (0.37%)
      compute      0.0 / 1610  (0.0%)  UNACCOUNTED
                   0 jobs running, ~0.0 CPU-h unaccounted; displayed total ~0.0 CPU-h (stop evaluates on finished-job CPU-h (validated))
      tokens       458439 / 32000000  (1.4%)  OK
      spend_usd    15.2215 / 280.0  (5.4%)  OK
      isolation    NOT AUDITED HERE (remote bridge; see audit_transcript.py)
  [watchdog] rep11  T-167.1h  liveness=alive  poll=30min bound=+6.0CPU-h (0.37%)
      compute      0.0 / 1610  (0.0%)  UNACCOUNTED
                   0 jobs running, ~0.0 CPU-h unaccounted; displayed total ~0.0 CPU-h (stop evaluates on finished-job CPU-h (validated))
      tokens       369962 / 32000000  (1.2%)  OK
      spend_usd    9.6757 / 280.0  (3.5%)  OK
      isolation    NOT AUDITED HERE (remote bridge; see audit_transcript.py)
  [watchdog] rep12  T-167.1h  liveness=alive  poll=30min bound=+6.0CPU-h (0.37%)
      compute      0.0 / 1610  (0.0%)  UNACCOUNTED
                   0 jobs running, ~0.0 CPU-h unaccounted; displayed total ~0.0 CPU-h (stop evaluates on finished-job CPU-h (validated))
      tokens       582291 / 32000000  (1.8%)  OK
      spend_usd    15.8852 / 280.0  (5.7%)  OK
      isolation    NOT AUDITED HERE (remote bridge; see audit_transcript.py)
  [watchdog] rep13  T-167.1h  liveness=alive  poll=30min bound=+6.0CPU-h (0.37%)
      compute      0.0 / 1610  (0.0%)  UNACCOUNTED
                   0 jobs running, ~0.0 CPU-h unaccounted; displayed total ~0.0 CPU-h (stop evaluates on finished-job CPU-h (validated))
      tokens       926095 / 32000000  (2.9%)  OK
      spend_usd    21.5292 / 280.0  (7.7%)  OK
      isolation    NOT AUDITED HERE (remote bridge; see audit_transcript.py)
  [watchdog] rep15  T-167.1h  liveness=alive  poll=30min bound=+6.0CPU-h (0.37%)
      compute      0.0 / 1610  (0.0%)  UNACCOUNTED
                   0 jobs running, ~0.0 CPU-h unaccounted; displayed total ~0.0 CPU-h (stop evaluates on finished-job CPU-h (validated))
      tokens       702766 / 32000000  (2.2%)  OK
      spend_usd    17.0584 / 280.0  (6.1%)  OK
      isolation    NOT AUDITED HERE (remote bridge; see audit_transcript.py)
  [watchdog] rep16  T-167.1h  liveness=alive  poll=30min bound=+6.0CPU-h (0.37%)
      compute      0.0 / 1610  (0.0%)  UNACCOUNTED
                   0 jobs running, ~0.0 CPU-h unaccounted; displayed total ~0.0 CPU-h (stop evaluates on finished-job CPU-h (validated))
      tokens       767092 / 32000000  (2.4%)  OK
      spend_usd    16.1918 / 280.0  (5.8%)  OK
      isolation    NOT AUDITED HERE (remote bridge; see audit_transcript.py)
  [watchdog] rep17  T-167.1h  liveness=alive  poll=30min bound=+6.0CPU-h (0.37%)
      compute      0.0 / 1610  (0.0%)  UNACCOUNTED
                   10 jobs running, ~28.0 CPU-h unaccounted; displayed total ~27.984 CPU-h (stop evaluates on finished-job CPU-h (validated))
      tokens       522267 / 32000000  (1.6%)  OK
      spend_usd    10.5372 / 280.0  (3.8%)  OK
      isolation    NOT AUDITED HERE (remote bridge; see audit_transcript.py)
  --- transcript audit (charter section 4) ---
  [audit] rep01: 217 tool calls, 1 finding(s)
      2026-08-29T05:36:56  SUPER   the supervisor's cluster home
          Bash: ssh dirac-bei 'find /home/users/Bei/RASPA -maxdepth 8 -newermt "-3 hours" 2>/dev/null | head -20; echo "--- tree ---"; find /home/users/Bei/
  [audit] rep02: 91 tool calls, 0 finding(s)
  [audit] rep03: 78 tool calls, 1 finding(s)
      2026-08-29T10:42:26  WSROOT  the shared workspace root
          Bash: ssh dirac-bei 'echo "--- find qas ---"; ls -la /usr/local/bin/ 2>/dev/null | head -30; find /home1/users/Bei -maxdepth 2 -name "qas*" 2>/dev
  [audit] rep04: 85 tool calls, 22 finding(s)
      2026-08-29T10:44:34  REPO    the study repository
          Write: /Users/jihankim/replicate-study/harness/sessions/rep04/stage/scan_db.py #!/usr/bin/env python3
  """Single pass over db/*.cif -> compact manif
      2026-08-29T10:44:39  REPO    the study repository
          Bash: cd /Users/jihankim/replicate-study/harness/sessions/rep04/stage && scp -q scan_db.py dirac-bei:/home1/users/Bei/ws/rep04/ && ssh dirac-bei '
      2026-08-29T10:45:39  REPO    the study repository
          Write: /Users/jihankim/replicate-study/harness/sessions/rep04/stage/prep_cif.py #!/usr/bin/env python3
  """Rewrite a db CIF into a RASPA-readable P1
      2026-08-29T10:47:18  REPO    the study repository
          Write: /Users/jihankim/replicate-study/harness/sessions/rep04/stage/run_case.sh #!/bin/bash
  # run_case.sh <sid> <pressure_Pa> <ninit> <nprod> <tag>
      2026-08-29T10:47:31  REPO    the study repository
          Write: /Users/jihankim/replicate-study/harness/sessions/rep04/stage/parse_out.py #!/usr/bin/env python3
  """Extract the numbers we need from a RASPA
      2026-08-29T10:48:03  REPO    the study repository
          Write: /Users/jihankim/replicate-study/harness/sessions/rep04/stage/mkjob.py #!/usr/bin/env python3
  """Emit a PBS script that runs a task list unde
      2026-08-29T10:50:43  REPO    the study repository
          Write: /Users/jihankim/replicate-study/harness/sessions/rep04/stage/descriptors.py #!/usr/bin/env python3
  """Cheap per-structure descriptors by Wid
      2026-08-29T10:52:22  REPO    the study repository
          Write: /Users/jihankim/replicate-study/harness/sessions/rep04/stage/mkjob.py #!/usr/bin/env python3
  """Emit a PBS script that runs a task list unde
      2026-08-29T10:52:57  REPO    the study repository
          Write: /Users/jihankim/replicate-study/harness/sessions/rep04/stage/STATE.md # STATE — current tasks and beliefs
  *(working memory; sufficient on it
      2026-08-29T10:53:28  REPO    the study repository
          Write: /Users/jihankim/replicate-study/harness/sessions/rep04/stage/LOG.md # LOG — append-only narrative
  
  ## 2026-08-29 19:41 KST — launch
  Read CHA
      2026-08-29T10:53:49  REPO    the study repository
          Write: /Users/jihankim/replicate-study/harness/sessions/rep04/stage/status.sh #!/bin/bash
  # One-line-per-fact campaign status.  Never dumps raw out
      2026-08-29T10:53:58  REPO    the study repository
          Write: /Users/jihankim/replicate-study/harness/sessions/rep04/stage/cpuh.py #!/usr/bin/env python3
  """Meter compute two ways and print one line.
  
  b
      2026-08-29T10:56:04  REPO    the study repository
          Write: /Users/jihankim/replicate-study/harness/sessions/rep04/stage/run_case.sh #!/bin/bash
  # run_case.sh <sid> <pressure_Pa> <ninit> <nprod> <tag>
      2026-08-29T10:56:15  REPO    the study repository
          Bash: cd /Users/jihankim/replicate-study/harness/sessions/rep04/stage && scp -q run_case.sh dirac-bei:/home1/users/Bei/ws/rep04/bin/ && ssh dirac-
      2026-08-29T10:57:13  REPO    the study repository
          Write: /Users/jihankim/replicate-study/harness/sessions/rep04/stage/log_append_1.md 
  ## 2026-08-29 19:56 — first error, found and corrected on the 
      2026-08-29T10:57:42  REPO    the study repository
          Write: /Users/jihankim/replicate-study/harness/sessions/rep04/stage/digest_bench.py #!/usr/bin/env python3
  """Compact digest of the cost-model benc
      2026-08-29T10:58:56  REPO    the study repository
          Write: /Users/jihankim/replicate-study/harness/sessions/rep04/stage/rank.py #!/usr/bin/env python3
  """Merge the descriptor sweep with the structure
      2026-08-29T10:59:00  REPO    the study repository
          Bash: cd /Users/jihankim/replicate-study/harness/sessions/rep04/stage && scp -q rank.py dirac-bei:/home1/users/Bei/ws/rep04/bin/ && ssh dirac-bei 
      2026-08-29T11:08:36  REPO    the study repository
          Write: /Users/jihankim/replicate-study/harness/sessions/rep04/stage/chain1.sh #!/bin/bash
  # chain1.sh — runs detached on the login node.
  # Waits fo
      2026-08-29T11:11:14  REPO    the study repository
          Write: /Users/jihankim/replicate-study/harness/sessions/rep04/stage/STATE.md # STATE — current tasks and beliefs
  *(working memory; sufficient on it
      2026-08-29T11:20:28  REPO    the study repository
          Write: /Users/jihankim/replicate-study/harness/sessions/rep04/stage/fit.py #!/usr/bin/env python3
  """Calibrate and, more importantly, *test* the sc
      2026-08-29T12:18:04  REPO    the study repository
          Write: /Users/jihankim/replicate-study/harness/sessions/rep04/stage/log_append_2.md 
  ## 2026-08-29 21:12 — descriptor sweep complete, all 12,499 st
  [audit] rep05: 104 tool calls, 0 finding(s)
  [audit] rep06: 313 tool calls, 0 finding(s)
  [audit] rep07: 120 tool calls, 0 finding(s)
  [audit] rep08: 91 tool calls, 0 finding(s)
  [audit] rep09: 102 tool calls, 20 finding(s)
      2026-08-29T10:50:31  REPO    the study repository
          Write: /Users/jihankim/replicate-study/harness/sessions/rep09/_stage/LOG_append_1.md 
  ## 2026-08-29 (launch +0h) — setup and toolchain verification
      2026-08-29T10:50:37  REPO    the study repository
          Bash: cd /Users/jihankim/replicate-study/harness/sessions/rep09/_stage && scp -q LOG_append_1.md dirac-bei:/home1/users/Bei/ws/rep09/scratch/ && s
      2026-08-29T10:52:32  REPO    the study repository
          Write: /Users/jihankim/replicate-study/harness/sessions/rep09/_stage/geom.py """Geometric pore descriptors on a fractional grid, one structure at a
      2026-08-29T10:58:57  REPO    the study repository
          Write: /Users/jihankim/replicate-study/harness/sessions/rep09/_stage/mkjobs.py """Build interleaved task chunks and PBS scripts for a GCMC wave.
  
  U
      2026-08-29T11:00:06  REPO    the study repository
          Write: /Users/jihankim/replicate-study/harness/sessions/rep09/_stage/status.sh #!/bin/bash
  # One-line-per-topic campaign status. Never dumps raw ou
      2026-08-29T11:00:30  REPO    the study repository
          Write: /Users/jihankim/replicate-study/harness/sessions/rep09/_stage/STATE.md # STATE — current beliefs and open tasks
  
  *(Self-sufficient: this fil
      2026-08-29T11:00:53  REPO    the study repository
          Write: /Users/jihankim/replicate-study/harness/sessions/rep09/_stage/LOG_append_2.md 
  ## 2026-08-29 (launch +1.5h) — the screening proxy failed its
      2026-08-29T11:03:29  REPO    the study repository
          Write: /Users/jihankim/replicate-study/harness/sessions/rep09/_stage/aggregate.py """Fold a wave's per-job CSVs into one compact table and print a 
      2026-08-29T11:06:43  REPO    the study repository
          Write: /Users/jihankim/replicate-study/harness/sessions/rep09/_stage/LOG_append_3.md 
  ## 2026-08-29 20:15 (launch +0.6h) — queue contention, screen
      2026-08-29T11:07:20  REPO    the study repository
          Write: /Users/jihankim/replicate-study/harness/sessions/rep09/_stage/STATE.md # STATE — current beliefs and open tasks
  
  *(Self-sufficient: this fil
      2026-08-29T11:07:33  REPO    the study repository
          Bash: cd /Users/jihankim/replicate-study/harness/sessions/rep09/_stage && scp -q LOG_append_3.md STATE.md dirac-bei:/home1/users/Bei/ws/rep09/scra
      2026-08-29T11:08:41  REPO    the study repository
          Write: /Users/jihankim/replicate-study/harness/sessions/rep09/_stage/autopilot.sh #!/bin/bash
  # Keeps the Tier-1 screen alive without a live sessio
      2026-08-29T11:08:47  REPO    the study repository
          Write: /Users/jihankim/replicate-study/harness/sessions/rep09/_stage/remaining.py """Print how many points of jobs/<wave>_<k>.tasks are not yet rec
      2026-08-29T11:08:51  REPO    the study repository
          Bash: cd /Users/jihankim/replicate-study/harness/sessions/rep09/_stage && scp -q autopilot.sh remaining.py dirac-bei:/home1/users/Bei/ws/rep09/bin
      2026-08-29T11:37:38  REPO    the study repository
          Write: /Users/jihankim/replicate-study/harness/sessions/rep09/_stage/rank.py """Add framework density to the manifest and reorder the s1 task files
      2026-08-29T11:38:18  REPO    the study repository
          Write: /Users/jihankim/replicate-study/harness/sessions/rep09/_stage/LOG_append_5.md 
  ## 2026-08-29 20:40 (launch +1.0h) — screen calibrated agains
      2026-08-29T11:48:02  REPO    the study repository
          Write: /Users/jihankim/replicate-study/harness/sessions/rep09/_stage/autopilot.sh #!/bin/bash
  # Keeps a wave alive without a live session.
  #
  # Bug 
      2026-08-29T11:53:32  REPO    the study repository
          Write: /Users/jihankim/replicate-study/harness/sessions/rep09/_stage/census.sh #!/bin/bash
  # Every live rep09 job, one full name per line: queued i
      2026-08-29T11:53:41  REPO    the study repository
          Write: /Users/jihankim/replicate-study/harness/sessions/rep09/_stage/autopilot.sh #!/bin/bash
  # Keeps a wave alive without a live session.
  #
  # Bug 
      2026-08-29T12:25:06  REPO    the study repository
          Write: /Users/jihankim/replicate-study/harness/sessions/rep09/_stage/STATE.md # STATE — current beliefs and open tasks
  
  *(Self-sufficient: this fil
  [audit] rep10: 101 tool calls, 0 finding(s)
  [audit] rep11: 58 tool calls, 0 finding(s)
  [audit] rep12: 102 tool calls, 30 finding(s)
      2026-08-29T11:42:46  SUPER   the supervisor's cluster home
          Bash: ssh dirac-bei 'ls -la /home/users/Bei/ 2>/dev/null | head -30; echo "--- find qas ---"; find /home/users/Bei /home1/users/Bei -maxdepth 3 -n
      2026-08-29T11:42:50  SUPER   the supervisor's cluster home
          Bash: ssh dirac-bei 'ls /home/users/Bei/bei /home/users/Bei/.local /home/users/Bei/.local/* 2>/dev/null | head -40; echo "=== scripts ==="; ls /ho
      2026-08-29T11:42:54  SUPER   the supervisor's cluster home
          Bash: ssh dirac-bei 'find /home/users/Bei/bei -maxdepth 3 2>/dev/null | head -40' Explore bei cluster dir
      2026-08-29T11:43:00  SUPER   the supervisor's cluster home
          Bash: ssh dirac-bei 'cat /home/users/Bei/bei/cluster/verify-gcmc.pbs; echo "=== SIM INPUT p65 ==="; cat /home/users/Bei/bei/verify/2021_Cu__sql_2_
      2026-08-29T11:45:20  SUPER   the supervisor's cluster home
          Bash: ssh dirac-bei 'cd /home/users/Bei/bei/verify/2021_Cu__sql_2_ASR_6__p65 && head -30 2021_Cu__sql_2_ASR_6.cif && echo "=== OUT ===" && ls Outp
      2026-08-29T11:45:26  SUPER   the supervisor's cluster home
          Bash: ssh dirac-bei 'cd /home/users/Bei/bei/verify/2021_Cu__sql_2_ASR_6__p65 && f=$(ls Output/System_0/output_*.data|head -1) && sed -n "520,560p"
      2026-08-29T11:45:41  SUPER   the supervisor's cluster home
          Bash: ssh dirac-bei 'cd /home/users/Bei/bei/verify/2021_Cu__sql_2_ASR_6__p65 && f=$(ls Output/System_0/output_*.data|head -1) && grep -E "^ +(Cu|C
      2026-08-29T11:47:10  SUPER   the supervisor's cluster home
          Bash: ssh dirac-bei 'cd /home1/users/Bei/ws/rep12 && mkdir -p bin desc tables pbs runs logs && git init -q 2>/dev/null; git config user.name "rep1
      2026-08-29T11:48:01  REPO    the study repository
          Bash: mkdir -p /Users/jihankim/replicate-study/harness/sessions/rep12/stage/bin && echo ok Create local staging dir
      2026-08-29T11:48:37  REPO    the study repository
          Write: /Users/jihankim/replicate-study/harness/sessions/rep12/stage/bin/mofcore.py """Core CIF parsing + UFF/TraPPE descriptor engine (rep12).
  
  For
      2026-08-29T11:49:16  REPO    the study repository
          Write: /Users/jihankim/replicate-study/harness/sessions/rep12/stage/bin/descsweep.py """Descriptor sweep over a shard of the database.
  
  usage: desc
      2026-08-29T11:49:23  REPO    the study repository
          Bash: cd /Users/jihankim/replicate-study/harness/sessions/rep12/stage && scp -q bin/mofcore.py bin/descsweep.py dirac-bei:/home1/users/Bei/ws/rep1
      2026-08-29T11:50:32  REPO    the study repository
          Write: /Users/jihankim/replicate-study/harness/sessions/rep12/stage/bin/mkinput.py """Build a RASPA GCMC job directory for one (structure, pressure
      2026-08-29T11:50:46  REPO    the study repository
          Write: /Users/jihankim/replicate-study/harness/sessions/rep12/stage/bin/runbatch.sh #!/bin/bash
  # Run a shard of a GCMC task list.  One RASPA proce
      2026-08-29T11:50:58  REPO    the study repository
          Write: /Users/jihankim/replicate-study/harness/sessions/rep12/stage/bin/extract.py """Pull the reported quantities out of one RASPA output file int
      2026-08-29T11:51:18  REPO    the study repository
          Write: /Users/jihankim/replicate-study/harness/sessions/rep12/stage/bin/submit.py """Split a task list into N PBS jobs and submit them with qas.
  
  u
      2026-08-29T11:51:29  REPO    the study repository
          Write: /Users/jihankim/replicate-study/harness/sessions/rep12/stage/bin/subdesc.py """Submit the whole-database descriptor sweep as njobs x ppn pyt
      2026-08-29T11:52:33  REPO    the study repository
          Write: /Users/jihankim/replicate-study/harness/sessions/rep12/stage/STATE.md # STATE — rep12 working memory
  
  *Updated: 2026-08-29 21:00 KST*
  
  ## Fi
      2026-08-29T11:53:05  REPO    the study repository
          Write: /Users/jihankim/replicate-study/harness/sessions/rep12/stage/LOG.md # LOG — append-only narrative
  
  ## 2026-08-29 20:42 KST — launch
  
  Read CH
      2026-08-29T11:55:48  REPO    the study repository
          Write: /Users/jihankim/replicate-study/harness/sessions/rep12/stage/bin/elemcheck.py """G4(b)(i) mechanical check: does RASPA's auto-created pseudo
      2026-08-29T11:57:19  REPO    the study repository
          Write: /Users/jihankim/replicate-study/harness/sessions/rep12/stage/bin/subdesc.py """Submit part of the whole-database descriptor sweep.
  
  usage: s
      2026-08-29T11:57:54  REPO    the study repository
          Write: /Users/jihankim/replicate-study/harness/sessions/rep12/stage/bin/status.sh #!/bin/bash
  # One-line-per-item campaign status.  Charter s4: nev
      2026-08-29T11:58:23  REPO    the study repository
          Write: /Users/jihankim/replicate-study/harness/sessions/rep12/stage/bin/rank.py """Merge descriptor shards, apply the G3 pre-simulation screen, and
      2026-08-29T11:59:35  REPO    the study repository
          Write: /Users/jihankim/replicate-study/harness/sessions/rep12/stage/bin/audit.py """Append gate events to AUDIT.jsonl in the schema of AUDIT_SCHEMA
      2026-08-29T11:59:48  REPO    the study repository
          Write: /Users/jihankim/replicate-study/harness/sessions/rep12/stage/bin/charges.py """Charge-balance leg of gate G3, over the whole database.
  
  Ever
      2026-08-29T12:03:55  REPO    the study repository
          Write: /Users/jihankim/replicate-study/harness/sessions/rep12/stage/bin/collect.py """Collapse per-worker GCMC result CSVs into one structure-level
      2026-08-29T12:04:21  REPO    the study repository
          Write: /Users/jihankim/replicate-study/harness/sessions/rep12/stage/bin/wave.py """Choose the next GCMC wave and write its task list.
  
  Selection ha
      2026-08-29T12:05:41  REPO    the study repository
          Write: /Users/jihankim/replicate-study/harness/sessions/rep12/stage/STATE.md # STATE — rep12 working memory
  
  *Updated: 2026-08-29 22:30 KST*
  
  ## Fi
      2026-08-29T12:06:03  SUPER   the supervisor's cluster home
          Bash: cat > /tmp/log2.md <<'EOF'
  
  ## 2026-08-29 22:00 — the cluster is saturated, and how the scheduler decides
  
  An hour after submission not one 
      2026-08-29T12:18:19  REPO    the study repository
          Write: /Users/jihankim/replicate-study/harness/sessions/rep12/stage/bin/claim.py """Emit claim-grade (10,000 + 50,000) and G6-reproduction task lis
  [audit] rep13: 119 tool calls, 0 finding(s)
  [audit] rep15: 110 tool calls, 0 finding(s)
  [audit] rep16: 94 tool calls, 1 finding(s)
      2026-08-29T11:43:20  WSROOT  the shared workspace root
          Bash: ssh dirac-bei 'ls /home1/users/Bei/ws/ ; ls /home1/users/Bei/ ; find /home1/users/Bei -maxdepth 2 -name "qas*" 2>/dev/null; ls /home1/users/
  [audit] rep17: 63 tool calls, 0 finding(s)
    rep01: session=up transcript_age=0.5min (deciding) heartbeat_age=1min (reported only) restarts=0/3
    rep02: session=up transcript_age=0.5min (deciding) heartbeat_age=3min (reported only) restarts=0/3
    rep03: session=up transcript_age=0.5min (deciding) heartbeat_age=3min (reported only) restarts=0/3
    rep04: session=up transcript_age=0.5min (deciding) heartbeat_age=9min (reported only) restarts=0/3
    rep05: session=up transcript_age=0.4min (deciding) heartbeat_age=6min (reported only) restarts=0/3
    rep06: session=DOWN transcript_age=0.4min (deciding) heartbeat_age=1min (reported only) restarts=0/3
       session gone but no positive evidence of death -- not restarting
    rep07: session=up transcript_age=0.4min (deciding) heartbeat_age=5min (reported only) restarts=0/3
    rep08: session=up transcript_age=0.4min (deciding) heartbeat_age=1min (reported only) restarts=0/3
    rep09: session=up transcript_age=0.3min (deciding) heartbeat_age=1min (reported only) restarts=0/3
    rep10: session=up transcript_age=0.3min (deciding) heartbeat_age=0min (reported only) restarts=0/3
    rep11: session=up transcript_age=0.3min (deciding) heartbeat_age=7min (reported only) restarts=0/3
    rep12: session=up transcript_age=0.3min (deciding) heartbeat_age=6min (reported only) restarts=0/3
    rep13: session=up transcript_age=0.2min (deciding) heartbeat_age=6min (reported only) restarts=0/3
    rep15: session=up transcript_age=0.2min (deciding) heartbeat_age=8min (reported only) restarts=0/3
    rep16: session=up transcript_age=0.2min (deciding) heartbeat_age=2min (reported only) restarts=0/3
    rep17: session=up transcript_age=0.2min (deciding) heartbeat_age=8min (reported only) restarts=0/3
  --- escalations ---
  [escalate] 17 awaiting a human answer (cadence: 09:00, 21:00 KST)
      s01   infra     waiting  27.84 h  job exited 0 with no output
      rep01 charter   waiting   6.38 h  Appendix A G3 note says the least dense entry in this da
      rep01 charter   waiting   6.38 h  G3 requires a He void fraction for every structure enter
      rep01 infra     waiting   6.38 h  SimulationType MakeGrid in the provided RASPA 2.0.37 bui
  --- shared-queue depth (crowding covariate, Flag I) ---
  [queue-depth] 2026-08-29 21:37 KST  queue R=198 Q=3 across 4 users | study R=18 Q=3 (9.1% of running) | others waiting=0
  --- mechanical divergence panel ---
  [divergence] STATUS.md panel refreshed  -- not collected this cycle: s01 (None), s02 (None)
=========== poll 2026-08-29T13:07:31Z ===========
[harvest] rep01: 1 job(s) left the queue, 6.749 CPU-h banked
[meter-compute] rep01: cpu_h_scheduler=466.102 queued_jobs=4 (running=388.741h finished=77.361h)
[harvest] rep02: nothing newly finished (0 tracked)
[meter-compute] rep02: cpu_h_scheduler=0.0 queued_jobs=0 (running=0.000h finished=0.000h)
[harvest] rep03: nothing newly finished (0 tracked)
[meter-compute] rep03: cpu_h_scheduler=0.0 queued_jobs=0 (running=0.000h finished=0.000h)
[harvest] rep04: nothing newly finished (0 tracked)
[meter-compute] rep04: cpu_h_scheduler=17.61 queued_jobs=0 (running=0.000h finished=17.610h)
[harvest] rep05: nothing newly finished (0 tracked)
[meter-compute] rep05: cpu_h_scheduler=0.0 queued_jobs=0 (running=0.000h finished=0.000h)
[harvest] rep06: nothing newly finished (1 tracked)
[meter-compute] rep06: cpu_h_scheduler=0.325 queued_jobs=1 (running=0.325h finished=0.000h)
[harvest] rep07: nothing newly finished (0 tracked)
[meter-compute] rep07: cpu_h_scheduler=0.0 queued_jobs=0 (running=0.000h finished=0.000h)
[harvest] rep08: nothing newly finished (0 tracked)
[meter-compute] rep08: cpu_h_scheduler=0.0 queued_jobs=0 (running=0.000h finished=0.000h)
[harvest] rep09: nothing newly finished (7 tracked)
[meter-compute] rep09: cpu_h_scheduler=35.655 queued_jobs=7 (running=35.655h finished=0.000h)
[harvest] rep10: nothing newly finished (0 tracked)
[meter-compute] rep10: cpu_h_scheduler=0.0 queued_jobs=0 (running=0.000h finished=0.000h)
[harvest] rep11: nothing newly finished (0 tracked)
[meter-compute] rep11: cpu_h_scheduler=0.0 queued_jobs=0 (running=0.000h finished=0.000h)
[harvest] rep12: nothing newly finished (0 tracked)
[meter-compute] rep12: cpu_h_scheduler=0.0 queued_jobs=0 (running=0.000h finished=0.000h)
[harvest] rep13: nothing newly finished (0 tracked)
[meter-compute] rep13: cpu_h_scheduler=0.0 queued_jobs=0 (running=0.000h finished=0.000h)
[harvest] rep15: nothing newly finished (0 tracked)
[meter-compute] rep15: cpu_h_scheduler=0.0 queued_jobs=0 (running=0.000h finished=0.000h)
[harvest] rep16: nothing newly finished (0 tracked)
[meter-compute] rep16: cpu_h_scheduler=0.0 queued_jobs=0 (running=0.000h finished=0.000h)
[harvest] rep17: 9 job(s) left the queue, 21.273 CPU-h banked
[meter-compute] rep17: cpu_h_scheduler=35.427 queued_jobs=10 (running=12.206h finished=23.221h)
usage.json -> {'cpu_h_scheduler': 466.102, 'queued_jobs': 4, 'tokens': 868491}
usage.json -> {'cpu_h_scheduler': 0.0, 'queued_jobs': 0, 'tokens': 1103536}
usage.json -> {'cpu_h_scheduler': 0.0, 'queued_jobs': 0, 'tokens': 503912}
usage.json -> {'cpu_h_scheduler': 17.61, 'queued_jobs': 0, 'tokens': 725532}
usage.json -> {'cpu_h_scheduler': 0.0, 'queued_jobs': 0, 'tokens': 1121279}
usage.json -> {'cpu_h_scheduler': 0.325, 'queued_jobs': 1, 'tokens': 4277733}
usage.json -> {'cpu_h_scheduler': 0.0, 'queued_jobs': 0, 'tokens': 1575474}
usage.json -> {'cpu_h_scheduler': 0.0, 'queued_jobs': 0, 'tokens': 897294}
usage.json -> {'cpu_h_scheduler': 35.655, 'queued_jobs': 7, 'tokens': 865549}
usage.json -> {'cpu_h_scheduler': 0.0, 'queued_jobs': 0, 'tokens': 487047}
usage.json -> {'cpu_h_scheduler': 0.0, 'queued_jobs': 0, 'tokens': 390513}
usage.json -> {'cpu_h_scheduler': 0.0, 'queued_jobs': 0, 'tokens': 599553}
usage.json -> {'cpu_h_scheduler': 0.0, 'queued_jobs': 0, 'tokens': 938838}
usage.json -> {'cpu_h_scheduler': 0.0, 'queued_jobs': 0, 'tokens': 731154}
usage.json -> {'cpu_h_scheduler': 0.0, 'queued_jobs': 0, 'tokens': 1045073}
usage.json -> {'cpu_h_scheduler': 35.427, 'queued_jobs': 10, 'tokens': 600704}
  --- replicate escalations ---
  [escalate] rep01: 0 new escalation(s)
  [escalate] rep02: 0 new escalation(s)
  [escalate] rep03: 0 new escalation(s)
  [escalate] rep04: 0 new escalation(s)
  [escalate] rep05: 0 new escalation(s)
  [escalate] rep06: 0 new escalation(s)
  [escalate] rep07: 0 new escalation(s)
  [escalate] rep08: 0 new escalation(s)
  [escalate] rep09: 0 new escalation(s)
  [escalate] rep10: 0 new escalation(s)
  [escalate] rep11: 0 new escalation(s)
  [escalate] rep12: 0 new escalation(s)
  [escalate] rep13: 0 new escalation(s)
  [escalate] rep15: 0 new escalation(s)
  [escalate] rep16: 0 new escalation(s)
  [escalate] rep17: 0 new escalation(s)
  [rep01 usage] {"cpu_h_scheduler": 466.102, "queued_jobs": 4, "tokens": 868491}  [rep02 usage] {"cpu_h_scheduler": 0.0, "queued_jobs": 0, "tokens": 1103536}  [rep03 usage] {"cpu_h_scheduler": 0.0, "queued_jobs": 0, "tokens": 503912}  [rep04 usage] {"cpu_h_scheduler": 17.61, "queued_jobs": 0, "tokens": 725532}  [rep05 usage] {"cpu_h_scheduler": 0.0, "queued_jobs": 0, "tokens": 1121279}  [rep06 usage] {"cpu_h_scheduler": 0.325, "queued_jobs": 1, "tokens": 4277733}  [rep07 usage] {"cpu_h_scheduler": 0.0, "queued_jobs": 0, "tokens": 1575474}  [rep08 usage] {"cpu_h_scheduler": 0.0, "queued_jobs": 0, "tokens": 897294}  [rep09 usage] {"cpu_h_scheduler": 35.655, "queued_jobs": 7, "tokens": 865549}  [rep10 usage] {"cpu_h_scheduler": 0.0, "queued_jobs": 0, "tokens": 487047}  [rep11 usage] {"cpu_h_scheduler": 0.0, "queued_jobs": 0, "tokens": 390513}  [rep12 usage] {"cpu_h_scheduler": 0.0, "queued_jobs": 0, "tokens": 599553}  [rep13 usage] {"cpu_h_scheduler": 0.0, "queued_jobs": 0, "tokens": 938838}  [rep15 usage] {"cpu_h_scheduler": 0.0, "queued_jobs": 0, "tokens": 731154}  [rep16 usage] {"cpu_h_scheduler": 0.0, "queued_jobs": 0, "tokens": 1045073}  [rep17 usage] {"cpu_h_scheduler": 35.427, "queued_jobs": 10, "tokens": 600704}  --- watchdog (charter section 4: budgets, liveness) ---
  [watchdog] rep01  T-160.1h  liveness=alive  poll=30min bound=+6.0CPU-h (0.37%)
      compute      0.0 / 1610  (0.0%)  UNACCOUNTED
                   4 jobs running, ~466.1 CPU-h unaccounted; displayed total ~466.102 CPU-h (stop evaluates on finished-job CPU-h (validated))
      tokens       868491 / 32000000  (2.7%)  OK
      spend_usd    45.0032 / 280.0  (16.1%)  OK
      isolation    NOT AUDITED HERE (remote bridge; see audit_transcript.py)
  [watchdog] rep02  T-165.5h  liveness=alive  poll=30min bound=+6.0CPU-h (0.37%)
      compute      0.0 / 1610  (0.0%)  UNACCOUNTED
                   0 jobs running, ~0.0 CPU-h unaccounted; displayed total ~0.0 CPU-h (stop evaluates on finished-job CPU-h (validated))
      tokens       1103536 / 32000000  (3.5%)  OK
      spend_usd    20.7542 / 280.0  (7.4%)  OK
      isolation    NOT AUDITED HERE (remote bridge; see audit_transcript.py)
  [watchdog] rep03  T-165.5h  liveness=alive  poll=30min bound=+6.0CPU-h (0.37%)
      compute      0.0 / 1610  (0.0%)  UNACCOUNTED
                   0 jobs running, ~0.0 CPU-h unaccounted; displayed total ~0.0 CPU-h (stop evaluates on finished-job CPU-h (validated))
      tokens       503912 / 32000000  (1.6%)  OK
      spend_usd    14.4155 / 280.0  (5.1%)  OK
      isolation    NOT AUDITED HERE (remote bridge; see audit_transcript.py)
  [watchdog] rep04  T-165.5h  liveness=alive  poll=30min bound=+6.0CPU-h (0.37%)
      compute      0.0 / 1610  (0.0%)  UNACCOUNTED
                   0 jobs running, ~17.6 CPU-h unaccounted; displayed total ~17.61 CPU-h (stop evaluates on finished-job CPU-h (validated))
      tokens       725532 / 32000000  (2.3%)  OK
      spend_usd    16.7155 / 280.0  (6.0%)  OK
      isolation    NOT AUDITED HERE (remote bridge; see audit_transcript.py)
  [watchdog] rep05  T-165.5h  liveness=alive  poll=30min bound=+6.0CPU-h (0.37%)
      compute      0.0 / 1610  (0.0%)  UNACCOUNTED
                   0 jobs running, ~0.0 CPU-h unaccounted; displayed total ~0.0 CPU-h (stop evaluates on finished-job CPU-h (validated))
      tokens       1121279 / 32000000  (3.5%)  OK
      spend_usd    24.1663 / 280.0  (8.6%)  OK
      isolation    NOT AUDITED HERE (remote bridge; see audit_transcript.py)
  [watchdog] rep06  T-165.5h  liveness=stale  poll=30min bound=+6.0CPU-h (0.37%)
      compute      0.0 / 1610  (0.0%)  UNACCOUNTED
                   1 jobs running, ~0.3 CPU-h unaccounted; displayed total ~0.325 CPU-h (stop evaluates on finished-job CPU-h (validated))
      tokens       4277733 / 32000000  (13.4%)  OK
      spend_usd    99.0334 / 280.0  (35.4%)  OK
      isolation    NOT AUDITED HERE (remote bridge; see audit_transcript.py)
  [watchdog] rep06: notice delivered to the cluster inbox
  [watchdog] rep07  T-165.5h  liveness=alive  poll=30min bound=+6.0CPU-h (0.37%)
      compute      0.0 / 1610  (0.0%)  UNACCOUNTED
                   0 jobs running, ~0.0 CPU-h unaccounted; displayed total ~0.0 CPU-h (stop evaluates on finished-job CPU-h (validated))
      tokens       1575474 / 32000000  (4.9%)  OK
      spend_usd    32.1026 / 280.0  (11.5%)  OK
      isolation    NOT AUDITED HERE (remote bridge; see audit_transcript.py)
  [watchdog] rep08  T-165.5h  liveness=alive  poll=30min bound=+6.0CPU-h (0.37%)
      compute      0.0 / 1610  (0.0%)  UNACCOUNTED
                   0 jobs running, ~0.0 CPU-h unaccounted; displayed total ~0.0 CPU-h (stop evaluates on finished-job CPU-h (validated))
      tokens       897294 / 32000000  (2.8%)  OK
      spend_usd    21.1565 / 280.0  (7.6%)  OK
      isolation    NOT AUDITED HERE (remote bridge; see audit_transcript.py)
  [watchdog] rep09  T-165.5h  liveness=alive  poll=30min bound=+6.0CPU-h (0.37%)
      compute      0.0 / 1610  (0.0%)  UNACCOUNTED
                   7 jobs running, ~35.7 CPU-h unaccounted; displayed total ~35.655 CPU-h (stop evaluates on finished-job CPU-h (validated))
      tokens       865549 / 32000000  (2.7%)  OK
      spend_usd    20.878 / 280.0  (7.5%)  OK
      isolation    NOT AUDITED HERE (remote bridge; see audit_transcript.py)
  [watchdog] rep10  T-166.6h  liveness=alive  poll=30min bound=+6.0CPU-h (0.37%)
      compute      0.0 / 1610  (0.0%)  UNACCOUNTED
                   0 jobs running, ~0.0 CPU-h unaccounted; displayed total ~0.0 CPU-h (stop evaluates on finished-job CPU-h (validated))
      tokens       487047 / 32000000  (1.5%)  OK
      spend_usd    17.2565 / 280.0  (6.2%)  OK
      isolation    NOT AUDITED HERE (remote bridge; see audit_transcript.py)
  [watchdog] rep11  T-166.5h  liveness=alive  poll=30min bound=+6.0CPU-h (0.37%)
      compute      0.0 / 1610  (0.0%)  UNACCOUNTED
                   0 jobs running, ~0.0 CPU-h unaccounted; displayed total ~0.0 CPU-h (stop evaluates on finished-job CPU-h (validated))
      tokens       390513 / 32000000  (1.2%)  OK
      spend_usd    10.6556 / 280.0  (3.8%)  OK
      isolation    NOT AUDITED HERE (remote bridge; see audit_transcript.py)
  [watchdog] rep12  T-166.5h  liveness=alive  poll=30min bound=+6.0CPU-h (0.37%)
      compute      0.0 / 1610  (0.0%)  UNACCOUNTED
                   0 jobs running, ~0.0 CPU-h unaccounted; displayed total ~0.0 CPU-h (stop evaluates on finished-job CPU-h (validated))
      tokens       599553 / 32000000  (1.9%)  OK
      spend_usd    17.2559 / 280.0  (6.2%)  OK
      isolation    NOT AUDITED HERE (remote bridge; see audit_transcript.py)
  [watchdog] rep13  T-166.6h  liveness=alive  poll=30min bound=+6.0CPU-h (0.37%)
      compute      0.0 / 1610  (0.0%)  UNACCOUNTED
                   0 jobs running, ~0.0 CPU-h unaccounted; displayed total ~0.0 CPU-h (stop evaluates on finished-job CPU-h (validated))
      tokens       938838 / 32000000  (2.9%)  OK
      spend_usd    22.6551 / 280.0  (8.1%)  OK
      isolation    NOT AUDITED HERE (remote bridge; see audit_transcript.py)
  [watchdog] rep15  T-166.6h  liveness=alive  poll=30min bound=+6.0CPU-h (0.37%)
      compute      0.0 / 1610  (0.0%)  UNACCOUNTED
                   0 jobs running, ~0.0 CPU-h unaccounted; displayed total ~0.0 CPU-h (stop evaluates on finished-job CPU-h (validated))
      tokens       731154 / 32000000  (2.3%)  OK
      spend_usd    19.8495 / 280.0  (7.1%)  OK
      isolation    NOT AUDITED HERE (remote bridge; see audit_transcript.py)
  [watchdog] rep16  T-166.6h  liveness=alive  poll=30min bound=+6.0CPU-h (0.37%)
      compute      0.0 / 1610  (0.0%)  UNACCOUNTED
                   0 jobs running, ~0.0 CPU-h unaccounted; displayed total ~0.0 CPU-h (stop evaluates on finished-job CPU-h (validated))
      tokens       1045073 / 32000000  (3.3%)  OK
      spend_usd    25.0803 / 280.0  (9.0%)  OK
      isolation    NOT AUDITED HERE (remote bridge; see audit_transcript.py)
  [watchdog] rep17  T-166.6h  liveness=alive  poll=30min bound=+6.0CPU-h (0.37%)
      compute      0.0 / 1610  (0.0%)  UNACCOUNTED
                   10 jobs running, ~35.4 CPU-h unaccounted; displayed total ~35.427 CPU-h (stop evaluates on finished-job CPU-h (validated))
      tokens       600704 / 32000000  (1.9%)  OK
      spend_usd    13.4186 / 280.0  (4.8%)  OK
      isolation    NOT AUDITED HERE (remote bridge; see audit_transcript.py)
  --- transcript audit (charter section 4) ---
  [audit] rep01: 226 tool calls, 1 finding(s)
      2026-08-29T05:36:56  SUPER   the supervisor's cluster home
          Bash: ssh dirac-bei 'find /home/users/Bei/RASPA -maxdepth 8 -newermt "-3 hours" 2>/dev/null | head -20; echo "--- tree ---"; find /home/users/Bei/
  [audit] rep02: 96 tool calls, 0 finding(s)
  [audit] rep03: 81 tool calls, 1 finding(s)
      2026-08-29T10:42:26  WSROOT  the shared workspace root
          Bash: ssh dirac-bei 'echo "--- find qas ---"; ls -la /usr/local/bin/ 2>/dev/null | head -30; find /home1/users/Bei -maxdepth 2 -name "qas*" 2>/dev
  [audit] rep04: 95 tool calls, 23 finding(s)
      2026-08-29T10:44:34  REPO    the study repository
          Write: /Users/jihankim/replicate-study/harness/sessions/rep04/stage/scan_db.py #!/usr/bin/env python3
  """Single pass over db/*.cif -> compact manif
      2026-08-29T10:44:39  REPO    the study repository
          Bash: cd /Users/jihankim/replicate-study/harness/sessions/rep04/stage && scp -q scan_db.py dirac-bei:/home1/users/Bei/ws/rep04/ && ssh dirac-bei '
      2026-08-29T10:45:39  REPO    the study repository
          Write: /Users/jihankim/replicate-study/harness/sessions/rep04/stage/prep_cif.py #!/usr/bin/env python3
  """Rewrite a db CIF into a RASPA-readable P1
      2026-08-29T10:47:18  REPO    the study repository
          Write: /Users/jihankim/replicate-study/harness/sessions/rep04/stage/run_case.sh #!/bin/bash
  # run_case.sh <sid> <pressure_Pa> <ninit> <nprod> <tag>
      2026-08-29T10:47:31  REPO    the study repository
          Write: /Users/jihankim/replicate-study/harness/sessions/rep04/stage/parse_out.py #!/usr/bin/env python3
  """Extract the numbers we need from a RASPA
      2026-08-29T10:48:03  REPO    the study repository
          Write: /Users/jihankim/replicate-study/harness/sessions/rep04/stage/mkjob.py #!/usr/bin/env python3
  """Emit a PBS script that runs a task list unde
      2026-08-29T10:50:43  REPO    the study repository
          Write: /Users/jihankim/replicate-study/harness/sessions/rep04/stage/descriptors.py #!/usr/bin/env python3
  """Cheap per-structure descriptors by Wid
      2026-08-29T10:52:22  REPO    the study repository
          Write: /Users/jihankim/replicate-study/harness/sessions/rep04/stage/mkjob.py #!/usr/bin/env python3
  """Emit a PBS script that runs a task list unde
      2026-08-29T10:52:57  REPO    the study repository
          Write: /Users/jihankim/replicate-study/harness/sessions/rep04/stage/STATE.md # STATE — current tasks and beliefs
  *(working memory; sufficient on it
      2026-08-29T10:53:28  REPO    the study repository
          Write: /Users/jihankim/replicate-study/harness/sessions/rep04/stage/LOG.md # LOG — append-only narrative
  
  ## 2026-08-29 19:41 KST — launch
  Read CHA
      2026-08-29T10:53:49  REPO    the study repository
          Write: /Users/jihankim/replicate-study/harness/sessions/rep04/stage/status.sh #!/bin/bash
  # One-line-per-fact campaign status.  Never dumps raw out
      2026-08-29T10:53:58  REPO    the study repository
          Write: /Users/jihankim/replicate-study/harness/sessions/rep04/stage/cpuh.py #!/usr/bin/env python3
  """Meter compute two ways and print one line.
  
  b
      2026-08-29T10:56:04  REPO    the study repository
          Write: /Users/jihankim/replicate-study/harness/sessions/rep04/stage/run_case.sh #!/bin/bash
  # run_case.sh <sid> <pressure_Pa> <ninit> <nprod> <tag>
      2026-08-29T10:56:15  REPO    the study repository
          Bash: cd /Users/jihankim/replicate-study/harness/sessions/rep04/stage && scp -q run_case.sh dirac-bei:/home1/users/Bei/ws/rep04/bin/ && ssh dirac-
      2026-08-29T10:57:13  REPO    the study repository
          Write: /Users/jihankim/replicate-study/harness/sessions/rep04/stage/log_append_1.md 
  ## 2026-08-29 19:56 — first error, found and corrected on the 
      2026-08-29T10:57:42  REPO    the study repository
          Write: /Users/jihankim/replicate-study/harness/sessions/rep04/stage/digest_bench.py #!/usr/bin/env python3
  """Compact digest of the cost-model benc
      2026-08-29T10:58:56  REPO    the study repository
          Write: /Users/jihankim/replicate-study/harness/sessions/rep04/stage/rank.py #!/usr/bin/env python3
  """Merge the descriptor sweep with the structure
      2026-08-29T10:59:00  REPO    the study repository
          Bash: cd /Users/jihankim/replicate-study/harness/sessions/rep04/stage && scp -q rank.py dirac-bei:/home1/users/Bei/ws/rep04/bin/ && ssh dirac-bei 
      2026-08-29T11:08:36  REPO    the study repository
          Write: /Users/jihankim/replicate-study/harness/sessions/rep04/stage/chain1.sh #!/bin/bash
  # chain1.sh — runs detached on the login node.
  # Waits fo
      2026-08-29T11:11:14  REPO    the study repository
          Write: /Users/jihankim/replicate-study/harness/sessions/rep04/stage/STATE.md # STATE — current tasks and beliefs
  *(working memory; sufficient on it
      2026-08-29T11:20:28  REPO    the study repository
          Write: /Users/jihankim/replicate-study/harness/sessions/rep04/stage/fit.py #!/usr/bin/env python3
  """Calibrate and, more importantly, *test* the sc
      2026-08-29T12:18:04  REPO    the study repository
          Write: /Users/jihankim/replicate-study/harness/sessions/rep04/stage/log_append_2.md 
  ## 2026-08-29 21:12 — descriptor sweep complete, all 12,499 st
      2026-08-29T13:09:07  REPO    the study repository
          Write: /Users/jihankim/replicate-study/harness/sessions/rep04/stage/log_append_3.md 
  ## 2026-08-29 21:30-22:20 — cost model and grid validation, ta
  [audit] rep05: 109 tool calls, 0 finding(s)
  [audit] rep06: 313 tool calls, 0 finding(s)
  [audit] rep07: 125 tool calls, 0 finding(s)
  [audit] rep08: 107 tool calls, 0 finding(s)
  [audit] rep09: 105 tool calls, 20 finding(s)
      2026-08-29T10:50:31  REPO    the study repository
          Write: /Users/jihankim/replicate-study/harness/sessions/rep09/_stage/LOG_append_1.md 
  ## 2026-08-29 (launch +0h) — setup and toolchain verification
      2026-08-29T10:50:37  REPO    the study repository
          Bash: cd /Users/jihankim/replicate-study/harness/sessions/rep09/_stage && scp -q LOG_append_1.md dirac-bei:/home1/users/Bei/ws/rep09/scratch/ && s
      2026-08-29T10:52:32  REPO    the study repository
          Write: /Users/jihankim/replicate-study/harness/sessions/rep09/_stage/geom.py """Geometric pore descriptors on a fractional grid, one structure at a
      2026-08-29T10:58:57  REPO    the study repository
          Write: /Users/jihankim/replicate-study/harness/sessions/rep09/_stage/mkjobs.py """Build interleaved task chunks and PBS scripts for a GCMC wave.
  
  U
      2026-08-29T11:00:06  REPO    the study repository
          Write: /Users/jihankim/replicate-study/harness/sessions/rep09/_stage/status.sh #!/bin/bash
  # One-line-per-topic campaign status. Never dumps raw ou
      2026-08-29T11:00:30  REPO    the study repository
          Write: /Users/jihankim/replicate-study/harness/sessions/rep09/_stage/STATE.md # STATE — current beliefs and open tasks
  
  *(Self-sufficient: this fil
      2026-08-29T11:00:53  REPO    the study repository
          Write: /Users/jihankim/replicate-study/harness/sessions/rep09/_stage/LOG_append_2.md 
  ## 2026-08-29 (launch +1.5h) — the screening proxy failed its
      2026-08-29T11:03:29  REPO    the study repository
          Write: /Users/jihankim/replicate-study/harness/sessions/rep09/_stage/aggregate.py """Fold a wave's per-job CSVs into one compact table and print a 
      2026-08-29T11:06:43  REPO    the study repository
          Write: /Users/jihankim/replicate-study/harness/sessions/rep09/_stage/LOG_append_3.md 
  ## 2026-08-29 20:15 (launch +0.6h) — queue contention, screen
      2026-08-29T11:07:20  REPO    the study repository
          Write: /Users/jihankim/replicate-study/harness/sessions/rep09/_stage/STATE.md # STATE — current beliefs and open tasks
  
  *(Self-sufficient: this fil
      2026-08-29T11:07:33  REPO    the study repository
          Bash: cd /Users/jihankim/replicate-study/harness/sessions/rep09/_stage && scp -q LOG_append_3.md STATE.md dirac-bei:/home1/users/Bei/ws/rep09/scra
      2026-08-29T11:08:41  REPO    the study repository
          Write: /Users/jihankim/replicate-study/harness/sessions/rep09/_stage/autopilot.sh #!/bin/bash
  # Keeps the Tier-1 screen alive without a live sessio
      2026-08-29T11:08:47  REPO    the study repository
          Write: /Users/jihankim/replicate-study/harness/sessions/rep09/_stage/remaining.py """Print how many points of jobs/<wave>_<k>.tasks are not yet rec
      2026-08-29T11:08:51  REPO    the study repository
          Bash: cd /Users/jihankim/replicate-study/harness/sessions/rep09/_stage && scp -q autopilot.sh remaining.py dirac-bei:/home1/users/Bei/ws/rep09/bin
      2026-08-29T11:37:38  REPO    the study repository
          Write: /Users/jihankim/replicate-study/harness/sessions/rep09/_stage/rank.py """Add framework density to the manifest and reorder the s1 task files
      2026-08-29T11:38:18  REPO    the study repository
          Write: /Users/jihankim/replicate-study/harness/sessions/rep09/_stage/LOG_append_5.md 
  ## 2026-08-29 20:40 (launch +1.0h) — screen calibrated agains
      2026-08-29T11:48:02  REPO    the study repository
          Write: /Users/jihankim/replicate-study/harness/sessions/rep09/_stage/autopilot.sh #!/bin/bash
  # Keeps a wave alive without a live session.
  #
  # Bug 
      2026-08-29T11:53:32  REPO    the study repository
          Write: /Users/jihankim/replicate-study/harness/sessions/rep09/_stage/census.sh #!/bin/bash
  # Every live rep09 job, one full name per line: queued i
      2026-08-29T11:53:41  REPO    the study repository
          Write: /Users/jihankim/replicate-study/harness/sessions/rep09/_stage/autopilot.sh #!/bin/bash
  # Keeps a wave alive without a live session.
  #
  # Bug 
      2026-08-29T12:25:06  REPO    the study repository
          Write: /Users/jihankim/replicate-study/harness/sessions/rep09/_stage/STATE.md # STATE — current beliefs and open tasks
  
  *(Self-sufficient: this fil
  [audit] rep10: 113 tool calls, 0 finding(s)
  [audit] rep11: 65 tool calls, 0 finding(s)
  [audit] rep12: 111 tool calls, 31 finding(s)
      2026-08-29T11:42:46  SUPER   the supervisor's cluster home
          Bash: ssh dirac-bei 'ls -la /home/users/Bei/ 2>/dev/null | head -30; echo "--- find qas ---"; find /home/users/Bei /home1/users/Bei -maxdepth 3 -n
      2026-08-29T11:42:50  SUPER   the supervisor's cluster home
          Bash: ssh dirac-bei 'ls /home/users/Bei/bei /home/users/Bei/.local /home/users/Bei/.local/* 2>/dev/null | head -40; echo "=== scripts ==="; ls /ho
      2026-08-29T11:42:54  SUPER   the supervisor's cluster home
          Bash: ssh dirac-bei 'find /home/users/Bei/bei -maxdepth 3 2>/dev/null | head -40' Explore bei cluster dir
      2026-08-29T11:43:00  SUPER   the supervisor's cluster home
          Bash: ssh dirac-bei 'cat /home/users/Bei/bei/cluster/verify-gcmc.pbs; echo "=== SIM INPUT p65 ==="; cat /home/users/Bei/bei/verify/2021_Cu__sql_2_
      2026-08-29T11:45:20  SUPER   the supervisor's cluster home
          Bash: ssh dirac-bei 'cd /home/users/Bei/bei/verify/2021_Cu__sql_2_ASR_6__p65 && head -30 2021_Cu__sql_2_ASR_6.cif && echo "=== OUT ===" && ls Outp
      2026-08-29T11:45:26  SUPER   the supervisor's cluster home
          Bash: ssh dirac-bei 'cd /home/users/Bei/bei/verify/2021_Cu__sql_2_ASR_6__p65 && f=$(ls Output/System_0/output_*.data|head -1) && sed -n "520,560p"
      2026-08-29T11:45:41  SUPER   the supervisor's cluster home
          Bash: ssh dirac-bei 'cd /home/users/Bei/bei/verify/2021_Cu__sql_2_ASR_6__p65 && f=$(ls Output/System_0/output_*.data|head -1) && grep -E "^ +(Cu|C
      2026-08-29T11:47:10  SUPER   the supervisor's cluster home
          Bash: ssh dirac-bei 'cd /home1/users/Bei/ws/rep12 && mkdir -p bin desc tables pbs runs logs && git init -q 2>/dev/null; git config user.name "rep1
      2026-08-29T11:48:01  REPO    the study repository
          Bash: mkdir -p /Users/jihankim/replicate-study/harness/sessions/rep12/stage/bin && echo ok Create local staging dir
      2026-08-29T11:48:37  REPO    the study repository
          Write: /Users/jihankim/replicate-study/harness/sessions/rep12/stage/bin/mofcore.py """Core CIF parsing + UFF/TraPPE descriptor engine (rep12).
  
  For
      2026-08-29T11:49:16  REPO    the study repository
          Write: /Users/jihankim/replicate-study/harness/sessions/rep12/stage/bin/descsweep.py """Descriptor sweep over a shard of the database.
  
  usage: desc
      2026-08-29T11:49:23  REPO    the study repository
          Bash: cd /Users/jihankim/replicate-study/harness/sessions/rep12/stage && scp -q bin/mofcore.py bin/descsweep.py dirac-bei:/home1/users/Bei/ws/rep1
      2026-08-29T11:50:32  REPO    the study repository
          Write: /Users/jihankim/replicate-study/harness/sessions/rep12/stage/bin/mkinput.py """Build a RASPA GCMC job directory for one (structure, pressure
      2026-08-29T11:50:46  REPO    the study repository
          Write: /Users/jihankim/replicate-study/harness/sessions/rep12/stage/bin/runbatch.sh #!/bin/bash
  # Run a shard of a GCMC task list.  One RASPA proce
      2026-08-29T11:50:58  REPO    the study repository
          Write: /Users/jihankim/replicate-study/harness/sessions/rep12/stage/bin/extract.py """Pull the reported quantities out of one RASPA output file int
      2026-08-29T11:51:18  REPO    the study repository
          Write: /Users/jihankim/replicate-study/harness/sessions/rep12/stage/bin/submit.py """Split a task list into N PBS jobs and submit them with qas.
  
  u
      2026-08-29T11:51:29  REPO    the study repository
          Write: /Users/jihankim/replicate-study/harness/sessions/rep12/stage/bin/subdesc.py """Submit the whole-database descriptor sweep as njobs x ppn pyt
      2026-08-29T11:52:33  REPO    the study repository
          Write: /Users/jihankim/replicate-study/harness/sessions/rep12/stage/STATE.md # STATE — rep12 working memory
  
  *Updated: 2026-08-29 21:00 KST*
  
  ## Fi
      2026-08-29T11:53:05  REPO    the study repository
          Write: /Users/jihankim/replicate-study/harness/sessions/rep12/stage/LOG.md # LOG — append-only narrative
  
  ## 2026-08-29 20:42 KST — launch
  
  Read CH
      2026-08-29T11:55:48  REPO    the study repository
          Write: /Users/jihankim/replicate-study/harness/sessions/rep12/stage/bin/elemcheck.py """G4(b)(i) mechanical check: does RASPA's auto-created pseudo
      2026-08-29T11:57:19  REPO    the study repository
          Write: /Users/jihankim/replicate-study/harness/sessions/rep12/stage/bin/subdesc.py """Submit part of the whole-database descriptor sweep.
  
  usage: s
      2026-08-29T11:57:54  REPO    the study repository
          Write: /Users/jihankim/replicate-study/harness/sessions/rep12/stage/bin/status.sh #!/bin/bash
  # One-line-per-item campaign status.  Charter s4: nev
      2026-08-29T11:58:23  REPO    the study repository
          Write: /Users/jihankim/replicate-study/harness/sessions/rep12/stage/bin/rank.py """Merge descriptor shards, apply the G3 pre-simulation screen, and
      2026-08-29T11:59:35  REPO    the study repository
          Write: /Users/jihankim/replicate-study/harness/sessions/rep12/stage/bin/audit.py """Append gate events to AUDIT.jsonl in the schema of AUDIT_SCHEMA
      2026-08-29T11:59:48  REPO    the study repository
          Write: /Users/jihankim/replicate-study/harness/sessions/rep12/stage/bin/charges.py """Charge-balance leg of gate G3, over the whole database.
  
  Ever
      2026-08-29T12:03:55  REPO    the study repository
          Write: /Users/jihankim/replicate-study/harness/sessions/rep12/stage/bin/collect.py """Collapse per-worker GCMC result CSVs into one structure-level
      2026-08-29T12:04:21  REPO    the study repository
          Write: /Users/jihankim/replicate-study/harness/sessions/rep12/stage/bin/wave.py """Choose the next GCMC wave and write its task list.
  
  Selection ha
      2026-08-29T12:05:41  REPO    the study repository
          Write: /Users/jihankim/replicate-study/harness/sessions/rep12/stage/STATE.md # STATE — rep12 working memory
  
  *Updated: 2026-08-29 22:30 KST*
  
  ## Fi
      2026-08-29T12:06:03  SUPER   the supervisor's cluster home
          Bash: cat > /tmp/log2.md <<'EOF'
  
  ## 2026-08-29 22:00 — the cluster is saturated, and how the scheduler decides
  
  An hour after submission not one 
      2026-08-29T12:18:19  REPO    the study repository
          Write: /Users/jihankim/replicate-study/harness/sessions/rep12/stage/bin/claim.py """Emit claim-grade (10,000 + 50,000) and G6-reproduction task lis
      2026-08-29T12:40:05  REPO    the study repository
          Bash: scp -q /Users/jihankim/replicate-study/harness/sessions/rep12/stage/STATE.md dirac-bei:/home1/users/Bei/ws/rep12/ 2>/dev/null; cat > /tmp/lo
  [audit] rep13: 125 tool calls, 0 finding(s)
  [audit] rep15: 122 tool calls, 0 finding(s)
  [audit] rep16: 127 tool calls, 1 finding(s)
      2026-08-29T11:43:20  WSROOT  the shared workspace root
          Bash: ssh dirac-bei 'ls /home1/users/Bei/ws/ ; ls /home1/users/Bei/ ; find /home1/users/Bei -maxdepth 2 -name "qas*" 2>/dev/null; ls /home1/users/
  [audit] rep17: 76 tool calls, 0 finding(s)
    rep01: session=up transcript_age=0.6min (deciding) heartbeat_age=1min (reported only) restarts=0/3
    rep02: session=up transcript_age=0.5min (deciding) heartbeat_age=5min (reported only) restarts=0/3
    rep03: session=up transcript_age=0.5min (deciding) heartbeat_age=5min (reported only) restarts=0/3
    rep04: session=up transcript_age=0.0min (deciding) heartbeat_age=1min (reported only) restarts=0/3
    rep05: session=up transcript_age=0.5min (deciding) heartbeat_age=0min (reported only) restarts=0/3
    rep06: session=DOWN transcript_age=32.5min (deciding) heartbeat_age=33min (reported only) restarts=0/3
       restarting (#1)
    rep07: session=up transcript_age=0.8min (deciding) heartbeat_age=4min (reported only) restarts=0/3
    rep08: session=up transcript_age=0.0min (deciding) heartbeat_age=0min (reported only) restarts=0/3
    rep09: session=up transcript_age=0.8min (deciding) heartbeat_age=5min (reported only) restarts=0/3
    rep10: session=up transcript_age=0.7min (deciding) heartbeat_age=5min (reported only) restarts=0/3
    rep11: session=up transcript_age=0.7min (deciding) heartbeat_age=3min (reported only) restarts=0/3
    rep12: session=up transcript_age=0.0min (deciding) heartbeat_age=9min (reported only) restarts=0/3
    rep13: session=up transcript_age=0.0min (deciding) heartbeat_age=9min (reported only) restarts=0/3
    rep15: session=up transcript_age=0.6min (deciding) heartbeat_age=1min (reported only) restarts=0/3
    rep16: session=up transcript_age=0.6min (deciding) heartbeat_age=1min (reported only) restarts=0/3
    rep17: session=up transcript_age=0.0min (deciding) heartbeat_age=9min (reported only) restarts=0/3
  --- escalations ---
  [escalate] 17 awaiting a human answer (cadence: 09:00, 21:00 KST)
      s01   infra     waiting  28.39 h  job exited 0 with no output
      rep01 charter   waiting   6.93 h  Appendix A G3 note says the least dense entry in this da
      rep01 charter   waiting   6.93 h  G3 requires a He void fraction for every structure enter
      rep01 infra     waiting   6.93 h  SimulationType MakeGrid in the provided RASPA 2.0.37 bui
  --- shared-queue depth (crowding covariate, Flag I) ---
  [queue-depth] 2026-08-29 22:10 KST  queue R=195 Q=2 across 4 users | study R=20 Q=2 (10.3% of running) | others waiting=0
  --- mechanical divergence panel ---
  [divergence] STATUS.md panel refreshed  -- not collected this cycle: s01 (None), s02 (None)
=========== poll 2026-08-29T13:40:03Z ===========
[harvest] rep01: nothing newly finished (4 tracked)
[meter-compute] rep01: cpu_h_scheduler=499.944 queued_jobs=4 (running=422.583h finished=77.361h)
[harvest] rep02: nothing newly finished (0 tracked)
[meter-compute] rep02: cpu_h_scheduler=0.0 queued_jobs=0 (running=0.000h finished=0.000h)
[harvest] rep03: nothing newly finished (0 tracked)
[meter-compute] rep03: cpu_h_scheduler=0.0 queued_jobs=0 (running=0.000h finished=0.000h)
[harvest] rep04: nothing newly finished (0 tracked)
[meter-compute] rep04: cpu_h_scheduler=17.61 queued_jobs=0 (running=0.000h finished=17.610h)
[harvest] rep05: nothing newly finished (0 tracked)
[meter-compute] rep05: cpu_h_scheduler=0.0 queued_jobs=0 (running=0.000h finished=0.000h)
[harvest] rep06: nothing newly finished (1 tracked)
[meter-compute] rep06: cpu_h_scheduler=1.349 queued_jobs=1 (running=1.349h finished=0.000h)
[harvest] rep07: nothing newly finished (0 tracked)
[meter-compute] rep07: cpu_h_scheduler=0.0 queued_jobs=0 (running=0.000h finished=0.000h)
[harvest] rep08: nothing newly finished (0 tracked)
[meter-compute] rep08: cpu_h_scheduler=0.0 queued_jobs=0 (running=0.000h finished=0.000h)
[harvest] rep09: nothing newly finished (8 tracked)
[meter-compute] rep09: cpu_h_scheduler=59.906 queued_jobs=8 (running=59.906h finished=0.000h)
[harvest] rep10: nothing newly finished (0 tracked)
[meter-compute] rep10: cpu_h_scheduler=0.0 queued_jobs=0 (running=0.000h finished=0.000h)
[harvest] rep11: nothing newly finished (0 tracked)
[meter-compute] rep11: cpu_h_scheduler=0.0 queued_jobs=0 (running=0.000h finished=0.000h)
[harvest] rep12: nothing newly finished (0 tracked)
[meter-compute] rep12: cpu_h_scheduler=0.0 queued_jobs=0 (running=0.000h finished=0.000h)
[harvest] rep13: nothing newly finished (0 tracked)
[meter-compute] rep13: cpu_h_scheduler=0.0 queued_jobs=0 (running=0.000h finished=0.000h)
[harvest] rep15: nothing newly finished (0 tracked)
[meter-compute] rep15: cpu_h_scheduler=0.0 queued_jobs=0 (running=0.000h finished=0.000h)
[harvest] rep16: nothing newly finished (0 tracked)
[meter-compute] rep16: cpu_h_scheduler=0.0 queued_jobs=0 (running=0.000h finished=0.000h)
[harvest] rep17: 9 job(s) left the queue, 5.303 CPU-h banked
[meter-compute] rep17: cpu_h_scheduler=37.227 queued_jobs=10 (running=8.703h finished=28.524h)
[harvest] s01: nothing newly finished (0 tracked)
  [harvest] s01 unreachable
  [meter-compute] s01 unreachable
[harvest] s02: nothing newly finished (0 tracked)
  [harvest] s02 unreachable
  [meter-compute] s02 unreachable
usage.json -> {'cpu_h_scheduler': 499.944, 'queued_jobs': 4, 'tokens': 894530}
usage.json -> {'cpu_h_scheduler': 0.0, 'queued_jobs': 0, 'tokens': 1116096}
usage.json -> {'cpu_h_scheduler': 0.0, 'queued_jobs': 0, 'tokens': 545030}
usage.json -> {'cpu_h_scheduler': 17.61, 'queued_jobs': 0, 'tokens': 762521}
usage.json -> {'cpu_h_scheduler': 0.0, 'queued_jobs': 0, 'tokens': 1155463}
usage.json -> {'cpu_h_scheduler': 1.349, 'queued_jobs': 1, 'tokens': 4277733}
usage.json -> {'cpu_h_scheduler': 0.0, 'queued_jobs': 0, 'tokens': 1581692}
usage.json -> {'cpu_h_scheduler': 0.0, 'queued_jobs': 0, 'tokens': 1150720}
usage.json -> {'cpu_h_scheduler': 59.906, 'queued_jobs': 8, 'tokens': 1336961}
usage.json -> {'cpu_h_scheduler': 0.0, 'queued_jobs': 0, 'tokens': 598836}
usage.json -> {'cpu_h_scheduler': 0.0, 'queued_jobs': 0, 'tokens': 406836}
usage.json -> {'cpu_h_scheduler': 0.0, 'queued_jobs': 0, 'tokens': 637308}
usage.json -> {'cpu_h_scheduler': 0.0, 'queued_jobs': 0, 'tokens': 955244}
usage.json -> {'cpu_h_scheduler': 0.0, 'queued_jobs': 0, 'tokens': 1135223}
usage.json -> {'cpu_h_scheduler': 0.0, 'queued_jobs': 0, 'tokens': 1254751}
usage.json -> {'cpu_h_scheduler': 37.227, 'queued_jobs': 10, 'tokens': 640458}
  [meter-tokens] s01: metering failed
  [meter-tokens] s02: metering failed
  --- replicate escalations ---
  [escalate] rep01: 0 new escalation(s)
  [escalate] rep02: 0 new escalation(s)
  [escalate] rep03: 1 new escalation(s)
      infra       -> queued_for_repair  All 15 replicate workspaces submit as UNIX user Bei, so the 
      !! 1 awaiting a human action (repair or PI ruling)
    [escalate] rep03: inbox updated on the cluster
  [escalate] rep04: 1 new escalation(s)
      infra       -> queued_for_repair  mjs per-account core caps are shared by all 16 sibling repli
      !! 1 awaiting a human action (repair or PI ruling)
    [escalate] rep04: inbox updated on the cluster
  [escalate] rep05: 0 new escalation(s)
  [escalate] rep06: 0 new escalation(s)
  [escalate] rep07: 0 new escalation(s)
  [escalate] rep08: 1 new escalation(s)
      infra       -> queued_for_repair  All 16 replicates submit as user Bei and mjs caps cores per 
      !! 1 awaiting a human action (repair or PI ruling)
    [escalate] rep08: inbox updated on the cluster
  [escalate] rep09: 0 new escalation(s)
  [escalate] rep10: 0 new escalation(s)
  [escalate] rep11: 0 new escalation(s)
  [escalate] rep12: 0 new escalation(s)
  [escalate] rep13: 1 new escalation(s)
      infra       -> queued_for_repair  cluster gridlock: 2 h into a 168 h campaign rep13 has had 0 
      !! 1 awaiting a human action (repair or PI ruling)
    [escalate] rep13: inbox updated on the cluster
  [escalate] rep15: 0 new escalation(s)
  [escalate] rep16: 1 new escalation(s)
      charter     -> queued_for_pi      usage.json reports cpu_h_scheduler only, so does login-node 
      !! 1 awaiting a human action (repair or PI ruling)
    [escalate] rep16: inbox updated on the cluster
  [escalate] rep17: 0 new escalation(s)
    [escalate] s01: workspace unreachable
  [escalate] s01: could not read workspace
    [escalate] s02: workspace unreachable
  [escalate] s02: could not read workspace
  [rep01 usage] {"cpu_h_scheduler": 499.944, "queued_jobs": 4, "tokens": 894530}  [rep02 usage] {"cpu_h_scheduler": 0.0, "queued_jobs": 0, "tokens": 1116096}  [rep03 usage] {"cpu_h_scheduler": 0.0, "queued_jobs": 0, "tokens": 545030}  [rep04 usage] {"cpu_h_scheduler": 17.61, "queued_jobs": 0, "tokens": 762521}  [rep05 usage] {"cpu_h_scheduler": 0.0, "queued_jobs": 0, "tokens": 1155463}  [rep06 usage] {"cpu_h_scheduler": 1.349, "queued_jobs": 1, "tokens": 4277733}  [rep07 usage] {"cpu_h_scheduler": 0.0, "queued_jobs": 0, "tokens": 1581692}  [rep08 usage] {"cpu_h_scheduler": 0.0, "queued_jobs": 0, "tokens": 1150720}  [rep09 usage] {"cpu_h_scheduler": 59.906, "queued_jobs": 8, "tokens": 1336961}  [rep10 usage] {"cpu_h_scheduler": 0.0, "queued_jobs": 0, "tokens": 598836}  [rep11 usage] {"cpu_h_scheduler": 0.0, "queued_jobs": 0, "tokens": 406836}  [rep12 usage] {"cpu_h_scheduler": 0.0, "queued_jobs": 0, "tokens": 637308}  [rep13 usage] {"cpu_h_scheduler": 0.0, "queued_jobs": 0, "tokens": 955244}  [rep15 usage] {"cpu_h_scheduler": 0.0, "queued_jobs": 0, "tokens": 1135223}  [rep16 usage] {"cpu_h_scheduler": 0.0, "queued_jobs": 0, "tokens": 1254751}  [rep17 usage] {"cpu_h_scheduler": 37.227, "queued_jobs": 10, "tokens": 640458}  --- watchdog (charter section 4: budgets, liveness) ---
  [watchdog] rep01  T-159.5h  liveness=alive  poll=30min bound=+6.0CPU-h (0.37%)
      compute      0.0 / 1610  (0.0%)  UNACCOUNTED
                   4 jobs running, ~499.9 CPU-h unaccounted; displayed total ~499.944 CPU-h (stop evaluates on finished-job CPU-h (validated))
      tokens       894530 / 32000000  (2.8%)  OK
      spend_usd    47.3328 / 280.0  (16.9%)  OK
      isolation    NOT AUDITED HERE (remote bridge; see audit_transcript.py)
  [watchdog] rep02  T-165.0h  liveness=alive  poll=30min bound=+6.0CPU-h (0.37%)
      compute      0.0 / 1610  (0.0%)  UNACCOUNTED
                   0 jobs running, ~0.0 CPU-h unaccounted; displayed total ~0.0 CPU-h (stop evaluates on finished-job CPU-h (validated))
      tokens       1116096 / 32000000  (3.5%)  OK
      spend_usd    22.0679 / 280.0  (7.9%)  OK
      isolation    NOT AUDITED HERE (remote bridge; see audit_transcript.py)
  [watchdog] rep03  T-165.0h  liveness=alive  poll=30min bound=+6.0CPU-h (0.37%)
      compute      0.0 / 1610  (0.0%)  UNACCOUNTED
                   0 jobs running, ~0.0 CPU-h unaccounted; displayed total ~0.0 CPU-h (stop evaluates on finished-job CPU-h (validated))
      tokens       545030 / 32000000  (1.7%)  OK
      spend_usd    16.359 / 280.0  (5.8%)  OK
      isolation    NOT AUDITED HERE (remote bridge; see audit_transcript.py)
  [watchdog] rep04  T-165.0h  liveness=alive  poll=30min bound=+6.0CPU-h (0.37%)
      compute      0.0 / 1610  (0.0%)  UNACCOUNTED
                   0 jobs running, ~17.6 CPU-h unaccounted; displayed total ~17.61 CPU-h (stop evaluates on finished-job CPU-h (validated))
      tokens       762521 / 32000000  (2.4%)  OK
      spend_usd    18.3091 / 280.0  (6.5%)  OK
      isolation    NOT AUDITED HERE (remote bridge; see audit_transcript.py)
  [watchdog] rep05  T-165.0h  liveness=alive  poll=30min bound=+6.0CPU-h (0.37%)
      compute      0.0 / 1610  (0.0%)  UNACCOUNTED
                   0 jobs running, ~0.0 CPU-h unaccounted; displayed total ~0.0 CPU-h (stop evaluates on finished-job CPU-h (validated))
      tokens       1155463 / 32000000  (3.6%)  OK
      spend_usd    26.3011 / 280.0  (9.4%)  OK
      isolation    NOT AUDITED HERE (remote bridge; see audit_transcript.py)
  [watchdog] rep06  T-165.0h  liveness=stale  poll=30min bound=+6.0CPU-h (0.37%)
      compute      0.0 / 1610  (0.0%)  UNACCOUNTED
                   1 jobs running, ~1.3 CPU-h unaccounted; displayed total ~1.349 CPU-h (stop evaluates on finished-job CPU-h (validated))
      tokens       4277733 / 32000000  (13.4%)  OK
      spend_usd    99.0334 / 280.0  (35.4%)  OK
      isolation    NOT AUDITED HERE (remote bridge; see audit_transcript.py)
  [watchdog] rep06: notice delivered to the cluster inbox
  [watchdog] rep07  T-165.0h  liveness=alive  poll=30min bound=+6.0CPU-h (0.37%)
      compute      0.0 / 1610  (0.0%)  UNACCOUNTED
                   0 jobs running, ~0.0 CPU-h unaccounted; displayed total ~0.0 CPU-h (stop evaluates on finished-job CPU-h (validated))
      tokens       1581692 / 32000000  (4.9%)  OK
      spend_usd    32.77 / 280.0  (11.7%)  OK
      isolation    NOT AUDITED HERE (remote bridge; see audit_transcript.py)
  [watchdog] rep08  T-165.0h  liveness=alive  poll=30min bound=+6.0CPU-h (0.37%)
      compute      0.0 / 1610  (0.0%)  UNACCOUNTED
                   0 jobs running, ~0.0 CPU-h unaccounted; displayed total ~0.0 CPU-h (stop evaluates on finished-job CPU-h (validated))
      tokens       1150720 / 32000000  (3.6%)  OK
      spend_usd    26.3721 / 280.0  (9.4%)  OK
      isolation    NOT AUDITED HERE (remote bridge; see audit_transcript.py)
  [watchdog] rep09  T-165.0h  liveness=alive  poll=30min bound=+6.0CPU-h (0.37%)
      compute      0.0 / 1610  (0.0%)  UNACCOUNTED
                   8 jobs running, ~59.9 CPU-h unaccounted; displayed total ~59.906 CPU-h (stop evaluates on finished-job CPU-h (validated))
      tokens       1336961 / 32000000  (4.2%)  OK
      spend_usd    29.7153 / 280.0  (10.6%)  OK
      isolation    NOT AUDITED HERE (remote bridge; see audit_transcript.py)
  [watchdog] rep10  T-166.0h  liveness=alive  poll=30min bound=+6.0CPU-h (0.37%)
      compute      0.0 / 1610  (0.0%)  UNACCOUNTED
                   0 jobs running, ~0.0 CPU-h unaccounted; displayed total ~0.0 CPU-h (stop evaluates on finished-job CPU-h (validated))
      tokens       598836 / 32000000  (1.9%)  OK
      spend_usd    22.3849 / 280.0  (8.0%)  OK
      isolation    NOT AUDITED HERE (remote bridge; see audit_transcript.py)
  [watchdog] rep11  T-166.0h  liveness=alive  poll=30min bound=+6.0CPU-h (0.37%)
      compute      0.0 / 1610  (0.0%)  UNACCOUNTED
                   0 jobs running, ~0.0 CPU-h unaccounted; displayed total ~0.0 CPU-h (stop evaluates on finished-job CPU-h (validated))
      tokens       406836 / 32000000  (1.3%)  OK
      spend_usd    12.2893 / 280.0  (4.4%)  OK
      isolation    NOT AUDITED HERE (remote bridge; see audit_transcript.py)
  [watchdog] rep12  T-166.0h  liveness=alive  poll=30min bound=+6.0CPU-h (0.37%)
      compute      0.0 / 1610  (0.0%)  UNACCOUNTED
                   0 jobs running, ~0.0 CPU-h unaccounted; displayed total ~0.0 CPU-h (stop evaluates on finished-job CPU-h (validated))
      tokens       637308 / 32000000  (2.0%)  OK
      spend_usd    18.9223 / 280.0  (6.8%)  OK
      isolation    NOT AUDITED HERE (remote bridge; see audit_transcript.py)
  [watchdog] rep13  T-166.0h  liveness=alive  poll=30min bound=+6.0CPU-h (0.37%)
      compute      0.0 / 1610  (0.0%)  UNACCOUNTED
                   0 jobs running, ~0.0 CPU-h unaccounted; displayed total ~0.0 CPU-h (stop evaluates on finished-job CPU-h (validated))
      tokens       955244 / 32000000  (3.0%)  OK
      spend_usd    23.7913 / 280.0  (8.5%)  OK
      isolation    NOT AUDITED HERE (remote bridge; see audit_transcript.py)
  [watchdog] rep15  T-166.0h  liveness=alive  poll=30min bound=+6.0CPU-h (0.37%)
      compute      0.0 / 1610  (0.0%)  UNACCOUNTED
                   0 jobs running, ~0.0 CPU-h unaccounted; displayed total ~0.0 CPU-h (stop evaluates on finished-job CPU-h (validated))
      tokens       1135223 / 32000000  (3.5%)  OK
      spend_usd    26.0289 / 280.0  (9.3%)  OK
      isolation    NOT AUDITED HERE (remote bridge; see audit_transcript.py)
  [watchdog] rep16  T-166.0h  liveness=alive  poll=30min bound=+6.0CPU-h (0.37%)
      compute      0.0 / 1610  (0.0%)  UNACCOUNTED
                   0 jobs running, ~0.0 CPU-h unaccounted; displayed total ~0.0 CPU-h (stop evaluates on finished-job CPU-h (validated))
      tokens       1254751 / 32000000  (3.9%)  OK
      spend_usd    27.5254 / 280.0  (9.8%)  OK
      isolation    NOT AUDITED HERE (remote bridge; see audit_transcript.py)
  [watchdog] rep17  T-166.0h  liveness=alive  poll=30min bound=+6.0CPU-h (0.37%)
      compute      0.0 / 1610  (0.0%)  UNACCOUNTED
                   10 jobs running, ~37.2 CPU-h unaccounted; displayed total ~37.227 CPU-h (stop evaluates on finished-job CPU-h (validated))
      tokens       640458 / 32000000  (2.0%)  OK
      spend_usd    14.9327 / 280.0  (5.3%)  OK
      isolation    NOT AUDITED HERE (remote bridge; see audit_transcript.py)
  [watchdog] s01: workspace unreachable
  [watchdog] s02: workspace unreachable
  --- transcript audit (charter section 4) ---
  [audit] rep01: 234 tool calls, 1 finding(s)
      2026-08-29T05:36:56  SUPER   the supervisor's cluster home
          Bash: ssh dirac-bei 'find /home/users/Bei/RASPA -maxdepth 8 -newermt "-3 hours" 2>/dev/null | head -20; echo "--- tree ---"; find /home/users/Bei/
  [audit] rep02: 102 tool calls, 0 finding(s)
  [audit] rep03: 90 tool calls, 1 finding(s)
      2026-08-29T10:42:26  WSROOT  the shared workspace root
          Bash: ssh dirac-bei 'echo "--- find qas ---"; ls -la /usr/local/bin/ 2>/dev/null | head -30; find /home1/users/Bei -maxdepth 2 -name "qas*" 2>/dev
  [audit] rep04: 100 tool calls, 23 finding(s)
      2026-08-29T10:44:34  REPO    the study repository
          Write: /Users/jihankim/replicate-study/harness/sessions/rep04/stage/scan_db.py #!/usr/bin/env python3
  """Single pass over db/*.cif -> compact manif
      2026-08-29T10:44:39  REPO    the study repository
          Bash: cd /Users/jihankim/replicate-study/harness/sessions/rep04/stage && scp -q scan_db.py dirac-bei:/home1/users/Bei/ws/rep04/ && ssh dirac-bei '
      2026-08-29T10:45:39  REPO    the study repository
          Write: /Users/jihankim/replicate-study/harness/sessions/rep04/stage/prep_cif.py #!/usr/bin/env python3
  """Rewrite a db CIF into a RASPA-readable P1
      2026-08-29T10:47:18  REPO    the study repository
          Write: /Users/jihankim/replicate-study/harness/sessions/rep04/stage/run_case.sh #!/bin/bash
  # run_case.sh <sid> <pressure_Pa> <ninit> <nprod> <tag>
      2026-08-29T10:47:31  REPO    the study repository
          Write: /Users/jihankim/replicate-study/harness/sessions/rep04/stage/parse_out.py #!/usr/bin/env python3
  """Extract the numbers we need from a RASPA
      2026-08-29T10:48:03  REPO    the study repository
          Write: /Users/jihankim/replicate-study/harness/sessions/rep04/stage/mkjob.py #!/usr/bin/env python3
  """Emit a PBS script that runs a task list unde
      2026-08-29T10:50:43  REPO    the study repository
          Write: /Users/jihankim/replicate-study/harness/sessions/rep04/stage/descriptors.py #!/usr/bin/env python3
  """Cheap per-structure descriptors by Wid
      2026-08-29T10:52:22  REPO    the study repository
          Write: /Users/jihankim/replicate-study/harness/sessions/rep04/stage/mkjob.py #!/usr/bin/env python3
  """Emit a PBS script that runs a task list unde
      2026-08-29T10:52:57  REPO    the study repository
          Write: /Users/jihankim/replicate-study/harness/sessions/rep04/stage/STATE.md # STATE — current tasks and beliefs
  *(working memory; sufficient on it
      2026-08-29T10:53:28  REPO    the study repository
          Write: /Users/jihankim/replicate-study/harness/sessions/rep04/stage/LOG.md # LOG — append-only narrative
  
  ## 2026-08-29 19:41 KST — launch
  Read CHA
      2026-08-29T10:53:49  REPO    the study repository
          Write: /Users/jihankim/replicate-study/harness/sessions/rep04/stage/status.sh #!/bin/bash
  # One-line-per-fact campaign status.  Never dumps raw out
      2026-08-29T10:53:58  REPO    the study repository
          Write: /Users/jihankim/replicate-study/harness/sessions/rep04/stage/cpuh.py #!/usr/bin/env python3
  """Meter compute two ways and print one line.
  
  b
      2026-08-29T10:56:04  REPO    the study repository
          Write: /Users/jihankim/replicate-study/harness/sessions/rep04/stage/run_case.sh #!/bin/bash
  # run_case.sh <sid> <pressure_Pa> <ninit> <nprod> <tag>
      2026-08-29T10:56:15  REPO    the study repository
          Bash: cd /Users/jihankim/replicate-study/harness/sessions/rep04/stage && scp -q run_case.sh dirac-bei:/home1/users/Bei/ws/rep04/bin/ && ssh dirac-
      2026-08-29T10:57:13  REPO    the study repository
          Write: /Users/jihankim/replicate-study/harness/sessions/rep04/stage/log_append_1.md 
  ## 2026-08-29 19:56 — first error, found and corrected on the 
      2026-08-29T10:57:42  REPO    the study repository
          Write: /Users/jihankim/replicate-study/harness/sessions/rep04/stage/digest_bench.py #!/usr/bin/env python3
  """Compact digest of the cost-model benc
      2026-08-29T10:58:56  REPO    the study repository
          Write: /Users/jihankim/replicate-study/harness/sessions/rep04/stage/rank.py #!/usr/bin/env python3
  """Merge the descriptor sweep with the structure
      2026-08-29T10:59:00  REPO    the study repository
          Bash: cd /Users/jihankim/replicate-study/harness/sessions/rep04/stage && scp -q rank.py dirac-bei:/home1/users/Bei/ws/rep04/bin/ && ssh dirac-bei 
      2026-08-29T11:08:36  REPO    the study repository
          Write: /Users/jihankim/replicate-study/harness/sessions/rep04/stage/chain1.sh #!/bin/bash
  # chain1.sh — runs detached on the login node.
  # Waits fo
      2026-08-29T11:11:14  REPO    the study repository
          Write: /Users/jihankim/replicate-study/harness/sessions/rep04/stage/STATE.md # STATE — current tasks and beliefs
  *(working memory; sufficient on it
      2026-08-29T11:20:28  REPO    the study repository
          Write: /Users/jihankim/replicate-study/harness/sessions/rep04/stage/fit.py #!/usr/bin/env python3
  """Calibrate and, more importantly, *test* the sc
      2026-08-29T12:18:04  REPO    the study repository
          Write: /Users/jihankim/replicate-study/harness/sessions/rep04/stage/log_append_2.md 
  ## 2026-08-29 21:12 — descriptor sweep complete, all 12,499 st
      2026-08-29T13:09:07  REPO    the study repository
          Write: /Users/jihankim/replicate-study/harness/sessions/rep04/stage/log_append_3.md 
  ## 2026-08-29 21:30-22:20 — cost model and grid validation, ta
  [audit] rep05: 119 tool calls, 0 finding(s)
  [audit] rep06: 313 tool calls, 0 finding(s)
  [audit] rep07: 129 tool calls, 0 finding(s)
  [audit] rep08: 121 tool calls, 0 finding(s)
  [audit] rep09: 131 tool calls, 24 finding(s)
      2026-08-29T10:50:31  REPO    the study repository
          Write: /Users/jihankim/replicate-study/harness/sessions/rep09/_stage/LOG_append_1.md 
  ## 2026-08-29 (launch +0h) — setup and toolchain verification
      2026-08-29T10:50:37  REPO    the study repository
          Bash: cd /Users/jihankim/replicate-study/harness/sessions/rep09/_stage && scp -q LOG_append_1.md dirac-bei:/home1/users/Bei/ws/rep09/scratch/ && s
      2026-08-29T10:52:32  REPO    the study repository
          Write: /Users/jihankim/replicate-study/harness/sessions/rep09/_stage/geom.py """Geometric pore descriptors on a fractional grid, one structure at a
      2026-08-29T10:58:57  REPO    the study repository
          Write: /Users/jihankim/replicate-study/harness/sessions/rep09/_stage/mkjobs.py """Build interleaved task chunks and PBS scripts for a GCMC wave.
  
  U
      2026-08-29T11:00:06  REPO    the study repository
          Write: /Users/jihankim/replicate-study/harness/sessions/rep09/_stage/status.sh #!/bin/bash
  # One-line-per-topic campaign status. Never dumps raw ou
      2026-08-29T11:00:30  REPO    the study repository
          Write: /Users/jihankim/replicate-study/harness/sessions/rep09/_stage/STATE.md # STATE — current beliefs and open tasks
  
  *(Self-sufficient: this fil
      2026-08-29T11:00:53  REPO    the study repository
          Write: /Users/jihankim/replicate-study/harness/sessions/rep09/_stage/LOG_append_2.md 
  ## 2026-08-29 (launch +1.5h) — the screening proxy failed its
      2026-08-29T11:03:29  REPO    the study repository
          Write: /Users/jihankim/replicate-study/harness/sessions/rep09/_stage/aggregate.py """Fold a wave's per-job CSVs into one compact table and print a 
      2026-08-29T11:06:43  REPO    the study repository
          Write: /Users/jihankim/replicate-study/harness/sessions/rep09/_stage/LOG_append_3.md 
  ## 2026-08-29 20:15 (launch +0.6h) — queue contention, screen
      2026-08-29T11:07:20  REPO    the study repository
          Write: /Users/jihankim/replicate-study/harness/sessions/rep09/_stage/STATE.md # STATE — current beliefs and open tasks
  
  *(Self-sufficient: this fil
      2026-08-29T11:07:33  REPO    the study repository
          Bash: cd /Users/jihankim/replicate-study/harness/sessions/rep09/_stage && scp -q LOG_append_3.md STATE.md dirac-bei:/home1/users/Bei/ws/rep09/scra
      2026-08-29T11:08:41  REPO    the study repository
          Write: /Users/jihankim/replicate-study/harness/sessions/rep09/_stage/autopilot.sh #!/bin/bash
  # Keeps the Tier-1 screen alive without a live sessio
      2026-08-29T11:08:47  REPO    the study repository
          Write: /Users/jihankim/replicate-study/harness/sessions/rep09/_stage/remaining.py """Print how many points of jobs/<wave>_<k>.tasks are not yet rec
      2026-08-29T11:08:51  REPO    the study repository
          Bash: cd /Users/jihankim/replicate-study/harness/sessions/rep09/_stage && scp -q autopilot.sh remaining.py dirac-bei:/home1/users/Bei/ws/rep09/bin
      2026-08-29T11:37:38  REPO    the study repository
          Write: /Users/jihankim/replicate-study/harness/sessions/rep09/_stage/rank.py """Add framework density to the manifest and reorder the s1 task files
      2026-08-29T11:38:18  REPO    the study repository
          Write: /Users/jihankim/replicate-study/harness/sessions/rep09/_stage/LOG_append_5.md 
  ## 2026-08-29 20:40 (launch +1.0h) — screen calibrated agains
      2026-08-29T11:48:02  REPO    the study repository
          Write: /Users/jihankim/replicate-study/harness/sessions/rep09/_stage/autopilot.sh #!/bin/bash
  # Keeps a wave alive without a live session.
  #
  # Bug 
      2026-08-29T11:53:32  REPO    the study repository
          Write: /Users/jihankim/replicate-study/harness/sessions/rep09/_stage/census.sh #!/bin/bash
  # Every live rep09 job, one full name per line: queued i
      2026-08-29T11:53:41  REPO    the study repository
          Write: /Users/jihankim/replicate-study/harness/sessions/rep09/_stage/autopilot.sh #!/bin/bash
  # Keeps a wave alive without a live session.
  #
  # Bug 
      2026-08-29T12:25:06  REPO    the study repository
          Write: /Users/jihankim/replicate-study/harness/sessions/rep09/_stage/STATE.md # STATE — current beliefs and open tasks
  
  *(Self-sufficient: this fil
      2026-08-29T13:35:39  REPO    the study repository
          Write: /Users/jihankim/replicate-study/harness/sessions/rep09/_stage/run_batch.py """Execute a task list of GCMC points with a process pool; append
      2026-08-29T13:35:55  REPO    the study repository
          Bash: cd /Users/jihankim/replicate-study/harness/sessions/rep09/_stage && scp -q run_batch.py dirac-bei:/home1/users/Bei/ws/rep09/bin/ && cat > lo
      2026-08-29T13:38:00  REPO    the study repository
          Write: /Users/jihankim/replicate-study/harness/sessions/rep09/_stage/modify.py """Charge-balanced defunctionalisation of database structures.
  
  Char
      2026-08-29T13:39:24  REPO    the study repository
          Write: /Users/jihankim/replicate-study/harness/sessions/rep09/_stage/select.py """Summarise the Tier-1 screen and emit candidate id lists for later
  [audit] rep10: 135 tool calls, 0 finding(s)
  [audit] rep11: 75 tool calls, 0 finding(s)
  [audit] rep12: 118 tool calls, 32 finding(s)
      2026-08-29T11:42:46  SUPER   the supervisor's cluster home
          Bash: ssh dirac-bei 'ls -la /home/users/Bei/ 2>/dev/null | head -30; echo "--- find qas ---"; find /home/users/Bei /home1/users/Bei -maxdepth 3 -n
      2026-08-29T11:42:50  SUPER   the supervisor's cluster home
          Bash: ssh dirac-bei 'ls /home/users/Bei/bei /home/users/Bei/.local /home/users/Bei/.local/* 2>/dev/null | head -40; echo "=== scripts ==="; ls /ho
      2026-08-29T11:42:54  SUPER   the supervisor's cluster home
          Bash: ssh dirac-bei 'find /home/users/Bei/bei -maxdepth 3 2>/dev/null | head -40' Explore bei cluster dir
      2026-08-29T11:43:00  SUPER   the supervisor's cluster home
          Bash: ssh dirac-bei 'cat /home/users/Bei/bei/cluster/verify-gcmc.pbs; echo "=== SIM INPUT p65 ==="; cat /home/users/Bei/bei/verify/2021_Cu__sql_2_
      2026-08-29T11:45:20  SUPER   the supervisor's cluster home
          Bash: ssh dirac-bei 'cd /home/users/Bei/bei/verify/2021_Cu__sql_2_ASR_6__p65 && head -30 2021_Cu__sql_2_ASR_6.cif && echo "=== OUT ===" && ls Outp
      2026-08-29T11:45:26  SUPER   the supervisor's cluster home
          Bash: ssh dirac-bei 'cd /home/users/Bei/bei/verify/2021_Cu__sql_2_ASR_6__p65 && f=$(ls Output/System_0/output_*.data|head -1) && sed -n "520,560p"
      2026-08-29T11:45:41  SUPER   the supervisor's cluster home
          Bash: ssh dirac-bei 'cd /home/users/Bei/bei/verify/2021_Cu__sql_2_ASR_6__p65 && f=$(ls Output/System_0/output_*.data|head -1) && grep -E "^ +(Cu|C
      2026-08-29T11:47:10  SUPER   the supervisor's cluster home
          Bash: ssh dirac-bei 'cd /home1/users/Bei/ws/rep12 && mkdir -p bin desc tables pbs runs logs && git init -q 2>/dev/null; git config user.name "rep1
      2026-08-29T11:48:01  REPO    the study repository
          Bash: mkdir -p /Users/jihankim/replicate-study/harness/sessions/rep12/stage/bin && echo ok Create local staging dir
      2026-08-29T11:48:37  REPO    the study repository
          Write: /Users/jihankim/replicate-study/harness/sessions/rep12/stage/bin/mofcore.py """Core CIF parsing + UFF/TraPPE descriptor engine (rep12).
  
  For
      2026-08-29T11:49:16  REPO    the study repository
          Write: /Users/jihankim/replicate-study/harness/sessions/rep12/stage/bin/descsweep.py """Descriptor sweep over a shard of the database.
  
  usage: desc
      2026-08-29T11:49:23  REPO    the study repository
          Bash: cd /Users/jihankim/replicate-study/harness/sessions/rep12/stage && scp -q bin/mofcore.py bin/descsweep.py dirac-bei:/home1/users/Bei/ws/rep1
      2026-08-29T11:50:32  REPO    the study repository
          Write: /Users/jihankim/replicate-study/harness/sessions/rep12/stage/bin/mkinput.py """Build a RASPA GCMC job directory for one (structure, pressure
      2026-08-29T11:50:46  REPO    the study repository
          Write: /Users/jihankim/replicate-study/harness/sessions/rep12/stage/bin/runbatch.sh #!/bin/bash
  # Run a shard of a GCMC task list.  One RASPA proce
      2026-08-29T11:50:58  REPO    the study repository
          Write: /Users/jihankim/replicate-study/harness/sessions/rep12/stage/bin/extract.py """Pull the reported quantities out of one RASPA output file int
      2026-08-29T11:51:18  REPO    the study repository
          Write: /Users/jihankim/replicate-study/harness/sessions/rep12/stage/bin/submit.py """Split a task list into N PBS jobs and submit them with qas.
  
  u
      2026-08-29T11:51:29  REPO    the study repository
          Write: /Users/jihankim/replicate-study/harness/sessions/rep12/stage/bin/subdesc.py """Submit the whole-database descriptor sweep as njobs x ppn pyt
      2026-08-29T11:52:33  REPO    the study repository
          Write: /Users/jihankim/replicate-study/harness/sessions/rep12/stage/STATE.md # STATE — rep12 working memory
  
  *Updated: 2026-08-29 21:00 KST*
  
  ## Fi
      2026-08-29T11:53:05  REPO    the study repository
          Write: /Users/jihankim/replicate-study/harness/sessions/rep12/stage/LOG.md # LOG — append-only narrative
  
  ## 2026-08-29 20:42 KST — launch
  
  Read CH
      2026-08-29T11:55:48  REPO    the study repository
          Write: /Users/jihankim/replicate-study/harness/sessions/rep12/stage/bin/elemcheck.py """G4(b)(i) mechanical check: does RASPA's auto-created pseudo
      2026-08-29T11:57:19  REPO    the study repository
          Write: /Users/jihankim/replicate-study/harness/sessions/rep12/stage/bin/subdesc.py """Submit part of the whole-database descriptor sweep.
  
  usage: s
      2026-08-29T11:57:54  REPO    the study repository
          Write: /Users/jihankim/replicate-study/harness/sessions/rep12/stage/bin/status.sh #!/bin/bash
  # One-line-per-item campaign status.  Charter s4: nev
      2026-08-29T11:58:23  REPO    the study repository
          Write: /Users/jihankim/replicate-study/harness/sessions/rep12/stage/bin/rank.py """Merge descriptor shards, apply the G3 pre-simulation screen, and
      2026-08-29T11:59:35  REPO    the study repository
          Write: /Users/jihankim/replicate-study/harness/sessions/rep12/stage/bin/audit.py """Append gate events to AUDIT.jsonl in the schema of AUDIT_SCHEMA
      2026-08-29T11:59:48  REPO    the study repository
          Write: /Users/jihankim/replicate-study/harness/sessions/rep12/stage/bin/charges.py """Charge-balance leg of gate G3, over the whole database.
  
  Ever
      2026-08-29T12:03:55  REPO    the study repository
          Write: /Users/jihankim/replicate-study/harness/sessions/rep12/stage/bin/collect.py """Collapse per-worker GCMC result CSVs into one structure-level
      2026-08-29T12:04:21  REPO    the study repository
          Write: /Users/jihankim/replicate-study/harness/sessions/rep12/stage/bin/wave.py """Choose the next GCMC wave and write its task list.
  
  Selection ha
      2026-08-29T12:05:41  REPO    the study repository
          Write: /Users/jihankim/replicate-study/harness/sessions/rep12/stage/STATE.md # STATE — rep12 working memory
  
  *Updated: 2026-08-29 22:30 KST*
  
  ## Fi
      2026-08-29T12:06:03  SUPER   the supervisor's cluster home
          Bash: cat > /tmp/log2.md <<'EOF'
  
  ## 2026-08-29 22:00 — the cluster is saturated, and how the scheduler decides
  
  An hour after submission not one 
      2026-08-29T12:18:19  REPO    the study repository
          Write: /Users/jihankim/replicate-study/harness/sessions/rep12/stage/bin/claim.py """Emit claim-grade (10,000 + 50,000) and G6-reproduction task lis
      2026-08-29T12:40:05  REPO    the study repository
          Bash: scp -q /Users/jihankim/replicate-study/harness/sessions/rep12/stage/STATE.md dirac-bei:/home1/users/Bei/ws/rep12/ 2>/dev/null; cat > /tmp/lo
      2026-08-29T13:37:15  REPO    the study repository
          Bash: cd /Users/jihankim/replicate-study/harness/sessions/rep12/stage && python3 - <<'PYEOF'
  p='bin/mkinput.py'
  s=open(p).read()
  s=s.replace('''GR
  [audit] rep13: 131 tool calls, 0 finding(s)
  [audit] rep15: 143 tool calls, 0 finding(s)
  [audit] rep16: 134 tool calls, 1 finding(s)
      2026-08-29T11:43:20  WSROOT  the shared workspace root
          Bash: ssh dirac-bei 'ls /home1/users/Bei/ws/ ; ls /home1/users/Bei/ ; find /home1/users/Bei -maxdepth 2 -name "qas*" 2>/dev/null; ls /home1/users/
  [audit] rep17: 83 tool calls, 0 finding(s)
  [audit] s01: 305 tool calls, 0 finding(s)
  [audit] s02: 201 tool calls, 0 finding(s)
    rep01: session=up transcript_age=0.8min (deciding) heartbeat_age=5min (reported only) restarts=0/3
    rep02: session=up transcript_age=0.7min (deciding) heartbeat_age=1min (reported only) restarts=0/3
    rep03: session=up transcript_age=0.7min (deciding) heartbeat_age=5min (reported only) restarts=0/3
    rep04: session=up transcript_age=0.7min (deciding) heartbeat_age=3min (reported only) restarts=0/3
    rep05: session=up transcript_age=0.6min (deciding) heartbeat_age=7min (reported only) restarts=0/3
    rep06: session=DOWN transcript_age=66.0min (deciding) heartbeat_age=67min (reported only) restarts=1/3
       restarting (#2)
    rep07: session=up transcript_age=1.0min (deciding) heartbeat_age=7min (reported only) restarts=0/3
    rep08: session=up transcript_age=0.9min (deciding) heartbeat_age=7min (reported only) restarts=0/3
    rep09: session=up transcript_age=0.9min (deciding) heartbeat_age=1min (reported only) restarts=0/3
    rep10: session=up transcript_age=0.9min (deciding) heartbeat_age=4min (reported only) restarts=0/3
    rep11: session=up transcript_age=0.0min (deciding) heartbeat_age=1min (reported only) restarts=0/3
    rep12: session=up transcript_age=0.0min (deciding) heartbeat_age=4min (reported only) restarts=0/3
    rep13: session=up transcript_age=0.8min (deciding) heartbeat_age=2min (reported only) restarts=0/3
    rep15: session=up transcript_age=0.7min (deciding) heartbeat_age=0min (reported only) restarts=0/3
    rep16: session=up transcript_age=0.7min (deciding) heartbeat_age=4min (reported only) restarts=0/3
    rep17: session=up transcript_age=0.7min (deciding) heartbeat_age=2min (reported only) restarts=0/3
    s01: session=DOWN transcript_age=522.0min (deciding) heartbeat_age=99999min (reported only) restarts=1/3
       restarting (#2)
    s02: session=DOWN transcript_age=522.4min (deciding) heartbeat_age=99999min (reported only) restarts=1/3
       restarting (#2)
  --- escalations ---
  [escalate] 22 awaiting a human answer (cadence: 09:00, 21:00 KST)
      s01   infra     waiting  28.96 h  job exited 0 with no output
      rep01 charter   waiting   7.50 h  Appendix A G3 note says the least dense entry in this da
      rep01 charter   waiting   7.50 h  G3 requires a He void fraction for every structure enter
      rep01 infra     waiting   7.50 h  SimulationType MakeGrid in the provided RASPA 2.0.37 bui
  --- shared-queue depth (crowding covariate, Flag I) ---
  [queue-depth] 2026-08-29 22:44 KST  queue R=187 Q=2 across 4 users | study R=21 Q=2 (11.2% of running) | others waiting=0
  --- mechanical divergence panel ---
  [divergence] STATUS.md panel refreshed  -- not collected this cycle: s01 (None), s02 (None)
=========== poll 2026-08-29T14:14:25Z ===========
[harvest] rep01: nothing newly finished (4 tracked)
[meter-compute] rep01: cpu_h_scheduler=530.879 queued_jobs=4 (running=453.518h finished=77.361h)
[harvest] rep02: nothing newly finished (0 tracked)
[meter-compute] rep02: cpu_h_scheduler=0.0 queued_jobs=0 (running=0.000h finished=0.000h)
[harvest] rep03: nothing newly finished (0 tracked)
[meter-compute] rep03: cpu_h_scheduler=0.0 queued_jobs=0 (running=0.000h finished=0.000h)
[harvest] rep04: nothing newly finished (0 tracked)
[meter-compute] rep04: cpu_h_scheduler=17.61 queued_jobs=0 (running=0.000h finished=17.610h)
[harvest] rep05: nothing newly finished (0 tracked)
[meter-compute] rep05: cpu_h_scheduler=0.0 queued_jobs=0 (running=0.000h finished=0.000h)
[harvest] rep06: nothing newly finished (1 tracked)
[meter-compute] rep06: cpu_h_scheduler=2.549 queued_jobs=1 (running=2.549h finished=0.000h)
[harvest] rep07: nothing newly finished (0 tracked)
[meter-compute] rep07: cpu_h_scheduler=0.0 queued_jobs=0 (running=0.000h finished=0.000h)
[harvest] rep08: nothing newly finished (0 tracked)
[meter-compute] rep08: cpu_h_scheduler=0.0 queued_jobs=0 (running=0.000h finished=0.000h)
[harvest] rep09: nothing newly finished (9 tracked)
[meter-compute] rep09: cpu_h_scheduler=89.317 queued_jobs=9 (running=89.317h finished=0.000h)
[harvest] rep10: nothing newly finished (0 tracked)
[meter-compute] rep10: cpu_h_scheduler=0.0 queued_jobs=0 (running=0.000h finished=0.000h)
[harvest] rep11: nothing newly finished (0 tracked)
[meter-compute] rep11: cpu_h_scheduler=0.0 queued_jobs=0 (running=0.000h finished=0.000h)
[harvest] rep12: nothing newly finished (0 tracked)
[meter-compute] rep12: cpu_h_scheduler=0.0 queued_jobs=0 (running=0.000h finished=0.000h)
[harvest] rep13: nothing newly finished (0 tracked)
[meter-compute] rep13: cpu_h_scheduler=0.0 queued_jobs=0 (running=0.000h finished=0.000h)
[harvest] rep15: nothing newly finished (0 tracked)
[meter-compute] rep15: cpu_h_scheduler=0.0 queued_jobs=0 (running=0.000h finished=0.000h)
[harvest] rep16: nothing newly finished (0 tracked)
[meter-compute] rep16: cpu_h_scheduler=0.0 queued_jobs=0 (running=0.000h finished=0.000h)
[harvest] rep17: nothing newly finished (10 tracked)
[meter-compute] rep17: cpu_h_scheduler=70.825 queued_jobs=10 (running=42.301h finished=28.524h)
[harvest] s01: nothing newly finished (0 tracked)
  [harvest] s01 unreachable
  [meter-compute] s01 unreachable
[harvest] s02: nothing newly finished (0 tracked)
  [harvest] s02 unreachable
  [meter-compute] s02 unreachable
usage.json -> {'cpu_h_scheduler': 530.879, 'queued_jobs': 4, 'tokens': 923886}
usage.json -> {'cpu_h_scheduler': 0.0, 'queued_jobs': 0, 'tokens': 1129985}
usage.json -> {'cpu_h_scheduler': 0.0, 'queued_jobs': 0, 'tokens': 565144}
usage.json -> {'cpu_h_scheduler': 17.61, 'queued_jobs': 0, 'tokens': 791192}
usage.json -> {'cpu_h_scheduler': 0.0, 'queued_jobs': 0, 'tokens': 1165814}
usage.json -> {'cpu_h_scheduler': 2.549, 'queued_jobs': 1, 'tokens': 4277733}
usage.json -> {'cpu_h_scheduler': 0.0, 'queued_jobs': 0, 'tokens': 1584531}
usage.json -> {'cpu_h_scheduler': 0.0, 'queued_jobs': 0, 'tokens': 1197166}
usage.json -> {'cpu_h_scheduler': 89.317, 'queued_jobs': 9, 'tokens': 1339854}
usage.json -> {'cpu_h_scheduler': 0.0, 'queued_jobs': 0, 'tokens': 636822}
usage.json -> {'cpu_h_scheduler': 0.0, 'queued_jobs': 0, 'tokens': 608936}
usage.json -> {'cpu_h_scheduler': 0.0, 'queued_jobs': 0, 'tokens': 716069}
usage.json -> {'cpu_h_scheduler': 0.0, 'queued_jobs': 0, 'tokens': 1019471}
usage.json -> {'cpu_h_scheduler': 0.0, 'queued_jobs': 0, 'tokens': 1390368}
usage.json -> {'cpu_h_scheduler': 0.0, 'queued_jobs': 0, 'tokens': 1510690}
usage.json -> {'cpu_h_scheduler': 70.825, 'queued_jobs': 10, 'tokens': 653024}
  [meter-tokens] s01: metering failed
  [meter-tokens] s02: metering failed
  --- replicate escalations ---
  [escalate] rep01: 0 new escalation(s)
  [escalate] rep02: 0 new escalation(s)
  [escalate] rep03: 0 new escalation(s)
  [escalate] rep04: 0 new escalation(s)
  [escalate] rep05: 0 new escalation(s)
  [escalate] rep06: 0 new escalation(s)
  [escalate] rep07: 0 new escalation(s)
  [escalate] rep08: 0 new escalation(s)
  [escalate] rep09: 0 new escalation(s)
  [escalate] rep10: 0 new escalation(s)
  [escalate] rep11: 0 new escalation(s)
  [escalate] rep12: 0 new escalation(s)
  [escalate] rep13: 0 new escalation(s)
  [escalate] rep15: 0 new escalation(s)
  [escalate] rep16: 0 new escalation(s)
  [escalate] rep17: 0 new escalation(s)
    [escalate] s01: workspace unreachable
  [escalate] s01: could not read workspace
    [escalate] s02: workspace unreachable
  [escalate] s02: could not read workspace
  [rep01 usage] {"cpu_h_scheduler": 530.879, "queued_jobs": 4, "tokens": 923886}  [rep02 usage] {"cpu_h_scheduler": 0.0, "queued_jobs": 0, "tokens": 1129985}  [rep03 usage] {"cpu_h_scheduler": 0.0, "queued_jobs": 0, "tokens": 565144}  [rep04 usage] {"cpu_h_scheduler": 17.61, "queued_jobs": 0, "tokens": 791192}  [rep05 usage] {"cpu_h_scheduler": 0.0, "queued_jobs": 0, "tokens": 1165814}  [rep06 usage] {"cpu_h_scheduler": 2.549, "queued_jobs": 1, "tokens": 4277733}  [rep07 usage] {"cpu_h_scheduler": 0.0, "queued_jobs": 0, "tokens": 1584531}  [rep08 usage] {"cpu_h_scheduler": 0.0, "queued_jobs": 0, "tokens": 1197166}  [rep09 usage] {"cpu_h_scheduler": 89.317, "queued_jobs": 9, "tokens": 1339854}  [rep10 usage] {"cpu_h_scheduler": 0.0, "queued_jobs": 0, "tokens": 636822}  [rep11 usage] {"cpu_h_scheduler": 0.0, "queued_jobs": 0, "tokens": 608936}  [rep12 usage] {"cpu_h_scheduler": 0.0, "queued_jobs": 0, "tokens": 716069}  [rep13 usage] {"cpu_h_scheduler": 0.0, "queued_jobs": 0, "tokens": 1019471}  [rep15 usage] {"cpu_h_scheduler": 0.0, "queued_jobs": 0, "tokens": 1390368}  [rep16 usage] {"cpu_h_scheduler": 0.0, "queued_jobs": 0, "tokens": 1510690}  [rep17 usage] {"cpu_h_scheduler": 70.825, "queued_jobs": 10, "tokens": 653024}  --- watchdog (charter section 4: budgets, liveness) ---
  [watchdog] rep01  T-158.9h  liveness=alive  poll=30min bound=+6.0CPU-h (0.37%)
      compute      0.0 / 1610  (0.0%)  UNACCOUNTED
                   4 jobs running, ~530.9 CPU-h unaccounted; displayed total ~530.879 CPU-h (stop evaluates on finished-job CPU-h (validated))
      tokens       923886 / 32000000  (2.9%)  OK
      spend_usd    49.457 / 280.0  (17.7%)  OK
      isolation    NOT AUDITED HERE (remote bridge; see audit_transcript.py)
  [watchdog] rep02  T-164.4h  liveness=alive  poll=30min bound=+6.0CPU-h (0.37%)
      compute      0.0 / 1610  (0.0%)  UNACCOUNTED
                   0 jobs running, ~0.0 CPU-h unaccounted; displayed total ~0.0 CPU-h (stop evaluates on finished-job CPU-h (validated))
      tokens       1129985 / 32000000  (3.5%)  OK
      spend_usd    22.3704 / 280.0  (8.0%)  OK
      isolation    NOT AUDITED HERE (remote bridge; see audit_transcript.py)
  [watchdog] rep03  T-164.4h  liveness=alive  poll=30min bound=+6.0CPU-h (0.37%)
      compute      0.0 / 1610  (0.0%)  UNACCOUNTED
                   0 jobs running, ~0.0 CPU-h unaccounted; displayed total ~0.0 CPU-h (stop evaluates on finished-job CPU-h (validated))
      tokens       565144 / 32000000  (1.8%)  OK
      spend_usd    17.6426 / 280.0  (6.3%)  OK
      isolation    NOT AUDITED HERE (remote bridge; see audit_transcript.py)
  [watchdog] rep04  T-164.4h  liveness=alive  poll=30min bound=+6.0CPU-h (0.37%)
      compute      0.0 / 1610  (0.0%)  UNACCOUNTED
                   0 jobs running, ~17.6 CPU-h unaccounted; displayed total ~17.61 CPU-h (stop evaluates on finished-job CPU-h (validated))
      tokens       791192 / 32000000  (2.5%)  OK
      spend_usd    19.7414 / 280.0  (7.0%)  OK
      isolation    NOT AUDITED HERE (remote bridge; see audit_transcript.py)
  [watchdog] rep05  T-164.4h  liveness=alive  poll=30min bound=+6.0CPU-h (0.37%)
      compute      0.0 / 1610  (0.0%)  UNACCOUNTED
                   0 jobs running, ~0.0 CPU-h unaccounted; displayed total ~0.0 CPU-h (stop evaluates on finished-job CPU-h (validated))
      tokens       1165814 / 32000000  (3.6%)  OK
      spend_usd    28.0107 / 280.0  (10.0%)  OK
      isolation    NOT AUDITED HERE (remote bridge; see audit_transcript.py)
  [watchdog] rep06  T-164.4h  liveness=stale  poll=30min bound=+6.0CPU-h (0.37%)
      compute      0.0 / 1610  (0.0%)  UNACCOUNTED
                   1 jobs running, ~2.5 CPU-h unaccounted; displayed total ~2.549 CPU-h (stop evaluates on finished-job CPU-h (validated))
      tokens       4277733 / 32000000  (13.4%)  OK
      spend_usd    99.0334 / 280.0  (35.4%)  OK
      isolation    NOT AUDITED HERE (remote bridge; see audit_transcript.py)
  [watchdog] rep06: notice delivered to the cluster inbox
  [watchdog] rep07  T-164.4h  liveness=alive  poll=30min bound=+6.0CPU-h (0.37%)
      compute      0.0 / 1610  (0.0%)  UNACCOUNTED
                   0 jobs running, ~0.0 CPU-h unaccounted; displayed total ~0.0 CPU-h (stop evaluates on finished-job CPU-h (validated))
      tokens       1584531 / 32000000  (5.0%)  OK
      spend_usd    33.3859 / 280.0  (11.9%)  OK
      isolation    NOT AUDITED HERE (remote bridge; see audit_transcript.py)
  [watchdog] rep08  T-164.4h  liveness=alive  poll=30min bound=+6.0CPU-h (0.37%)
      compute      0.0 / 1610  (0.0%)  UNACCOUNTED
                   0 jobs running, ~0.0 CPU-h unaccounted; displayed total ~0.0 CPU-h (stop evaluates on finished-job CPU-h (validated))
      tokens       1197166 / 32000000  (3.7%)  OK
      spend_usd    29.3845 / 280.0  (10.5%)  OK
      isolation    NOT AUDITED HERE (remote bridge; see audit_transcript.py)
  [watchdog] rep09  T-164.4h  liveness=alive  poll=30min bound=+6.0CPU-h (0.37%)
      compute      0.0 / 1610  (0.0%)  UNACCOUNTED
                   9 jobs running, ~89.3 CPU-h unaccounted; displayed total ~89.317 CPU-h (stop evaluates on finished-job CPU-h (validated))
      tokens       1339854 / 32000000  (4.2%)  OK
      spend_usd    30.1714 / 280.0  (10.8%)  OK
      isolation    NOT AUDITED HERE (remote bridge; see audit_transcript.py)
  [watchdog] rep10  T-165.4h  liveness=alive  poll=30min bound=+6.0CPU-h (0.37%)
      compute      0.0 / 1610  (0.0%)  UNACCOUNTED
                   0 jobs running, ~0.0 CPU-h unaccounted; displayed total ~0.0 CPU-h (stop evaluates on finished-job CPU-h (validated))
      tokens       636822 / 32000000  (2.0%)  OK
      spend_usd    25.7704 / 280.0  (9.2%)  OK
      isolation    NOT AUDITED HERE (remote bridge; see audit_transcript.py)
  [watchdog] rep11  T-165.4h  liveness=alive  poll=30min bound=+6.0CPU-h (0.37%)
      compute      0.0 / 1610  (0.0%)  UNACCOUNTED
                   0 jobs running, ~0.0 CPU-h unaccounted; displayed total ~0.0 CPU-h (stop evaluates on finished-job CPU-h (validated))
      tokens       608936 / 32000000  (1.9%)  OK
      spend_usd    19.9782 / 280.0  (7.1%)  OK
      isolation    NOT AUDITED HERE (remote bridge; see audit_transcript.py)
  [watchdog] rep12  T-165.4h  liveness=alive  poll=30min bound=+6.0CPU-h (0.37%)
      compute      0.0 / 1610  (0.0%)  UNACCOUNTED
                   0 jobs running, ~0.0 CPU-h unaccounted; displayed total ~0.0 CPU-h (stop evaluates on finished-job CPU-h (validated))
      tokens       716069 / 32000000  (2.2%)  OK
      spend_usd    23.9888 / 280.0  (8.6%)  OK
      isolation    NOT AUDITED HERE (remote bridge; see audit_transcript.py)
  [watchdog] rep13  T-165.4h  liveness=alive  poll=30min bound=+6.0CPU-h (0.37%)
      compute      0.0 / 1610  (0.0%)  UNACCOUNTED
                   0 jobs running, ~0.0 CPU-h unaccounted; displayed total ~0.0 CPU-h (stop evaluates on finished-job CPU-h (validated))
      tokens       1019471 / 32000000  (3.2%)  OK
      spend_usd    27.8164 / 280.0  (9.9%)  OK
      isolation    NOT AUDITED HERE (remote bridge; see audit_transcript.py)
  [watchdog] rep15  T-165.4h  liveness=alive  poll=30min bound=+6.0CPU-h (0.37%)
      compute      0.0 / 1610  (0.0%)  UNACCOUNTED
                   0 jobs running, ~0.0 CPU-h unaccounted; displayed total ~0.0 CPU-h (stop evaluates on finished-job CPU-h (validated))
      tokens       1390368 / 32000000  (4.3%)  OK
      spend_usd    31.2576 / 280.0  (11.2%)  OK
      isolation    NOT AUDITED HERE (remote bridge; see audit_transcript.py)
  [watchdog] rep16  T-165.4h  liveness=alive  poll=30min bound=+6.0CPU-h (0.37%)
      compute      0.0 / 1610  (0.0%)  UNACCOUNTED
                   0 jobs running, ~0.0 CPU-h unaccounted; displayed total ~0.0 CPU-h (stop evaluates on finished-job CPU-h (validated))
      tokens       1510690 / 32000000  (4.7%)  OK
      spend_usd    33.7049 / 280.0  (12.0%)  OK
      isolation    NOT AUDITED HERE (remote bridge; see audit_transcript.py)
  [watchdog] rep17  T-165.4h  liveness=alive  poll=30min bound=+6.0CPU-h (0.37%)
      compute      0.0 / 1610  (0.0%)  UNACCOUNTED
                   10 jobs running, ~70.8 CPU-h unaccounted; displayed total ~70.825 CPU-h (stop evaluates on finished-job CPU-h (validated))
      tokens       653024 / 32000000  (2.0%)  OK
      spend_usd    15.7762 / 280.0  (5.6%)  OK
      isolation    NOT AUDITED HERE (remote bridge; see audit_transcript.py)
  [watchdog] s01: workspace unreachable
  [watchdog] s02: workspace unreachable
  --- transcript audit (charter section 4) ---
  [audit] rep01: 241 tool calls, 1 finding(s)
      2026-08-29T05:36:56  SUPER   the supervisor's cluster home
          Bash: ssh dirac-bei 'find /home/users/Bei/RASPA -maxdepth 8 -newermt "-3 hours" 2>/dev/null | head -20; echo "--- tree ---"; find /home/users/Bei/
  [audit] rep02: 105 tool calls, 0 finding(s)
  [audit] rep03: 97 tool calls, 1 finding(s)
      2026-08-29T10:42:26  WSROOT  the shared workspace root
          Bash: ssh dirac-bei 'echo "--- find qas ---"; ls -la /usr/local/bin/ 2>/dev/null | head -30; find /home1/users/Bei -maxdepth 2 -name "qas*" 2>/dev
  [audit] rep04: 107 tool calls, 24 finding(s)
      2026-08-29T10:44:34  REPO    the study repository
          Write: /Users/jihankim/replicate-study/harness/sessions/rep04/stage/scan_db.py #!/usr/bin/env python3
  """Single pass over db/*.cif -> compact manif
      2026-08-29T10:44:39  REPO    the study repository
          Bash: cd /Users/jihankim/replicate-study/harness/sessions/rep04/stage && scp -q scan_db.py dirac-bei:/home1/users/Bei/ws/rep04/ && ssh dirac-bei '
      2026-08-29T10:45:39  REPO    the study repository
          Write: /Users/jihankim/replicate-study/harness/sessions/rep04/stage/prep_cif.py #!/usr/bin/env python3
  """Rewrite a db CIF into a RASPA-readable P1
      2026-08-29T10:47:18  REPO    the study repository
          Write: /Users/jihankim/replicate-study/harness/sessions/rep04/stage/run_case.sh #!/bin/bash
  # run_case.sh <sid> <pressure_Pa> <ninit> <nprod> <tag>
      2026-08-29T10:47:31  REPO    the study repository
          Write: /Users/jihankim/replicate-study/harness/sessions/rep04/stage/parse_out.py #!/usr/bin/env python3
  """Extract the numbers we need from a RASPA
      2026-08-29T10:48:03  REPO    the study repository
          Write: /Users/jihankim/replicate-study/harness/sessions/rep04/stage/mkjob.py #!/usr/bin/env python3
  """Emit a PBS script that runs a task list unde
      2026-08-29T10:50:43  REPO    the study repository
          Write: /Users/jihankim/replicate-study/harness/sessions/rep04/stage/descriptors.py #!/usr/bin/env python3
  """Cheap per-structure descriptors by Wid
      2026-08-29T10:52:22  REPO    the study repository
          Write: /Users/jihankim/replicate-study/harness/sessions/rep04/stage/mkjob.py #!/usr/bin/env python3
  """Emit a PBS script that runs a task list unde
      2026-08-29T10:52:57  REPO    the study repository
          Write: /Users/jihankim/replicate-study/harness/sessions/rep04/stage/STATE.md # STATE — current tasks and beliefs
  *(working memory; sufficient on it
      2026-08-29T10:53:28  REPO    the study repository
          Write: /Users/jihankim/replicate-study/harness/sessions/rep04/stage/LOG.md # LOG — append-only narrative
  
  ## 2026-08-29 19:41 KST — launch
  Read CHA
      2026-08-29T10:53:49  REPO    the study repository
          Write: /Users/jihankim/replicate-study/harness/sessions/rep04/stage/status.sh #!/bin/bash
  # One-line-per-fact campaign status.  Never dumps raw out
      2026-08-29T10:53:58  REPO    the study repository
          Write: /Users/jihankim/replicate-study/harness/sessions/rep04/stage/cpuh.py #!/usr/bin/env python3
  """Meter compute two ways and print one line.
  
  b
      2026-08-29T10:56:04  REPO    the study repository
          Write: /Users/jihankim/replicate-study/harness/sessions/rep04/stage/run_case.sh #!/bin/bash
  # run_case.sh <sid> <pressure_Pa> <ninit> <nprod> <tag>
      2026-08-29T10:56:15  REPO    the study repository
          Bash: cd /Users/jihankim/replicate-study/harness/sessions/rep04/stage && scp -q run_case.sh dirac-bei:/home1/users/Bei/ws/rep04/bin/ && ssh dirac-
      2026-08-29T10:57:13  REPO    the study repository
          Write: /Users/jihankim/replicate-study/harness/sessions/rep04/stage/log_append_1.md 
  ## 2026-08-29 19:56 — first error, found and corrected on the 
      2026-08-29T10:57:42  REPO    the study repository
          Write: /Users/jihankim/replicate-study/harness/sessions/rep04/stage/digest_bench.py #!/usr/bin/env python3
  """Compact digest of the cost-model benc
      2026-08-29T10:58:56  REPO    the study repository
          Write: /Users/jihankim/replicate-study/harness/sessions/rep04/stage/rank.py #!/usr/bin/env python3
  """Merge the descriptor sweep with the structure
      2026-08-29T10:59:00  REPO    the study repository
          Bash: cd /Users/jihankim/replicate-study/harness/sessions/rep04/stage && scp -q rank.py dirac-bei:/home1/users/Bei/ws/rep04/bin/ && ssh dirac-bei 
      2026-08-29T11:08:36  REPO    the study repository
          Write: /Users/jihankim/replicate-study/harness/sessions/rep04/stage/chain1.sh #!/bin/bash
  # chain1.sh — runs detached on the login node.
  # Waits fo
      2026-08-29T11:11:14  REPO    the study repository
          Write: /Users/jihankim/replicate-study/harness/sessions/rep04/stage/STATE.md # STATE — current tasks and beliefs
  *(working memory; sufficient on it
      2026-08-29T11:20:28  REPO    the study repository
          Write: /Users/jihankim/replicate-study/harness/sessions/rep04/stage/fit.py #!/usr/bin/env python3
  """Calibrate and, more importantly, *test* the sc
      2026-08-29T12:18:04  REPO    the study repository
          Write: /Users/jihankim/replicate-study/harness/sessions/rep04/stage/log_append_2.md 
  ## 2026-08-29 21:12 — descriptor sweep complete, all 12,499 st
      2026-08-29T13:09:07  REPO    the study repository
          Write: /Users/jihankim/replicate-study/harness/sessions/rep04/stage/log_append_3.md 
  ## 2026-08-29 21:30-22:20 — cost model and grid validation, ta
      2026-08-29T13:49:25  REPO    the study repository
          Write: /Users/jihankim/replicate-study/harness/sessions/rep04/stage/STATE.md # STATE — current tasks and beliefs
  *(working memory; sufficient on it
  [audit] rep05: 127 tool calls, 0 finding(s)
  [audit] rep06: 313 tool calls, 0 finding(s)
  [audit] rep07: 133 tool calls, 0 finding(s)
  [audit] rep08: 132 tool calls, 0 finding(s)
  [audit] rep09: 134 tool calls, 24 finding(s)
      2026-08-29T10:50:31  REPO    the study repository
          Write: /Users/jihankim/replicate-study/harness/sessions/rep09/_stage/LOG_append_1.md 
  ## 2026-08-29 (launch +0h) — setup and toolchain verification
      2026-08-29T10:50:37  REPO    the study repository
          Bash: cd /Users/jihankim/replicate-study/harness/sessions/rep09/_stage && scp -q LOG_append_1.md dirac-bei:/home1/users/Bei/ws/rep09/scratch/ && s
      2026-08-29T10:52:32  REPO    the study repository
          Write: /Users/jihankim/replicate-study/harness/sessions/rep09/_stage/geom.py """Geometric pore descriptors on a fractional grid, one structure at a
      2026-08-29T10:58:57  REPO    the study repository
          Write: /Users/jihankim/replicate-study/harness/sessions/rep09/_stage/mkjobs.py """Build interleaved task chunks and PBS scripts for a GCMC wave.
  
  U
      2026-08-29T11:00:06  REPO    the study repository
          Write: /Users/jihankim/replicate-study/harness/sessions/rep09/_stage/status.sh #!/bin/bash
  # One-line-per-topic campaign status. Never dumps raw ou
      2026-08-29T11:00:30  REPO    the study repository
          Write: /Users/jihankim/replicate-study/harness/sessions/rep09/_stage/STATE.md # STATE — current beliefs and open tasks
  
  *(Self-sufficient: this fil
      2026-08-29T11:00:53  REPO    the study repository
          Write: /Users/jihankim/replicate-study/harness/sessions/rep09/_stage/LOG_append_2.md 
  ## 2026-08-29 (launch +1.5h) — the screening proxy failed its
      2026-08-29T11:03:29  REPO    the study repository
          Write: /Users/jihankim/replicate-study/harness/sessions/rep09/_stage/aggregate.py """Fold a wave's per-job CSVs into one compact table and print a 
      2026-08-29T11:06:43  REPO    the study repository
          Write: /Users/jihankim/replicate-study/harness/sessions/rep09/_stage/LOG_append_3.md 
  ## 2026-08-29 20:15 (launch +0.6h) — queue contention, screen
      2026-08-29T11:07:20  REPO    the study repository
          Write: /Users/jihankim/replicate-study/harness/sessions/rep09/_stage/STATE.md # STATE — current beliefs and open tasks
  
  *(Self-sufficient: this fil
      2026-08-29T11:07:33  REPO    the study repository
          Bash: cd /Users/jihankim/replicate-study/harness/sessions/rep09/_stage && scp -q LOG_append_3.md STATE.md dirac-bei:/home1/users/Bei/ws/rep09/scra
      2026-08-29T11:08:41  REPO    the study repository
          Write: /Users/jihankim/replicate-study/harness/sessions/rep09/_stage/autopilot.sh #!/bin/bash
  # Keeps the Tier-1 screen alive without a live sessio
      2026-08-29T11:08:47  REPO    the study repository
          Write: /Users/jihankim/replicate-study/harness/sessions/rep09/_stage/remaining.py """Print how many points of jobs/<wave>_<k>.tasks are not yet rec
      2026-08-29T11:08:51  REPO    the study repository
          Bash: cd /Users/jihankim/replicate-study/harness/sessions/rep09/_stage && scp -q autopilot.sh remaining.py dirac-bei:/home1/users/Bei/ws/rep09/bin
      2026-08-29T11:37:38  REPO    the study repository
          Write: /Users/jihankim/replicate-study/harness/sessions/rep09/_stage/rank.py """Add framework density to the manifest and reorder the s1 task files
      2026-08-29T11:38:18  REPO    the study repository
          Write: /Users/jihankim/replicate-study/harness/sessions/rep09/_stage/LOG_append_5.md 
  ## 2026-08-29 20:40 (launch +1.0h) — screen calibrated agains
      2026-08-29T11:48:02  REPO    the study repository
          Write: /Users/jihankim/replicate-study/harness/sessions/rep09/_stage/autopilot.sh #!/bin/bash
  # Keeps a wave alive without a live session.
  #
  # Bug 
      2026-08-29T11:53:32  REPO    the study repository
          Write: /Users/jihankim/replicate-study/harness/sessions/rep09/_stage/census.sh #!/bin/bash
  # Every live rep09 job, one full name per line: queued i
      2026-08-29T11:53:41  REPO    the study repository
          Write: /Users/jihankim/replicate-study/harness/sessions/rep09/_stage/autopilot.sh #!/bin/bash
  # Keeps a wave alive without a live session.
  #
  # Bug 
      2026-08-29T12:25:06  REPO    the study repository
          Write: /Users/jihankim/replicate-study/harness/sessions/rep09/_stage/STATE.md # STATE — current beliefs and open tasks
  
  *(Self-sufficient: this fil
      2026-08-29T13:35:39  REPO    the study repository
          Write: /Users/jihankim/replicate-study/harness/sessions/rep09/_stage/run_batch.py """Execute a task list of GCMC points with a process pool; append
      2026-08-29T13:35:55  REPO    the study repository
          Bash: cd /Users/jihankim/replicate-study/harness/sessions/rep09/_stage && scp -q run_batch.py dirac-bei:/home1/users/Bei/ws/rep09/bin/ && cat > lo
      2026-08-29T13:38:00  REPO    the study repository
          Write: /Users/jihankim/replicate-study/harness/sessions/rep09/_stage/modify.py """Charge-balanced defunctionalisation of database structures.
  
  Char
      2026-08-29T13:39:24  REPO    the study repository
          Write: /Users/jihankim/replicate-study/harness/sessions/rep09/_stage/select.py """Summarise the Tier-1 screen and emit candidate id lists for later
  [audit] rep10: 151 tool calls, 0 finding(s)
  [audit] rep11: 106 tool calls, 0 finding(s)
  [audit] rep12: 135 tool calls, 36 finding(s)
      2026-08-29T11:42:46  SUPER   the supervisor's cluster home
          Bash: ssh dirac-bei 'ls -la /home/users/Bei/ 2>/dev/null | head -30; echo "--- find qas ---"; find /home/users/Bei /home1/users/Bei -maxdepth 3 -n
      2026-08-29T11:42:50  SUPER   the supervisor's cluster home
          Bash: ssh dirac-bei 'ls /home/users/Bei/bei /home/users/Bei/.local /home/users/Bei/.local/* 2>/dev/null | head -40; echo "=== scripts ==="; ls /ho
      2026-08-29T11:42:54  SUPER   the supervisor's cluster home
          Bash: ssh dirac-bei 'find /home/users/Bei/bei -maxdepth 3 2>/dev/null | head -40' Explore bei cluster dir
      2026-08-29T11:43:00  SUPER   the supervisor's cluster home
          Bash: ssh dirac-bei 'cat /home/users/Bei/bei/cluster/verify-gcmc.pbs; echo "=== SIM INPUT p65 ==="; cat /home/users/Bei/bei/verify/2021_Cu__sql_2_
      2026-08-29T11:45:20  SUPER   the supervisor's cluster home
          Bash: ssh dirac-bei 'cd /home/users/Bei/bei/verify/2021_Cu__sql_2_ASR_6__p65 && head -30 2021_Cu__sql_2_ASR_6.cif && echo "=== OUT ===" && ls Outp
      2026-08-29T11:45:26  SUPER   the supervisor's cluster home
          Bash: ssh dirac-bei 'cd /home/users/Bei/bei/verify/2021_Cu__sql_2_ASR_6__p65 && f=$(ls Output/System_0/output_*.data|head -1) && sed -n "520,560p"
      2026-08-29T11:45:41  SUPER   the supervisor's cluster home
          Bash: ssh dirac-bei 'cd /home/users/Bei/bei/verify/2021_Cu__sql_2_ASR_6__p65 && f=$(ls Output/System_0/output_*.data|head -1) && grep -E "^ +(Cu|C
      2026-08-29T11:47:10  SUPER   the supervisor's cluster home
          Bash: ssh dirac-bei 'cd /home1/users/Bei/ws/rep12 && mkdir -p bin desc tables pbs runs logs && git init -q 2>/dev/null; git config user.name "rep1
      2026-08-29T11:48:01  REPO    the study repository
          Bash: mkdir -p /Users/jihankim/replicate-study/harness/sessions/rep12/stage/bin && echo ok Create local staging dir
      2026-08-29T11:48:37  REPO    the study repository
          Write: /Users/jihankim/replicate-study/harness/sessions/rep12/stage/bin/mofcore.py """Core CIF parsing + UFF/TraPPE descriptor engine (rep12).
  
  For
      2026-08-29T11:49:16  REPO    the study repository
          Write: /Users/jihankim/replicate-study/harness/sessions/rep12/stage/bin/descsweep.py """Descriptor sweep over a shard of the database.
  
  usage: desc
      2026-08-29T11:49:23  REPO    the study repository
          Bash: cd /Users/jihankim/replicate-study/harness/sessions/rep12/stage && scp -q bin/mofcore.py bin/descsweep.py dirac-bei:/home1/users/Bei/ws/rep1
      2026-08-29T11:50:32  REPO    the study repository
          Write: /Users/jihankim/replicate-study/harness/sessions/rep12/stage/bin/mkinput.py """Build a RASPA GCMC job directory for one (structure, pressure
      2026-08-29T11:50:46  REPO    the study repository
          Write: /Users/jihankim/replicate-study/harness/sessions/rep12/stage/bin/runbatch.sh #!/bin/bash
  # Run a shard of a GCMC task list.  One RASPA proce
      2026-08-29T11:50:58  REPO    the study repository
          Write: /Users/jihankim/replicate-study/harness/sessions/rep12/stage/bin/extract.py """Pull the reported quantities out of one RASPA output file int
      2026-08-29T11:51:18  REPO    the study repository
          Write: /Users/jihankim/replicate-study/harness/sessions/rep12/stage/bin/submit.py """Split a task list into N PBS jobs and submit them with qas.
  
  u
      2026-08-29T11:51:29  REPO    the study repository
          Write: /Users/jihankim/replicate-study/harness/sessions/rep12/stage/bin/subdesc.py """Submit the whole-database descriptor sweep as njobs x ppn pyt
      2026-08-29T11:52:33  REPO    the study repository
          Write: /Users/jihankim/replicate-study/harness/sessions/rep12/stage/STATE.md # STATE — rep12 working memory
  
  *Updated: 2026-08-29 21:00 KST*
  
  ## Fi
      2026-08-29T11:53:05  REPO    the study repository
          Write: /Users/jihankim/replicate-study/harness/sessions/rep12/stage/LOG.md # LOG — append-only narrative
  
  ## 2026-08-29 20:42 KST — launch
  
  Read CH
      2026-08-29T11:55:48  REPO    the study repository
          Write: /Users/jihankim/replicate-study/harness/sessions/rep12/stage/bin/elemcheck.py """G4(b)(i) mechanical check: does RASPA's auto-created pseudo
      2026-08-29T11:57:19  REPO    the study repository
          Write: /Users/jihankim/replicate-study/harness/sessions/rep12/stage/bin/subdesc.py """Submit part of the whole-database descriptor sweep.
  
  usage: s
      2026-08-29T11:57:54  REPO    the study repository
          Write: /Users/jihankim/replicate-study/harness/sessions/rep12/stage/bin/status.sh #!/bin/bash
  # One-line-per-item campaign status.  Charter s4: nev
      2026-08-29T11:58:23  REPO    the study repository
          Write: /Users/jihankim/replicate-study/harness/sessions/rep12/stage/bin/rank.py """Merge descriptor shards, apply the G3 pre-simulation screen, and
      2026-08-29T11:59:35  REPO    the study repository
          Write: /Users/jihankim/replicate-study/harness/sessions/rep12/stage/bin/audit.py """Append gate events to AUDIT.jsonl in the schema of AUDIT_SCHEMA
      2026-08-29T11:59:48  REPO    the study repository
          Write: /Users/jihankim/replicate-study/harness/sessions/rep12/stage/bin/charges.py """Charge-balance leg of gate G3, over the whole database.
  
  Ever
      2026-08-29T12:03:55  REPO    the study repository
          Write: /Users/jihankim/replicate-study/harness/sessions/rep12/stage/bin/collect.py """Collapse per-worker GCMC result CSVs into one structure-level
      2026-08-29T12:04:21  REPO    the study repository
          Write: /Users/jihankim/replicate-study/harness/sessions/rep12/stage/bin/wave.py """Choose the next GCMC wave and write its task list.
  
  Selection ha
      2026-08-29T12:05:41  REPO    the study repository
          Write: /Users/jihankim/replicate-study/harness/sessions/rep12/stage/STATE.md # STATE — rep12 working memory
  
  *Updated: 2026-08-29 22:30 KST*
  
  ## Fi
      2026-08-29T12:06:03  SUPER   the supervisor's cluster home
          Bash: cat > /tmp/log2.md <<'EOF'
  
  ## 2026-08-29 22:00 — the cluster is saturated, and how the scheduler decides
  
  An hour after submission not one 
      2026-08-29T12:18:19  REPO    the study repository
          Write: /Users/jihankim/replicate-study/harness/sessions/rep12/stage/bin/claim.py """Emit claim-grade (10,000 + 50,000) and G6-reproduction task lis
      2026-08-29T12:40:05  REPO    the study repository
          Bash: scp -q /Users/jihankim/replicate-study/harness/sessions/rep12/stage/STATE.md dirac-bei:/home1/users/Bei/ws/rep12/ 2>/dev/null; cat > /tmp/lo
      2026-08-29T13:37:15  REPO    the study repository
          Bash: cd /Users/jihankim/replicate-study/harness/sessions/rep12/stage && python3 - <<'PYEOF'
  p='bin/mkinput.py'
  s=open(p).read()
  s=s.replace('''GR
      2026-08-29T13:49:27  REPO    the study repository
          Write: /Users/jihankim/replicate-study/harness/sessions/rep12/stage/bin/qworker.sh #!/bin/bash
  # Pull-based GCMC worker.
  #
  # usage: qworker.sh <que
      2026-08-29T13:49:48  REPO    the study repository
          Write: /Users/jihankim/replicate-study/harness/sessions/rep12/stage/bin/repurpose.py """Rewrite the body of an already-queued PBS file, keeping its
      2026-08-29T13:49:58  REPO    the study repository
          Write: /Users/jihankim/replicate-study/harness/sessions/rep12/stage/bin/coarse.py """Fast reduced-precision descriptor pass, for seeding the first 
      2026-08-29T14:16:35  REPO    the study repository
          Write: /Users/jihankim/replicate-study/harness/sessions/rep12/stage/bin/rank.py """Merge descriptor shards, apply the G3 pre-simulation screen, ran
  [audit] rep13: 148 tool calls, 0 finding(s)
  [audit] rep15: 159 tool calls, 0 finding(s)
  [audit] rep16: 155 tool calls, 1 finding(s)
      2026-08-29T11:43:20  WSROOT  the shared workspace root
          Bash: ssh dirac-bei 'ls /home1/users/Bei/ws/ ; ls /home1/users/Bei/ ; find /home1/users/Bei -maxdepth 2 -name "qas*" 2>/dev/null; ls /home1/users/
  [audit] rep17: 88 tool calls, 0 finding(s)
  [audit] s01: 305 tool calls, 0 finding(s)
  [audit] s02: 201 tool calls, 0 finding(s)
    rep01: session=up transcript_age=0.7min (deciding) heartbeat_age=7min (reported only) restarts=0/3
    rep02: session=up transcript_age=0.7min (deciding) heartbeat_age=5min (reported only) restarts=0/3
    rep03: session=up transcript_age=0.7min (deciding) heartbeat_age=3min (reported only) restarts=0/3
    rep04: session=up transcript_age=0.7min (deciding) heartbeat_age=9min (reported only) restarts=0/3
    rep05: session=up transcript_age=0.7min (deciding) heartbeat_age=1min (reported only) restarts=0/3
    rep06: session=DOWN transcript_age=100.1min (deciding) heartbeat_age=101min (reported only) restarts=2/3
       restarting (#3)
    rep07: session=up transcript_age=1.0min (deciding) heartbeat_age=3min (reported only) restarts=0/3
    rep08: session=up transcript_age=1.0min (deciding) heartbeat_age=1min (reported only) restarts=0/3
    rep09: session=up transcript_age=0.9min (deciding) heartbeat_age=5min (reported only) restarts=0/3
    rep10: session=up transcript_age=0.9min (deciding) heartbeat_age=0min (reported only) restarts=0/3
    rep11: session=up transcript_age=0.9min (deciding) heartbeat_age=5min (reported only) restarts=0/3
    rep12: session=up transcript_age=0.0min (deciding) heartbeat_age=0min (reported only) restarts=0/3
    rep13: session=up transcript_age=0.8min (deciding) heartbeat_age=0min (reported only) restarts=0/3
    rep15: session=up transcript_age=0.8min (deciding) heartbeat_age=0min (reported only) restarts=0/3
    rep16: session=up transcript_age=0.8min (deciding) heartbeat_age=2min (reported only) restarts=0/3
    rep17: session=up transcript_age=0.7min (deciding) heartbeat_age=0min (reported only) restarts=0/3
    s01: session=DOWN transcript_age=556.1min (deciding) heartbeat_age=99999min (reported only) restarts=2/3
       restarting (#3)
    s02: session=DOWN transcript_age=556.5min (deciding) heartbeat_age=99999min (reported only) restarts=2/3
       restarting (#3)
  --- escalations ---
  [escalate] 22 awaiting a human answer (cadence: 09:00, 21:00 KST)
      s01   infra     waiting  29.53 h  job exited 0 with no output
      rep01 charter   waiting   8.07 h  Appendix A G3 note says the least dense entry in this da
      rep01 charter   waiting   8.07 h  G3 requires a He void fraction for every structure enter
      rep01 infra     waiting   8.07 h  SimulationType MakeGrid in the provided RASPA 2.0.37 bui
  --- shared-queue depth (crowding covariate, Flag I) ---
  [queue-depth] 2026-08-29 23:18 KST  queue R=182 Q=3 across 4 users | study R=21 Q=3 (11.5% of running) | others waiting=0
  --- mechanical divergence panel ---
  [divergence] STATUS.md panel refreshed  -- not collected this cycle: s01 (None), s02 (None)
=========== poll 2026-08-29T14:48:33Z ===========
[harvest] rep01: nothing newly finished (4 tracked)
[meter-compute] rep01: cpu_h_scheduler=554.133 queued_jobs=4 (running=476.772h finished=77.361h)
[harvest] rep02: nothing newly finished (0 tracked)
[meter-compute] rep02: cpu_h_scheduler=0.0 queued_jobs=0 (running=0.000h finished=0.000h)
[harvest] rep03: nothing newly finished (0 tracked)
[meter-compute] rep03: cpu_h_scheduler=0.0 queued_jobs=0 (running=0.000h finished=0.000h)
[harvest] rep04: nothing newly finished (0 tracked)
[meter-compute] rep04: cpu_h_scheduler=17.61 queued_jobs=0 (running=0.000h finished=17.610h)
[harvest] rep05: nothing newly finished (0 tracked)
[meter-compute] rep05: cpu_h_scheduler=0.0 queued_jobs=0 (running=0.000h finished=0.000h)
[harvest] rep06: nothing newly finished (3 tracked)
[meter-compute] rep06: cpu_h_scheduler=5.548 queued_jobs=3 (running=5.548h finished=0.000h)
[harvest] rep07: nothing newly finished (5 tracked)
[meter-compute] rep07: cpu_h_scheduler=1.744 queued_jobs=5 (running=1.744h finished=0.000h)
[harvest] rep08: nothing newly finished (0 tracked)
[meter-compute] rep08: cpu_h_scheduler=0.0 queued_jobs=0 (running=0.000h finished=0.000h)
[harvest] rep09: 2 job(s) left the queue, 0.000 CPU-h banked
[meter-compute] rep09: cpu_h_scheduler=118.393 queued_jobs=7 (running=118.393h finished=0.000h)
[harvest] rep10: nothing newly finished (0 tracked)
[meter-compute] rep10: cpu_h_scheduler=0.0 queued_jobs=0 (running=0.000h finished=0.000h)
[harvest] rep11: nothing newly finished (0 tracked)
[meter-compute] rep11: cpu_h_scheduler=0.0 queued_jobs=0 (running=0.000h finished=0.000h)
[harvest] rep12: nothing newly finished (0 tracked)
[meter-compute] rep12: cpu_h_scheduler=0.0 queued_jobs=0 (running=0.000h finished=0.000h)
[harvest] rep13: nothing newly finished (0 tracked)
[meter-compute] rep13: cpu_h_scheduler=0.0 queued_jobs=0 (running=0.000h finished=0.000h)
[harvest] rep15: nothing newly finished (0 tracked)
[meter-compute] rep15: cpu_h_scheduler=0.0 queued_jobs=0 (running=0.000h finished=0.000h)
[harvest] rep16: nothing newly finished (0 tracked)
[meter-compute] rep16: cpu_h_scheduler=0.0 queued_jobs=0 (running=0.000h finished=0.000h)
[harvest] rep17: nothing newly finished (10 tracked)
[meter-compute] rep17: cpu_h_scheduler=113.476 queued_jobs=10 (running=84.953h finished=28.524h)
[harvest] s01: nothing newly finished (0 tracked)
  [harvest] s01 unreachable
  [meter-compute] s01 unreachable
[harvest] s02: nothing newly finished (0 tracked)
  [harvest] s02 unreachable
  [meter-compute] s02 unreachable
usage.json -> {'cpu_h_scheduler': 554.133, 'queued_jobs': 4, 'tokens': 973737}
usage.json -> {'cpu_h_scheduler': 0.0, 'queued_jobs': 0, 'tokens': 1149262}
usage.json -> {'cpu_h_scheduler': 0.0, 'queued_jobs': 0, 'tokens': 566142}
usage.json -> {'cpu_h_scheduler': 17.61, 'queued_jobs': 0, 'tokens': 849206}
usage.json -> {'cpu_h_scheduler': 0.0, 'queued_jobs': 0, 'tokens': 1175045}
usage.json -> {'cpu_h_scheduler': 5.548, 'queued_jobs': 3, 'tokens': 4277733}
usage.json -> {'cpu_h_scheduler': 1.744, 'queued_jobs': 5, 'tokens': 1905557}
usage.json -> {'cpu_h_scheduler': 0.0, 'queued_jobs': 0, 'tokens': 1214067}
usage.json -> {'cpu_h_scheduler': 118.393, 'queued_jobs': 7, 'tokens': 1358788}
usage.json -> {'cpu_h_scheduler': 0.0, 'queued_jobs': 0, 'tokens': 674436}
usage.json -> {'cpu_h_scheduler': 0.0, 'queued_jobs': 0, 'tokens': 631117}
usage.json -> {'cpu_h_scheduler': 0.0, 'queued_jobs': 0, 'tokens': 811155}
usage.json -> {'cpu_h_scheduler': 0.0, 'queued_jobs': 0, 'tokens': 1026037}
usage.json -> {'cpu_h_scheduler': 0.0, 'queued_jobs': 0, 'tokens': 1923988}
usage.json -> {'cpu_h_scheduler': 0.0, 'queued_jobs': 0, 'tokens': 1985712}
usage.json -> {'cpu_h_scheduler': 113.476, 'queued_jobs': 10, 'tokens': 659275}
  [meter-tokens] s01: metering failed
  [meter-tokens] s02: metering failed
  --- replicate escalations ---
  [escalate] rep01: 0 new escalation(s)
  [escalate] rep02: 0 new escalation(s)
  [escalate] rep03: 0 new escalation(s)
  [escalate] rep04: 0 new escalation(s)
  [escalate] rep05: 0 new escalation(s)
  [escalate] rep06: 0 new escalation(s)
  [escalate] rep07: 0 new escalation(s)
  [escalate] rep08: 0 new escalation(s)
  [escalate] rep09: 0 new escalation(s)
  [escalate] rep10: 0 new escalation(s)
  [escalate] rep11: 1 new escalation(s)
      infra       -> queued_for_repair  All 12 of my jobs have sat undispatched for 3 h because the 
      !! 1 awaiting a human action (repair or PI ruling)
    [escalate] rep11: inbox updated on the cluster
  [escalate] rep12: 0 new escalation(s)
  [escalate] rep13: 0 new escalation(s)
  [escalate] rep15: 0 new escalation(s)
  [escalate] rep16: 0 new escalation(s)
  [escalate] rep17: 0 new escalation(s)
    [escalate] s01: workspace unreachable
  [escalate] s01: could not read workspace
    [escalate] s02: workspace unreachable
  [escalate] s02: could not read workspace
  [rep01 usage] {"cpu_h_scheduler": 554.133, "queued_jobs": 4, "tokens": 973737}  [rep02 usage] {"cpu_h_scheduler": 0.0, "queued_jobs": 0, "tokens": 1149262}  [rep03 usage] {"cpu_h_scheduler": 0.0, "queued_jobs": 0, "tokens": 566142}  [rep04 usage] {"cpu_h_scheduler": 17.61, "queued_jobs": 0, "tokens": 849206}  [rep05 usage] {"cpu_h_scheduler": 0.0, "queued_jobs": 0, "tokens": 1175045}  [rep06 usage] {"cpu_h_scheduler": 5.548, "queued_jobs": 3, "tokens": 4277733}  [rep07 usage] {"cpu_h_scheduler": 1.744, "queued_jobs": 5, "tokens": 1905557}  [rep08 usage] {"cpu_h_scheduler": 0.0, "queued_jobs": 0, "tokens": 1214067}  [rep09 usage] {"cpu_h_scheduler": 118.393, "queued_jobs": 7, "tokens": 1358788}  [rep10 usage] {"cpu_h_scheduler": 0.0, "queued_jobs": 0, "tokens": 674436}  [rep11 usage] {"cpu_h_scheduler": 0.0, "queued_jobs": 0, "tokens": 631117}  [rep12 usage] {"cpu_h_scheduler": 0.0, "queued_jobs": 0, "tokens": 811155}  [rep13 usage] {"cpu_h_scheduler": 0.0, "queued_jobs": 0, "tokens": 1026037}  [rep15 usage] {"cpu_h_scheduler": 0.0, "queued_jobs": 0, "tokens": 1923988}  [rep16 usage] {"cpu_h_scheduler": 0.0, "queued_jobs": 0, "tokens": 1985712}  [rep17 usage] {"cpu_h_scheduler": 113.476, "queued_jobs": 10, "tokens": 659275}  --- watchdog (charter section 4: budgets, liveness) ---
  [watchdog] rep01  T-158.4h  liveness=alive  poll=30min bound=+6.0CPU-h (0.37%)
      compute      0.0 / 1610  (0.0%)  UNACCOUNTED
                   4 jobs running, ~554.1 CPU-h unaccounted; displayed total ~554.133 CPU-h (stop evaluates on finished-job CPU-h (validated))
      tokens       973737 / 32000000  (3.0%)  OK
      spend_usd    53.4557 / 280.0  (19.1%)  OK
      isolation    NOT AUDITED HERE (remote bridge; see audit_transcript.py)
  [watchdog] rep02  T-163.9h  liveness=alive  poll=30min bound=+6.0CPU-h (0.37%)
      compute      0.0 / 1610  (0.0%)  UNACCOUNTED
                   0 jobs running, ~0.0 CPU-h unaccounted; displayed total ~0.0 CPU-h (stop evaluates on finished-job CPU-h (validated))
      tokens       1149262 / 32000000  (3.6%)  OK
      spend_usd    23.3989 / 280.0  (8.4%)  OK
      isolation    NOT AUDITED HERE (remote bridge; see audit_transcript.py)
  [watchdog] rep03  T-163.9h  liveness=alive  poll=30min bound=+6.0CPU-h (0.37%)
      compute      0.0 / 1610  (0.0%)  UNACCOUNTED
                   0 jobs running, ~0.0 CPU-h unaccounted; displayed total ~0.0 CPU-h (stop evaluates on finished-job CPU-h (validated))
      tokens       566142 / 32000000  (1.8%)  OK
      spend_usd    17.9232 / 280.0  (6.4%)  OK
      isolation    NOT AUDITED HERE (remote bridge; see audit_transcript.py)
  [watchdog] rep04  T-163.9h  liveness=alive  poll=30min bound=+6.0CPU-h (0.37%)
      compute      0.0 / 1610  (0.0%)  UNACCOUNTED
                   0 jobs running, ~17.6 CPU-h unaccounted; displayed total ~17.61 CPU-h (stop evaluates on finished-job CPU-h (validated))
      tokens       849206 / 32000000  (2.6%)  OK
      spend_usd    22.7512 / 280.0  (8.1%)  OK
      isolation    NOT AUDITED HERE (remote bridge; see audit_transcript.py)
  [watchdog] rep05  T-163.8h  liveness=alive  poll=30min bound=+6.0CPU-h (0.37%)
      compute      0.0 / 1610  (0.0%)  UNACCOUNTED
                   0 jobs running, ~0.0 CPU-h unaccounted; displayed total ~0.0 CPU-h (stop evaluates on finished-job CPU-h (validated))
      tokens       1175045 / 32000000  (3.7%)  OK
      spend_usd    28.6175 / 280.0  (10.2%)  OK
      isolation    NOT AUDITED HERE (remote bridge; see audit_transcript.py)
  [watchdog] rep06  T-163.8h  liveness=stale  poll=30min bound=+6.0CPU-h (0.37%)
      compute      0.0 / 1610  (0.0%)  UNACCOUNTED
                   3 jobs running, ~5.5 CPU-h unaccounted; displayed total ~5.548 CPU-h (stop evaluates on finished-job CPU-h (validated))
      tokens       4277733 / 32000000  (13.4%)  OK
      spend_usd    99.0334 / 280.0  (35.4%)  OK
      isolation    NOT AUDITED HERE (remote bridge; see audit_transcript.py)
  [watchdog] rep06: notice delivered to the cluster inbox
  [watchdog] rep07  T-163.8h  liveness=alive  poll=30min bound=+6.0CPU-h (0.37%)
      compute      0.0 / 1610  (0.0%)  UNACCOUNTED
                   5 jobs running, ~1.7 CPU-h unaccounted; displayed total ~1.744 CPU-h (stop evaluates on finished-job CPU-h (validated))
      tokens       1905557 / 32000000  (5.9%)  OK
      spend_usd    38.0584 / 280.0  (13.6%)  OK
      isolation    NOT AUDITED HERE (remote bridge; see audit_transcript.py)
  [watchdog] rep08  T-163.8h  liveness=alive  poll=30min bound=+6.0CPU-h (0.37%)
      compute      0.0 / 1610  (0.0%)  UNACCOUNTED
                   0 jobs running, ~0.0 CPU-h unaccounted; displayed total ~0.0 CPU-h (stop evaluates on finished-job CPU-h (validated))
      tokens       1214067 / 32000000  (3.8%)  OK
      spend_usd    31.5698 / 280.0  (11.3%)  OK
      isolation    NOT AUDITED HERE (remote bridge; see audit_transcript.py)
  [watchdog] rep09  T-163.9h  liveness=alive  poll=30min bound=+6.0CPU-h (0.37%)
      compute      0.0 / 1610  (0.0%)  UNACCOUNTED
                   7 jobs running, ~118.4 CPU-h unaccounted; displayed total ~118.393 CPU-h (stop evaluates on finished-job CPU-h (validated))
      tokens       1358788 / 32000000  (4.2%)  OK
      spend_usd    31.7252 / 280.0  (11.3%)  OK
      isolation    NOT AUDITED HERE (remote bridge; see audit_transcript.py)
  [watchdog] rep10  T-164.9h  liveness=alive  poll=30min bound=+6.0CPU-h (0.37%)
      compute      0.0 / 1610  (0.0%)  UNACCOUNTED
                   0 jobs running, ~0.0 CPU-h unaccounted; displayed total ~0.0 CPU-h (stop evaluates on finished-job CPU-h (validated))
      tokens       674436 / 32000000  (2.1%)  OK
      spend_usd    27.6927 / 280.0  (9.9%)  OK
      isolation    NOT AUDITED HERE (remote bridge; see audit_transcript.py)
  [watchdog] rep11  T-164.9h  liveness=alive  poll=30min bound=+6.0CPU-h (0.37%)
      compute      0.0 / 1610  (0.0%)  UNACCOUNTED
                   0 jobs running, ~0.0 CPU-h unaccounted; displayed total ~0.0 CPU-h (stop evaluates on finished-job CPU-h (validated))
      tokens       631117 / 32000000  (2.0%)  OK
      spend_usd    21.4895 / 280.0  (7.7%)  OK
      isolation    NOT AUDITED HERE (remote bridge; see audit_transcript.py)
  [watchdog] rep12  T-164.9h  liveness=alive  poll=30min bound=+6.0CPU-h (0.37%)
      compute      0.0 / 1610  (0.0%)  UNACCOUNTED
                   0 jobs running, ~0.0 CPU-h unaccounted; displayed total ~0.0 CPU-h (stop evaluates on finished-job CPU-h (validated))
      tokens       811155 / 32000000  (2.5%)  OK
      spend_usd    27.2188 / 280.0  (9.7%)  OK
      isolation    NOT AUDITED HERE (remote bridge; see audit_transcript.py)
  [watchdog] rep13  T-164.9h  liveness=alive  poll=30min bound=+6.0CPU-h (0.37%)
      compute      0.0 / 1610  (0.0%)  UNACCOUNTED
                   0 jobs running, ~0.0 CPU-h unaccounted; displayed total ~0.0 CPU-h (stop evaluates on finished-job CPU-h (validated))
      tokens       1026037 / 32000000  (3.2%)  OK
      spend_usd    28.281 / 280.0  (10.1%)  OK
      isolation    NOT AUDITED HERE (remote bridge; see audit_transcript.py)
  [watchdog] rep15  T-164.9h  liveness=alive  poll=30min bound=+6.0CPU-h (0.37%)
      compute      0.0 / 1610  (0.0%)  UNACCOUNTED
                   0 jobs running, ~0.0 CPU-h unaccounted; displayed total ~0.0 CPU-h (stop evaluates on finished-job CPU-h (validated))
      tokens       1923988 / 32000000  (6.0%)  OK
      spend_usd    38.4286 / 280.0  (13.7%)  OK
      isolation    NOT AUDITED HERE (remote bridge; see audit_transcript.py)
  [watchdog] rep16  T-164.9h  liveness=alive  poll=30min bound=+6.0CPU-h (0.37%)
      compute      0.0 / 1610  (0.0%)  UNACCOUNTED
                   0 jobs running, ~0.0 CPU-h unaccounted; displayed total ~0.0 CPU-h (stop evaluates on finished-job CPU-h (validated))
      tokens       1985712 / 32000000  (6.2%)  OK
      spend_usd    39.1996 / 280.0  (14.0%)  OK
      isolation    NOT AUDITED HERE (remote bridge; see audit_transcript.py)
  [watchdog] rep17  T-164.9h  liveness=alive  poll=30min bound=+6.0CPU-h (0.37%)
      compute      0.0 / 1610  (0.0%)  UNACCOUNTED
                   10 jobs running, ~113.5 CPU-h unaccounted; displayed total ~113.476 CPU-h (stop evaluates on finished-job CPU-h (validated))
      tokens       659275 / 32000000  (2.1%)  OK
      spend_usd    16.1526 / 280.0  (5.8%)  OK
      isolation    NOT AUDITED HERE (remote bridge; see audit_transcript.py)
  [watchdog] s01: workspace unreachable
  [watchdog] s02: workspace unreachable
  --- transcript audit (charter section 4) ---
  [audit] rep01: 254 tool calls, 1 finding(s)
      2026-08-29T05:36:56  SUPER   the supervisor's cluster home
          Bash: ssh dirac-bei 'find /home/users/Bei/RASPA -maxdepth 8 -newermt "-3 hours" 2>/dev/null | head -20; echo "--- tree ---"; find /home/users/Bei/
  [audit] rep02: 110 tool calls, 0 finding(s)
  [audit] rep03: 100 tool calls, 1 finding(s)
      2026-08-29T10:42:26  WSROOT  the shared workspace root
          Bash: ssh dirac-bei 'echo "--- find qas ---"; ls -la /usr/local/bin/ 2>/dev/null | head -30; find /home1/users/Bei -maxdepth 2 -name "qas*" 2>/dev
  [audit] rep04: 118 tool calls, 25 finding(s)
      2026-08-29T10:44:34  REPO    the study repository
          Write: /Users/jihankim/replicate-study/harness/sessions/rep04/stage/scan_db.py #!/usr/bin/env python3
  """Single pass over db/*.cif -> compact manif
      2026-08-29T10:44:39  REPO    the study repository
          Bash: cd /Users/jihankim/replicate-study/harness/sessions/rep04/stage && scp -q scan_db.py dirac-bei:/home1/users/Bei/ws/rep04/ && ssh dirac-bei '
      2026-08-29T10:45:39  REPO    the study repository
          Write: /Users/jihankim/replicate-study/harness/sessions/rep04/stage/prep_cif.py #!/usr/bin/env python3
  """Rewrite a db CIF into a RASPA-readable P1
      2026-08-29T10:47:18  REPO    the study repository
          Write: /Users/jihankim/replicate-study/harness/sessions/rep04/stage/run_case.sh #!/bin/bash
  # run_case.sh <sid> <pressure_Pa> <ninit> <nprod> <tag>
      2026-08-29T10:47:31  REPO    the study repository
          Write: /Users/jihankim/replicate-study/harness/sessions/rep04/stage/parse_out.py #!/usr/bin/env python3
  """Extract the numbers we need from a RASPA
      2026-08-29T10:48:03  REPO    the study repository
          Write: /Users/jihankim/replicate-study/harness/sessions/rep04/stage/mkjob.py #!/usr/bin/env python3
  """Emit a PBS script that runs a task list unde
      2026-08-29T10:50:43  REPO    the study repository
          Write: /Users/jihankim/replicate-study/harness/sessions/rep04/stage/descriptors.py #!/usr/bin/env python3
  """Cheap per-structure descriptors by Wid
      2026-08-29T10:52:22  REPO    the study repository
          Write: /Users/jihankim/replicate-study/harness/sessions/rep04/stage/mkjob.py #!/usr/bin/env python3
  """Emit a PBS script that runs a task list unde
      2026-08-29T10:52:57  REPO    the study repository
          Write: /Users/jihankim/replicate-study/harness/sessions/rep04/stage/STATE.md # STATE — current tasks and beliefs
  *(working memory; sufficient on it
      2026-08-29T10:53:28  REPO    the study repository
          Write: /Users/jihankim/replicate-study/harness/sessions/rep04/stage/LOG.md # LOG — append-only narrative
  
  ## 2026-08-29 19:41 KST — launch
  Read CHA
      2026-08-29T10:53:49  REPO    the study repository
          Write: /Users/jihankim/replicate-study/harness/sessions/rep04/stage/status.sh #!/bin/bash
  # One-line-per-fact campaign status.  Never dumps raw out
      2026-08-29T10:53:58  REPO    the study repository
          Write: /Users/jihankim/replicate-study/harness/sessions/rep04/stage/cpuh.py #!/usr/bin/env python3
  """Meter compute two ways and print one line.
  
  b
      2026-08-29T10:56:04  REPO    the study repository
          Write: /Users/jihankim/replicate-study/harness/sessions/rep04/stage/run_case.sh #!/bin/bash
  # run_case.sh <sid> <pressure_Pa> <ninit> <nprod> <tag>
      2026-08-29T10:56:15  REPO    the study repository
          Bash: cd /Users/jihankim/replicate-study/harness/sessions/rep04/stage && scp -q run_case.sh dirac-bei:/home1/users/Bei/ws/rep04/bin/ && ssh dirac-
      2026-08-29T10:57:13  REPO    the study repository
          Write: /Users/jihankim/replicate-study/harness/sessions/rep04/stage/log_append_1.md 
  ## 2026-08-29 19:56 — first error, found and corrected on the 
      2026-08-29T10:57:42  REPO    the study repository
          Write: /Users/jihankim/replicate-study/harness/sessions/rep04/stage/digest_bench.py #!/usr/bin/env python3
  """Compact digest of the cost-model benc
      2026-08-29T10:58:56  REPO    the study repository
          Write: /Users/jihankim/replicate-study/harness/sessions/rep04/stage/rank.py #!/usr/bin/env python3
  """Merge the descriptor sweep with the structure
      2026-08-29T10:59:00  REPO    the study repository
          Bash: cd /Users/jihankim/replicate-study/harness/sessions/rep04/stage && scp -q rank.py dirac-bei:/home1/users/Bei/ws/rep04/bin/ && ssh dirac-bei 
      2026-08-29T11:08:36  REPO    the study repository
          Write: /Users/jihankim/replicate-study/harness/sessions/rep04/stage/chain1.sh #!/bin/bash
  # chain1.sh — runs detached on the login node.
  # Waits fo
      2026-08-29T11:11:14  REPO    the study repository
          Write: /Users/jihankim/replicate-study/harness/sessions/rep04/stage/STATE.md # STATE — current tasks and beliefs
  *(working memory; sufficient on it
      2026-08-29T11:20:28  REPO    the study repository
          Write: /Users/jihankim/replicate-study/harness/sessions/rep04/stage/fit.py #!/usr/bin/env python3
  """Calibrate and, more importantly, *test* the sc
      2026-08-29T12:18:04  REPO    the study repository
          Write: /Users/jihankim/replicate-study/harness/sessions/rep04/stage/log_append_2.md 
  ## 2026-08-29 21:12 — descriptor sweep complete, all 12,499 st
      2026-08-29T13:09:07  REPO    the study repository
          Write: /Users/jihankim/replicate-study/harness/sessions/rep04/stage/log_append_3.md 
  ## 2026-08-29 21:30-22:20 — cost model and grid validation, ta
      2026-08-29T13:49:25  REPO    the study repository
          Write: /Users/jihankim/replicate-study/harness/sessions/rep04/stage/STATE.md # STATE — current tasks and beliefs
  *(working memory; sufficient on it
      2026-08-29T14:18:58  REPO    the study repository
          Write: /Users/jihankim/replicate-study/harness/sessions/rep04/stage/log_append_4.md 
  ## 2026-08-29 23:25 — protocol verification against RASPA's ow
  [audit] rep05: 130 tool calls, 0 finding(s)
  [audit] rep06: 313 tool calls, 0 finding(s)
  [audit] rep07: 142 tool calls, 0 finding(s)
  [audit] rep08: 141 tool calls, 0 finding(s)
  [audit] rep09: 140 tool calls, 24 finding(s)
      2026-08-29T10:50:31  REPO    the study repository
          Write: /Users/jihankim/replicate-study/harness/sessions/rep09/_stage/LOG_append_1.md 
  ## 2026-08-29 (launch +0h) — setup and toolchain verification
      2026-08-29T10:50:37  REPO    the study repository
          Bash: cd /Users/jihankim/replicate-study/harness/sessions/rep09/_stage && scp -q LOG_append_1.md dirac-bei:/home1/users/Bei/ws/rep09/scratch/ && s
      2026-08-29T10:52:32  REPO    the study repository
          Write: /Users/jihankim/replicate-study/harness/sessions/rep09/_stage/geom.py """Geometric pore descriptors on a fractional grid, one structure at a
      2026-08-29T10:58:57  REPO    the study repository
          Write: /Users/jihankim/replicate-study/harness/sessions/rep09/_stage/mkjobs.py """Build interleaved task chunks and PBS scripts for a GCMC wave.
  
  U
      2026-08-29T11:00:06  REPO    the study repository
          Write: /Users/jihankim/replicate-study/harness/sessions/rep09/_stage/status.sh #!/bin/bash
  # One-line-per-topic campaign status. Never dumps raw ou
      2026-08-29T11:00:30  REPO    the study repository
          Write: /Users/jihankim/replicate-study/harness/sessions/rep09/_stage/STATE.md # STATE — current beliefs and open tasks
  
  *(Self-sufficient: this fil
      2026-08-29T11:00:53  REPO    the study repository
          Write: /Users/jihankim/replicate-study/harness/sessions/rep09/_stage/LOG_append_2.md 
  ## 2026-08-29 (launch +1.5h) — the screening proxy failed its
      2026-08-29T11:03:29  REPO    the study repository
          Write: /Users/jihankim/replicate-study/harness/sessions/rep09/_stage/aggregate.py """Fold a wave's per-job CSVs into one compact table and print a 
      2026-08-29T11:06:43  REPO    the study repository
          Write: /Users/jihankim/replicate-study/harness/sessions/rep09/_stage/LOG_append_3.md 
  ## 2026-08-29 20:15 (launch +0.6h) — queue contention, screen
      2026-08-29T11:07:20  REPO    the study repository
          Write: /Users/jihankim/replicate-study/harness/sessions/rep09/_stage/STATE.md # STATE — current beliefs and open tasks
  
  *(Self-sufficient: this fil
      2026-08-29T11:07:33  REPO    the study repository
          Bash: cd /Users/jihankim/replicate-study/harness/sessions/rep09/_stage && scp -q LOG_append_3.md STATE.md dirac-bei:/home1/users/Bei/ws/rep09/scra
      2026-08-29T11:08:41  REPO    the study repository
          Write: /Users/jihankim/replicate-study/harness/sessions/rep09/_stage/autopilot.sh #!/bin/bash
  # Keeps the Tier-1 screen alive without a live sessio
      2026-08-29T11:08:47  REPO    the study repository
          Write: /Users/jihankim/replicate-study/harness/sessions/rep09/_stage/remaining.py """Print how many points of jobs/<wave>_<k>.tasks are not yet rec
      2026-08-29T11:08:51  REPO    the study repository
          Bash: cd /Users/jihankim/replicate-study/harness/sessions/rep09/_stage && scp -q autopilot.sh remaining.py dirac-bei:/home1/users/Bei/ws/rep09/bin
      2026-08-29T11:37:38  REPO    the study repository
          Write: /Users/jihankim/replicate-study/harness/sessions/rep09/_stage/rank.py """Add framework density to the manifest and reorder the s1 task files
      2026-08-29T11:38:18  REPO    the study repository
          Write: /Users/jihankim/replicate-study/harness/sessions/rep09/_stage/LOG_append_5.md 
  ## 2026-08-29 20:40 (launch +1.0h) — screen calibrated agains
      2026-08-29T11:48:02  REPO    the study repository
          Write: /Users/jihankim/replicate-study/harness/sessions/rep09/_stage/autopilot.sh #!/bin/bash
  # Keeps a wave alive without a live session.
  #
  # Bug 
      2026-08-29T11:53:32  REPO    the study repository
          Write: /Users/jihankim/replicate-study/harness/sessions/rep09/_stage/census.sh #!/bin/bash
  # Every live rep09 job, one full name per line: queued i
      2026-08-29T11:53:41  REPO    the study repository
          Write: /Users/jihankim/replicate-study/harness/sessions/rep09/_stage/autopilot.sh #!/bin/bash
  # Keeps a wave alive without a live session.
  #
  # Bug 
      2026-08-29T12:25:06  REPO    the study repository
          Write: /Users/jihankim/replicate-study/harness/sessions/rep09/_stage/STATE.md # STATE — current beliefs and open tasks
  
  *(Self-sufficient: this fil
      2026-08-29T13:35:39  REPO    the study repository
          Write: /Users/jihankim/replicate-study/harness/sessions/rep09/_stage/run_batch.py """Execute a task list of GCMC points with a process pool; append
      2026-08-29T13:35:55  REPO    the study repository
          Bash: cd /Users/jihankim/replicate-study/harness/sessions/rep09/_stage && scp -q run_batch.py dirac-bei:/home1/users/Bei/ws/rep09/bin/ && cat > lo
      2026-08-29T13:38:00  REPO    the study repository
          Write: /Users/jihankim/replicate-study/harness/sessions/rep09/_stage/modify.py """Charge-balanced defunctionalisation of database structures.
  
  Char
      2026-08-29T13:39:24  REPO    the study repository
          Write: /Users/jihankim/replicate-study/harness/sessions/rep09/_stage/select.py """Summarise the Tier-1 screen and emit candidate id lists for later
  [audit] rep10: 160 tool calls, 0 finding(s)
  [audit] rep11: 113 tool calls, 0 finding(s)
  [audit] rep12: 148 tool calls, 38 finding(s)
      2026-08-29T11:42:46  SUPER   the supervisor's cluster home
          Bash: ssh dirac-bei 'ls -la /home/users/Bei/ 2>/dev/null | head -30; echo "--- find qas ---"; find /home/users/Bei /home1/users/Bei -maxdepth 3 -n
      2026-08-29T11:42:50  SUPER   the supervisor's cluster home
          Bash: ssh dirac-bei 'ls /home/users/Bei/bei /home/users/Bei/.local /home/users/Bei/.local/* 2>/dev/null | head -40; echo "=== scripts ==="; ls /ho
      2026-08-29T11:42:54  SUPER   the supervisor's cluster home
          Bash: ssh dirac-bei 'find /home/users/Bei/bei -maxdepth 3 2>/dev/null | head -40' Explore bei cluster dir
      2026-08-29T11:43:00  SUPER   the supervisor's cluster home
          Bash: ssh dirac-bei 'cat /home/users/Bei/bei/cluster/verify-gcmc.pbs; echo "=== SIM INPUT p65 ==="; cat /home/users/Bei/bei/verify/2021_Cu__sql_2_
      2026-08-29T11:45:20  SUPER   the supervisor's cluster home
          Bash: ssh dirac-bei 'cd /home/users/Bei/bei/verify/2021_Cu__sql_2_ASR_6__p65 && head -30 2021_Cu__sql_2_ASR_6.cif && echo "=== OUT ===" && ls Outp
      2026-08-29T11:45:26  SUPER   the supervisor's cluster home
          Bash: ssh dirac-bei 'cd /home/users/Bei/bei/verify/2021_Cu__sql_2_ASR_6__p65 && f=$(ls Output/System_0/output_*.data|head -1) && sed -n "520,560p"
      2026-08-29T11:45:41  SUPER   the supervisor's cluster home
          Bash: ssh dirac-bei 'cd /home/users/Bei/bei/verify/2021_Cu__sql_2_ASR_6__p65 && f=$(ls Output/System_0/output_*.data|head -1) && grep -E "^ +(Cu|C
      2026-08-29T11:47:10  SUPER   the supervisor's cluster home
          Bash: ssh dirac-bei 'cd /home1/users/Bei/ws/rep12 && mkdir -p bin desc tables pbs runs logs && git init -q 2>/dev/null; git config user.name "rep1
      2026-08-29T11:48:01  REPO    the study repository
          Bash: mkdir -p /Users/jihankim/replicate-study/harness/sessions/rep12/stage/bin && echo ok Create local staging dir
      2026-08-29T11:48:37  REPO    the study repository
          Write: /Users/jihankim/replicate-study/harness/sessions/rep12/stage/bin/mofcore.py """Core CIF parsing + UFF/TraPPE descriptor engine (rep12).
  
  For
      2026-08-29T11:49:16  REPO    the study repository
          Write: /Users/jihankim/replicate-study/harness/sessions/rep12/stage/bin/descsweep.py """Descriptor sweep over a shard of the database.
  
  usage: desc
      2026-08-29T11:49:23  REPO    the study repository
          Bash: cd /Users/jihankim/replicate-study/harness/sessions/rep12/stage && scp -q bin/mofcore.py bin/descsweep.py dirac-bei:/home1/users/Bei/ws/rep1
      2026-08-29T11:50:32  REPO    the study repository
          Write: /Users/jihankim/replicate-study/harness/sessions/rep12/stage/bin/mkinput.py """Build a RASPA GCMC job directory for one (structure, pressure
      2026-08-29T11:50:46  REPO    the study repository
          Write: /Users/jihankim/replicate-study/harness/sessions/rep12/stage/bin/runbatch.sh #!/bin/bash
  # Run a shard of a GCMC task list.  One RASPA proce
      2026-08-29T11:50:58  REPO    the study repository
          Write: /Users/jihankim/replicate-study/harness/sessions/rep12/stage/bin/extract.py """Pull the reported quantities out of one RASPA output file int
      2026-08-29T11:51:18  REPO    the study repository
          Write: /Users/jihankim/replicate-study/harness/sessions/rep12/stage/bin/submit.py """Split a task list into N PBS jobs and submit them with qas.
  
  u
      2026-08-29T11:51:29  REPO    the study repository
          Write: /Users/jihankim/replicate-study/harness/sessions/rep12/stage/bin/subdesc.py """Submit the whole-database descriptor sweep as njobs x ppn pyt
      2026-08-29T11:52:33  REPO    the study repository
          Write: /Users/jihankim/replicate-study/harness/sessions/rep12/stage/STATE.md # STATE — rep12 working memory
  
  *Updated: 2026-08-29 21:00 KST*
  
  ## Fi
      2026-08-29T11:53:05  REPO    the study repository
          Write: /Users/jihankim/replicate-study/harness/sessions/rep12/stage/LOG.md # LOG — append-only narrative
  
  ## 2026-08-29 20:42 KST — launch
  
  Read CH
      2026-08-29T11:55:48  REPO    the study repository
          Write: /Users/jihankim/replicate-study/harness/sessions/rep12/stage/bin/elemcheck.py """G4(b)(i) mechanical check: does RASPA's auto-created pseudo
      2026-08-29T11:57:19  REPO    the study repository
          Write: /Users/jihankim/replicate-study/harness/sessions/rep12/stage/bin/subdesc.py """Submit part of the whole-database descriptor sweep.
  
  usage: s
      2026-08-29T11:57:54  REPO    the study repository
          Write: /Users/jihankim/replicate-study/harness/sessions/rep12/stage/bin/status.sh #!/bin/bash
  # One-line-per-item campaign status.  Charter s4: nev
      2026-08-29T11:58:23  REPO    the study repository
          Write: /Users/jihankim/replicate-study/harness/sessions/rep12/stage/bin/rank.py """Merge descriptor shards, apply the G3 pre-simulation screen, and
      2026-08-29T11:59:35  REPO    the study repository
          Write: /Users/jihankim/replicate-study/harness/sessions/rep12/stage/bin/audit.py """Append gate events to AUDIT.jsonl in the schema of AUDIT_SCHEMA
      2026-08-29T11:59:48  REPO    the study repository
          Write: /Users/jihankim/replicate-study/harness/sessions/rep12/stage/bin/charges.py """Charge-balance leg of gate G3, over the whole database.
  
  Ever
      2026-08-29T12:03:55  REPO    the study repository
          Write: /Users/jihankim/replicate-study/harness/sessions/rep12/stage/bin/collect.py """Collapse per-worker GCMC result CSVs into one structure-level
      2026-08-29T12:04:21  REPO    the study repository
          Write: /Users/jihankim/replicate-study/harness/sessions/rep12/stage/bin/wave.py """Choose the next GCMC wave and write its task list.
  
  Selection ha
      2026-08-29T12:05:41  REPO    the study repository
          Write: /Users/jihankim/replicate-study/harness/sessions/rep12/stage/STATE.md # STATE — rep12 working memory
  
  *Updated: 2026-08-29 22:30 KST*
  
  ## Fi
      2026-08-29T12:06:03  SUPER   the supervisor's cluster home
          Bash: cat > /tmp/log2.md <<'EOF'
  
  ## 2026-08-29 22:00 — the cluster is saturated, and how the scheduler decides
  
  An hour after submission not one 
      2026-08-29T12:18:19  REPO    the study repository
          Write: /Users/jihankim/replicate-study/harness/sessions/rep12/stage/bin/claim.py """Emit claim-grade (10,000 + 50,000) and G6-reproduction task lis
      2026-08-29T12:40:05  REPO    the study repository
          Bash: scp -q /Users/jihankim/replicate-study/harness/sessions/rep12/stage/STATE.md dirac-bei:/home1/users/Bei/ws/rep12/ 2>/dev/null; cat > /tmp/lo
      2026-08-29T13:37:15  REPO    the study repository
          Bash: cd /Users/jihankim/replicate-study/harness/sessions/rep12/stage && python3 - <<'PYEOF'
  p='bin/mkinput.py'
  s=open(p).read()
  s=s.replace('''GR
      2026-08-29T13:49:27  REPO    the study repository
          Write: /Users/jihankim/replicate-study/harness/sessions/rep12/stage/bin/qworker.sh #!/bin/bash
  # Pull-based GCMC worker.
  #
  # usage: qworker.sh <que
      2026-08-29T13:49:48  REPO    the study repository
          Write: /Users/jihankim/replicate-study/harness/sessions/rep12/stage/bin/repurpose.py """Rewrite the body of an already-queued PBS file, keeping its
      2026-08-29T13:49:58  REPO    the study repository
          Write: /Users/jihankim/replicate-study/harness/sessions/rep12/stage/bin/coarse.py """Fast reduced-precision descriptor pass, for seeding the first 
      2026-08-29T14:16:35  REPO    the study repository
          Write: /Users/jihankim/replicate-study/harness/sessions/rep12/stage/bin/rank.py """Merge descriptor shards, apply the G3 pre-simulation screen, ran
      2026-08-29T14:42:50  REPO    the study repository
          Write: /Users/jihankim/replicate-study/harness/sessions/rep12/stage/bin/mkqueue.py """Write work/queue.txt: the ordered list of GCMC tasks workers 
      2026-08-29T14:43:48  REPO    the study repository
          Write: /Users/jihankim/replicate-study/harness/sessions/rep12/stage/STATE.md # STATE — rep12 working memory
  
  *Updated: 2026-08-29 23:45 KST (T+3.0 
  [audit] rep13: 151 tool calls, 0 finding(s)
  [audit] rep15: 172 tool calls, 0 finding(s)
  [audit] rep16: 165 tool calls, 1 finding(s)
      2026-08-29T11:43:20  WSROOT  the shared workspace root
          Bash: ssh dirac-bei 'ls /home1/users/Bei/ws/ ; ls /home1/users/Bei/ ; find /home1/users/Bei -maxdepth 2 -name "qas*" 2>/dev/null; ls /home1/users/
  [audit] rep17: 91 tool calls, 0 finding(s)
  [audit] s01: 305 tool calls, 0 finding(s)
  [audit] s02: 201 tool calls, 0 finding(s)
    rep01: session=up transcript_age=0.7min (deciding) heartbeat_age=7min (reported only) restarts=0/3
    rep02: session=up transcript_age=0.7min (deciding) heartbeat_age=3min (reported only) restarts=0/3
    rep03: session=up transcript_age=0.6min (deciding) heartbeat_age=7min (reported only) restarts=0/3
    rep04: session=up transcript_age=0.6min (deciding) heartbeat_age=2min (reported only) restarts=0/3
    rep05: session=up transcript_age=0.6min (deciding) heartbeat_age=5min (reported only) restarts=0/3
    rep06: session=DOWN transcript_age=134.1min (deciding) heartbeat_age=135min (reported only) restarts=3/3
       !! restart cap reached -- left DOWN deliberately, notify the PI
    rep07: session=up transcript_age=0.5min (deciding) heartbeat_age=7min (reported only) restarts=0/3
    rep08: session=up transcript_age=0.5min (deciding) heartbeat_age=1min (reported only) restarts=0/3
    rep09: session=up transcript_age=0.5min (deciding) heartbeat_age=0min (reported only) restarts=0/3
    rep10: session=up transcript_age=0.4min (deciding) heartbeat_age=8min (reported only) restarts=0/3
    rep11: session=up transcript_age=0.4min (deciding) heartbeat_age=6min (reported only) restarts=0/3
    rep12: session=up transcript_age=0.4min (deciding) heartbeat_age=6min (reported only) restarts=0/3
    rep13: session=up transcript_age=0.3min (deciding) heartbeat_age=4min (reported only) restarts=0/3
    rep15: session=up transcript_age=0.3min (deciding) heartbeat_age=8min (reported only) restarts=0/3
    rep16: session=up transcript_age=0.3min (deciding) heartbeat_age=3min (reported only) restarts=0/3
    rep17: session=up transcript_age=0.3min (deciding) heartbeat_age=3min (reported only) restarts=0/3
    s01: session=DOWN transcript_age=589.6min (deciding) heartbeat_age=99999min (reported only) restarts=3/3
       !! restart cap reached -- left DOWN deliberately, notify the PI
    s02: session=DOWN transcript_age=589.6min (deciding) heartbeat_age=99999min (reported only) restarts=3/3
       !! restart cap reached -- left DOWN deliberately, notify the PI
  --- escalations ---
  [escalate] 23 awaiting a human answer (cadence: 09:00, 21:00 KST)
      s01   infra     waiting  30.07 h  job exited 0 with no output
      rep01 charter   waiting   8.61 h  Appendix A G3 note says the least dense entry in this da
      rep01 charter   waiting   8.61 h  G3 requires a He void fraction for every structure enter
      rep01 infra     waiting   8.61 h  SimulationType MakeGrid in the provided RASPA 2.0.37 bui
  --- shared-queue depth (crowding covariate, Flag I) ---
  [queue-depth] 2026-08-29 23:51 KST  queue R=174 Q=2 across 4 users | study R=27 Q=2 (15.5% of running) | others waiting=0
  --- mechanical divergence panel ---
  [divergence] STATUS.md panel refreshed  -- not collected this cycle: s01 (None), s02 (None)
=========== poll 2026-08-29T21:48:27Z ===========
[harvest] rep01: 4 job(s) left the queue, 476.772 CPU-h banked
[meter-compute] rep01: cpu_h_scheduler=554.133 queued_jobs=0 (running=0.000h finished=554.133h)
[harvest] rep02: nothing newly finished (3 tracked)
[meter-compute] rep02: cpu_h_scheduler=74.73 queued_jobs=3 (running=74.730h finished=0.000h)
[harvest] rep03: nothing newly finished (4 tracked)
[meter-compute] rep03: cpu_h_scheduler=4.085 queued_jobs=4 (running=4.085h finished=0.000h)
[harvest] rep04: nothing newly finished (5 tracked)
[meter-compute] rep04: cpu_h_scheduler=29.027 queued_jobs=5 (running=11.418h finished=17.610h)
[harvest] rep05: nothing newly finished (0 tracked)
[meter-compute] rep05: cpu_h_scheduler=0.0 queued_jobs=0 (running=0.000h finished=0.000h)
[harvest] rep06: nothing newly finished (9 tracked)
[meter-compute] rep06: cpu_h_scheduler=84.128 queued_jobs=9 (running=84.128h finished=0.000h)
[harvest] rep07: nothing newly finished (10 tracked)
[meter-compute] rep07: cpu_h_scheduler=215.681 queued_jobs=10 (running=215.681h finished=0.000h)
[harvest] rep08: nothing newly finished (2 tracked)
[meter-compute] rep08: cpu_h_scheduler=5.088 queued_jobs=2 (running=5.088h finished=0.000h)
[harvest] rep09: 6 job(s) left the queue, 103.677 CPU-h banked
[meter-compute] rep09: cpu_h_scheduler=146.47 queued_jobs=1 (running=42.792h finished=103.677h)
[harvest] rep10: nothing newly finished (6 tracked)
[meter-compute] rep10: cpu_h_scheduler=23.224 queued_jobs=6 (running=23.224h finished=0.000h)
[harvest] rep11: nothing newly finished (1 tracked)
[meter-compute] rep11: cpu_h_scheduler=7.465 queued_jobs=1 (running=7.465h finished=0.000h)
[harvest] rep12: nothing newly finished (4 tracked)
[meter-compute] rep12: cpu_h_scheduler=36.764 queued_jobs=4 (running=36.764h finished=0.000h)
[harvest] rep13: nothing newly finished (1 tracked)
[meter-compute] rep13: cpu_h_scheduler=18.029 queued_jobs=1 (running=18.029h finished=0.000h)
[harvest] rep15: nothing newly finished (6 tracked)
[meter-compute] rep15: cpu_h_scheduler=47.302 queued_jobs=6 (running=47.302h finished=0.000h)
[harvest] rep16: nothing newly finished (12 tracked)
[meter-compute] rep16: cpu_h_scheduler=98.252 queued_jobs=12 (running=98.252h finished=0.000h)
[harvest] rep17: 10 job(s) left the queue, 84.953 CPU-h banked
[meter-compute] rep17: cpu_h_scheduler=113.476 queued_jobs=11 (running=0.000h finished=113.476h)
[harvest] s01: nothing newly finished (0 tracked)
  [harvest] s01 unreachable
  [meter-compute] s01 unreachable
[harvest] s02: nothing newly finished (0 tracked)
  [harvest] s02 unreachable
  [meter-compute] s02 unreachable
usage.json -> {'cpu_h_scheduler': 554.133, 'queued_jobs': 0, 'tokens': 1049857}
usage.json -> {'cpu_h_scheduler': 74.73, 'queued_jobs': 3, 'tokens': 1271813}
usage.json -> {'cpu_h_scheduler': 4.085, 'queued_jobs': 4, 'tokens': 598417}
usage.json -> {'cpu_h_scheduler': 29.027, 'queued_jobs': 5, 'tokens': 886474}
usage.json -> {'cpu_h_scheduler': 0.0, 'queued_jobs': 0, 'tokens': 1216551}
usage.json -> {'cpu_h_scheduler': 84.128, 'queued_jobs': 9, 'tokens': 4277733}
usage.json -> {'cpu_h_scheduler': 215.681, 'queued_jobs': 10, 'tokens': 2243377}
usage.json -> {'cpu_h_scheduler': 5.088, 'queued_jobs': 2, 'tokens': 1292490}
usage.json -> {'cpu_h_scheduler': 146.47, 'queued_jobs': 1, 'tokens': 1407106}
usage.json -> {'cpu_h_scheduler': 23.224, 'queued_jobs': 6, 'tokens': 806613}
usage.json -> {'cpu_h_scheduler': 7.465, 'queued_jobs': 1, 'tokens': 1134591}
usage.json -> {'cpu_h_scheduler': 36.764, 'queued_jobs': 4, 'tokens': 1357511}
usage.json -> {'cpu_h_scheduler': 18.029, 'queued_jobs': 1, 'tokens': 1070163}
usage.json -> {'cpu_h_scheduler': 47.302, 'queued_jobs': 6, 'tokens': 2203805}
usage.json -> {'cpu_h_scheduler': 98.252, 'queued_jobs': 12, 'tokens': 2473731}
usage.json -> {'cpu_h_scheduler': 113.476, 'queued_jobs': 11, 'tokens': 722852}
  [meter-tokens] s01: metering failed
  [meter-tokens] s02: metering failed
  --- replicate escalations ---
  [escalate] rep01: 0 new escalation(s)
  [escalate] rep02: 0 new escalation(s)
  [escalate] rep03: 0 new escalation(s)
  [escalate] rep04: 0 new escalation(s)
  [escalate] rep05: 0 new escalation(s)
  [escalate] rep06: 0 new escalation(s)
  [escalate] rep07: 0 new escalation(s)
  [escalate] rep08: 0 new escalation(s)
  [escalate] rep09: 0 new escalation(s)
  [escalate] rep10: 0 new escalation(s)
  [escalate] rep11: 0 new escalation(s)
  [escalate] rep12: 0 new escalation(s)
  [escalate] rep13: 0 new escalation(s)
  [escalate] rep15: 0 new escalation(s)
  [escalate] rep16: 0 new escalation(s)
  [escalate] rep17: 1 new escalation(s)
      infra       -> queued_for_repair  usage.json cpu_h_scheduler has been frozen at 113.476 since 
      !! 1 awaiting a human action (repair or PI ruling)
    [escalate] rep17: inbox updated on the cluster
    [escalate] s01: workspace unreachable
  [escalate] s01: could not read workspace
    [escalate] s02: workspace unreachable
  [escalate] s02: could not read workspace
  [rep01 usage] {"cpu_h_scheduler": 554.133, "queued_jobs": 0, "tokens": 1049857}  [rep02 usage] {"cpu_h_scheduler": 74.73, "queued_jobs": 3, "tokens": 1271813}  [rep03 usage] {"cpu_h_scheduler": 4.085, "queued_jobs": 4, "tokens": 598417}  [rep04 usage] {"cpu_h_scheduler": 29.027, "queued_jobs": 5, "tokens": 886474}  [rep05 usage] {"cpu_h_scheduler": 0.0, "queued_jobs": 0, "tokens": 1216551}  [rep06 usage] {"cpu_h_scheduler": 84.128, "queued_jobs": 9, "tokens": 4277733}  [rep07 usage] {"cpu_h_scheduler": 215.681, "queued_jobs": 10, "tokens": 2243377}  [rep08 usage] {"cpu_h_scheduler": 5.088, "queued_jobs": 2, "tokens": 1292490}  [rep09 usage] {"cpu_h_scheduler": 146.47, "queued_jobs": 1, "tokens": 1407106}  [rep10 usage] {"cpu_h_scheduler": 23.224, "queued_jobs": 6, "tokens": 806613}  [rep11 usage] {"cpu_h_scheduler": 7.465, "queued_jobs": 1, "tokens": 1134591}  [rep12 usage] {"cpu_h_scheduler": 36.764, "queued_jobs": 4, "tokens": 1357511}  [rep13 usage] {"cpu_h_scheduler": 18.029, "queued_jobs": 1, "tokens": 1070163}  [rep15 usage] {"cpu_h_scheduler": 47.302, "queued_jobs": 6, "tokens": 2203805}  [rep16 usage] {"cpu_h_scheduler": 98.252, "queued_jobs": 12, "tokens": 2473731}  [rep17 usage] {"cpu_h_scheduler": 113.476, "queued_jobs": 11, "tokens": 722852}  --- watchdog (charter section 4: budgets, liveness) ---
  [watchdog] rep01  T-151.4h  liveness=alive  poll=30min bound=+6.0CPU-h (0.37%)
      compute      0.0 / 1610  (0.0%)  UNACCOUNTED
                   0 jobs running, ~554.1 CPU-h unaccounted; displayed total ~554.133 CPU-h (stop evaluates on finished-job CPU-h (validated))
      tokens       1049857 / 32000000  (3.3%)  OK
      spend_usd    62.7259 / 280.0  (22.4%)  OK
      isolation    NOT AUDITED HERE (remote bridge; see audit_transcript.py)
  [watchdog] rep02  T-156.9h  liveness=alive  poll=30min bound=+6.0CPU-h (0.37%)
      compute      0.0 / 1610  (0.0%)  UNACCOUNTED
                   3 jobs running, ~74.7 CPU-h unaccounted; displayed total ~74.73 CPU-h (stop evaluates on finished-job CPU-h (validated))
      tokens       1271813 / 32000000  (4.0%)  OK
      spend_usd    30.4762 / 280.0  (10.9%)  OK
      isolation    NOT AUDITED HERE (remote bridge; see audit_transcript.py)
  [watchdog] rep03  T-156.9h  liveness=alive  poll=30min bound=+6.0CPU-h (0.37%)
      compute      0.0 / 1610  (0.0%)  UNACCOUNTED
                   4 jobs running, ~4.1 CPU-h unaccounted; displayed total ~4.085 CPU-h (stop evaluates on finished-job CPU-h (validated))
      tokens       598417 / 32000000  (1.9%)  OK
      spend_usd    20.3019 / 280.0  (7.2%)  OK
      isolation    NOT AUDITED HERE (remote bridge; see audit_transcript.py)
  [watchdog] rep04  T-156.9h  liveness=alive  poll=30min bound=+6.0CPU-h (0.37%)
      compute      0.0 / 1610  (0.0%)  UNACCOUNTED
                   5 jobs running, ~29.0 CPU-h unaccounted; displayed total ~29.027 CPU-h (stop evaluates on finished-job CPU-h (validated))
      tokens       886474 / 32000000  (2.8%)  OK
      spend_usd    26.0896 / 280.0  (9.3%)  OK
      isolation    NOT AUDITED HERE (remote bridge; see audit_transcript.py)
  [watchdog] rep05  T-156.8h  liveness=alive  poll=30min bound=+6.0CPU-h (0.37%)
      compute      0.0 / 1610  (0.0%)  UNACCOUNTED
                   0 jobs running, ~0.0 CPU-h unaccounted; displayed total ~0.0 CPU-h (stop evaluates on finished-job CPU-h (validated))
      tokens       1216551 / 32000000  (3.8%)  OK
      spend_usd    31.2404 / 280.0  (11.2%)  OK
      isolation    NOT AUDITED HERE (remote bridge; see audit_transcript.py)
  [watchdog] rep06  T-156.8h  liveness=stale  poll=30min bound=+6.0CPU-h (0.37%)
      compute      0.0 / 1610  (0.0%)  UNACCOUNTED
                   9 jobs running, ~84.1 CPU-h unaccounted; displayed total ~84.128 CPU-h (stop evaluates on finished-job CPU-h (validated))
      tokens       4277733 / 32000000  (13.4%)  OK
      spend_usd    99.0334 / 280.0  (35.4%)  OK
      isolation    NOT AUDITED HERE (remote bridge; see audit_transcript.py)
  [watchdog] rep06: notice delivered to the cluster inbox
  [watchdog] rep07  T-156.8h  liveness=alive  poll=30min bound=+6.0CPU-h (0.37%)
      compute      0.0 / 1610  (0.0%)  UNACCOUNTED
                   10 jobs running, ~215.7 CPU-h unaccounted; displayed total ~215.681 CPU-h (stop evaluates on finished-job CPU-h (validated))
      tokens       2243377 / 32000000  (7.0%)  OK
      spend_usd    47.6763 / 280.0  (17.0%)  OK
      isolation    NOT AUDITED HERE (remote bridge; see audit_transcript.py)
  [watchdog] rep08  T-156.9h  liveness=alive  poll=30min bound=+6.0CPU-h (0.37%)
      compute      0.0 / 1610  (0.0%)  UNACCOUNTED
                   2 jobs running, ~5.1 CPU-h unaccounted; displayed total ~5.088 CPU-h (stop evaluates on finished-job CPU-h (validated))
      tokens       1292490 / 32000000  (4.0%)  OK
      spend_usd    36.9051 / 280.0  (13.2%)  OK
      isolation    NOT AUDITED HERE (remote bridge; see audit_transcript.py)
  [watchdog] rep09  T-156.9h  liveness=alive  poll=30min bound=+6.0CPU-h (0.37%)
      compute      0.0 / 1610  (0.0%)  UNACCOUNTED
                   1 jobs running, ~146.5 CPU-h unaccounted; displayed total ~146.47 CPU-h (stop evaluates on finished-job CPU-h (validated))
      tokens       1407106 / 32000000  (4.4%)  OK
      spend_usd    35.9059 / 280.0  (12.8%)  OK
      isolation    NOT AUDITED HERE (remote bridge; see audit_transcript.py)
  [watchdog] rep10  T-157.9h  liveness=alive  poll=30min bound=+6.0CPU-h (0.37%)
      compute      0.0 / 1610  (0.0%)  UNACCOUNTED
                   6 jobs running, ~23.2 CPU-h unaccounted; displayed total ~23.224 CPU-h (stop evaluates on finished-job CPU-h (validated))
      tokens       806613 / 32000000  (2.5%)  OK
      spend_usd    39.5798 / 280.0  (14.1%)  OK
      isolation    NOT AUDITED HERE (remote bridge; see audit_transcript.py)
  [watchdog] rep11  T-157.9h  liveness=alive  poll=30min bound=+6.0CPU-h (0.37%)
      compute      0.0 / 1610  (0.0%)  UNACCOUNTED
                   1 jobs running, ~7.5 CPU-h unaccounted; displayed total ~7.465 CPU-h (stop evaluates on finished-job CPU-h (validated))
      tokens       1134591 / 32000000  (3.5%)  OK
      spend_usd    29.7854 / 280.0  (10.6%)  OK
      isolation    NOT AUDITED HERE (remote bridge; see audit_transcript.py)
  [watchdog] rep12  T-157.9h  liveness=alive  poll=30min bound=+6.0CPU-h (0.37%)
      compute      0.0 / 1610  (0.0%)  UNACCOUNTED
                   4 jobs running, ~36.8 CPU-h unaccounted; displayed total ~36.764 CPU-h (stop evaluates on finished-job CPU-h (validated))
      tokens       1357511 / 32000000  (4.2%)  OK
      spend_usd    35.8882 / 280.0  (12.8%)  OK
      isolation    NOT AUDITED HERE (remote bridge; see audit_transcript.py)
  [watchdog] rep13  T-157.9h  liveness=alive  poll=30min bound=+6.0CPU-h (0.37%)
      compute      0.0 / 1610  (0.0%)  UNACCOUNTED
                   1 jobs running, ~18.0 CPU-h unaccounted; displayed total ~18.029 CPU-h (stop evaluates on finished-job CPU-h (validated))
      tokens       1070163 / 32000000  (3.3%)  OK
      spend_usd    32.4554 / 280.0  (11.6%)  OK
      isolation    NOT AUDITED HERE (remote bridge; see audit_transcript.py)
  [watchdog] rep15  T-157.9h  liveness=alive  poll=30min bound=+6.0CPU-h (0.37%)
      compute      0.0 / 1610  (0.0%)  UNACCOUNTED
                   6 jobs running, ~47.3 CPU-h unaccounted; displayed total ~47.302 CPU-h (stop evaluates on finished-job CPU-h (validated))
      tokens       2203805 / 32000000  (6.9%)  OK
      spend_usd    45.3066 / 280.0  (16.2%)  OK
      isolation    NOT AUDITED HERE (remote bridge; see audit_transcript.py)
  [watchdog] rep16  T-157.9h  liveness=alive  poll=30min bound=+6.0CPU-h (0.37%)
      compute      0.0 / 1610  (0.0%)  UNACCOUNTED
                   12 jobs running, ~98.3 CPU-h unaccounted; displayed total ~98.252 CPU-h (stop evaluates on finished-job CPU-h (validated))
      tokens       2473731 / 32000000  (7.7%)  OK
      spend_usd    45.5288 / 280.0  (16.3%)  OK
      isolation    NOT AUDITED HERE (remote bridge; see audit_transcript.py)
  [watchdog] rep17  T-157.9h  liveness=alive  poll=30min bound=+6.0CPU-h (0.37%)
      compute      0.0 / 1610  (0.0%)  UNACCOUNTED
                   11 jobs running, ~113.5 CPU-h unaccounted; displayed total ~113.476 CPU-h (stop evaluates on finished-job CPU-h (validated))
      tokens       722852 / 32000000  (2.3%)  OK
      spend_usd    19.5635 / 280.0  (7.0%)  OK
      isolation    NOT AUDITED HERE (remote bridge; see audit_transcript.py)
  [watchdog] s01: workspace unreachable
  [watchdog] s02: workspace unreachable
  --- transcript audit (charter section 4) ---
  [audit] rep01: 285 tool calls, 1 finding(s)
      2026-08-29T05:36:56  SUPER   the supervisor's cluster home
          Bash: ssh dirac-bei 'find /home/users/Bei/RASPA -maxdepth 8 -newermt "-3 hours" 2>/dev/null | head -20; echo "--- tree ---"; find /home/users/Bei/
  [audit] rep02: 130 tool calls, 0 finding(s)
  [audit] rep03: 113 tool calls, 1 finding(s)
      2026-08-29T10:42:26  WSROOT  the shared workspace root
          Bash: ssh dirac-bei 'echo "--- find qas ---"; ls -la /usr/local/bin/ 2>/dev/null | head -30; find /home1/users/Bei -maxdepth 2 -name "qas*" 2>/dev
  [audit] rep04: 130 tool calls, 27 finding(s)
      2026-08-29T10:44:34  REPO    the study repository
          Write: /Users/jihankim/replicate-study/harness/sessions/rep04/stage/scan_db.py #!/usr/bin/env python3
  """Single pass over db/*.cif -> compact manif
      2026-08-29T10:44:39  REPO    the study repository
          Bash: cd /Users/jihankim/replicate-study/harness/sessions/rep04/stage && scp -q scan_db.py dirac-bei:/home1/users/Bei/ws/rep04/ && ssh dirac-bei '
      2026-08-29T10:45:39  REPO    the study repository
          Write: /Users/jihankim/replicate-study/harness/sessions/rep04/stage/prep_cif.py #!/usr/bin/env python3
  """Rewrite a db CIF into a RASPA-readable P1
      2026-08-29T10:47:18  REPO    the study repository
          Write: /Users/jihankim/replicate-study/harness/sessions/rep04/stage/run_case.sh #!/bin/bash
  # run_case.sh <sid> <pressure_Pa> <ninit> <nprod> <tag>
      2026-08-29T10:47:31  REPO    the study repository
          Write: /Users/jihankim/replicate-study/harness/sessions/rep04/stage/parse_out.py #!/usr/bin/env python3
  """Extract the numbers we need from a RASPA
      2026-08-29T10:48:03  REPO    the study repository
          Write: /Users/jihankim/replicate-study/harness/sessions/rep04/stage/mkjob.py #!/usr/bin/env python3
  """Emit a PBS script that runs a task list unde
      2026-08-29T10:50:43  REPO    the study repository
          Write: /Users/jihankim/replicate-study/harness/sessions/rep04/stage/descriptors.py #!/usr/bin/env python3
  """Cheap per-structure descriptors by Wid
      2026-08-29T10:52:22  REPO    the study repository
          Write: /Users/jihankim/replicate-study/harness/sessions/rep04/stage/mkjob.py #!/usr/bin/env python3
  """Emit a PBS script that runs a task list unde
      2026-08-29T10:52:57  REPO    the study repository
          Write: /Users/jihankim/replicate-study/harness/sessions/rep04/stage/STATE.md # STATE — current tasks and beliefs
  *(working memory; sufficient on it
      2026-08-29T10:53:28  REPO    the study repository
          Write: /Users/jihankim/replicate-study/harness/sessions/rep04/stage/LOG.md # LOG — append-only narrative
  
  ## 2026-08-29 19:41 KST — launch
  Read CHA
      2026-08-29T10:53:49  REPO    the study repository
          Write: /Users/jihankim/replicate-study/harness/sessions/rep04/stage/status.sh #!/bin/bash
  # One-line-per-fact campaign status.  Never dumps raw out
      2026-08-29T10:53:58  REPO    the study repository
          Write: /Users/jihankim/replicate-study/harness/sessions/rep04/stage/cpuh.py #!/usr/bin/env python3
  """Meter compute two ways and print one line.
  
  b
      2026-08-29T10:56:04  REPO    the study repository
          Write: /Users/jihankim/replicate-study/harness/sessions/rep04/stage/run_case.sh #!/bin/bash
  # run_case.sh <sid> <pressure_Pa> <ninit> <nprod> <tag>
      2026-08-29T10:56:15  REPO    the study repository
          Bash: cd /Users/jihankim/replicate-study/harness/sessions/rep04/stage && scp -q run_case.sh dirac-bei:/home1/users/Bei/ws/rep04/bin/ && ssh dirac-
      2026-08-29T10:57:13  REPO    the study repository
          Write: /Users/jihankim/replicate-study/harness/sessions/rep04/stage/log_append_1.md 
  ## 2026-08-29 19:56 — first error, found and corrected on the 
      2026-08-29T10:57:42  REPO    the study repository
          Write: /Users/jihankim/replicate-study/harness/sessions/rep04/stage/digest_bench.py #!/usr/bin/env python3
  """Compact digest of the cost-model benc
      2026-08-29T10:58:56  REPO    the study repository
          Write: /Users/jihankim/replicate-study/harness/sessions/rep04/stage/rank.py #!/usr/bin/env python3
  """Merge the descriptor sweep with the structure
      2026-08-29T10:59:00  REPO    the study repository
          Bash: cd /Users/jihankim/replicate-study/harness/sessions/rep04/stage && scp -q rank.py dirac-bei:/home1/users/Bei/ws/rep04/bin/ && ssh dirac-bei 
      2026-08-29T11:08:36  REPO    the study repository
          Write: /Users/jihankim/replicate-study/harness/sessions/rep04/stage/chain1.sh #!/bin/bash
  # chain1.sh — runs detached on the login node.
  # Waits fo
      2026-08-29T11:11:14  REPO    the study repository
          Write: /Users/jihankim/replicate-study/harness/sessions/rep04/stage/STATE.md # STATE — current tasks and beliefs
  *(working memory; sufficient on it
      2026-08-29T11:20:28  REPO    the study repository
          Write: /Users/jihankim/replicate-study/harness/sessions/rep04/stage/fit.py #!/usr/bin/env python3
  """Calibrate and, more importantly, *test* the sc
      2026-08-29T12:18:04  REPO    the study repository
          Write: /Users/jihankim/replicate-study/harness/sessions/rep04/stage/log_append_2.md 
  ## 2026-08-29 21:12 — descriptor sweep complete, all 12,499 st
      2026-08-29T13:09:07  REPO    the study repository
          Write: /Users/jihankim/replicate-study/harness/sessions/rep04/stage/log_append_3.md 
  ## 2026-08-29 21:30-22:20 — cost model and grid validation, ta
      2026-08-29T13:49:25  REPO    the study repository
          Write: /Users/jihankim/replicate-study/harness/sessions/rep04/stage/STATE.md # STATE — current tasks and beliefs
  *(working memory; sufficient on it
      2026-08-29T14:18:58  REPO    the study repository
          Write: /Users/jihankim/replicate-study/harness/sessions/rep04/stage/log_append_4.md 
  ## 2026-08-29 23:25 — protocol verification against RASPA's ow
      2026-08-29T21:44:04  REPO    the study repository
          Write: /Users/jihankim/replicate-study/harness/sessions/rep04/stage/lead.py #!/usr/bin/env python3
  """Leaderboard across every result file, keeping
      2026-08-29T21:44:10  REPO    the study repository
          Bash: cd /Users/jihankim/replicate-study/harness/sessions/rep04/stage && scp -q lead.py dirac-bei:/home1/users/Bei/ws/rep04/bin/ && ssh -n dirac-b
  [audit] rep05: 142 tool calls, 0 finding(s)
  [audit] rep06: 313 tool calls, 0 finding(s)
  [audit] rep07: 171 tool calls, 0 finding(s)
  [audit] rep08: 157 tool calls, 0 finding(s)
  [audit] rep09: 158 tool calls, 28 finding(s)
      2026-08-29T10:50:31  REPO    the study repository
          Write: /Users/jihankim/replicate-study/harness/sessions/rep09/_stage/LOG_append_1.md 
  ## 2026-08-29 (launch +0h) — setup and toolchain verification
      2026-08-29T10:50:37  REPO    the study repository
          Bash: cd /Users/jihankim/replicate-study/harness/sessions/rep09/_stage && scp -q LOG_append_1.md dirac-bei:/home1/users/Bei/ws/rep09/scratch/ && s
      2026-08-29T10:52:32  REPO    the study repository
          Write: /Users/jihankim/replicate-study/harness/sessions/rep09/_stage/geom.py """Geometric pore descriptors on a fractional grid, one structure at a
      2026-08-29T10:58:57  REPO    the study repository
          Write: /Users/jihankim/replicate-study/harness/sessions/rep09/_stage/mkjobs.py """Build interleaved task chunks and PBS scripts for a GCMC wave.
  
  U
      2026-08-29T11:00:06  REPO    the study repository
          Write: /Users/jihankim/replicate-study/harness/sessions/rep09/_stage/status.sh #!/bin/bash
  # One-line-per-topic campaign status. Never dumps raw ou
      2026-08-29T11:00:30  REPO    the study repository
          Write: /Users/jihankim/replicate-study/harness/sessions/rep09/_stage/STATE.md # STATE — current beliefs and open tasks
  
  *(Self-sufficient: this fil
      2026-08-29T11:00:53  REPO    the study repository
          Write: /Users/jihankim/replicate-study/harness/sessions/rep09/_stage/LOG_append_2.md 
  ## 2026-08-29 (launch +1.5h) — the screening proxy failed its
      2026-08-29T11:03:29  REPO    the study repository
          Write: /Users/jihankim/replicate-study/harness/sessions/rep09/_stage/aggregate.py """Fold a wave's per-job CSVs into one compact table and print a 
      2026-08-29T11:06:43  REPO    the study repository
          Write: /Users/jihankim/replicate-study/harness/sessions/rep09/_stage/LOG_append_3.md 
  ## 2026-08-29 20:15 (launch +0.6h) — queue contention, screen
      2026-08-29T11:07:20  REPO    the study repository
          Write: /Users/jihankim/replicate-study/harness/sessions/rep09/_stage/STATE.md # STATE — current beliefs and open tasks
  
  *(Self-sufficient: this fil
      2026-08-29T11:07:33  REPO    the study repository
          Bash: cd /Users/jihankim/replicate-study/harness/sessions/rep09/_stage && scp -q LOG_append_3.md STATE.md dirac-bei:/home1/users/Bei/ws/rep09/scra
      2026-08-29T11:08:41  REPO    the study repository
          Write: /Users/jihankim/replicate-study/harness/sessions/rep09/_stage/autopilot.sh #!/bin/bash
  # Keeps the Tier-1 screen alive without a live sessio
      2026-08-29T11:08:47  REPO    the study repository
          Write: /Users/jihankim/replicate-study/harness/sessions/rep09/_stage/remaining.py """Print how many points of jobs/<wave>_<k>.tasks are not yet rec
      2026-08-29T11:08:51  REPO    the study repository
          Bash: cd /Users/jihankim/replicate-study/harness/sessions/rep09/_stage && scp -q autopilot.sh remaining.py dirac-bei:/home1/users/Bei/ws/rep09/bin
      2026-08-29T11:37:38  REPO    the study repository
          Write: /Users/jihankim/replicate-study/harness/sessions/rep09/_stage/rank.py """Add framework density to the manifest and reorder the s1 task files
      2026-08-29T11:38:18  REPO    the study repository
          Write: /Users/jihankim/replicate-study/harness/sessions/rep09/_stage/LOG_append_5.md 
  ## 2026-08-29 20:40 (launch +1.0h) — screen calibrated agains
      2026-08-29T11:48:02  REPO    the study repository
          Write: /Users/jihankim/replicate-study/harness/sessions/rep09/_stage/autopilot.sh #!/bin/bash
  # Keeps a wave alive without a live session.
  #
  # Bug 
      2026-08-29T11:53:32  REPO    the study repository
          Write: /Users/jihankim/replicate-study/harness/sessions/rep09/_stage/census.sh #!/bin/bash
  # Every live rep09 job, one full name per line: queued i
      2026-08-29T11:53:41  REPO    the study repository
          Write: /Users/jihankim/replicate-study/harness/sessions/rep09/_stage/autopilot.sh #!/bin/bash
  # Keeps a wave alive without a live session.
  #
  # Bug 
      2026-08-29T12:25:06  REPO    the study repository
          Write: /Users/jihankim/replicate-study/harness/sessions/rep09/_stage/STATE.md # STATE — current beliefs and open tasks
  
  *(Self-sufficient: this fil
      2026-08-29T13:35:39  REPO    the study repository
          Write: /Users/jihankim/replicate-study/harness/sessions/rep09/_stage/run_batch.py """Execute a task list of GCMC points with a process pool; append
      2026-08-29T13:35:55  REPO    the study repository
          Bash: cd /Users/jihankim/replicate-study/harness/sessions/rep09/_stage && scp -q run_batch.py dirac-bei:/home1/users/Bei/ws/rep09/bin/ && cat > lo
      2026-08-29T13:38:00  REPO    the study repository
          Write: /Users/jihankim/replicate-study/harness/sessions/rep09/_stage/modify.py """Charge-balanced defunctionalisation of database structures.
  
  Char
      2026-08-29T13:39:24  REPO    the study repository
          Write: /Users/jihankim/replicate-study/harness/sessions/rep09/_stage/select.py """Summarise the Tier-1 screen and emit candidate id lists for later
      2026-08-29T21:44:29  REPO    the study repository
          Write: /Users/jihankim/replicate-study/harness/sessions/rep09/_stage/autopilot.sh #!/bin/bash
  # Keeps queued waves alive without a live session.
  #
  
      2026-08-29T21:44:36  REPO    the study repository
          Bash: cd /Users/jihankim/replicate-study/harness/sessions/rep09/_stage && scp -q autopilot.sh dirac-bei:/home1/users/Bei/ws/rep09/bin/ && ssh dira
      2026-08-29T21:46:46  REPO    the study repository
          Write: /Users/jihankim/replicate-study/harness/sessions/rep09/_stage/LOG_append_10.md 
  ## 2026-08-30 06:45 (launch +11.1h) — calibration lands; Tie
      2026-08-29T21:46:54  REPO    the study repository
          Bash: cd /Users/jihankim/replicate-study/harness/sessions/rep09/_stage && scp -q LOG_append_10.md dirac-bei:/home1/users/Bei/ws/rep09/scratch/ && 
  [audit] rep10: 211 tool calls, 0 finding(s)
  [audit] rep11: 135 tool calls, 0 finding(s)
  [audit] rep12: 167 tool calls, 40 finding(s)
      2026-08-29T11:42:46  SUPER   the supervisor's cluster home
          Bash: ssh dirac-bei 'ls -la /home/users/Bei/ 2>/dev/null | head -30; echo "--- find qas ---"; find /home/users/Bei /home1/users/Bei -maxdepth 3 -n
      2026-08-29T11:42:50  SUPER   the supervisor's cluster home
          Bash: ssh dirac-bei 'ls /home/users/Bei/bei /home/users/Bei/.local /home/users/Bei/.local/* 2>/dev/null | head -40; echo "=== scripts ==="; ls /ho
      2026-08-29T11:42:54  SUPER   the supervisor's cluster home
          Bash: ssh dirac-bei 'find /home/users/Bei/bei -maxdepth 3 2>/dev/null | head -40' Explore bei cluster dir
      2026-08-29T11:43:00  SUPER   the supervisor's cluster home
          Bash: ssh dirac-bei 'cat /home/users/Bei/bei/cluster/verify-gcmc.pbs; echo "=== SIM INPUT p65 ==="; cat /home/users/Bei/bei/verify/2021_Cu__sql_2_
      2026-08-29T11:45:20  SUPER   the supervisor's cluster home
          Bash: ssh dirac-bei 'cd /home/users/Bei/bei/verify/2021_Cu__sql_2_ASR_6__p65 && head -30 2021_Cu__sql_2_ASR_6.cif && echo "=== OUT ===" && ls Outp
      2026-08-29T11:45:26  SUPER   the supervisor's cluster home
          Bash: ssh dirac-bei 'cd /home/users/Bei/bei/verify/2021_Cu__sql_2_ASR_6__p65 && f=$(ls Output/System_0/output_*.data|head -1) && sed -n "520,560p"
      2026-08-29T11:45:41  SUPER   the supervisor's cluster home
          Bash: ssh dirac-bei 'cd /home/users/Bei/bei/verify/2021_Cu__sql_2_ASR_6__p65 && f=$(ls Output/System_0/output_*.data|head -1) && grep -E "^ +(Cu|C
      2026-08-29T11:47:10  SUPER   the supervisor's cluster home
          Bash: ssh dirac-bei 'cd /home1/users/Bei/ws/rep12 && mkdir -p bin desc tables pbs runs logs && git init -q 2>/dev/null; git config user.name "rep1
      2026-08-29T11:48:01  REPO    the study repository
          Bash: mkdir -p /Users/jihankim/replicate-study/harness/sessions/rep12/stage/bin && echo ok Create local staging dir
      2026-08-29T11:48:37  REPO    the study repository
          Write: /Users/jihankim/replicate-study/harness/sessions/rep12/stage/bin/mofcore.py """Core CIF parsing + UFF/TraPPE descriptor engine (rep12).
  
  For
      2026-08-29T11:49:16  REPO    the study repository
          Write: /Users/jihankim/replicate-study/harness/sessions/rep12/stage/bin/descsweep.py """Descriptor sweep over a shard of the database.
  
  usage: desc
      2026-08-29T11:49:23  REPO    the study repository
          Bash: cd /Users/jihankim/replicate-study/harness/sessions/rep12/stage && scp -q bin/mofcore.py bin/descsweep.py dirac-bei:/home1/users/Bei/ws/rep1
      2026-08-29T11:50:32  REPO    the study repository
          Write: /Users/jihankim/replicate-study/harness/sessions/rep12/stage/bin/mkinput.py """Build a RASPA GCMC job directory for one (structure, pressure
      2026-08-29T11:50:46  REPO    the study repository
          Write: /Users/jihankim/replicate-study/harness/sessions/rep12/stage/bin/runbatch.sh #!/bin/bash
  # Run a shard of a GCMC task list.  One RASPA proce
      2026-08-29T11:50:58  REPO    the study repository
          Write: /Users/jihankim/replicate-study/harness/sessions/rep12/stage/bin/extract.py """Pull the reported quantities out of one RASPA output file int
      2026-08-29T11:51:18  REPO    the study repository
          Write: /Users/jihankim/replicate-study/harness/sessions/rep12/stage/bin/submit.py """Split a task list into N PBS jobs and submit them with qas.
  
  u
      2026-08-29T11:51:29  REPO    the study repository
          Write: /Users/jihankim/replicate-study/harness/sessions/rep12/stage/bin/subdesc.py """Submit the whole-database descriptor sweep as njobs x ppn pyt
      2026-08-29T11:52:33  REPO    the study repository
          Write: /Users/jihankim/replicate-study/harness/sessions/rep12/stage/STATE.md # STATE — rep12 working memory
  
  *Updated: 2026-08-29 21:00 KST*
  
  ## Fi
      2026-08-29T11:53:05  REPO    the study repository
          Write: /Users/jihankim/replicate-study/harness/sessions/rep12/stage/LOG.md # LOG — append-only narrative
  
  ## 2026-08-29 20:42 KST — launch
  
  Read CH
      2026-08-29T11:55:48  REPO    the study repository
          Write: /Users/jihankim/replicate-study/harness/sessions/rep12/stage/bin/elemcheck.py """G4(b)(i) mechanical check: does RASPA's auto-created pseudo
      2026-08-29T11:57:19  REPO    the study repository
          Write: /Users/jihankim/replicate-study/harness/sessions/rep12/stage/bin/subdesc.py """Submit part of the whole-database descriptor sweep.
  
  usage: s
      2026-08-29T11:57:54  REPO    the study repository
          Write: /Users/jihankim/replicate-study/harness/sessions/rep12/stage/bin/status.sh #!/bin/bash
  # One-line-per-item campaign status.  Charter s4: nev
      2026-08-29T11:58:23  REPO    the study repository
          Write: /Users/jihankim/replicate-study/harness/sessions/rep12/stage/bin/rank.py """Merge descriptor shards, apply the G3 pre-simulation screen, and
      2026-08-29T11:59:35  REPO    the study repository
          Write: /Users/jihankim/replicate-study/harness/sessions/rep12/stage/bin/audit.py """Append gate events to AUDIT.jsonl in the schema of AUDIT_SCHEMA
      2026-08-29T11:59:48  REPO    the study repository
          Write: /Users/jihankim/replicate-study/harness/sessions/rep12/stage/bin/charges.py """Charge-balance leg of gate G3, over the whole database.
  
  Ever
      2026-08-29T12:03:55  REPO    the study repository
          Write: /Users/jihankim/replicate-study/harness/sessions/rep12/stage/bin/collect.py """Collapse per-worker GCMC result CSVs into one structure-level
      2026-08-29T12:04:21  REPO    the study repository
          Write: /Users/jihankim/replicate-study/harness/sessions/rep12/stage/bin/wave.py """Choose the next GCMC wave and write its task list.
  
  Selection ha
      2026-08-29T12:05:41  REPO    the study repository
          Write: /Users/jihankim/replicate-study/harness/sessions/rep12/stage/STATE.md # STATE — rep12 working memory
  
  *Updated: 2026-08-29 22:30 KST*
  
  ## Fi
      2026-08-29T12:06:03  SUPER   the supervisor's cluster home
          Bash: cat > /tmp/log2.md <<'EOF'
  
  ## 2026-08-29 22:00 — the cluster is saturated, and how the scheduler decides
  
  An hour after submission not one 
      2026-08-29T12:18:19  REPO    the study repository
          Write: /Users/jihankim/replicate-study/harness/sessions/rep12/stage/bin/claim.py """Emit claim-grade (10,000 + 50,000) and G6-reproduction task lis
      2026-08-29T12:40:05  REPO    the study repository
          Bash: scp -q /Users/jihankim/replicate-study/harness/sessions/rep12/stage/STATE.md dirac-bei:/home1/users/Bei/ws/rep12/ 2>/dev/null; cat > /tmp/lo
      2026-08-29T13:37:15  REPO    the study repository
          Bash: cd /Users/jihankim/replicate-study/harness/sessions/rep12/stage && python3 - <<'PYEOF'
  p='bin/mkinput.py'
  s=open(p).read()
  s=s.replace('''GR
      2026-08-29T13:49:27  REPO    the study repository
          Write: /Users/jihankim/replicate-study/harness/sessions/rep12/stage/bin/qworker.sh #!/bin/bash
  # Pull-based GCMC worker.
  #
  # usage: qworker.sh <que
      2026-08-29T13:49:48  REPO    the study repository
          Write: /Users/jihankim/replicate-study/harness/sessions/rep12/stage/bin/repurpose.py """Rewrite the body of an already-queued PBS file, keeping its
      2026-08-29T13:49:58  REPO    the study repository
          Write: /Users/jihankim/replicate-study/harness/sessions/rep12/stage/bin/coarse.py """Fast reduced-precision descriptor pass, for seeding the first 
      2026-08-29T14:16:35  REPO    the study repository
          Write: /Users/jihankim/replicate-study/harness/sessions/rep12/stage/bin/rank.py """Merge descriptor shards, apply the G3 pre-simulation screen, ran
      2026-08-29T14:42:50  REPO    the study repository
          Write: /Users/jihankim/replicate-study/harness/sessions/rep12/stage/bin/mkqueue.py """Write work/queue.txt: the ordered list of GCMC tasks workers 
      2026-08-29T14:43:48  REPO    the study repository
          Write: /Users/jihankim/replicate-study/harness/sessions/rep12/stage/STATE.md # STATE — rep12 working memory
  
  *Updated: 2026-08-29 23:45 KST (T+3.0 
      2026-08-29T21:45:55  REPO    the study repository
          Write: /Users/jihankim/replicate-study/harness/sessions/rep12/stage/bin/gates.py """Apply the value-triggered gates to collected results and emit a
      2026-08-29T21:46:25  REPO    the study repository
          Bash: cd /Users/jihankim/replicate-study/harness/sessions/rep12/stage && scp -q bin/gates.py bin/mkqueue.py dirac-bei:/home1/users/Bei/ws/rep12/bi
  [audit] rep13: 168 tool calls, 0 finding(s)
  [audit] rep15: 190 tool calls, 0 finding(s)
  [audit] rep16: 181 tool calls, 1 finding(s)
      2026-08-29T11:43:20  WSROOT  the shared workspace root
          Bash: ssh dirac-bei 'ls /home1/users/Bei/ws/ ; ls /home1/users/Bei/ ; find /home1/users/Bei -maxdepth 2 -name "qas*" 2>/dev/null; ls /home1/users/
  [audit] rep17: 106 tool calls, 0 finding(s)
  [audit] s01: 305 tool calls, 0 finding(s)
  [audit] s02: 201 tool calls, 0 finding(s)
    rep01: session=up transcript_age=0.6min (deciding) heartbeat_age=2min (reported only) restarts=0/3
    rep02: session=up transcript_age=0.0min (deciding) heartbeat_age=0min (reported only) restarts=0/3
    rep03: session=up transcript_age=0.6min (deciding) heartbeat_age=6min (reported only) restarts=0/3
    rep04: session=up transcript_age=0.5min (deciding) heartbeat_age=4min (reported only) restarts=0/3
    rep05: session=up transcript_age=0.5min (deciding) heartbeat_age=5min (reported only) restarts=0/3
    rep06: session=DOWN transcript_age=553.6min (deciding) heartbeat_age=554min (reported only) restarts=3/3
       !! restart cap reached -- left DOWN deliberately, notify the PI
    rep07: session=up transcript_age=0.0min (deciding) heartbeat_age=1min (reported only) restarts=0/3
    rep08: session=up transcript_age=0.4min (deciding) heartbeat_age=1min (reported only) restarts=0/3
    rep09: session=up transcript_age=0.4min (deciding) heartbeat_age=2min (reported only) restarts=0/3
    rep10: session=up transcript_age=0.0min (deciding) heartbeat_age=0min (reported only) restarts=0/3
    rep11: session=up transcript_age=0.4min (deciding) heartbeat_age=2min (reported only) restarts=0/3
    rep12: session=up transcript_age=0.3min (deciding) heartbeat_age=2min (reported only) restarts=0/3
    rep13: session=up transcript_age=0.3min (deciding) heartbeat_age=4min (reported only) restarts=0/3
    rep15: session=up transcript_age=0.3min (deciding) heartbeat_age=4min (reported only) restarts=0/3
    rep16: session=up transcript_age=0.3min (deciding) heartbeat_age=4min (reported only) restarts=0/3
    rep17: session=up transcript_age=0.2min (deciding) heartbeat_age=4min (reported only) restarts=0/3
    s01: session=DOWN transcript_age=1009.1min (deciding) heartbeat_age=99999min (reported only) restarts=3/3
       !! restart cap reached -- left DOWN deliberately, notify the PI
    s02: session=DOWN transcript_age=1009.2min (deciding) heartbeat_age=99999min (reported only) restarts=3/3
       !! restart cap reached -- left DOWN deliberately, notify the PI
  --- escalations ---
  [escalate] 24 awaiting a human answer (cadence: 09:00, 21:00 KST)
      s01   infra     waiting  37.06 h  job exited 0 with no output
      rep01 charter   waiting  15.61 h  Appendix A G3 note says the least dense entry in this da
      rep01 charter   waiting  15.61 h  G3 requires a He void fraction for every structure enter
      rep01 infra     waiting  15.61 h  SimulationType MakeGrid in the provided RASPA 2.0.37 bui
  --- shared-queue depth (crowding covariate, Flag I) ---
  [queue-depth] 2026-08-30 06:50 KST  queue R=180 Q=3 across 4 users | study R=72 Q=3 (40.0% of running) | others waiting=0
  --- mechanical divergence panel ---
  [divergence] STATUS.md panel refreshed  -- not collected this cycle: s01 (None), s02 (None)
=========== poll 2026-08-29T22:20:46Z ===========
[harvest] rep01: nothing newly finished (0 tracked)
[meter-compute] rep01: cpu_h_scheduler=554.133 queued_jobs=0 (running=0.000h finished=554.133h)
[harvest] rep02: 3 job(s) left the queue, 74.730 CPU-h banked
[meter-compute] rep02: cpu_h_scheduler=74.73 queued_jobs=1 (running=0.000h finished=74.730h)
[harvest] rep03: 2 job(s) left the queue, 1.872 CPU-h banked
[meter-compute] rep03: cpu_h_scheduler=5.2 queued_jobs=2 (running=3.328h finished=1.872h)
[harvest] rep04: nothing newly finished (8 tracked)
[meter-compute] rep04: cpu_h_scheduler=36.897 queued_jobs=8 (running=19.287h finished=17.610h)
[harvest] rep05: nothing newly finished (0 tracked)
[meter-compute] rep05: cpu_h_scheduler=0.0 queued_jobs=0 (running=0.000h finished=0.000h)
[harvest] rep06: nothing newly finished (9 tracked)
[meter-compute] rep06: cpu_h_scheduler=84.73 queued_jobs=9 (running=84.730h finished=0.000h)
[harvest] rep07: nothing newly finished (10 tracked)
[meter-compute] rep07: cpu_h_scheduler=233.68 queued_jobs=10 (running=233.680h finished=0.000h)
[harvest] rep08: nothing newly finished (2 tracked)
[meter-compute] rep08: cpu_h_scheduler=9.179 queued_jobs=2 (running=9.179h finished=0.000h)
[harvest] rep09: nothing newly finished (1 tracked)
[meter-compute] rep09: cpu_h_scheduler=148.522 queued_jobs=1 (running=44.844h finished=103.677h)
[harvest] rep10: nothing newly finished (6 tracked)
[meter-compute] rep10: cpu_h_scheduler=26.56 queued_jobs=6 (running=26.560h finished=0.000h)
[harvest] rep11: nothing newly finished (1 tracked)
[meter-compute] rep11: cpu_h_scheduler=11.563 queued_jobs=1 (running=11.563h finished=0.000h)
[harvest] rep12: nothing newly finished (4 tracked)
[meter-compute] rep12: cpu_h_scheduler=44.668 queued_jobs=4 (running=44.668h finished=0.000h)
[harvest] rep13: nothing newly finished (1 tracked)
[meter-compute] rep13: cpu_h_scheduler=19.828 queued_jobs=1 (running=19.828h finished=0.000h)
[harvest] rep15: nothing newly finished (6 tracked)
[meter-compute] rep15: cpu_h_scheduler=53.624 queued_jobs=6 (running=53.624h finished=0.000h)
[harvest] rep16: nothing newly finished (12 tracked)
[meter-compute] rep16: cpu_h_scheduler=110.929 queued_jobs=12 (running=110.929h finished=0.000h)
[harvest] rep17: nothing newly finished (11 tracked)
[meter-compute] rep17: cpu_h_scheduler=149.979 queued_jobs=11 (running=36.502h finished=113.476h)
[harvest] s01: nothing newly finished (0 tracked)
  [harvest] s01 unreachable
  [meter-compute] s01 unreachable
[harvest] s02: nothing newly finished (0 tracked)
  [harvest] s02 unreachable
  [meter-compute] s02 unreachable
usage.json -> {'cpu_h_scheduler': 554.133, 'queued_jobs': 0, 'tokens': 1066906}
usage.json -> {'cpu_h_scheduler': 74.73, 'queued_jobs': 1, 'tokens': 1645132}
usage.json -> {'cpu_h_scheduler': 5.2, 'queued_jobs': 2, 'tokens': 599254}
usage.json -> {'cpu_h_scheduler': 36.897, 'queued_jobs': 8, 'tokens': 1136030}
usage.json -> {'cpu_h_scheduler': 0.0, 'queued_jobs': 0, 'tokens': 1235545}
usage.json -> {'cpu_h_scheduler': 84.73, 'queued_jobs': 9, 'tokens': 4277733}
usage.json -> {'cpu_h_scheduler': 233.68, 'queued_jobs': 10, 'tokens': 2300953}
usage.json -> {'cpu_h_scheduler': 9.179, 'queued_jobs': 2, 'tokens': 1335903}
usage.json -> {'cpu_h_scheduler': 148.522, 'queued_jobs': 1, 'tokens': 1418120}
usage.json -> {'cpu_h_scheduler': 26.56, 'queued_jobs': 6, 'tokens': 2492029}
usage.json -> {'cpu_h_scheduler': 11.563, 'queued_jobs': 1, 'tokens': 1460447}
usage.json -> {'cpu_h_scheduler': 44.668, 'queued_jobs': 4, 'tokens': 1363472}
usage.json -> {'cpu_h_scheduler': 19.828, 'queued_jobs': 1, 'tokens': 1091624}
usage.json -> {'cpu_h_scheduler': 53.624, 'queued_jobs': 6, 'tokens': 2275306}
usage.json -> {'cpu_h_scheduler': 110.929, 'queued_jobs': 12, 'tokens': 2729983}
usage.json -> {'cpu_h_scheduler': 149.979, 'queued_jobs': 11, 'tokens': 730763}
  [meter-tokens] s01: metering failed
  [meter-tokens] s02: metering failed
  --- replicate escalations ---
  [escalate] rep01: 1 new escalation(s)
      infra       -> queued_for_repair  the per-account core quota on this cluster is shared across 
      !! 1 awaiting a human action (repair or PI ruling)
    [escalate] rep01: inbox updated on the cluster
  [escalate] rep02: 0 new escalation(s)
  [escalate] rep03: 0 new escalation(s)
  [escalate] rep04: 0 new escalation(s)
  [escalate] rep05: 0 new escalation(s)
  [escalate] rep06: 0 new escalation(s)
  [escalate] rep07: 0 new escalation(s)
  [escalate] rep08: 0 new escalation(s)
  [escalate] rep09: 0 new escalation(s)
  [escalate] rep10: 0 new escalation(s)
  [escalate] rep11: 0 new escalation(s)
  [escalate] rep12: 0 new escalation(s)
  [escalate] rep13: 0 new escalation(s)
  [escalate] rep15: 0 new escalation(s)
  [escalate] rep16: 0 new escalation(s)
  [escalate] rep17: 0 new escalation(s)
    [escalate] s01: workspace unreachable
  [escalate] s01: could not read workspace
    [escalate] s02: workspace unreachable
  [escalate] s02: could not read workspace
  [rep01 usage] {"cpu_h_scheduler": 554.133, "queued_jobs": 0, "tokens": 1066906}  [rep02 usage] {"cpu_h_scheduler": 74.73, "queued_jobs": 1, "tokens": 1645132}  [rep03 usage] {"cpu_h_scheduler": 5.2, "queued_jobs": 2, "tokens": 599254}  [rep04 usage] {"cpu_h_scheduler": 36.897, "queued_jobs": 8, "tokens": 1136030}  [rep05 usage] {"cpu_h_scheduler": 0.0, "queued_jobs": 0, "tokens": 1235545}  [rep06 usage] {"cpu_h_scheduler": 84.73, "queued_jobs": 9, "tokens": 4277733}  [rep07 usage] {"cpu_h_scheduler": 233.68, "queued_jobs": 10, "tokens": 2300953}  [rep08 usage] {"cpu_h_scheduler": 9.179, "queued_jobs": 2, "tokens": 1335903}  [rep09 usage] {"cpu_h_scheduler": 148.522, "queued_jobs": 1, "tokens": 1418120}  [rep10 usage] {"cpu_h_scheduler": 26.56, "queued_jobs": 6, "tokens": 2492029}  [rep11 usage] {"cpu_h_scheduler": 11.563, "queued_jobs": 1, "tokens": 1460447}  [rep12 usage] {"cpu_h_scheduler": 44.668, "queued_jobs": 4, "tokens": 1363472}  [rep13 usage] {"cpu_h_scheduler": 19.828, "queued_jobs": 1, "tokens": 1091624}  [rep15 usage] {"cpu_h_scheduler": 53.624, "queued_jobs": 6, "tokens": 2275306}  [rep16 usage] {"cpu_h_scheduler": 110.929, "queued_jobs": 12, "tokens": 2729983}  [rep17 usage] {"cpu_h_scheduler": 149.979, "queued_jobs": 11, "tokens": 730763}  --- watchdog (charter section 4: budgets, liveness) ---
  [watchdog] rep01  T-150.8h  liveness=alive  poll=30min bound=+6.0CPU-h (0.37%)
      compute      0.0 / 1610  (0.0%)  UNACCOUNTED
                   0 jobs running, ~554.1 CPU-h unaccounted; displayed total ~554.133 CPU-h (stop evaluates on finished-job CPU-h (validated))
      tokens       1066906 / 32000000  (3.3%)  OK
      spend_usd    64.9484 / 280.0  (23.2%)  OK
      isolation    NOT AUDITED HERE (remote bridge; see audit_transcript.py)
  [watchdog] rep02  T-156.3h  liveness=alive  poll=30min bound=+6.0CPU-h (0.37%)
      compute      0.0 / 1610  (0.0%)  UNACCOUNTED
                   1 jobs running, ~74.7 CPU-h unaccounted; displayed total ~74.73 CPU-h (stop evaluates on finished-job CPU-h (validated))
      tokens       1645132 / 32000000  (5.1%)  OK
      spend_usd    39.3397 / 280.0  (14.1%)  OK
      isolation    NOT AUDITED HERE (remote bridge; see audit_transcript.py)
  [watchdog] rep03  T-156.3h  liveness=alive  poll=30min bound=+6.0CPU-h (0.37%)
      compute      0.0 / 1610  (0.0%)  UNACCOUNTED
                   2 jobs running, ~5.2 CPU-h unaccounted; displayed total ~5.2 CPU-h (stop evaluates on finished-job CPU-h (validated))
      tokens       599254 / 32000000  (1.9%)  OK
      spend_usd    20.6966 / 280.0  (7.4%)  OK
      isolation    NOT AUDITED HERE (remote bridge; see audit_transcript.py)
  [watchdog] rep04  T-156.3h  liveness=alive  poll=30min bound=+6.0CPU-h (0.37%)
      compute      0.0 / 1610  (0.0%)  UNACCOUNTED
                   8 jobs running, ~36.9 CPU-h unaccounted; displayed total ~36.897 CPU-h (stop evaluates on finished-job CPU-h (validated))
      tokens       1136030 / 32000000  (3.5%)  OK
      spend_usd    30.1813 / 280.0  (10.8%)  OK
      isolation    NOT AUDITED HERE (remote bridge; see audit_transcript.py)
  [watchdog] rep05  T-156.3h  liveness=alive  poll=30min bound=+6.0CPU-h (0.37%)
      compute      0.0 / 1610  (0.0%)  UNACCOUNTED
                   0 jobs running, ~0.0 CPU-h unaccounted; displayed total ~0.0 CPU-h (stop evaluates on finished-job CPU-h (validated))
      tokens       1235545 / 32000000  (3.9%)  OK
      spend_usd    32.8052 / 280.0  (11.7%)  OK
      isolation    NOT AUDITED HERE (remote bridge; see audit_transcript.py)
  [watchdog] rep06  T-156.3h  liveness=stale  poll=30min bound=+6.0CPU-h (0.37%)
      compute      0.0 / 1610  (0.0%)  UNACCOUNTED
                   9 jobs running, ~84.7 CPU-h unaccounted; displayed total ~84.73 CPU-h (stop evaluates on finished-job CPU-h (validated))
      tokens       4277733 / 32000000  (13.4%)  OK
      spend_usd    99.0334 / 280.0  (35.4%)  OK
      isolation    NOT AUDITED HERE (remote bridge; see audit_transcript.py)
  [watchdog] rep06: notice delivered to the cluster inbox
  [watchdog] rep07  T-156.3h  liveness=alive  poll=30min bound=+6.0CPU-h (0.37%)
      compute      0.0 / 1610  (0.0%)  UNACCOUNTED
                   10 jobs running, ~233.7 CPU-h unaccounted; displayed total ~233.68 CPU-h (stop evaluates on finished-job CPU-h (validated))
      tokens       2300953 / 32000000  (7.2%)  OK
      spend_usd    50.2544 / 280.0  (17.9%)  OK
      isolation    NOT AUDITED HERE (remote bridge; see audit_transcript.py)
  [watchdog] rep08  T-156.3h  liveness=alive  poll=30min bound=+6.0CPU-h (0.37%)
      compute      0.0 / 1610  (0.0%)  UNACCOUNTED
                   2 jobs running, ~9.2 CPU-h unaccounted; displayed total ~9.179 CPU-h (stop evaluates on finished-job CPU-h (validated))
      tokens       1335903 / 32000000  (4.2%)  OK
      spend_usd    39.0982 / 280.0  (14.0%)  OK
      isolation    NOT AUDITED HERE (remote bridge; see audit_transcript.py)
  [watchdog] rep09  T-156.3h  liveness=alive  poll=30min bound=+6.0CPU-h (0.37%)
      compute      0.0 / 1610  (0.0%)  UNACCOUNTED
                   1 jobs running, ~148.5 CPU-h unaccounted; displayed total ~148.522 CPU-h (stop evaluates on finished-job CPU-h (validated))
      tokens       1418120 / 32000000  (4.4%)  OK
      spend_usd    36.9888 / 280.0  (13.2%)  OK
      isolation    NOT AUDITED HERE (remote bridge; see audit_transcript.py)
  [watchdog] rep10  T-157.3h  liveness=alive  poll=30min bound=+6.0CPU-h (0.37%)
      compute      0.0 / 1610  (0.0%)  UNACCOUNTED
                   6 jobs running, ~26.6 CPU-h unaccounted; displayed total ~26.56 CPU-h (stop evaluates on finished-job CPU-h (validated))
      tokens       2492029 / 32000000  (7.8%)  OK
      spend_usd    75.5909 / 280.0  (27.0%)  OK
      isolation    NOT AUDITED HERE (remote bridge; see audit_transcript.py)
  [watchdog] rep11  T-157.3h  liveness=alive  poll=30min bound=+6.0CPU-h (0.37%)
      compute      0.0 / 1610  (0.0%)  UNACCOUNTED
                   1 jobs running, ~11.6 CPU-h unaccounted; displayed total ~11.563 CPU-h (stop evaluates on finished-job CPU-h (validated))
      tokens       1460447 / 32000000  (4.6%)  OK
      spend_usd    36.5954 / 280.0  (13.1%)  OK
      isolation    NOT AUDITED HERE (remote bridge; see audit_transcript.py)
  [watchdog] rep12  T-157.3h  liveness=alive  poll=30min bound=+6.0CPU-h (0.37%)
      compute      0.0 / 1610  (0.0%)  UNACCOUNTED
                   4 jobs running, ~44.7 CPU-h unaccounted; displayed total ~44.668 CPU-h (stop evaluates on finished-job CPU-h (validated))
      tokens       1363472 / 32000000  (4.3%)  OK
      spend_usd    36.768 / 280.0  (13.1%)  OK
      isolation    NOT AUDITED HERE (remote bridge; see audit_transcript.py)
  [watchdog] rep13  T-157.3h  liveness=alive  poll=30min bound=+6.0CPU-h (0.37%)
      compute      0.0 / 1610  (0.0%)  UNACCOUNTED
                   1 jobs running, ~19.8 CPU-h unaccounted; displayed total ~19.828 CPU-h (stop evaluates on finished-job CPU-h (validated))
      tokens       1091624 / 32000000  (3.4%)  OK
      spend_usd    34.0949 / 280.0  (12.2%)  OK
      isolation    NOT AUDITED HERE (remote bridge; see audit_transcript.py)
  [watchdog] rep15  T-157.3h  liveness=alive  poll=30min bound=+6.0CPU-h (0.37%)
      compute      0.0 / 1610  (0.0%)  UNACCOUNTED
                   6 jobs running, ~53.6 CPU-h unaccounted; displayed total ~53.624 CPU-h (stop evaluates on finished-job CPU-h (validated))
      tokens       2275306 / 32000000  (7.1%)  OK
      spend_usd    49.0721 / 280.0  (17.5%)  OK
      isolation    NOT AUDITED HERE (remote bridge; see audit_transcript.py)
  [watchdog] rep16  T-157.3h  liveness=alive  poll=30min bound=+6.0CPU-h (0.37%)
      compute      0.0 / 1610  (0.0%)  UNACCOUNTED
                   12 jobs running, ~110.9 CPU-h unaccounted; displayed total ~110.929 CPU-h (stop evaluates on finished-job CPU-h (validated))
      tokens       2729983 / 32000000  (8.5%)  OK
      spend_usd    48.9432 / 280.0  (17.5%)  OK
      isolation    NOT AUDITED HERE (remote bridge; see audit_transcript.py)
  [watchdog] rep17  T-157.3h  liveness=alive  poll=30min bound=+6.0CPU-h (0.37%)
      compute      0.0 / 1610  (0.0%)  UNACCOUNTED
                   11 jobs running, ~150.0 CPU-h unaccounted; displayed total ~149.979 CPU-h (stop evaluates on finished-job CPU-h (validated))
      tokens       730763 / 32000000  (2.3%)  OK
      spend_usd    20.234 / 280.0  (7.2%)  OK
      isolation    NOT AUDITED HERE (remote bridge; see audit_transcript.py)
  [watchdog] s01: workspace unreachable
  [watchdog] s02: workspace unreachable
  --- transcript audit (charter section 4) ---
  [audit] rep01: 293 tool calls, 1 finding(s)
      2026-08-29T05:36:56  SUPER   the supervisor's cluster home
          Bash: ssh dirac-bei 'find /home/users/Bei/RASPA -maxdepth 8 -newermt "-3 hours" 2>/dev/null | head -20; echo "--- tree ---"; find /home/users/Bei/
  [audit] rep02: 149 tool calls, 0 finding(s)
  [audit] rep03: 117 tool calls, 1 finding(s)
      2026-08-29T10:42:26  WSROOT  the shared workspace root
          Bash: ssh dirac-bei 'echo "--- find qas ---"; ls -la /usr/local/bin/ 2>/dev/null | head -30; find /home1/users/Bei -maxdepth 2 -name "qas*" 2>/dev
  [audit] rep04: 139 tool calls, 29 finding(s)
      2026-08-29T10:44:34  REPO    the study repository
          Write: /Users/jihankim/replicate-study/harness/sessions/rep04/stage/scan_db.py #!/usr/bin/env python3
  """Single pass over db/*.cif -> compact manif
      2026-08-29T10:44:39  REPO    the study repository
          Bash: cd /Users/jihankim/replicate-study/harness/sessions/rep04/stage && scp -q scan_db.py dirac-bei:/home1/users/Bei/ws/rep04/ && ssh dirac-bei '
      2026-08-29T10:45:39  REPO    the study repository
          Write: /Users/jihankim/replicate-study/harness/sessions/rep04/stage/prep_cif.py #!/usr/bin/env python3
  """Rewrite a db CIF into a RASPA-readable P1
      2026-08-29T10:47:18  REPO    the study repository
          Write: /Users/jihankim/replicate-study/harness/sessions/rep04/stage/run_case.sh #!/bin/bash
  # run_case.sh <sid> <pressure_Pa> <ninit> <nprod> <tag>
      2026-08-29T10:47:31  REPO    the study repository
          Write: /Users/jihankim/replicate-study/harness/sessions/rep04/stage/parse_out.py #!/usr/bin/env python3
  """Extract the numbers we need from a RASPA
      2026-08-29T10:48:03  REPO    the study repository
          Write: /Users/jihankim/replicate-study/harness/sessions/rep04/stage/mkjob.py #!/usr/bin/env python3
  """Emit a PBS script that runs a task list unde
      2026-08-29T10:50:43  REPO    the study repository
          Write: /Users/jihankim/replicate-study/harness/sessions/rep04/stage/descriptors.py #!/usr/bin/env python3
  """Cheap per-structure descriptors by Wid
      2026-08-29T10:52:22  REPO    the study repository
          Write: /Users/jihankim/replicate-study/harness/sessions/rep04/stage/mkjob.py #!/usr/bin/env python3
  """Emit a PBS script that runs a task list unde
      2026-08-29T10:52:57  REPO    the study repository
          Write: /Users/jihankim/replicate-study/harness/sessions/rep04/stage/STATE.md # STATE — current tasks and beliefs
  *(working memory; sufficient on it
      2026-08-29T10:53:28  REPO    the study repository
          Write: /Users/jihankim/replicate-study/harness/sessions/rep04/stage/LOG.md # LOG — append-only narrative
  
  ## 2026-08-29 19:41 KST — launch
  Read CHA
      2026-08-29T10:53:49  REPO    the study repository
          Write: /Users/jihankim/replicate-study/harness/sessions/rep04/stage/status.sh #!/bin/bash
  # One-line-per-fact campaign status.  Never dumps raw out
      2026-08-29T10:53:58  REPO    the study repository
          Write: /Users/jihankim/replicate-study/harness/sessions/rep04/stage/cpuh.py #!/usr/bin/env python3
  """Meter compute two ways and print one line.
  
  b
      2026-08-29T10:56:04  REPO    the study repository
          Write: /Users/jihankim/replicate-study/harness/sessions/rep04/stage/run_case.sh #!/bin/bash
  # run_case.sh <sid> <pressure_Pa> <ninit> <nprod> <tag>
      2026-08-29T10:56:15  REPO    the study repository
          Bash: cd /Users/jihankim/replicate-study/harness/sessions/rep04/stage && scp -q run_case.sh dirac-bei:/home1/users/Bei/ws/rep04/bin/ && ssh dirac-
      2026-08-29T10:57:13  REPO    the study repository
          Write: /Users/jihankim/replicate-study/harness/sessions/rep04/stage/log_append_1.md 
  ## 2026-08-29 19:56 — first error, found and corrected on the 
      2026-08-29T10:57:42  REPO    the study repository
          Write: /Users/jihankim/replicate-study/harness/sessions/rep04/stage/digest_bench.py #!/usr/bin/env python3
  """Compact digest of the cost-model benc
      2026-08-29T10:58:56  REPO    the study repository
          Write: /Users/jihankim/replicate-study/harness/sessions/rep04/stage/rank.py #!/usr/bin/env python3
  """Merge the descriptor sweep with the structure
      2026-08-29T10:59:00  REPO    the study repository
          Bash: cd /Users/jihankim/replicate-study/harness/sessions/rep04/stage && scp -q rank.py dirac-bei:/home1/users/Bei/ws/rep04/bin/ && ssh dirac-bei 
      2026-08-29T11:08:36  REPO    the study repository
          Write: /Users/jihankim/replicate-study/harness/sessions/rep04/stage/chain1.sh #!/bin/bash
  # chain1.sh — runs detached on the login node.
  # Waits fo
      2026-08-29T11:11:14  REPO    the study repository
          Write: /Users/jihankim/replicate-study/harness/sessions/rep04/stage/STATE.md # STATE — current tasks and beliefs
  *(working memory; sufficient on it
      2026-08-29T11:20:28  REPO    the study repository
          Write: /Users/jihankim/replicate-study/harness/sessions/rep04/stage/fit.py #!/usr/bin/env python3
  """Calibrate and, more importantly, *test* the sc
      2026-08-29T12:18:04  REPO    the study repository
          Write: /Users/jihankim/replicate-study/harness/sessions/rep04/stage/log_append_2.md 
  ## 2026-08-29 21:12 — descriptor sweep complete, all 12,499 st
      2026-08-29T13:09:07  REPO    the study repository
          Write: /Users/jihankim/replicate-study/harness/sessions/rep04/stage/log_append_3.md 
  ## 2026-08-29 21:30-22:20 — cost model and grid validation, ta
      2026-08-29T13:49:25  REPO    the study repository
          Write: /Users/jihankim/replicate-study/harness/sessions/rep04/stage/STATE.md # STATE — current tasks and beliefs
  *(working memory; sufficient on it
      2026-08-29T14:18:58  REPO    the study repository
          Write: /Users/jihankim/replicate-study/harness/sessions/rep04/stage/log_append_4.md 
  ## 2026-08-29 23:25 — protocol verification against RASPA's ow
      2026-08-29T21:44:04  REPO    the study repository
          Write: /Users/jihankim/replicate-study/harness/sessions/rep04/stage/lead.py #!/usr/bin/env python3
  """Leaderboard across every result file, keeping
      2026-08-29T21:44:10  REPO    the study repository
          Bash: cd /Users/jihankim/replicate-study/harness/sessions/rep04/stage && scp -q lead.py dirac-bei:/home1/users/Bei/ws/rep04/bin/ && ssh -n dirac-b
      2026-08-29T22:05:51  REPO    the study repository
          Write: /Users/jihankim/replicate-study/harness/sessions/rep04/stage/modify.py #!/usr/bin/env python3
  """Structural modification of a database frame
      2026-08-29T22:06:00  REPO    the study repository
          Bash: cd /Users/jihankim/replicate-study/harness/sessions/rep04/stage && scp -q modify.py dirac-bei:/home1/users/Bei/ws/rep04/bin/ && ssh -n dirac
  [audit] rep05: 148 tool calls, 0 finding(s)
  [audit] rep06: 313 tool calls, 0 finding(s)
  [audit] rep07: 179 tool calls, 0 finding(s)
  [audit] rep08: 163 tool calls, 0 finding(s)
  [audit] rep09: 162 tool calls, 28 finding(s)
      2026-08-29T10:50:31  REPO    the study repository
          Write: /Users/jihankim/replicate-study/harness/sessions/rep09/_stage/LOG_append_1.md 
  ## 2026-08-29 (launch +0h) — setup and toolchain verification
      2026-08-29T10:50:37  REPO    the study repository
          Bash: cd /Users/jihankim/replicate-study/harness/sessions/rep09/_stage && scp -q LOG_append_1.md dirac-bei:/home1/users/Bei/ws/rep09/scratch/ && s
      2026-08-29T10:52:32  REPO    the study repository
          Write: /Users/jihankim/replicate-study/harness/sessions/rep09/_stage/geom.py """Geometric pore descriptors on a fractional grid, one structure at a
      2026-08-29T10:58:57  REPO    the study repository
          Write: /Users/jihankim/replicate-study/harness/sessions/rep09/_stage/mkjobs.py """Build interleaved task chunks and PBS scripts for a GCMC wave.
  
  U
      2026-08-29T11:00:06  REPO    the study repository
          Write: /Users/jihankim/replicate-study/harness/sessions/rep09/_stage/status.sh #!/bin/bash
  # One-line-per-topic campaign status. Never dumps raw ou
      2026-08-29T11:00:30  REPO    the study repository
          Write: /Users/jihankim/replicate-study/harness/sessions/rep09/_stage/STATE.md # STATE — current beliefs and open tasks
  
  *(Self-sufficient: this fil
      2026-08-29T11:00:53  REPO    the study repository
          Write: /Users/jihankim/replicate-study/harness/sessions/rep09/_stage/LOG_append_2.md 
  ## 2026-08-29 (launch +1.5h) — the screening proxy failed its
      2026-08-29T11:03:29  REPO    the study repository
          Write: /Users/jihankim/replicate-study/harness/sessions/rep09/_stage/aggregate.py """Fold a wave's per-job CSVs into one compact table and print a 
      2026-08-29T11:06:43  REPO    the study repository
          Write: /Users/jihankim/replicate-study/harness/sessions/rep09/_stage/LOG_append_3.md 
  ## 2026-08-29 20:15 (launch +0.6h) — queue contention, screen
      2026-08-29T11:07:20  REPO    the study repository
          Write: /Users/jihankim/replicate-study/harness/sessions/rep09/_stage/STATE.md # STATE — current beliefs and open tasks
  
  *(Self-sufficient: this fil
      2026-08-29T11:07:33  REPO    the study repository
          Bash: cd /Users/jihankim/replicate-study/harness/sessions/rep09/_stage && scp -q LOG_append_3.md STATE.md dirac-bei:/home1/users/Bei/ws/rep09/scra
      2026-08-29T11:08:41  REPO    the study repository
          Write: /Users/jihankim/replicate-study/harness/sessions/rep09/_stage/autopilot.sh #!/bin/bash
  # Keeps the Tier-1 screen alive without a live sessio
      2026-08-29T11:08:47  REPO    the study repository
          Write: /Users/jihankim/replicate-study/harness/sessions/rep09/_stage/remaining.py """Print how many points of jobs/<wave>_<k>.tasks are not yet rec
      2026-08-29T11:08:51  REPO    the study repository
          Bash: cd /Users/jihankim/replicate-study/harness/sessions/rep09/_stage && scp -q autopilot.sh remaining.py dirac-bei:/home1/users/Bei/ws/rep09/bin
      2026-08-29T11:37:38  REPO    the study repository
          Write: /Users/jihankim/replicate-study/harness/sessions/rep09/_stage/rank.py """Add framework density to the manifest and reorder the s1 task files
      2026-08-29T11:38:18  REPO    the study repository
          Write: /Users/jihankim/replicate-study/harness/sessions/rep09/_stage/LOG_append_5.md 
  ## 2026-08-29 20:40 (launch +1.0h) — screen calibrated agains
      2026-08-29T11:48:02  REPO    the study repository
          Write: /Users/jihankim/replicate-study/harness/sessions/rep09/_stage/autopilot.sh #!/bin/bash
  # Keeps a wave alive without a live session.
  #
  # Bug 
      2026-08-29T11:53:32  REPO    the study repository
          Write: /Users/jihankim/replicate-study/harness/sessions/rep09/_stage/census.sh #!/bin/bash
  # Every live rep09 job, one full name per line: queued i
      2026-08-29T11:53:41  REPO    the study repository
          Write: /Users/jihankim/replicate-study/harness/sessions/rep09/_stage/autopilot.sh #!/bin/bash
  # Keeps a wave alive without a live session.
  #
  # Bug 
      2026-08-29T12:25:06  REPO    the study repository
          Write: /Users/jihankim/replicate-study/harness/sessions/rep09/_stage/STATE.md # STATE — current beliefs and open tasks
  
  *(Self-sufficient: this fil
      2026-08-29T13:35:39  REPO    the study repository
          Write: /Users/jihankim/replicate-study/harness/sessions/rep09/_stage/run_batch.py """Execute a task list of GCMC points with a process pool; append
      2026-08-29T13:35:55  REPO    the study repository
          Bash: cd /Users/jihankim/replicate-study/harness/sessions/rep09/_stage && scp -q run_batch.py dirac-bei:/home1/users/Bei/ws/rep09/bin/ && cat > lo
      2026-08-29T13:38:00  REPO    the study repository
          Write: /Users/jihankim/replicate-study/harness/sessions/rep09/_stage/modify.py """Charge-balanced defunctionalisation of database structures.
  
  Char
      2026-08-29T13:39:24  REPO    the study repository
          Write: /Users/jihankim/replicate-study/harness/sessions/rep09/_stage/select.py """Summarise the Tier-1 screen and emit candidate id lists for later
      2026-08-29T21:44:29  REPO    the study repository
          Write: /Users/jihankim/replicate-study/harness/sessions/rep09/_stage/autopilot.sh #!/bin/bash
  # Keeps queued waves alive without a live session.
  #
  
      2026-08-29T21:44:36  REPO    the study repository
          Bash: cd /Users/jihankim/replicate-study/harness/sessions/rep09/_stage && scp -q autopilot.sh dirac-bei:/home1/users/Bei/ws/rep09/bin/ && ssh dira
      2026-08-29T21:46:46  REPO    the study repository
          Write: /Users/jihankim/replicate-study/harness/sessions/rep09/_stage/LOG_append_10.md 
  ## 2026-08-30 06:45 (launch +11.1h) — calibration lands; Tie
      2026-08-29T21:46:54  REPO    the study repository
          Bash: cd /Users/jihankim/replicate-study/harness/sessions/rep09/_stage && scp -q LOG_append_10.md dirac-bei:/home1/users/Bei/ws/rep09/scratch/ && 
  [audit] rep10: 285 tool calls, 0 finding(s)
  [audit] rep11: 152 tool calls, 0 finding(s)
  [audit] rep12: 172 tool calls, 40 finding(s)
      2026-08-29T11:42:46  SUPER   the supervisor's cluster home
          Bash: ssh dirac-bei 'ls -la /home/users/Bei/ 2>/dev/null | head -30; echo "--- find qas ---"; find /home/users/Bei /home1/users/Bei -maxdepth 3 -n
      2026-08-29T11:42:50  SUPER   the supervisor's cluster home
          Bash: ssh dirac-bei 'ls /home/users/Bei/bei /home/users/Bei/.local /home/users/Bei/.local/* 2>/dev/null | head -40; echo "=== scripts ==="; ls /ho
      2026-08-29T11:42:54  SUPER   the supervisor's cluster home
          Bash: ssh dirac-bei 'find /home/users/Bei/bei -maxdepth 3 2>/dev/null | head -40' Explore bei cluster dir
      2026-08-29T11:43:00  SUPER   the supervisor's cluster home
          Bash: ssh dirac-bei 'cat /home/users/Bei/bei/cluster/verify-gcmc.pbs; echo "=== SIM INPUT p65 ==="; cat /home/users/Bei/bei/verify/2021_Cu__sql_2_
      2026-08-29T11:45:20  SUPER   the supervisor's cluster home
          Bash: ssh dirac-bei 'cd /home/users/Bei/bei/verify/2021_Cu__sql_2_ASR_6__p65 && head -30 2021_Cu__sql_2_ASR_6.cif && echo "=== OUT ===" && ls Outp
      2026-08-29T11:45:26  SUPER   the supervisor's cluster home
          Bash: ssh dirac-bei 'cd /home/users/Bei/bei/verify/2021_Cu__sql_2_ASR_6__p65 && f=$(ls Output/System_0/output_*.data|head -1) && sed -n "520,560p"
      2026-08-29T11:45:41  SUPER   the supervisor's cluster home
          Bash: ssh dirac-bei 'cd /home/users/Bei/bei/verify/2021_Cu__sql_2_ASR_6__p65 && f=$(ls Output/System_0/output_*.data|head -1) && grep -E "^ +(Cu|C
      2026-08-29T11:47:10  SUPER   the supervisor's cluster home
          Bash: ssh dirac-bei 'cd /home1/users/Bei/ws/rep12 && mkdir -p bin desc tables pbs runs logs && git init -q 2>/dev/null; git config user.name "rep1
      2026-08-29T11:48:01  REPO    the study repository
          Bash: mkdir -p /Users/jihankim/replicate-study/harness/sessions/rep12/stage/bin && echo ok Create local staging dir
      2026-08-29T11:48:37  REPO    the study repository
          Write: /Users/jihankim/replicate-study/harness/sessions/rep12/stage/bin/mofcore.py """Core CIF parsing + UFF/TraPPE descriptor engine (rep12).
  
  For
      2026-08-29T11:49:16  REPO    the study repository
          Write: /Users/jihankim/replicate-study/harness/sessions/rep12/stage/bin/descsweep.py """Descriptor sweep over a shard of the database.
  
  usage: desc
      2026-08-29T11:49:23  REPO    the study repository
          Bash: cd /Users/jihankim/replicate-study/harness/sessions/rep12/stage && scp -q bin/mofcore.py bin/descsweep.py dirac-bei:/home1/users/Bei/ws/rep1
      2026-08-29T11:50:32  REPO    the study repository
          Write: /Users/jihankim/replicate-study/harness/sessions/rep12/stage/bin/mkinput.py """Build a RASPA GCMC job directory for one (structure, pressure
      2026-08-29T11:50:46  REPO    the study repository
          Write: /Users/jihankim/replicate-study/harness/sessions/rep12/stage/bin/runbatch.sh #!/bin/bash
  # Run a shard of a GCMC task list.  One RASPA proce
      2026-08-29T11:50:58  REPO    the study repository
          Write: /Users/jihankim/replicate-study/harness/sessions/rep12/stage/bin/extract.py """Pull the reported quantities out of one RASPA output file int
      2026-08-29T11:51:18  REPO    the study repository
          Write: /Users/jihankim/replicate-study/harness/sessions/rep12/stage/bin/submit.py """Split a task list into N PBS jobs and submit them with qas.
  
  u
      2026-08-29T11:51:29  REPO    the study repository
          Write: /Users/jihankim/replicate-study/harness/sessions/rep12/stage/bin/subdesc.py """Submit the whole-database descriptor sweep as njobs x ppn pyt
      2026-08-29T11:52:33  REPO    the study repository
          Write: /Users/jihankim/replicate-study/harness/sessions/rep12/stage/STATE.md # STATE — rep12 working memory
  
  *Updated: 2026-08-29 21:00 KST*
  
  ## Fi
      2026-08-29T11:53:05  REPO    the study repository
          Write: /Users/jihankim/replicate-study/harness/sessions/rep12/stage/LOG.md # LOG — append-only narrative
  
  ## 2026-08-29 20:42 KST — launch
  
  Read CH
      2026-08-29T11:55:48  REPO    the study repository
          Write: /Users/jihankim/replicate-study/harness/sessions/rep12/stage/bin/elemcheck.py """G4(b)(i) mechanical check: does RASPA's auto-created pseudo
      2026-08-29T11:57:19  REPO    the study repository
          Write: /Users/jihankim/replicate-study/harness/sessions/rep12/stage/bin/subdesc.py """Submit part of the whole-database descriptor sweep.
  
  usage: s
      2026-08-29T11:57:54  REPO    the study repository
          Write: /Users/jihankim/replicate-study/harness/sessions/rep12/stage/bin/status.sh #!/bin/bash
  # One-line-per-item campaign status.  Charter s4: nev
      2026-08-29T11:58:23  REPO    the study repository
          Write: /Users/jihankim/replicate-study/harness/sessions/rep12/stage/bin/rank.py """Merge descriptor shards, apply the G3 pre-simulation screen, and
      2026-08-29T11:59:35  REPO    the study repository
          Write: /Users/jihankim/replicate-study/harness/sessions/rep12/stage/bin/audit.py """Append gate events to AUDIT.jsonl in the schema of AUDIT_SCHEMA
      2026-08-29T11:59:48  REPO    the study repository
          Write: /Users/jihankim/replicate-study/harness/sessions/rep12/stage/bin/charges.py """Charge-balance leg of gate G3, over the whole database.
  
  Ever
      2026-08-29T12:03:55  REPO    the study repository
          Write: /Users/jihankim/replicate-study/harness/sessions/rep12/stage/bin/collect.py """Collapse per-worker GCMC result CSVs into one structure-level
      2026-08-29T12:04:21  REPO    the study repository
          Write: /Users/jihankim/replicate-study/harness/sessions/rep12/stage/bin/wave.py """Choose the next GCMC wave and write its task list.
  
  Selection ha
      2026-08-29T12:05:41  REPO    the study repository
          Write: /Users/jihankim/replicate-study/harness/sessions/rep12/stage/STATE.md # STATE — rep12 working memory
  
  *Updated: 2026-08-29 22:30 KST*
  
  ## Fi
      2026-08-29T12:06:03  SUPER   the supervisor's cluster home
          Bash: cat > /tmp/log2.md <<'EOF'
  
  ## 2026-08-29 22:00 — the cluster is saturated, and how the scheduler decides
  
  An hour after submission not one 
      2026-08-29T12:18:19  REPO    the study repository
          Write: /Users/jihankim/replicate-study/harness/sessions/rep12/stage/bin/claim.py """Emit claim-grade (10,000 + 50,000) and G6-reproduction task lis
      2026-08-29T12:40:05  REPO    the study repository
          Bash: scp -q /Users/jihankim/replicate-study/harness/sessions/rep12/stage/STATE.md dirac-bei:/home1/users/Bei/ws/rep12/ 2>/dev/null; cat > /tmp/lo
      2026-08-29T13:37:15  REPO    the study repository
          Bash: cd /Users/jihankim/replicate-study/harness/sessions/rep12/stage && python3 - <<'PYEOF'
  p='bin/mkinput.py'
  s=open(p).read()
  s=s.replace('''GR
      2026-08-29T13:49:27  REPO    the study repository
          Write: /Users/jihankim/replicate-study/harness/sessions/rep12/stage/bin/qworker.sh #!/bin/bash
  # Pull-based GCMC worker.
  #
  # usage: qworker.sh <que
      2026-08-29T13:49:48  REPO    the study repository
          Write: /Users/jihankim/replicate-study/harness/sessions/rep12/stage/bin/repurpose.py """Rewrite the body of an already-queued PBS file, keeping its
      2026-08-29T13:49:58  REPO    the study repository
          Write: /Users/jihankim/replicate-study/harness/sessions/rep12/stage/bin/coarse.py """Fast reduced-precision descriptor pass, for seeding the first 
      2026-08-29T14:16:35  REPO    the study repository
          Write: /Users/jihankim/replicate-study/harness/sessions/rep12/stage/bin/rank.py """Merge descriptor shards, apply the G3 pre-simulation screen, ran
      2026-08-29T14:42:50  REPO    the study repository
          Write: /Users/jihankim/replicate-study/harness/sessions/rep12/stage/bin/mkqueue.py """Write work/queue.txt: the ordered list of GCMC tasks workers 
      2026-08-29T14:43:48  REPO    the study repository
          Write: /Users/jihankim/replicate-study/harness/sessions/rep12/stage/STATE.md # STATE — rep12 working memory
  
  *Updated: 2026-08-29 23:45 KST (T+3.0 
      2026-08-29T21:45:55  REPO    the study repository
          Write: /Users/jihankim/replicate-study/harness/sessions/rep12/stage/bin/gates.py """Apply the value-triggered gates to collected results and emit a
      2026-08-29T21:46:25  REPO    the study repository
          Bash: cd /Users/jihankim/replicate-study/harness/sessions/rep12/stage && scp -q bin/gates.py bin/mkqueue.py dirac-bei:/home1/users/Bei/ws/rep12/bi
  [audit] rep13: 174 tool calls, 0 finding(s)
  [audit] rep15: 198 tool calls, 0 finding(s)
  [audit] rep16: 189 tool calls, 1 finding(s)
      2026-08-29T11:43:20  WSROOT  the shared workspace root
          Bash: ssh dirac-bei 'ls /home1/users/Bei/ws/ ; ls /home1/users/Bei/ ; find /home1/users/Bei -maxdepth 2 -name "qas*" 2>/dev/null; ls /home1/users/
  [audit] rep17: 110 tool calls, 0 finding(s)
  [audit] s01: 305 tool calls, 0 finding(s)
  [audit] s02: 201 tool calls, 0 finding(s)
    FLEET PAUSED (harness/state/PAUSE.json present) -- restart watcher stood down.
    Sessions are down by ruling, not by failure. Resume with harness/resume_fleet.sh.
  --- escalations ---
  [escalate] 25 awaiting a human answer (cadence: 09:00, 21:00 KST)
      s01   infra     waiting  37.60 h  job exited 0 with no output
      rep01 charter   waiting  16.14 h  Appendix A G3 note says the least dense entry in this da
      rep01 charter   waiting  16.14 h  G3 requires a He void fraction for every structure enter
      rep01 infra     waiting  16.14 h  SimulationType MakeGrid in the provided RASPA 2.0.37 bui
  --- shared-queue depth (crowding covariate, Flag I) ---
  [queue-depth] 2026-08-30 07:22 KST  queue R=174 Q=5 across 5 users | study R=70 Q=4 (40.2% of running) | others waiting=1
  --- mechanical divergence panel ---
  [divergence] STATUS.md panel refreshed  -- not collected this cycle: s01 (None), s02 (None)
