[spend] rep01: $    0.79 / $280.00     0.3%  OK
         cache reads are 33.2% of that; $13.26 per M billable (59,407 billable vs 523,521 cache-read)
[spend] rep01: $    0.85 / $280.00     0.3%  OK
         cache reads are 35.9% of that; $13.97 per M billable (60,647 billable vs 607,909 cache-read)
[spend] rep01: $    1.48 / $280.00     0.5%  OK
         cache reads are 39.3% of that; $16.88 per M billable (87,885 billable vs 1,165,871 cache-read)
[spend] rep01: $    2.37 / $280.00     0.8%  OK
         cache reads are 33.0% of that; $17.66 per M billable (133,916 billable vs 1,563,167 cache-read)
[spend] rep01: $    3.12 / $280.00     1.1%  OK
         cache reads are 30.2% of that; $18.14 per M billable (172,274 billable vs 1,887,911 cache-read)
[spend] rep01: $    3.65 / $280.00     1.3%  OK
         cache reads are 34.0% of that; $19.36 per M billable (188,795 billable vs 2,484,293 cache-read)
[spend] rep01: $    3.86 / $280.00     1.4%  OK
         cache reads are 35.2% of that; $19.76 per M billable (195,596 billable vs 2,720,244 cache-read)
[spend] rep01: $    4.12 / $280.00     1.5%  OK
         cache reads are 35.0% of that; $20.31 per M billable (202,910 billable vs 2,881,998 cache-read)
[spend] rep01: $    4.92 / $280.00     1.8%  OK
         cache reads are 39.7% of that; $21.66 per M billable (227,195 billable vs 3,908,161 cache-read)
[spend] rep01: $    5.18 / $280.00     1.8%  OK
         cache reads are 39.5% of that; $22.07 per M billable (234,801 billable vs 4,088,329 cache-read)
[spend] rep01: $    5.53 / $280.00     2.0%  OK
         cache reads are 40.3% of that; $22.19 per M billable (249,103 billable vs 4,458,207 cache-read)
[spend] rep01: $    6.86 / $280.00     2.5%  OK
         cache reads are 44.2% of that; $24.23 per M billable (283,295 billable vs 6,066,496 cache-read)
[spend] rep01: $    8.19 / $280.00     2.9%  OK
         cache reads are 46.4% of that; $25.48 per M billable (321,544 billable vs 7,601,645 cache-read)
[spend] rep01: $    8.42 / $280.00     3.0%  OK
         cache reads are 47.2% of that; $25.82 per M billable (325,936 billable vs 7,950,171 cache-read)
[spend] rep01: $    9.17 / $280.00     3.3%  OK
         cache reads are 47.3% of that; $26.32 per M billable (348,304 billable vs 8,671,262 cache-read)
[spend] rep01: $   10.09 / $280.00     3.6%  OK
         cache reads are 48.1% of that; $27.18 per M billable (371,100 billable vs 9,699,566 cache-read)
[spend] rep01: $   10.17 / $280.00     3.6%  OK
         cache reads are 48.3% of that; $27.26 per M billable (373,076 billable vs 9,831,633 cache-read)
[spend] rep01: $   10.39 / $280.00     3.7%  OK
         cache reads are 48.6% of that; $27.57 per M billable (376,774 billable vs 10,099,403 cache-read)
[spend] rep01: $   10.76 / $280.00     3.8%  OK
         cache reads are 49.4% of that; $27.92 per M billable (385,408 billable vs 10,640,173 cache-read)
[spend] rep01: $   10.76 / $280.00     3.8%  OK
         cache reads are 49.4% of that; $27.92 per M billable (385,408 billable vs 10,640,173 cache-read)
[spend] rep01: $   10.76 / $280.00     3.8%  OK
         cache reads are 49.4% of that; $27.92 per M billable (385,408 billable vs 10,640,173 cache-read)
[spend] rep01: $   10.76 / $280.00     3.8%  OK
         cache reads are 49.4% of that; $27.92 per M billable (385,408 billable vs 10,640,173 cache-read)
[spend] rep01: $   11.39 / $280.00     4.1%  OK
         cache reads are 49.7% of that; $28.26 per M billable (403,044 billable vs 11,331,474 cache-read)
[spend] rep01: $   11.39 / $280.00     4.1%  OK
         cache reads are 49.7% of that; $28.26 per M billable (403,044 billable vs 11,331,474 cache-read)
[spend] rep01: $   11.39 / $280.00     4.1%  OK
         cache reads are 49.7% of that; $28.26 per M billable (403,044 billable vs 11,331,474 cache-read)
[spend] rep01: $   11.39 / $280.00     4.1%  OK
         cache reads are 49.7% of that; $28.26 per M billable (403,044 billable vs 11,331,474 cache-read)
[spend] rep01: $   11.77 / $280.00     4.2%  OK
         cache reads are 50.6% of that; $28.63 per M billable (410,950 billable vs 11,901,734 cache-read)
[spend] rep01: $   12.59 / $280.00     4.5%  OK
         cache reads are 51.9% of that; $29.49 per M billable (426,852 billable vs 13,080,236 cache-read)
[spend] rep01: $   13.39 / $280.00     4.8%  OK
         cache reads are 52.8% of that; $30.14 per M billable (444,387 billable vs 14,143,064 cache-read)
[spend] rep01: $   14.36 / $280.00     5.1%  OK
         cache reads are 54.2% of that; $31.17 per M billable (460,838 billable vs 15,582,042 cache-read)
[spend] rep01: $   14.36 / $280.00     5.1%  OK
         cache reads are 54.2% of that; $31.17 per M billable (460,838 billable vs 15,582,042 cache-read)
[spend] rep01: $   14.36 / $280.00     5.1%  OK
         cache reads are 54.2% of that; $31.17 per M billable (460,838 billable vs 15,582,042 cache-read)
[spend] rep01: $   14.36 / $280.00     5.1%  OK
         cache reads are 54.2% of that; $31.17 per M billable (460,838 billable vs 15,582,042 cache-read)
[spend] rep01: $   14.36 / $280.00     5.1%  OK
         cache reads are 54.2% of that; $31.17 per M billable (460,838 billable vs 15,582,042 cache-read)
[spend] rep01: $   14.73 / $280.00     5.3%  OK
         cache reads are 54.5% of that; $31.52 per M billable (467,401 billable vs 16,073,517 cache-read)
[spend] rep01: $   15.40 / $280.00     5.5%  OK
         cache reads are 55.4% of that; $32.02 per M billable (481,051 billable vs 17,073,293 cache-read)
[spend] rep01: $   15.40 / $280.00     5.5%  OK
         cache reads are 55.4% of that; $32.02 per M billable (481,051 billable vs 17,073,293 cache-read)
[spend] rep01: $   15.40 / $280.00     5.5%  OK
         cache reads are 55.4% of that; $32.02 per M billable (481,051 billable vs 17,073,293 cache-read)
[spend] rep01: $   15.40 / $280.00     5.5%  OK
         cache reads are 55.4% of that; $32.02 per M billable (481,051 billable vs 17,073,293 cache-read)
[spend] rep01: $   15.40 / $280.00     5.5%  OK
         cache reads are 55.4% of that; $32.02 per M billable (481,051 billable vs 17,073,293 cache-read)
[spend] rep01: $   15.70 / $280.00     5.6%  OK
         cache reads are 56.0% of that; $32.42 per M billable (484,144 billable vs 17,583,282 cache-read)
[spend] rep01: $   15.70 / $280.00     5.6%  OK
         cache reads are 56.0% of that; $32.42 per M billable (484,144 billable vs 17,583,282 cache-read)
[spend] rep01: $   15.70 / $280.00     5.6%  OK
         cache reads are 56.0% of that; $32.42 per M billable (484,144 billable vs 17,583,282 cache-read)
[spend] rep01: $   15.70 / $280.00     5.6%  OK
         cache reads are 56.0% of that; $32.42 per M billable (484,144 billable vs 17,583,282 cache-read)
[spend] rep01: $   15.70 / $280.00     5.6%  OK
         cache reads are 56.0% of that; $32.42 per M billable (484,144 billable vs 17,583,282 cache-read)
[spend] rep01: $   16.00 / $280.00     5.7%  OK
         cache reads are 56.5% of that; $32.83 per M billable (487,455 billable vs 18,096,883 cache-read)
[spend] rep01: $   16.00 / $280.00     5.7%  OK
         cache reads are 56.5% of that; $32.83 per M billable (487,455 billable vs 18,096,883 cache-read)
[spend] rep01: $   16.00 / $280.00     5.7%  OK
         cache reads are 56.5% of that; $32.83 per M billable (487,455 billable vs 18,096,883 cache-read)
[spend] rep01: $   16.00 / $280.00     5.7%  OK
         cache reads are 56.5% of that; $32.83 per M billable (487,455 billable vs 18,096,883 cache-read)
[spend] rep01: $   16.00 / $280.00     5.7%  OK
         cache reads are 56.5% of that; $32.83 per M billable (487,455 billable vs 18,096,883 cache-read)
[spend] rep01: $   16.30 / $280.00     5.8%  OK
         cache reads are 57.1% of that; $33.22 per M billable (490,631 billable vs 18,615,038 cache-read)
[spend] rep01: $   16.30 / $280.00     5.8%  OK
         cache reads are 57.1% of that; $33.22 per M billable (490,631 billable vs 18,615,038 cache-read)
[spend] rep01: $   16.30 / $280.00     5.8%  OK
         cache reads are 57.1% of that; $33.22 per M billable (490,631 billable vs 18,615,038 cache-read)
[spend] rep01: $   16.30 / $280.00     5.8%  OK
         cache reads are 57.1% of that; $33.22 per M billable (490,631 billable vs 18,615,038 cache-read)
[spend] rep01: $   16.30 / $280.00     5.8%  OK
         cache reads are 57.1% of that; $33.22 per M billable (490,631 billable vs 18,615,038 cache-read)
[spend] rep01: $   16.60 / $280.00     5.9%  OK
         cache reads are 57.6% of that; $33.65 per M billable (493,235 billable vs 19,137,802 cache-read)
[spend] rep01: $   16.60 / $280.00     5.9%  OK
         cache reads are 57.6% of that; $33.65 per M billable (493,235 billable vs 19,137,802 cache-read)
[spend] rep01: $   16.60 / $280.00     5.9%  OK
         cache reads are 57.6% of that; $33.65 per M billable (493,235 billable vs 19,137,802 cache-read)
[spend] rep01: $   16.60 / $280.00     5.9%  OK
         cache reads are 57.6% of that; $33.65 per M billable (493,235 billable vs 19,137,802 cache-read)
[spend] rep01: $   16.60 / $280.00     5.9%  OK
         cache reads are 57.6% of that; $33.65 per M billable (493,235 billable vs 19,137,802 cache-read)
[spend] rep01: $   16.94 / $280.00     6.0%  OK
         cache reads are 58.0% of that; $34.06 per M billable (497,488 billable vs 19,663,618 cache-read)
[spend] rep01: $   16.94 / $280.00     6.0%  OK
         cache reads are 58.0% of that; $34.06 per M billable (497,488 billable vs 19,663,618 cache-read)
[spend] rep01: $   16.94 / $280.00     6.0%  OK
         cache reads are 58.0% of that; $34.06 per M billable (497,488 billable vs 19,663,618 cache-read)
[spend] rep01: $   16.94 / $280.00     6.0%  OK
         cache reads are 58.0% of that; $34.06 per M billable (497,488 billable vs 19,663,618 cache-read)
[spend] rep01: $   16.94 / $280.00     6.0%  OK
         cache reads are 58.0% of that; $34.06 per M billable (497,488 billable vs 19,663,618 cache-read)
[spend] rep01: $   17.26 / $280.00     6.2%  OK
         cache reads are 58.5% of that; $34.43 per M billable (501,249 billable vs 20,194,152 cache-read)
[spend] rep01: $   17.26 / $280.00     6.2%  OK
         cache reads are 58.5% of that; $34.43 per M billable (501,249 billable vs 20,194,152 cache-read)
[spend] rep01: $   17.26 / $280.00     6.2%  OK
         cache reads are 58.5% of that; $34.43 per M billable (501,249 billable vs 20,194,152 cache-read)
[spend] rep01: $   17.26 / $280.00     6.2%  OK
         cache reads are 58.5% of that; $34.43 per M billable (501,249 billable vs 20,194,152 cache-read)
[spend] rep01: $   17.26 / $280.00     6.2%  OK
         cache reads are 58.5% of that; $34.43 per M billable (501,249 billable vs 20,194,152 cache-read)
[spend] rep01: $   17.82 / $280.00     6.4%  OK
         cache reads are 59.2% of that; $34.81 per M billable (511,812 billable vs 21,091,750 cache-read)
[spend] rep01: $   17.82 / $280.00     6.4%  OK
         cache reads are 59.2% of that; $34.81 per M billable (511,812 billable vs 21,091,750 cache-read)
[spend] rep01: $   17.82 / $280.00     6.4%  OK
         cache reads are 59.2% of that; $34.81 per M billable (511,812 billable vs 21,091,750 cache-read)
[spend] rep01: $   17.82 / $280.00     6.4%  OK
         cache reads are 59.2% of that; $34.81 per M billable (511,812 billable vs 21,091,750 cache-read)
[spend] rep01: $   17.82 / $280.00     6.4%  OK
         cache reads are 59.2% of that; $34.81 per M billable (511,812 billable vs 21,091,750 cache-read)
[spend] rep01: $   18.85 / $280.00     6.7%  OK
         cache reads are 59.9% of that; $35.46 per M billable (531,541 billable vs 22,561,481 cache-read)
[spend] rep01: $   18.85 / $280.00     6.7%  OK
         cache reads are 59.9% of that; $35.46 per M billable (531,541 billable vs 22,561,481 cache-read)
[spend] rep01: $   18.85 / $280.00     6.7%  OK
         cache reads are 59.9% of that; $35.46 per M billable (531,541 billable vs 22,561,481 cache-read)
[spend] rep01: $   18.85 / $280.00     6.7%  OK
         cache reads are 59.9% of that; $35.46 per M billable (531,541 billable vs 22,561,481 cache-read)
[spend] rep01: $   18.85 / $280.00     6.7%  OK
         cache reads are 59.9% of that; $35.46 per M billable (531,541 billable vs 22,561,481 cache-read)
[spend] rep01: $   18.95 / $280.00     6.8%  OK
         cache reads are 60.0% of that; $35.61 per M billable (532,178 billable vs 22,750,769 cache-read)
[spend] rep01: $   18.95 / $280.00     6.8%  OK
         cache reads are 60.0% of that; $35.61 per M billable (532,178 billable vs 22,750,769 cache-read)
[spend] rep01: $   18.95 / $280.00     6.8%  OK
         cache reads are 60.0% of that; $35.61 per M billable (532,178 billable vs 22,750,769 cache-read)
[spend] rep01: $   18.95 / $280.00     6.8%  OK
         cache reads are 60.0% of that; $35.61 per M billable (532,178 billable vs 22,750,769 cache-read)
[spend] rep01: $   18.95 / $280.00     6.8%  OK
         cache reads are 60.0% of that; $35.61 per M billable (532,178 billable vs 22,750,769 cache-read)
[spend] rep01: $   19.28 / $280.00     6.9%  OK
         cache reads are 60.5% of that; $36.06 per M billable (534,635 billable vs 23,320,580 cache-read)
[spend] rep01: $   19.28 / $280.00     6.9%  OK
         cache reads are 60.5% of that; $36.06 per M billable (534,635 billable vs 23,320,580 cache-read)
[spend] rep01: $   19.28 / $280.00     6.9%  OK
         cache reads are 60.5% of that; $36.06 per M billable (534,635 billable vs 23,320,580 cache-read)
[spend] rep01: $   19.28 / $280.00     6.9%  OK
         cache reads are 60.5% of that; $36.06 per M billable (534,635 billable vs 23,320,580 cache-read)
[spend] rep01: $   19.28 / $280.00     6.9%  OK
         cache reads are 60.5% of that; $36.06 per M billable (534,635 billable vs 23,320,580 cache-read)
[spend] rep01: $   19.39 / $280.00     6.9%  OK
         cache reads are 60.6% of that; $36.19 per M billable (535,673 billable vs 23,510,892 cache-read)
[spend] rep01: $   19.39 / $280.00     6.9%  OK
         cache reads are 60.6% of that; $36.19 per M billable (535,673 billable vs 23,510,892 cache-read)
[spend] rep01: $   19.39 / $280.00     6.9%  OK
         cache reads are 60.6% of that; $36.19 per M billable (535,673 billable vs 23,510,892 cache-read)
[spend] rep01: $   19.39 / $280.00     6.9%  OK
         cache reads are 60.6% of that; $36.19 per M billable (535,673 billable vs 23,510,892 cache-read)
[spend] rep01: $   19.39 / $280.00     6.9%  OK
         cache reads are 60.6% of that; $36.19 per M billable (535,673 billable vs 23,510,892 cache-read)
[spend] rep01: $   19.39 / $280.00     6.9%  OK
         cache reads are 60.6% of that; $36.19 per M billable (535,673 billable vs 23,510,892 cache-read)
[spend] rep01: $   21.61 / $280.00     7.7%  OK
         cache reads are 62.1% of that; $37.78 per M billable (572,046 billable vs 26,830,700 cache-read)
[spend] rep01: $   22.50 / $280.00     8.0%  OK
         cache reads are 62.4% of that; $38.02 per M billable (591,633 billable vs 28,054,397 cache-read)
[spend] rep01: $   22.50 / $280.00     8.0%  OK
         cache reads are 62.4% of that; $38.02 per M billable (591,633 billable vs 28,054,397 cache-read)
[spend] rep01: $   22.50 / $280.00     8.0%  OK
         cache reads are 62.4% of that; $38.02 per M billable (591,633 billable vs 28,054,397 cache-read)
[spend] rep01: $   22.50 / $280.00     8.0%  OK
         cache reads are 62.4% of that; $38.02 per M billable (591,633 billable vs 28,054,397 cache-read)
[spend] rep01: $   22.50 / $280.00     8.0%  OK
         cache reads are 62.4% of that; $38.02 per M billable (591,633 billable vs 28,054,397 cache-read)
[spend] rep01: $   22.72 / $280.00     8.1%  OK
         cache reads are 62.7% of that; $38.34 per M billable (592,568 billable vs 28,471,725 cache-read)
[spend] rep01: $   22.72 / $280.00     8.1%  OK
         cache reads are 62.7% of that; $38.34 per M billable (592,568 billable vs 28,471,725 cache-read)
[spend] rep01: $   22.72 / $280.00     8.1%  OK
         cache reads are 62.7% of that; $38.34 per M billable (592,568 billable vs 28,471,725 cache-read)
[spend] rep01: $   23.36 / $280.00     8.3%  OK
         cache reads are 63.2% of that; $38.87 per M billable (601,034 billable vs 29,521,023 cache-read)
[spend] rep01: $   23.36 / $280.00     8.3%  OK
         cache reads are 63.2% of that; $38.87 per M billable (601,034 billable vs 29,521,023 cache-read)
[spend] rep01: $   23.36 / $280.00     8.3%  OK
         cache reads are 63.2% of that; $38.87 per M billable (601,034 billable vs 29,521,023 cache-read)
[spend] rep01: $   23.36 / $280.00     8.3%  OK
         cache reads are 63.2% of that; $38.87 per M billable (601,034 billable vs 29,521,023 cache-read)
[spend] rep01: $   23.36 / $280.00     8.3%  OK
         cache reads are 63.2% of that; $38.87 per M billable (601,034 billable vs 29,521,023 cache-read)
[spend] rep01: $   24.73 / $280.00     8.8%  OK
         cache reads are 64.4% of that; $40.17 per M billable (615,774 billable vs 31,869,193 cache-read)
[spend] rep01: $   25.62 / $280.00     9.2%  OK
         cache reads are 65.2% of that; $40.98 per M billable (625,099 billable vs 33,392,983 cache-read)
[spend] rep01: $   25.62 / $280.00     9.2%  OK
         cache reads are 65.2% of that; $40.98 per M billable (625,099 billable vs 33,392,983 cache-read)
[spend] rep01: $   25.62 / $280.00     9.2%  OK
         cache reads are 65.2% of that; $40.98 per M billable (625,099 billable vs 33,392,983 cache-read)
[spend] rep01: $   25.62 / $280.00     9.2%  OK
         cache reads are 65.2% of that; $40.98 per M billable (625,099 billable vs 33,392,983 cache-read)
[spend] rep01: $   25.62 / $280.00     9.2%  OK
         cache reads are 65.2% of that; $40.98 per M billable (625,099 billable vs 33,392,983 cache-read)
[spend] rep01: $   25.85 / $280.00     9.2%  OK
         cache reads are 65.4% of that; $41.29 per M billable (626,096 billable vs 33,832,702 cache-read)
[spend] rep01: $   25.85 / $280.00     9.2%  OK
         cache reads are 65.4% of that; $41.29 per M billable (626,096 billable vs 33,832,702 cache-read)
[spend] rep01: $   25.85 / $280.00     9.2%  OK
         cache reads are 65.4% of that; $41.29 per M billable (626,096 billable vs 33,832,702 cache-read)
[spend] rep01: $   25.85 / $280.00     9.2%  OK
         cache reads are 65.4% of that; $41.29 per M billable (626,096 billable vs 33,832,702 cache-read)
[spend] rep01: $   25.85 / $280.00     9.2%  OK
         cache reads are 65.4% of that; $41.29 per M billable (626,096 billable vs 33,832,702 cache-read)
[spend] rep01: $   26.13 / $280.00     9.3%  OK
         cache reads are 65.6% of that; $41.53 per M billable (629,276 billable vs 34,273,170 cache-read)
[spend] rep01: $   26.13 / $280.00     9.3%  OK
         cache reads are 65.6% of that; $41.53 per M billable (629,276 billable vs 34,273,170 cache-read)
[spend] rep01: $   26.13 / $280.00     9.3%  OK
         cache reads are 65.6% of that; $41.53 per M billable (629,276 billable vs 34,273,170 cache-read)
[spend] rep01: $   26.13 / $280.00     9.3%  OK
         cache reads are 65.6% of that; $41.53 per M billable (629,276 billable vs 34,273,170 cache-read)
[spend] rep01: $   26.13 / $280.00     9.3%  OK
         cache reads are 65.6% of that; $41.53 per M billable (629,276 billable vs 34,273,170 cache-read)
[spend] rep01: $   27.40 / $280.00     9.8%  OK
         cache reads are 66.2% of that; $42.27 per M billable (648,203 billable vs 36,279,162 cache-read)
[spend] rep01: $   27.40 / $280.00     9.8%  OK
         cache reads are 66.2% of that; $42.27 per M billable (648,203 billable vs 36,279,162 cache-read)
[spend] rep01: $   27.40 / $280.00     9.8%  OK
         cache reads are 66.2% of that; $42.27 per M billable (648,203 billable vs 36,279,162 cache-read)
[spend] rep01: $   27.40 / $280.00     9.8%  OK
         cache reads are 66.2% of that; $42.27 per M billable (648,203 billable vs 36,279,162 cache-read)
[spend] rep01: $   27.40 / $280.00     9.8%  OK
         cache reads are 66.2% of that; $42.27 per M billable (648,203 billable vs 36,279,162 cache-read)
[spend] rep01: $   27.52 / $280.00     9.8%  OK
         cache reads are 66.3% of that; $42.42 per M billable (648,655 billable vs 36,506,076 cache-read)
[spend] rep01: $   27.52 / $280.00     9.8%  OK
         cache reads are 66.3% of that; $42.42 per M billable (648,655 billable vs 36,506,076 cache-read)
[spend] rep01: $   27.79 / $280.00     9.9%  OK
         cache reads are 66.5% of that; $42.50 per M billable (653,855 billable vs 36,960,518 cache-read)
[spend] rep01: $   28.30 / $280.00    10.1%  OK
         cache reads are 66.9% of that; $42.91 per M billable (659,546 billable vs 37,883,321 cache-read)
[spend] rep01: $   28.30 / $280.00    10.1%  OK
         cache reads are 66.9% of that; $42.91 per M billable (659,546 billable vs 37,883,321 cache-read)
[spend] rep01: $   28.30 / $280.00    10.1%  OK
         cache reads are 66.9% of that; $42.91 per M billable (659,546 billable vs 37,883,321 cache-read)
[spend] rep01: $   28.30 / $280.00    10.1%  OK
         cache reads are 66.9% of that; $42.91 per M billable (659,546 billable vs 37,883,321 cache-read)
[spend] rep01: $   28.30 / $280.00    10.1%  OK
         cache reads are 66.9% of that; $42.91 per M billable (659,546 billable vs 37,883,321 cache-read)
[spend] rep01: $   28.68 / $280.00    10.2%  OK
         cache reads are 67.3% of that; $43.37 per M billable (661,159 billable vs 38,580,964 cache-read)
[spend] rep01: $   28.68 / $280.00    10.2%  OK
         cache reads are 67.3% of that; $43.37 per M billable (661,159 billable vs 38,580,964 cache-read)
[spend] rep01: $   28.68 / $280.00    10.2%  OK
         cache reads are 67.3% of that; $43.37 per M billable (661,159 billable vs 38,580,964 cache-read)
[spend] rep01: $   28.68 / $280.00    10.2%  OK
         cache reads are 67.3% of that; $43.37 per M billable (661,159 billable vs 38,580,964 cache-read)
[spend] rep01: $   28.68 / $280.00    10.2%  OK
         cache reads are 67.3% of that; $43.37 per M billable (661,159 billable vs 38,580,964 cache-read)
[spend] rep01: $   29.32 / $280.00    10.5%  OK
         cache reads are 67.8% of that; $44.08 per M billable (665,006 billable vs 39,748,576 cache-read)
[spend] rep01: $   29.32 / $280.00    10.5%  OK
         cache reads are 67.8% of that; $44.08 per M billable (665,006 billable vs 39,748,576 cache-read)
[spend] rep01: $   29.74 / $280.00    10.6%  OK
         cache reads are 68.0% of that; $44.35 per M billable (670,526 billable vs 40,454,365 cache-read)
[spend] rep01: $   29.74 / $280.00    10.6%  OK
         cache reads are 68.0% of that; $44.35 per M billable (670,526 billable vs 40,454,365 cache-read)
[spend] rep01: $   29.74 / $280.00    10.6%  OK
         cache reads are 68.0% of that; $44.35 per M billable (670,526 billable vs 40,454,365 cache-read)
[spend] rep01: $   29.74 / $280.00    10.6%  OK
         cache reads are 68.0% of that; $44.35 per M billable (670,526 billable vs 40,454,365 cache-read)
[spend] rep01: $   29.74 / $280.00    10.6%  OK
         cache reads are 68.0% of that; $44.35 per M billable (670,526 billable vs 40,454,365 cache-read)
[spend] rep01: $   29.87 / $280.00    10.7%  OK
         cache reads are 68.1% of that; $44.50 per M billable (671,237 billable vs 40,691,462 cache-read)
[spend] rep01: $   29.87 / $280.00    10.7%  OK
         cache reads are 68.1% of that; $44.50 per M billable (671,237 billable vs 40,691,462 cache-read)
[spend] rep01: $   29.87 / $280.00    10.7%  OK
         cache reads are 68.1% of that; $44.50 per M billable (671,237 billable vs 40,691,462 cache-read)
[spend] rep01: $   29.87 / $280.00    10.7%  OK
         cache reads are 68.1% of that; $44.50 per M billable (671,237 billable vs 40,691,462 cache-read)
[spend] rep01: $   29.87 / $280.00    10.7%  OK
         cache reads are 68.1% of that; $44.50 per M billable (671,237 billable vs 40,691,462 cache-read)
[spend] rep01: $   30.00 / $280.00    10.7%  OK
         cache reads are 68.2% of that; $44.64 per M billable (671,951 billable vs 40,928,989 cache-read)
[spend] rep01: $   30.00 / $280.00    10.7%  OK
         cache reads are 68.2% of that; $44.64 per M billable (671,951 billable vs 40,928,989 cache-read)
[spend] rep01: $   30.00 / $280.00    10.7%  OK
         cache reads are 68.2% of that; $44.64 per M billable (671,951 billable vs 40,928,989 cache-read)
[spend] rep01: $   30.00 / $280.00    10.7%  OK
         cache reads are 68.2% of that; $44.64 per M billable (671,951 billable vs 40,928,989 cache-read)
[spend] rep01: $   30.00 / $280.00    10.7%  OK
         cache reads are 68.2% of that; $44.64 per M billable (671,951 billable vs 40,928,989 cache-read)
[spend] rep01: $   30.41 / $280.00    10.9%  OK
         cache reads are 68.5% of that; $45.05 per M billable (674,923 billable vs 41,643,731 cache-read)
[spend] rep01: $   30.41 / $280.00    10.9%  OK
         cache reads are 68.5% of that; $45.05 per M billable (674,923 billable vs 41,643,731 cache-read)
[spend] rep01: $   30.41 / $280.00    10.9%  OK
         cache reads are 68.5% of that; $45.05 per M billable (674,923 billable vs 41,643,731 cache-read)
[spend] rep05: $    0.00 / $280.00     0.0%  OK
         cache reads are 0.0% of that; $0.00 per M billable (0 billable vs 0 cache-read)
[spend] rep01: $   30.41 / $280.00    10.9%  OK
         cache reads are 68.5% of that; $45.05 per M billable (674,923 billable vs 41,643,731 cache-read)
[spend] rep02: $    1.09 / $280.00     0.4%  OK
         cache reads are 30.7% of that; $14.33 per M billable (75,768 billable vs 665,987 cache-read)
[spend] rep03: $    1.04 / $280.00     0.4%  OK
         cache reads are 37.7% of that; $14.86 per M billable (70,208 billable vs 786,262 cache-read)
[spend] rep04: $    0.74 / $280.00     0.3%  OK
         cache reads are 36.7% of that; $13.63 per M billable (54,133 billable vs 542,399 cache-read)
[spend] rep05: $    1.00 / $280.00     0.4%  OK
         cache reads are 45.0% of that; $14.86 per M billable (67,628 billable vs 903,249 cache-read)
[spend] rep06: $    1.42 / $280.00     0.5%  OK
         cache reads are 23.9% of that; $12.00 per M billable (117,959 billable vs 677,524 cache-read)
[spend] rep07: $    1.27 / $280.00     0.4%  OK
         cache reads are 22.3% of that; $13.38 per M billable (94,758 billable vs 565,167 cache-read)
[spend] rep08: $    1.27 / $280.00     0.4%  OK
         cache reads are 33.1% of that; $14.03 per M billable (90,393 billable vs 840,059 cache-read)
[spend] rep09: $    0.93 / $280.00     0.3%  OK
         cache reads are 24.6% of that; $12.57 per M billable (73,738 billable vs 455,303 cache-read)
[spend] rep01: $   30.41 / $280.00    10.9%  OK
         cache reads are 68.5% of that; $45.05 per M billable (674,923 billable vs 41,643,731 cache-read)
[spend] rep02: $    1.19 / $280.00     0.4%  OK
         cache reads are 31.4% of that; $14.37 per M billable (82,980 billable vs 749,301 cache-read)
[spend] rep03: $    1.04 / $280.00     0.4%  OK
         cache reads are 37.7% of that; $14.86 per M billable (70,208 billable vs 786,262 cache-read)
[spend] rep04: $    1.02 / $280.00     0.4%  OK
         cache reads are 34.3% of that; $14.58 per M billable (70,199 billable vs 702,473 cache-read)
[spend] rep05: $    1.21 / $280.00     0.4%  OK
         cache reads are 41.4% of that; $15.71 per M billable (76,750 billable vs 997,609 cache-read)
[spend] rep06: $    1.55 / $280.00     0.5%  OK
         cache reads are 25.2% of that; $12.42 per M billable (124,723 billable vs 781,026 cache-read)
[spend] rep07: $    1.53 / $280.00     0.5%  OK
         cache reads are 24.6% of that; $13.72 per M billable (111,460 billable vs 752,859 cache-read)
[spend] rep08: $    1.53 / $280.00     0.5%  OK
         cache reads are 34.1% of that; $14.53 per M billable (105,623 billable vs 1,046,991 cache-read)
[spend] rep09: $    1.08 / $280.00     0.4%  OK
         cache reads are 24.7% of that; $13.19 per M billable (81,772 billable vs 533,595 cache-read)
[spend] rep01: $   30.41 / $280.00    10.9%  OK
         cache reads are 68.5% of that; $45.05 per M billable (674,923 billable vs 41,643,731 cache-read)
[spend] rep02: $    2.09 / $280.00     0.8%  OK
         cache reads are 30.5% of that; $17.10 per M billable (122,021 billable vs 1,273,272 cache-read)
[spend] rep03: $    1.78 / $280.00     0.6%  OK
         cache reads are 37.4% of that; $17.60 per M billable (100,957 billable vs 1,329,366 cache-read)
[spend] rep04: $    1.89 / $280.00     0.7%  OK
         cache reads are 31.4% of that; $17.73 per M billable (106,614 billable vs 1,186,985 cache-read)
[spend] rep05: $    1.67 / $280.00     0.6%  OK
         cache reads are 41.1% of that; $17.03 per M billable (97,806 billable vs 1,370,339 cache-read)
[spend] rep06: $    2.09 / $280.00     0.8%  OK
         cache reads are 22.6% of that; $14.34 per M billable (145,498 billable vs 943,278 cache-read)
[spend] rep07: $    1.96 / $280.00     0.7%  OK
         cache reads are 24.5% of that; $14.98 per M billable (130,686 billable vs 957,941 cache-read)
[spend] rep08: $    2.16 / $280.00     0.8%  OK
         cache reads are 32.2% of that; $16.04 per M billable (134,585 billable vs 1,391,441 cache-read)
[spend] rep09: $    1.81 / $280.00     0.7%  OK
         cache reads are 28.4% of that; $15.52 per M billable (116,951 billable vs 1,030,514 cache-read)
[spend] rep01: $   30.54 / $280.00    10.9%  OK
         cache reads are 68.6% of that; $45.16 per M billable (676,210 billable vs 41,882,482 cache-read)
[spend] rep02: $    2.74 / $280.00     1.0%  OK
         cache reads are 29.3% of that; $17.88 per M billable (153,419 billable vs 1,605,323 cache-read)
[spend] rep03: $    2.74 / $280.00     1.0%  OK
         cache reads are 38.2% of that; $19.83 per M billable (138,383 billable vs 2,096,988 cache-read)
[spend] rep04: $    2.46 / $280.00     0.9%  OK
         cache reads are 33.4% of that; $18.81 per M billable (130,980 billable vs 1,644,073 cache-read)
[spend] rep05: $    2.44 / $280.00     0.9%  OK
         cache reads are 33.9% of that; $18.20 per M billable (134,204 billable vs 1,657,395 cache-read)
[spend] rep06: $    2.60 / $280.00     0.9%  OK
         cache reads are 21.4% of that; $14.77 per M billable (176,149 billable vs 1,114,692 cache-read)
[spend] rep07: $    2.64 / $280.00     0.9%  OK
         cache reads are 24.6% of that; $16.24 per M billable (162,630 billable vs 1,300,813 cache-read)
[spend] rep08: $    2.90 / $280.00     1.0%  OK
         cache reads are 29.5% of that; $17.54 per M billable (165,060 billable vs 1,711,315 cache-read)
[spend] rep09: $    2.65 / $280.00     0.9%  OK
         cache reads are 27.7% of that; $16.81 per M billable (157,611 billable vs 1,466,700 cache-read)
[spend] rep01: $   30.54 / $280.00    10.9%  OK
         cache reads are 68.6% of that; $45.16 per M billable (676,210 billable vs 41,882,482 cache-read)
[spend] rep02: $    3.53 / $280.00     1.3%  OK
         cache reads are 36.2% of that; $20.15 per M billable (175,175 billable vs 2,557,735 cache-read)
[spend] rep03: $    3.99 / $280.00     1.4%  OK
         cache reads are 36.8% of that; $20.67 per M billable (193,101 billable vs 2,941,262 cache-read)
[spend] rep04: $    3.55 / $280.00     1.3%  OK
         cache reads are 36.4% of that; $21.33 per M billable (166,464 billable vs 2,587,546 cache-read)
[spend] rep05: $    2.97 / $280.00     1.1%  OK
         cache reads are 31.2% of that; $18.38 per M billable (161,515 billable vs 1,853,202 cache-read)
[spend] rep06: $    3.48 / $280.00     1.2%  OK
         cache reads are 18.9% of that; $16.65 per M billable (209,134 billable vs 1,316,541 cache-read)
[spend] rep07: $    3.06 / $280.00     1.1%  OK
         cache reads are 25.5% of that; $16.55 per M billable (185,000 billable vs 1,559,377 cache-read)
[spend] rep08: $    3.94 / $280.00     1.4%  OK
         cache reads are 27.4% of that; $17.73 per M billable (221,899 billable vs 2,154,184 cache-read)
[spend] rep09: $    3.05 / $280.00     1.1%  OK
         cache reads are 28.1% of that; $17.24 per M billable (177,157 billable vs 1,716,864 cache-read)
[spend] rep01: $   30.54 / $280.00    10.9%  OK
         cache reads are 68.6% of that; $45.16 per M billable (676,210 billable vs 41,882,482 cache-read)
[spend] rep02: $    3.78 / $280.00     1.4%  OK
         cache reads are 36.5% of that; $20.69 per M billable (182,768 billable vs 2,758,345 cache-read)
[spend] rep03: $    4.30 / $280.00     1.5%  OK
         cache reads are 38.7% of that; $21.49 per M billable (200,208 billable vs 3,327,968 cache-read)
[spend] rep04: $    4.69 / $280.00     1.7%  OK
         cache reads are 32.5% of that; $21.70 per M billable (216,230 billable vs 3,048,607 cache-read)
[spend] rep05: $    3.52 / $280.00     1.3%  OK
         cache reads are 30.6% of that; $18.75 per M billable (187,611 billable vs 2,152,546 cache-read)
[spend] rep06: $    4.02 / $280.00     1.4%  OK
         cache reads are 20.0% of that; $16.50 per M billable (243,602 billable vs 1,611,075 cache-read)
[spend] rep07: $    3.50 / $280.00     1.2%  OK
         cache reads are 24.3% of that; $17.39 per M billable (201,400 billable vs 1,699,231 cache-read)
[spend] rep08: $    4.77 / $280.00     1.7%  OK
         cache reads are 33.7% of that; $19.66 per M billable (242,790 billable vs 3,215,750 cache-read)
[spend] rep09: $    3.55 / $280.00     1.3%  OK
         cache reads are 31.0% of that; $18.34 per M billable (193,376 billable vs 2,199,454 cache-read)
[spend] rep01: $   30.54 / $280.00    10.9%  OK
         cache reads are 68.6% of that; $45.16 per M billable (676,210 billable vs 41,882,482 cache-read)
[spend] rep02: $    4.93 / $280.00     1.8%  OK
         cache reads are 39.2% of that; $22.16 per M billable (222,474 billable vs 3,868,630 cache-read)
[spend] rep03: $    5.14 / $280.00     1.8%  OK
         cache reads are 37.9% of that; $22.04 per M billable (233,398 billable vs 3,897,689 cache-read)
[spend] rep04: $    5.46 / $280.00     1.9%  OK
         cache reads are 35.9% of that; $23.07 per M billable (236,664 billable vs 3,919,980 cache-read)
[spend] rep05: $    4.06 / $280.00     1.5%  OK
         cache reads are 30.5% of that; $19.12 per M billable (212,541 billable vs 2,481,514 cache-read)
[spend] rep06: $    5.02 / $280.00     1.8%  OK
         cache reads are 28.0% of that; $18.28 per M billable (274,808 billable vs 2,813,461 cache-read)
[spend] rep07: $    4.20 / $280.00     1.5%  OK
         cache reads are 26.7% of that; $17.63 per M billable (238,216 billable vs 2,241,254 cache-read)
[spend] rep08: $    5.89 / $280.00     2.1%  OK
         cache reads are 38.0% of that; $21.49 per M billable (274,164 billable vs 4,473,565 cache-read)
[spend] rep09: $    4.40 / $280.00     1.6%  OK
         cache reads are 28.3% of that; $19.15 per M billable (229,555 billable vs 2,488,112 cache-read)
[spend] rep01: $   30.54 / $280.00    10.9%  OK
         cache reads are 68.6% of that; $45.16 per M billable (676,210 billable vs 41,882,482 cache-read)
[spend] rep02: $    5.38 / $280.00     1.9%  OK
         cache reads are 42.1% of that; $23.27 per M billable (231,169 billable vs 4,526,787 cache-read)
[spend] rep03: $    5.94 / $280.00     2.1%  OK
         cache reads are 35.1% of that; $22.71 per M billable (261,409 billable vs 4,162,520 cache-read)
[spend] rep04: $    6.45 / $280.00     2.3%  OK
         cache reads are 40.1% of that; $24.70 per M billable (261,198 billable vs 5,172,263 cache-read)
[spend] rep05: $    4.26 / $280.00     1.5%  OK
         cache reads are 31.2% of that; $19.30 per M billable (220,637 billable vs 2,656,522 cache-read)
[spend] rep06: $    5.33 / $280.00     1.9%  OK
         cache reads are 29.8% of that; $18.75 per M billable (284,238 billable vs 3,178,569 cache-read)
[spend] rep07: $    4.53 / $280.00     1.6%  OK
         cache reads are 28.5% of that; $18.20 per M billable (248,758 billable vs 2,582,362 cache-read)
[spend] rep08: $    7.02 / $280.00     2.5%  OK
         cache reads are 41.7% of that; $23.00 per M billable (305,453 billable vs 5,855,655 cache-read)
[spend] rep09: $    5.20 / $280.00     1.9%  OK
         cache reads are 27.8% of that; $19.43 per M billable (267,754 billable vs 2,896,418 cache-read)
[spend] rep01: $   30.67 / $280.00    10.9%  OK
         cache reads are 68.7% of that; $45.31 per M billable (676,928 billable vs 42,122,236 cache-read)
[spend] rep02: $    5.38 / $280.00     1.9%  OK
         cache reads are 42.1% of that; $23.27 per M billable (231,169 billable vs 4,526,787 cache-read)
[spend] rep03: $    5.94 / $280.00     2.1%  OK
         cache reads are 35.1% of that; $22.71 per M billable (261,409 billable vs 4,162,520 cache-read)
[spend] rep04: $    8.51 / $280.00     3.0%  OK
         cache reads are 37.5% of that; $18.55 per M billable (458,767 billable vs 6,374,473 cache-read)
[spend] rep05: $    4.26 / $280.00     1.5%  OK
         cache reads are 31.2% of that; $19.30 per M billable (220,637 billable vs 2,656,522 cache-read)
[spend] rep06: $    6.23 / $280.00     2.2%  OK
         cache reads are 34.7% of that; $20.43 per M billable (305,049 billable vs 4,321,026 cache-read)
[spend] rep07: $    4.99 / $280.00     1.8%  OK
         cache reads are 31.2% of that; $19.02 per M billable (262,306 billable vs 3,115,176 cache-read)
[spend] rep08: $    7.39 / $280.00     2.6%  OK
         cache reads are 41.9% of that; $23.32 per M billable (316,749 billable vs 6,195,761 cache-read)
[spend] rep09: $    5.28 / $280.00     1.9%  OK
         cache reads are 28.3% of that; $19.43 per M billable (271,639 billable vs 2,984,135 cache-read)
[spend] rep01: $   30.67 / $280.00    10.9%  OK
         cache reads are 68.7% of that; $45.31 per M billable (676,928 billable vs 42,122,236 cache-read)
[spend] rep02: $    7.25 / $280.00     2.6%  OK
         cache reads are 35.0% of that; $23.00 per M billable (315,308 billable vs 5,069,328 cache-read)
[spend] rep03: $    7.03 / $280.00     2.5%  OK
         cache reads are 36.0% of that; $21.72 per M billable (323,673 billable vs 5,060,787 cache-read)
[spend] rep04: $   10.31 / $280.00     3.7%  OK
         cache reads are 37.7% of that; $17.49 per M billable (589,431 billable vs 7,768,692 cache-read)
[spend] rep05: $    5.45 / $280.00     1.9%  OK
         cache reads are 35.8% of that; $21.26 per M billable (256,137 billable vs 3,898,623 cache-read)
[spend] rep06: $    7.76 / $280.00     2.8%  OK
         cache reads are 39.4% of that; $22.58 per M billable (343,538 billable vs 6,118,286 cache-read)
[spend] rep07: $    5.60 / $280.00     2.0%  OK
         cache reads are 32.8% of that; $19.69 per M billable (284,570 billable vs 3,674,298 cache-read)
[spend] rep08: $    7.39 / $280.00     2.6%  OK
         cache reads are 41.9% of that; $23.32 per M billable (316,749 billable vs 6,195,761 cache-read)
[spend] rep09: $    6.14 / $280.00     2.2%  OK
         cache reads are 29.6% of that; $20.40 per M billable (300,932 billable vs 3,638,242 cache-read)
[spend] rep01: $   30.67 / $280.00    10.9%  OK
         cache reads are 68.7% of that; $45.31 per M billable (676,928 billable vs 42,122,236 cache-read)
[spend] rep02: $    8.10 / $280.00     2.9%  OK
         cache reads are 36.7% of that; $23.49 per M billable (344,822 billable vs 5,942,310 cache-read)
[spend] rep03: $    7.60 / $280.00     2.7%  OK
         cache reads are 37.7% of that; $22.63 per M billable (336,039 billable vs 5,728,705 cache-read)
[spend] rep04: $   10.31 / $280.00     3.7%  OK
         cache reads are 37.7% of that; $17.49 per M billable (589,431 billable vs 7,768,692 cache-read)
[spend] rep05: $    5.70 / $280.00     2.0%  OK
         cache reads are 36.0% of that; $21.52 per M billable (265,033 billable vs 4,100,889 cache-read)
[spend] rep06: $    8.86 / $280.00     3.2%  OK
         cache reads are 40.9% of that; $23.40 per M billable (378,775 billable vs 7,253,444 cache-read)
[spend] rep07: $    6.58 / $280.00     2.4%  OK
         cache reads are 34.0% of that; $20.56 per M billable (320,184 billable vs 4,476,709 cache-read)
[spend] rep08: $    7.39 / $280.00     2.6%  OK
         cache reads are 41.9% of that; $23.32 per M billable (316,749 billable vs 6,195,761 cache-read)
[spend] rep09: $    6.94 / $280.00     2.5%  OK
         cache reads are 33.6% of that; $21.68 per M billable (320,072 billable vs 4,662,602 cache-read)
[spend] rep01: $   30.67 / $280.00    10.9%  OK
         cache reads are 68.7% of that; $45.31 per M billable (676,928 billable vs 42,122,236 cache-read)
[spend] rep02: $    8.10 / $280.00     2.9%  OK
         cache reads are 36.7% of that; $23.49 per M billable (344,822 billable vs 5,942,310 cache-read)
[spend] rep03: $    8.04 / $280.00     2.9%  OK
         cache reads are 37.0% of that; $22.69 per M billable (354,321 billable vs 5,954,325 cache-read)
[spend] rep04: $   10.31 / $280.00     3.7%  OK
         cache reads are 37.7% of that; $17.49 per M billable (589,431 billable vs 7,768,692 cache-read)
[spend] rep05: $    6.51 / $280.00     2.3%  OK
         cache reads are 40.4% of that; $22.99 per M billable (283,324 billable vs 5,264,190 cache-read)
[spend] rep06: $    9.56 / $280.00     3.4%  OK
         cache reads are 41.0% of that; $23.86 per M billable (400,909 billable vs 7,850,215 cache-read)
[spend] rep07: $    7.71 / $280.00     2.8%  OK
         cache reads are 36.2% of that; $21.48 per M billable (359,060 billable vs 5,582,103 cache-read)
[spend] rep08: $    7.39 / $280.00     2.6%  OK
         cache reads are 41.9% of that; $23.32 per M billable (316,749 billable vs 6,195,761 cache-read)
[spend] rep09: $    7.09 / $280.00     2.5%  OK
         cache reads are 34.4% of that; $21.96 per M billable (322,822 billable vs 4,878,446 cache-read)
[spend] rep01: $   30.67 / $280.00    10.9%  OK
         cache reads are 68.7% of that; $45.31 per M billable (676,928 billable vs 42,122,236 cache-read)
[spend] rep02: $    8.10 / $280.00     2.9%  OK
         cache reads are 36.7% of that; $23.49 per M billable (344,822 billable vs 5,942,310 cache-read)
[spend] rep03: $    8.99 / $280.00     3.2%  OK
         cache reads are 36.4% of that; $22.21 per M billable (404,895 billable vs 6,555,196 cache-read)
[spend] rep04: $   10.31 / $280.00     3.7%  OK
         cache reads are 37.7% of that; $17.49 per M billable (589,431 billable vs 7,768,692 cache-read)
[spend] rep05: $    7.53 / $280.00     2.7%  OK
         cache reads are 41.6% of that; $23.90 per M billable (315,263 billable vs 6,267,620 cache-read)
[spend] rep06: $   10.32 / $280.00     3.7%  OK
         cache reads are 42.9% of that; $24.60 per M billable (419,730 billable vs 8,857,828 cache-read)
[spend] rep07: $    7.71 / $280.00     2.8%  OK
         cache reads are 36.2% of that; $21.48 per M billable (359,060 billable vs 5,582,103 cache-read)
[spend] rep08: $    7.39 / $280.00     2.6%  OK
         cache reads are 41.9% of that; $23.32 per M billable (316,749 billable vs 6,195,761 cache-read)
[spend] rep09: $    9.37 / $280.00     3.4%  OK
         cache reads are 33.3% of that; $17.30 per M billable (541,596 billable vs 6,243,261 cache-read)
[spend] rep01: $   30.80 / $280.00    11.0%  OK
         cache reads are 68.8% of that; $45.45 per M billable (677,648 billable vs 42,362,424 cache-read)
[spend] rep02: $    8.10 / $280.00     2.9%  OK
         cache reads are 36.7% of that; $23.49 per M billable (344,822 billable vs 5,942,310 cache-read)
[spend] rep03: $    9.84 / $280.00     3.5%  OK
         cache reads are 38.7% of that; $23.08 per M billable (426,405 billable vs 7,610,634 cache-read)
[spend] rep04: $   10.31 / $280.00     3.7%  OK
         cache reads are 37.7% of that; $17.49 per M billable (589,431 billable vs 7,768,692 cache-read)
[spend] rep05: $    8.34 / $280.00     3.0%  OK
         cache reads are 43.2% of that; $24.93 per M billable (334,533 billable vs 7,212,362 cache-read)
[spend] rep06: $   12.01 / $280.00     4.3%  OK
         cache reads are 45.4% of that; $25.98 per M billable (462,383 billable vs 10,913,413 cache-read)
[spend] rep07: $    7.71 / $280.00     2.8%  OK
         cache reads are 36.2% of that; $21.48 per M billable (359,060 billable vs 5,582,103 cache-read)
[spend] rep08: $    9.87 / $280.00     3.5%  OK
         cache reads are 40.0% of that; $18.02 per M billable (547,904 billable vs 7,894,608 cache-read)
[spend] rep09: $   10.51 / $280.00     3.8%  OK
         cache reads are 35.9% of that; $18.41 per M billable (570,782 billable vs 7,546,610 cache-read)
[spend] rep01: $   30.80 / $280.00    11.0%  OK
         cache reads are 68.8% of that; $45.45 per M billable (677,648 billable vs 42,362,424 cache-read)
[spend] rep02: $    8.10 / $280.00     2.9%  OK
         cache reads are 36.7% of that; $23.49 per M billable (344,822 billable vs 5,942,310 cache-read)
[spend] rep03: $   10.12 / $280.00     3.6%  OK
         cache reads are 39.6% of that; $23.39 per M billable (432,780 billable vs 8,018,377 cache-read)
[spend] rep04: $   10.76 / $280.00     3.8%  OK
         cache reads are 38.4% of that; $17.92 per M billable (600,546 billable vs 8,256,457 cache-read)
[spend] rep05: $    9.50 / $280.00     3.4%  OK
         cache reads are 44.5% of that; $25.76 per M billable (368,797 billable vs 8,465,560 cache-read)
[spend] rep06: $   13.22 / $280.00     4.7%  OK
         cache reads are 47.3% of that; $26.91 per M billable (491,298 billable vs 12,500,408 cache-read)
[spend] rep07: $    7.71 / $280.00     2.8%  OK
         cache reads are 36.2% of that; $21.48 per M billable (359,060 billable vs 5,582,103 cache-read)
[spend] rep08: $   11.79 / $280.00     4.2%  OK
         cache reads are 41.0% of that; $17.29 per M billable (682,004 billable vs 9,678,273 cache-read)
[spend] rep09: $   12.63 / $280.00     4.5%  OK
         cache reads are 37.6% of that; $17.74 per M billable (711,648 billable vs 9,485,756 cache-read)
[spend] rep01: $   30.80 / $280.00    11.0%  OK
         cache reads are 68.8% of that; $45.45 per M billable (677,648 billable vs 42,362,424 cache-read)
[spend] rep02: $    8.37 / $280.00     3.0%  OK
         cache reads are 37.5% of that; $23.83 per M billable (351,257 billable vs 6,285,920 cache-read)
[spend] rep03: $   10.12 / $280.00     3.6%  OK
         cache reads are 39.6% of that; $23.39 per M billable (432,780 billable vs 8,018,377 cache-read)
[spend] rep04: $   10.91 / $280.00     3.9%  OK
         cache reads are 39.0% of that; $18.12 per M billable (601,876 billable vs 8,505,861 cache-read)
[spend] rep05: $   11.92 / $280.00     4.3%  OK
         cache reads are 39.6% of that; $18.64 per M billable (639,311 billable vs 9,443,278 cache-read)
[spend] rep06: $   14.42 / $280.00     5.1%  OK
         cache reads are 47.6% of that; $27.33 per M billable (527,511 billable vs 13,731,129 cache-read)
[spend] rep07: $    7.71 / $280.00     2.8%  OK
         cache reads are 36.2% of that; $21.48 per M billable (359,060 billable vs 5,582,103 cache-read)
[spend] rep08: $   12.28 / $280.00     4.4%  OK
         cache reads are 42.1% of that; $17.72 per M billable (692,831 billable vs 10,332,556 cache-read)
[spend] rep09: $   12.63 / $280.00     4.5%  OK
         cache reads are 37.6% of that; $17.74 per M billable (711,648 billable vs 9,485,756 cache-read)
[spend] rep01: $   30.80 / $280.00    11.0%  OK
         cache reads are 68.8% of that; $45.45 per M billable (677,648 billable vs 42,362,424 cache-read)
[spend] rep02: $    8.69 / $280.00     3.1%  OK
         cache reads are 38.9% of that; $24.40 per M billable (356,243 billable vs 6,754,223 cache-read)
[spend] rep03: $   10.12 / $280.00     3.6%  OK
         cache reads are 39.6% of that; $23.39 per M billable (432,780 billable vs 8,018,377 cache-read)
[spend] rep04: $   11.24 / $280.00     4.0%  OK
         cache reads are 39.5% of that; $18.42 per M billable (610,307 billable vs 8,881,673 cache-read)
[spend] rep05: $   14.22 / $280.00     5.1%  OK
         cache reads are 40.4% of that; $17.67 per M billable (804,843 billable vs 11,494,027 cache-read)
[spend] rep06: $   15.59 / $280.00     5.6%  OK
         cache reads are 49.8% of that; $28.55 per M billable (545,941 billable vs 15,522,137 cache-read)
[spend] rep07: $    7.86 / $280.00     2.8%  OK
         cache reads are 37.0% of that; $21.71 per M billable (362,062 billable vs 5,817,663 cache-read)
[spend] rep08: $   12.28 / $280.00     4.4%  OK
         cache reads are 42.1% of that; $17.72 per M billable (692,831 billable vs 10,332,556 cache-read)
[spend] rep09: $   12.63 / $280.00     4.5%  OK
         cache reads are 37.6% of that; $17.74 per M billable (711,648 billable vs 9,485,756 cache-read)
[spend] rep01: $   30.80 / $280.00    11.0%  OK
         cache reads are 68.8% of that; $45.45 per M billable (677,648 billable vs 42,362,424 cache-read)
[spend] rep02: $    8.69 / $280.00     3.1%  OK
         cache reads are 38.9% of that; $24.40 per M billable (356,243 billable vs 6,754,223 cache-read)
[spend] rep03: $   10.12 / $280.00     3.6%  OK
         cache reads are 39.6% of that; $23.39 per M billable (432,780 billable vs 8,018,377 cache-read)
[spend] rep04: $   11.24 / $280.00     4.0%  OK
         cache reads are 39.5% of that; $18.42 per M billable (610,307 billable vs 8,881,673 cache-read)
[spend] rep05: $   14.49 / $280.00     5.2%  OK
         cache reads are 40.7% of that; $17.89 per M billable (810,169 billable vs 11,797,469 cache-read)
[spend] rep06: $   16.57 / $280.00     5.9%  OK
         cache reads are 51.4% of that; $29.63 per M billable (559,039 billable vs 17,038,861 cache-read)
[spend] rep07: $    9.31 / $280.00     3.3%  OK
         cache reads are 40.5% of that; $23.20 per M billable (401,168 billable vs 7,535,831 cache-read)
[spend] rep08: $   12.28 / $280.00     4.4%  OK
         cache reads are 42.1% of that; $17.72 per M billable (692,831 billable vs 10,332,556 cache-read)
[spend] rep09: $   12.63 / $280.00     4.5%  OK
         cache reads are 37.6% of that; $17.74 per M billable (711,648 billable vs 9,485,756 cache-read)
[spend] rep01: $   32.42 / $280.00    11.6%  OK
         cache reads are 69.1% of that; $46.18 per M billable (701,920 billable vs 44,784,218 cache-read)
[spend] rep02: $    8.69 / $280.00     3.1%  OK
         cache reads are 38.9% of that; $24.40 per M billable (356,243 billable vs 6,754,223 cache-read)
[spend] rep03: $   10.12 / $280.00     3.6%  OK
         cache reads are 39.6% of that; $23.39 per M billable (432,780 billable vs 8,018,377 cache-read)
[spend] rep04: $   11.24 / $280.00     4.0%  OK
         cache reads are 39.5% of that; $18.42 per M billable (610,307 billable vs 8,881,673 cache-read)
[spend] rep05: $   14.49 / $280.00     5.2%  OK
         cache reads are 40.7% of that; $17.89 per M billable (810,169 billable vs 11,797,469 cache-read)
[spend] rep06: $   18.23 / $280.00     6.5%  OK
         cache reads are 53.0% of that; $30.88 per M billable (590,306 billable vs 19,305,064 cache-read)
[spend] rep07: $   10.95 / $280.00     3.9%  OK
         cache reads are 44.2% of that; $24.86 per M billable (440,289 billable vs 9,682,725 cache-read)
[spend] rep08: $   12.28 / $280.00     4.4%  OK
         cache reads are 42.1% of that; $17.72 per M billable (692,831 billable vs 10,332,556 cache-read)
[spend] rep09: $   12.63 / $280.00     4.5%  OK
         cache reads are 37.6% of that; $17.74 per M billable (711,648 billable vs 9,485,756 cache-read)
[spend] rep01: $   33.09 / $280.00    11.8%  OK
         cache reads are 69.5% of that; $46.83 per M billable (706,711 billable vs 46,021,560 cache-read)
[spend] rep02: $    9.03 / $280.00     3.2%  OK
         cache reads are 40.1% of that; $24.89 per M billable (362,643 billable vs 7,229,085 cache-read)
[spend] rep03: $   10.63 / $280.00     3.8%  OK
         cache reads are 41.6% of that; $24.10 per M billable (440,925 billable vs 8,848,624 cache-read)
[spend] rep04: $   11.24 / $280.00     4.0%  OK
         cache reads are 39.5% of that; $18.42 per M billable (610,307 billable vs 8,881,673 cache-read)
[spend] rep05: $   14.49 / $280.00     5.2%  OK
         cache reads are 40.7% of that; $17.89 per M billable (810,169 billable vs 11,797,469 cache-read)
[spend] rep06: $   21.87 / $280.00     7.8%  OK
         cache reads are 49.7% of that; $23.09 per M billable (947,270 billable vs 21,725,184 cache-read)
[spend] rep07: $   12.62 / $280.00     4.5%  OK
         cache reads are 47.4% of that; $26.71 per M billable (472,255 billable vs 11,968,958 cache-read)
[spend] rep08: $   12.28 / $280.00     4.4%  OK
         cache reads are 42.1% of that; $17.72 per M billable (692,831 billable vs 10,332,556 cache-read)
[spend] rep09: $   12.95 / $280.00     4.6%  OK
         cache reads are 38.2% of that; $18.05 per M billable (717,654 billable vs 9,884,915 cache-read)
[spend] rep01: $   33.09 / $280.00    11.8%  OK
         cache reads are 69.5% of that; $46.83 per M billable (706,711 billable vs 46,021,560 cache-read)
[spend] rep02: $   10.07 / $280.00     3.6%  OK
         cache reads are 43.2% of that; $26.16 per M billable (384,853 billable vs 8,705,859 cache-read)
[spend] rep03: $   10.63 / $280.00     3.8%  OK
         cache reads are 41.6% of that; $24.10 per M billable (440,925 billable vs 8,848,624 cache-read)
[spend] rep04: $   11.65 / $280.00     4.2%  OK
         cache reads are 39.8% of that; $18.71 per M billable (622,825 billable vs 9,266,216 cache-read)
[spend] rep05: $   14.49 / $280.00     5.2%  OK
         cache reads are 40.7% of that; $17.89 per M billable (810,169 billable vs 11,797,469 cache-read)
[spend] rep06: $   22.86 / $280.00     8.2%  OK
         cache reads are 51.3% of that; $23.91 per M billable (955,810 billable vs 23,437,329 cache-read)
[spend] rep07: $   15.55 / $280.00     5.5%  OK
         cache reads are 44.5% of that; $20.27 per M billable (767,056 billable vs 13,826,071 cache-read)
[spend] rep08: $   13.19 / $280.00     4.7%  OK
         cache reads are 42.7% of that; $18.37 per M billable (718,078 billable vs 11,268,644 cache-read)
[spend] rep09: $   12.95 / $280.00     4.6%  OK
         cache reads are 38.2% of that; $18.05 per M billable (717,654 billable vs 9,884,915 cache-read)
[spend] rep01: $   33.09 / $280.00    11.8%  OK
         cache reads are 69.5% of that; $46.83 per M billable (706,711 billable vs 46,021,560 cache-read)
[spend] rep02: $   10.07 / $280.00     3.6%  OK
         cache reads are 43.2% of that; $26.16 per M billable (384,853 billable vs 8,705,859 cache-read)
[spend] rep03: $   10.63 / $280.00     3.8%  OK
         cache reads are 41.6% of that; $24.10 per M billable (440,925 billable vs 8,848,624 cache-read)
[spend] rep04: $   11.65 / $280.00     4.2%  OK
         cache reads are 39.8% of that; $18.71 per M billable (622,825 billable vs 9,266,216 cache-read)
[spend] rep05: $   14.49 / $280.00     5.2%  OK
         cache reads are 40.7% of that; $17.89 per M billable (810,169 billable vs 11,797,469 cache-read)
[spend] rep06: $   23.07 / $280.00     8.2%  OK
         cache reads are 51.6% of that; $24.11 per M billable (957,168 billable vs 23,821,011 cache-read)
[spend] rep07: $   17.22 / $280.00     6.2%  OK
         cache reads are 44.7% of that; $20.99 per M billable (820,312 billable vs 15,403,687 cache-read)
[spend] rep08: $   13.46 / $280.00     4.8%  OK
         cache reads are 43.4% of that; $18.59 per M billable (724,169 billable vs 11,686,760 cache-read)
[spend] rep09: $   12.95 / $280.00     4.6%  OK
         cache reads are 38.2% of that; $18.05 per M billable (717,654 billable vs 9,884,915 cache-read)
[spend] rep01: $   33.09 / $280.00    11.8%  OK
         cache reads are 69.5% of that; $46.83 per M billable (706,711 billable vs 46,021,560 cache-read)
[spend] rep02: $   10.25 / $280.00     3.7%  OK
         cache reads are 43.7% of that; $26.40 per M billable (388,141 billable vs 8,958,807 cache-read)
[spend] rep03: $   10.63 / $280.00     3.8%  OK
         cache reads are 41.6% of that; $24.10 per M billable (440,925 billable vs 8,848,624 cache-read)
[spend] rep04: $   11.65 / $280.00     4.2%  OK
         cache reads are 39.8% of that; $18.71 per M billable (622,825 billable vs 9,266,216 cache-read)
[spend] rep05: $   15.85 / $280.00     5.7%  OK
         cache reads are 42.7% of that; $18.74 per M billable (845,835 billable vs 13,531,230 cache-read)
[spend] rep06: $   23.87 / $280.00     8.5%  OK
         cache reads are 52.7% of that; $24.75 per M billable (964,142 billable vs 25,170,164 cache-read)
[spend] rep07: $   17.63 / $280.00     6.3%  OK
         cache reads are 45.6% of that; $21.32 per M billable (826,890 billable vs 16,068,883 cache-read)
[spend] rep08: $   13.46 / $280.00     4.8%  OK
         cache reads are 43.4% of that; $18.59 per M billable (724,169 billable vs 11,686,760 cache-read)
[spend] rep09: $   12.95 / $280.00     4.6%  OK
         cache reads are 38.2% of that; $18.05 per M billable (717,654 billable vs 9,884,915 cache-read)
[spend] rep01: $   33.23 / $280.00    11.9%  OK
         cache reads are 69.6% of that; $46.97 per M billable (707,426 billable vs 46,269,935 cache-read)
[spend] rep02: $   10.50 / $280.00     3.8%  OK
         cache reads are 44.5% of that; $26.75 per M billable (392,480 billable vs 9,341,514 cache-read)
[spend] rep03: $   10.63 / $280.00     3.8%  OK
         cache reads are 41.6% of that; $24.10 per M billable (440,925 billable vs 8,848,624 cache-read)
[spend] rep04: $   11.65 / $280.00     4.2%  OK
         cache reads are 39.8% of that; $18.71 per M billable (622,825 billable vs 9,266,216 cache-read)
[spend] rep05: $   16.35 / $280.00     5.8%  OK
         cache reads are 43.9% of that; $19.21 per M billable (851,000 billable vs 14,351,204 cache-read)
[spend] rep06: $   24.53 / $280.00     8.8%  OK
         cache reads are 53.3% of that; $25.17 per M billable (974,596 billable vs 26,147,164 cache-read)
[spend] rep07: $   18.02 / $280.00     6.4%  OK
         cache reads are 46.5% of that; $21.69 per M billable (830,852 billable vs 16,742,209 cache-read)
[spend] rep08: $   13.46 / $280.00     4.8%  OK
         cache reads are 43.4% of that; $18.59 per M billable (724,169 billable vs 11,686,760 cache-read)
[spend] rep09: $   14.07 / $280.00     5.0%  OK
         cache reads are 40.9% of that; $19.03 per M billable (739,480 billable vs 11,524,379 cache-read)
[spend] rep01: $   33.23 / $280.00    11.9%  OK
         cache reads are 69.6% of that; $46.97 per M billable (707,426 billable vs 46,269,935 cache-read)
[spend] rep02: $   10.50 / $280.00     3.8%  OK
         cache reads are 44.5% of that; $26.75 per M billable (392,480 billable vs 9,341,514 cache-read)
[spend] rep03: $   10.80 / $280.00     3.9%  OK
         cache reads are 42.3% of that; $24.41 per M billable (442,437 billable vs 9,134,034 cache-read)
[spend] rep04: $   11.65 / $280.00     4.2%  OK
         cache reads are 39.8% of that; $18.71 per M billable (622,825 billable vs 9,266,216 cache-read)
[spend] rep05: $   16.94 / $280.00     6.0%  OK
         cache reads are 45.3% of that; $19.75 per M billable (857,695 billable vs 15,346,921 cache-read)
[spend] rep06: $   25.52 / $280.00     9.1%  OK
         cache reads are 54.3% of that; $25.87 per M billable (986,724 billable vs 27,738,361 cache-read)
[spend] rep07: $   19.08 / $280.00     6.8%  OK
         cache reads are 47.9% of that; $22.54 per M billable (846,493 billable vs 18,279,210 cache-read)
[spend] rep08: $   13.46 / $280.00     4.8%  OK
         cache reads are 43.4% of that; $18.59 per M billable (724,169 billable vs 11,686,760 cache-read)
[spend] rep09: $   14.65 / $280.00     5.2%  OK
         cache reads are 41.7% of that; $19.42 per M billable (754,354 billable vs 12,226,699 cache-read)
[spend] rep01: $   33.23 / $280.00    11.9%  OK
         cache reads are 69.6% of that; $46.97 per M billable (707,426 billable vs 46,269,935 cache-read)
[spend] rep02: $   10.50 / $280.00     3.8%  OK
         cache reads are 44.5% of that; $26.75 per M billable (392,480 billable vs 9,341,514 cache-read)
[spend] rep03: $   10.80 / $280.00     3.9%  OK
         cache reads are 42.3% of that; $24.41 per M billable (442,437 billable vs 9,134,034 cache-read)
[spend] rep04: $   11.72 / $280.00     4.2%  OK
         cache reads are 40.1% of that; $18.81 per M billable (623,396 billable vs 9,398,539 cache-read)
[spend] rep05: $   16.94 / $280.00     6.0%  OK
         cache reads are 45.3% of that; $19.75 per M billable (857,695 billable vs 15,346,921 cache-read)
[spend] rep06: $   25.77 / $280.00     9.2%  OK
         cache reads are 54.6% of that; $26.04 per M billable (989,638 billable vs 28,140,903 cache-read)
[spend] rep07: $   21.04 / $280.00     7.5%  OK
         cache reads are 49.8% of that; $23.70 per M billable (887,712 billable vs 20,962,669 cache-read)
[spend] rep08: $   13.62 / $280.00     4.9%  OK
         cache reads are 43.9% of that; $18.77 per M billable (725,947 billable vs 11,968,888 cache-read)
[spend] rep09: $   14.65 / $280.00     5.2%  OK
         cache reads are 41.7% of that; $19.42 per M billable (754,354 billable vs 12,226,699 cache-read)
[spend] rep01: $   33.23 / $280.00    11.9%  OK
         cache reads are 69.6% of that; $46.97 per M billable (707,426 billable vs 46,269,935 cache-read)
[spend] rep02: $   10.50 / $280.00     3.8%  OK
         cache reads are 44.5% of that; $26.75 per M billable (392,480 billable vs 9,341,514 cache-read)
[spend] rep03: $   11.59 / $280.00     4.1%  OK
         cache reads are 43.7% of that; $25.14 per M billable (461,156 billable vs 10,140,293 cache-read)
[spend] rep04: $   11.72 / $280.00     4.2%  OK
         cache reads are 40.1% of that; $18.81 per M billable (623,396 billable vs 9,398,539 cache-read)
[spend] rep05: $   16.94 / $280.00     6.0%  OK
         cache reads are 45.3% of that; $19.75 per M billable (857,695 billable vs 15,346,921 cache-read)
[spend] rep06: $   27.84 / $280.00     9.9%  OK
         cache reads are 56.4% of that; $27.33 per M billable (1,018,628 billable vs 31,418,552 cache-read)
[spend] rep07: $   24.76 / $280.00     8.8%  OK
         cache reads are 46.9% of that; $19.63 per M billable (1,260,873 billable vs 23,242,773 cache-read)
[spend] rep08: $   14.52 / $280.00     5.2%  OK
         cache reads are 43.2% of that; $19.19 per M billable (756,864 billable vs 12,535,982 cache-read)
[spend] rep09: $   14.65 / $280.00     5.2%  OK
         cache reads are 41.7% of that; $19.42 per M billable (754,354 billable vs 12,226,699 cache-read)
[spend] rep01: $   33.23 / $280.00    11.9%  OK
         cache reads are 69.6% of that; $46.97 per M billable (707,426 billable vs 46,269,935 cache-read)
[spend] rep02: $   10.80 / $280.00     3.9%  OK
         cache reads are 45.1% of that; $27.15 per M billable (397,670 billable vs 9,728,433 cache-read)
[spend] rep03: $   12.53 / $280.00     4.5%  OK
         cache reads are 45.8% of that; $26.35 per M billable (475,493 billable vs 11,478,874 cache-read)
[spend] rep04: $   11.72 / $280.00     4.2%  OK
         cache reads are 40.1% of that; $18.81 per M billable (623,396 billable vs 9,398,539 cache-read)
[spend] rep05: $   16.94 / $280.00     6.0%  OK
         cache reads are 45.3% of that; $19.75 per M billable (857,695 billable vs 15,346,921 cache-read)
[spend] rep06: $   30.60 / $280.00    10.9%  OK
         cache reads are 54.9% of that; $24.58 per M billable (1,244,603 billable vs 33,568,683 cache-read)
[spend] rep07: $   25.58 / $280.00     9.1%  OK
         cache reads are 47.3% of that; $19.91 per M billable (1,284,628 billable vs 24,203,785 cache-read)
[spend] rep08: $   15.10 / $280.00     5.4%  OK
         cache reads are 44.5% of that; $19.70 per M billable (766,585 billable vs 13,440,654 cache-read)
[spend] rep09: $   14.65 / $280.00     5.2%  OK
         cache reads are 41.7% of that; $19.42 per M billable (754,354 billable vs 12,226,699 cache-read)
[spend] rep01: $   34.17 / $280.00    12.2%  OK
         cache reads are 69.9% of that; $47.51 per M billable (719,062 billable vs 47,767,309 cache-read)
[spend] rep02: $   11.25 / $280.00     4.0%  OK
         cache reads are 46.2% of that; $27.68 per M billable (406,239 billable vs 10,381,207 cache-read)
[spend] rep03: $   12.53 / $280.00     4.5%  OK
         cache reads are 45.8% of that; $26.35 per M billable (475,493 billable vs 11,478,874 cache-read)
[spend] rep04: $   11.72 / $280.00     4.2%  OK
         cache reads are 40.1% of that; $18.81 per M billable (623,396 billable vs 9,398,539 cache-read)
[spend] rep05: $   17.16 / $280.00     6.1%  OK
         cache reads are 45.7% of that; $19.95 per M billable (860,315 billable vs 15,681,427 cache-read)
[spend] rep06: $   32.76 / $280.00    11.7%  OK
         cache reads are 56.0% of that; $25.48 per M billable (1,285,928 billable vs 36,700,089 cache-read)
[spend] rep07: $   26.21 / $280.00     9.4%  OK
         cache reads are 48.0% of that; $20.26 per M billable (1,293,620 billable vs 25,190,955 cache-read)
[spend] rep08: $   15.10 / $280.00     5.4%  OK
         cache reads are 44.5% of that; $19.70 per M billable (766,585 billable vs 13,440,654 cache-read)
[spend] rep09: $   14.85 / $280.00     5.3%  OK
         cache reads are 42.1% of that; $19.60 per M billable (757,336 billable vs 12,513,433 cache-read)
[spend] rep01: $   35.64 / $280.00    12.7%  OK
         cache reads are 69.5% of that; $47.25 per M billable (754,252 billable vs 49,542,292 cache-read)
[spend] rep02: $   12.39 / $280.00     4.4%  OK
         cache reads are 47.4% of that; $28.49 per M billable (434,884 billable vs 11,739,336 cache-read)
[spend] rep03: $   12.53 / $280.00     4.5%  OK
         cache reads are 45.8% of that; $26.35 per M billable (475,493 billable vs 11,478,874 cache-read)
[spend] rep04: $   11.72 / $280.00     4.2%  OK
         cache reads are 40.1% of that; $18.81 per M billable (623,396 billable vs 9,398,539 cache-read)
[spend] rep05: $   19.05 / $280.00     6.8%  OK
         cache reads are 44.8% of that; $18.52 per M billable (1,028,598 billable vs 17,058,531 cache-read)
[spend] rep06: $   35.62 / $280.00    12.7%  OK
         cache reads are 54.8% of that; $23.40 per M billable (1,521,790 billable vs 39,039,756 cache-read)
[spend] rep07: $   27.17 / $280.00     9.7%  OK
         cache reads are 48.2% of that; $20.63 per M billable (1,317,118 billable vs 26,194,750 cache-read)
[spend] rep08: $   15.10 / $280.00     5.4%  OK
         cache reads are 44.5% of that; $19.70 per M billable (766,585 billable vs 13,440,654 cache-read)
[spend] rep09: $   15.83 / $280.00     5.7%  OK
         cache reads are 42.8% of that; $20.18 per M billable (784,135 billable vs 13,538,554 cache-read)
[spend] rep01: $   36.66 / $280.00    13.1%  OK
         cache reads are 69.7% of that; $47.51 per M billable (771,548 billable vs 51,108,848 cache-read)
[spend] rep02: $   14.59 / $280.00     5.2%  OK
         cache reads are 42.3% of that; $20.68 per M billable (705,406 billable vs 12,344,693 cache-read)
[spend] rep03: $   12.53 / $280.00     4.5%  OK
         cache reads are 45.8% of that; $26.35 per M billable (475,493 billable vs 11,478,874 cache-read)
[spend] rep04: $   11.88 / $280.00     4.2%  OK
         cache reads are 40.7% of that; $19.01 per M billable (624,882 billable vs 9,664,015 cache-read)
[spend] rep05: $   19.05 / $280.00     6.8%  OK
         cache reads are 44.8% of that; $18.52 per M billable (1,028,598 billable vs 17,058,531 cache-read)
[spend] rep06: $   37.69 / $280.00    13.5%  OK
         cache reads are 56.6% of that; $24.50 per M billable (1,538,854 billable vs 42,637,394 cache-read)
[spend] rep07: $   29.16 / $280.00    10.4%  OK
         cache reads are 46.7% of that; $19.08 per M billable (1,528,316 billable vs 27,249,078 cache-read)
[spend] rep08: $   15.10 / $280.00     5.4%  OK
         cache reads are 44.5% of that; $19.70 per M billable (766,585 billable vs 13,440,654 cache-read)
[spend] rep09: $   15.83 / $280.00     5.7%  OK
         cache reads are 42.8% of that; $20.18 per M billable (784,135 billable vs 13,538,554 cache-read)
[spend] rep01: $   38.42 / $280.00    13.7%  OK
         cache reads are 70.0% of that; $48.06 per M billable (799,432 billable vs 53,784,313 cache-read)
[spend] rep02: $   14.59 / $280.00     5.2%  OK
         cache reads are 42.3% of that; $20.68 per M billable (705,406 billable vs 12,344,693 cache-read)
[spend] rep03: $   12.53 / $280.00     4.5%  OK
         cache reads are 45.8% of that; $26.35 per M billable (475,493 billable vs 11,478,874 cache-read)
[spend] rep04: $   11.88 / $280.00     4.2%  OK
         cache reads are 40.7% of that; $19.01 per M billable (624,882 billable vs 9,664,015 cache-read)
[spend] rep05: $   19.05 / $280.00     6.8%  OK
         cache reads are 44.8% of that; $18.52 per M billable (1,028,598 billable vs 17,058,531 cache-read)
[spend] rep06: $   39.75 / $280.00    14.2%  OK
         cache reads are 57.4% of that; $25.22 per M billable (1,576,055 billable vs 45,592,099 cache-read)
[spend] rep07: $   29.16 / $280.00    10.4%  OK
         cache reads are 46.7% of that; $19.08 per M billable (1,528,316 billable vs 27,249,078 cache-read)
[spend] rep08: $   15.10 / $280.00     5.4%  OK
         cache reads are 44.5% of that; $19.70 per M billable (766,585 billable vs 13,440,654 cache-read)
[spend] rep09: $   15.83 / $280.00     5.7%  OK
         cache reads are 42.8% of that; $20.18 per M billable (784,135 billable vs 13,538,554 cache-read)
[spend] rep10: $    0.34 / $280.00     0.1%  OK
         cache reads are 30.6% of that; $11.23 per M billable (29,999 billable vs 206,207 cache-read)
[spend] rep11: $    0.66 / $280.00     0.2%  OK
         cache reads are 26.9% of that; $11.02 per M billable (60,240 billable vs 356,952 cache-read)
[spend] rep12: $    0.76 / $280.00     0.3%  OK
         cache reads are 41.0% of that; $13.04 per M billable (58,178 billable vs 622,396 cache-read)
[spend] rep13: $    0.52 / $280.00     0.2%  OK
         cache reads are 28.5% of that; $9.94 per M billable (52,470 billable vs 297,659 cache-read)
[spend] rep15: $    0.55 / $280.00     0.2%  OK
         cache reads are 19.0% of that; $10.13 per M billable (54,630 billable vs 210,357 cache-read)
[spend] rep16: $    0.28 / $280.00     0.1%  OK
         cache reads are 25.4% of that; $10.19 per M billable (27,791 billable vs 143,544 cache-read)
[spend] rep17: $    0.27 / $280.00     0.1%  OK
         cache reads are 26.3% of that; $9.93 per M billable (27,034 billable vs 141,042 cache-read)
[spend] rep01: $   39.34 / $280.00    14.1%  OK
         cache reads are 70.1% of that; $48.25 per M billable (815,495 billable vs 55,149,120 cache-read)
[spend] rep02: $   14.59 / $280.00     5.2%  OK
         cache reads are 42.3% of that; $20.68 per M billable (705,406 billable vs 12,344,693 cache-read)
[spend] rep03: $   12.61 / $280.00     4.5%  OK
         cache reads are 46.1% of that; $26.50 per M billable (475,766 billable vs 11,630,847 cache-read)
[spend] rep04: $   11.88 / $280.00     4.2%  OK
         cache reads are 40.7% of that; $19.01 per M billable (624,882 billable vs 9,664,015 cache-read)
[spend] rep05: $   19.05 / $280.00     6.8%  OK
         cache reads are 44.8% of that; $18.52 per M billable (1,028,598 billable vs 17,058,531 cache-read)
[spend] rep06: $   42.93 / $280.00    15.3%  OK
         cache reads are 56.1% of that; $23.30 per M billable (1,842,830 billable vs 48,162,454 cache-read)
[spend] rep07: $   29.16 / $280.00    10.4%  OK
         cache reads are 46.7% of that; $19.08 per M billable (1,528,316 billable vs 27,249,078 cache-read)
[spend] rep08: $   15.29 / $280.00     5.5%  OK
         cache reads are 45.0% of that; $19.89 per M billable (768,677 billable vs 13,747,238 cache-read)
[spend] rep09: $   15.83 / $280.00     5.7%  OK
         cache reads are 42.8% of that; $20.18 per M billable (784,135 billable vs 13,538,554 cache-read)
[spend] rep10: $    1.09 / $280.00     0.4%  OK
         cache reads are 34.3% of that; $16.76 per M billable (64,773 billable vs 743,959 cache-read)
[spend] rep11: $    1.01 / $280.00     0.4%  OK
         cache reads are 38.0% of that; $13.89 per M billable (72,923 billable vs 769,325 cache-read)
[spend] rep12: $    1.55 / $280.00     0.5%  OK
         cache reads are 40.4% of that; $16.91 per M billable (91,756 billable vs 1,252,303 cache-read)
[spend] rep13: $    1.11 / $280.00     0.4%  OK
         cache reads are 38.2% of that; $14.43 per M billable (76,927 billable vs 847,714 cache-read)
[spend] rep15: $    1.68 / $280.00     0.6%  OK
         cache reads are 33.3% of that; $15.38 per M billable (109,529 billable vs 1,121,908 cache-read)
[spend] rep16: $    1.06 / $280.00     0.4%  OK
         cache reads are 38.4% of that; $17.02 per M billable (62,025 billable vs 811,348 cache-read)
[spend] rep17: $    1.05 / $280.00     0.4%  OK
         cache reads are 37.6% of that; $16.57 per M billable (63,619 billable vs 792,185 cache-read)
[spend] rep01: $   39.34 / $280.00    14.1%  OK
         cache reads are 70.1% of that; $48.25 per M billable (815,495 billable vs 55,149,120 cache-read)
[spend] rep02: $   14.59 / $280.00     5.2%  OK
         cache reads are 42.3% of that; $20.68 per M billable (705,406 billable vs 12,344,693 cache-read)
[spend] rep03: $   12.61 / $280.00     4.5%  OK
         cache reads are 46.1% of that; $26.50 per M billable (475,766 billable vs 11,630,847 cache-read)
[spend] rep04: $   11.88 / $280.00     4.2%  OK
         cache reads are 40.7% of that; $19.01 per M billable (624,882 billable vs 9,664,015 cache-read)
[spend] rep05: $   19.05 / $280.00     6.8%  OK
         cache reads are 44.8% of that; $18.52 per M billable (1,028,598 billable vs 17,058,531 cache-read)
[spend] rep06: $   44.88 / $280.00    16.0%  OK
         cache reads are 57.2% of that; $24.08 per M billable (1,863,872 billable vs 51,325,782 cache-read)
[spend] rep07: $   29.16 / $280.00    10.4%  OK
         cache reads are 46.7% of that; $19.08 per M billable (1,528,316 billable vs 27,249,078 cache-read)
[spend] rep08: $   15.29 / $280.00     5.5%  OK
         cache reads are 45.0% of that; $19.89 per M billable (768,677 billable vs 13,747,238 cache-read)
[spend] rep09: $   16.02 / $280.00     5.7%  OK
         cache reads are 43.2% of that; $20.36 per M billable (786,819 billable vs 13,841,504 cache-read)
[spend] rep10: $    2.19 / $280.00     0.8%  OK
         cache reads are 34.4% of that; $19.98 per M billable (109,550 billable vs 1,507,795 cache-read)
[spend] rep11: $    1.79 / $280.00     0.6%  OK
         cache reads are 31.4% of that; $16.25 per M billable (110,471 billable vs 1,127,186 cache-read)
[spend] rep12: $    2.53 / $280.00     0.9%  OK
         cache reads are 35.4% of that; $18.16 per M billable (139,411 billable vs 1,794,967 cache-read)
[spend] rep13: $    1.80 / $280.00     0.6%  OK
         cache reads are 41.7% of that; $17.75 per M billable (101,555 billable vs 1,504,561 cache-read)
[spend] rep15: $    2.78 / $280.00     1.0%  OK
         cache reads are 31.6% of that; $17.43 per M billable (159,199 billable vs 1,754,715 cache-read)
[spend] rep16: $    1.66 / $280.00     0.6%  OK
         cache reads are 36.0% of that; $18.78 per M billable (88,531 billable vs 1,197,111 cache-read)
[spend] rep17: $    1.64 / $280.00     0.6%  OK
         cache reads are 37.1% of that; $18.20 per M billable (90,016 billable vs 1,215,597 cache-read)
[spend] rep01: $   39.34 / $280.00    14.1%  OK
         cache reads are 70.1% of that; $48.25 per M billable (815,495 billable vs 55,149,120 cache-read)
[spend] rep02: $   14.59 / $280.00     5.2%  OK
         cache reads are 42.3% of that; $20.68 per M billable (705,406 billable vs 12,344,693 cache-read)
[spend] rep03: $   12.61 / $280.00     4.5%  OK
         cache reads are 46.1% of that; $26.50 per M billable (475,766 billable vs 11,630,847 cache-read)
[spend] rep04: $   11.88 / $280.00     4.2%  OK
         cache reads are 40.7% of that; $19.01 per M billable (624,882 billable vs 9,664,015 cache-read)
[spend] rep05: $   19.27 / $280.00     6.9%  OK
         cache reads are 45.2% of that; $18.65 per M billable (1,032,928 billable vs 17,403,729 cache-read)
[spend] rep06: $   49.05 / $280.00    17.5%  OK
         cache reads are 56.8% of that; $22.89 per M billable (2,142,671 billable vs 55,707,965 cache-read)
[spend] rep07: $   29.16 / $280.00    10.4%  OK
         cache reads are 46.7% of that; $19.08 per M billable (1,528,316 billable vs 27,249,078 cache-read)
[spend] rep08: $   15.29 / $280.00     5.5%  OK
         cache reads are 45.0% of that; $19.89 per M billable (768,677 billable vs 13,747,238 cache-read)
[spend] rep09: $   17.02 / $280.00     6.1%  OK
         cache reads are 44.7% of that; $21.11 per M billable (806,374 billable vs 15,227,874 cache-read)
[spend] rep10: $    2.69 / $280.00     1.0%  OK
         cache reads are 40.2% of that; $21.85 per M billable (123,258 billable vs 2,165,981 cache-read)
[spend] rep11: $    2.47 / $280.00     0.9%  OK
         cache reads are 32.7% of that; $17.30 per M billable (142,787 billable vs 1,616,768 cache-read)
[spend] rep12: $    3.37 / $280.00     1.2%  OK
         cache reads are 33.0% of that; $18.21 per M billable (185,168 billable vs 2,224,335 cache-read)
[spend] rep13: $    2.58 / $280.00     0.9%  OK
         cache reads are 34.7% of that; $19.04 per M billable (135,774 billable vs 1,796,225 cache-read)
[spend] rep15: $    2.90 / $280.00     1.0%  OK
         cache reads are 32.3% of that; $17.58 per M billable (164,841 billable vs 1,873,207 cache-read)
[spend] rep16: $    2.84 / $280.00     1.0%  OK
         cache reads are 32.4% of that; $19.76 per M billable (143,504 billable vs 1,838,716 cache-read)
[spend] rep17: $    2.85 / $280.00     1.0%  OK
         cache reads are 30.2% of that; $19.06 per M billable (149,533 billable vs 1,721,112 cache-read)
[spend] rep01: $   39.34 / $280.00    14.1%  OK
         cache reads are 70.1% of that; $48.25 per M billable (815,495 billable vs 55,149,120 cache-read)
[spend] rep02: $   15.04 / $280.00     5.4%  OK
         cache reads are 43.0% of that; $21.08 per M billable (713,630 billable vs 12,941,617 cache-read)
[spend] rep03: $   12.61 / $280.00     4.5%  OK
         cache reads are 46.1% of that; $26.50 per M billable (475,766 billable vs 11,630,847 cache-read)
[spend] rep04: $   11.95 / $280.00     4.3%  OK
         cache reads are 41.0% of that; $19.11 per M billable (625,629 billable vs 9,797,095 cache-read)
[spend] rep05: $   19.27 / $280.00     6.9%  OK
         cache reads are 45.2% of that; $18.65 per M billable (1,032,928 billable vs 17,403,729 cache-read)
[spend] rep06: $   53.26 / $280.00    19.0%  OK
         cache reads are 56.5% of that; $21.95 per M billable (2,426,002 billable vs 60,189,030 cache-read)
[spend] rep07: $   29.28 / $280.00    10.5%  OK
         cache reads are 46.9% of that; $19.15 per M billable (1,528,686 billable vs 27,462,168 cache-read)
[spend] rep08: $   15.29 / $280.00     5.5%  OK
         cache reads are 45.0% of that; $19.89 per M billable (768,677 billable vs 13,747,238 cache-read)
[spend] rep09: $   17.02 / $280.00     6.1%  OK
         cache reads are 44.7% of that; $21.11 per M billable (806,374 billable vs 15,227,874 cache-read)
[spend] rep10: $    3.26 / $280.00     1.2%  OK
         cache reads are 36.1% of that; $22.60 per M billable (144,252 billable vs 2,354,627 cache-read)
[spend] rep11: $    2.98 / $280.00     1.1%  OK
         cache reads are 30.5% of that; $18.31 per M billable (162,641 billable vs 1,816,193 cache-read)
[spend] rep12: $    4.31 / $280.00     1.5%  OK
         cache reads are 34.7% of that; $19.35 per M billable (222,520 billable vs 2,989,493 cache-read)
[spend] rep13: $    3.07 / $280.00     1.1%  OK
         cache reads are 32.5% of that; $18.87 per M billable (162,579 billable vs 1,992,985 cache-read)
[spend] rep15: $    4.45 / $280.00     1.6%  OK
         cache reads are 31.9% of that; $19.27 per M billable (230,823 billable vs 2,837,512 cache-read)
[spend] rep16: $    3.04 / $280.00     1.1%  OK
         cache reads are 33.5% of that; $19.94 per M billable (152,269 billable vs 2,035,568 cache-read)
[spend] rep17: $    3.38 / $280.00     1.2%  OK
         cache reads are 29.4% of that; $19.32 per M billable (174,817 billable vs 1,985,930 cache-read)
[spend] rep01: $   39.34 / $280.00    14.1%  OK
         cache reads are 70.1% of that; $48.25 per M billable (815,495 billable vs 55,149,120 cache-read)
[spend] rep02: $   15.84 / $280.00     5.7%  OK
         cache reads are 43.2% of that; $21.35 per M billable (741,921 billable vs 13,697,942 cache-read)
[spend] rep03: $   12.61 / $280.00     4.5%  OK
         cache reads are 46.1% of that; $26.50 per M billable (475,766 billable vs 11,630,847 cache-read)
[spend] rep04: $   11.95 / $280.00     4.3%  OK
         cache reads are 41.0% of that; $19.11 per M billable (625,629 billable vs 9,797,095 cache-read)
[spend] rep05: $   19.27 / $280.00     6.9%  OK
         cache reads are 45.2% of that; $18.65 per M billable (1,032,928 billable vs 17,403,729 cache-read)
[spend] rep06: $   54.37 / $280.00    19.4%  OK
         cache reads are 57.2% of that; $22.34 per M billable (2,433,786 billable vs 62,180,334 cache-read)
[spend] rep07: $   29.28 / $280.00    10.5%  OK
         cache reads are 46.9% of that; $19.15 per M billable (1,528,686 billable vs 27,462,168 cache-read)
[spend] rep08: $   15.38 / $280.00     5.5%  OK
         cache reads are 45.2% of that; $19.98 per M billable (769,716 billable vs 13,900,890 cache-read)
[spend] rep09: $   17.02 / $280.00     6.1%  OK
         cache reads are 44.7% of that; $21.11 per M billable (806,374 billable vs 15,227,874 cache-read)
[spend] rep10: $    4.44 / $280.00     1.6%  OK
         cache reads are 32.0% of that; $21.12 per M billable (210,365 billable vs 2,844,876 cache-read)
[spend] rep11: $    3.63 / $280.00     1.3%  OK
         cache reads are 28.9% of that; $18.87 per M billable (192,399 billable vs 2,098,505 cache-read)
[spend] rep12: $    5.12 / $280.00     1.8%  OK
         cache reads are 37.6% of that; $20.79 per M billable (246,498 billable vs 3,849,370 cache-read)
[spend] rep13: $    3.65 / $280.00     1.3%  OK
         cache reads are 35.5% of that; $20.34 per M billable (179,451 billable vs 2,594,772 cache-read)
[spend] rep15: $    5.19 / $280.00     1.8%  OK
         cache reads are 37.2% of that; $20.92 per M billable (248,287 billable vs 3,862,397 cache-read)
[spend] rep16: $    3.53 / $280.00     1.3%  OK
         cache reads are 30.8% of that; $20.81 per M billable (169,455 billable vs 2,172,910 cache-read)
[spend] rep17: $    3.65 / $280.00     1.3%  OK
         cache reads are 29.1% of that; $19.75 per M billable (184,951 billable vs 2,130,048 cache-read)
[spend] rep01: $   39.49 / $280.00    14.1%  OK
         cache reads are 70.2% of that; $48.39 per M billable (816,125 billable vs 55,425,698 cache-read)
[spend] rep02: $   15.84 / $280.00     5.7%  OK
         cache reads are 43.2% of that; $21.35 per M billable (741,921 billable vs 13,697,942 cache-read)
[spend] rep03: $   12.69 / $280.00     4.5%  OK
         cache reads are 46.4% of that; $26.65 per M billable (476,039 billable vs 11,782,988 cache-read)
[spend] rep04: $   11.95 / $280.00     4.3%  OK
         cache reads are 41.0% of that; $19.11 per M billable (625,629 billable vs 9,797,095 cache-read)
[spend] rep05: $   19.27 / $280.00     6.9%  OK
         cache reads are 45.2% of that; $18.65 per M billable (1,032,928 billable vs 17,403,729 cache-read)
[spend] rep06: $   57.18 / $280.00    20.4%  OK
         cache reads are 55.9% of that; $21.00 per M billable (2,722,586 billable vs 63,927,426 cache-read)
[spend] rep07: $   29.28 / $280.00    10.5%  OK
         cache reads are 46.9% of that; $19.15 per M billable (1,528,686 billable vs 27,462,168 cache-read)
[spend] rep08: $   15.38 / $280.00     5.5%  OK
         cache reads are 45.2% of that; $19.98 per M billable (769,716 billable vs 13,900,890 cache-read)
[spend] rep09: $   18.94 / $280.00     6.8%  OK
         cache reads are 48.2% of that; $22.76 per M billable (832,200 billable vs 18,273,719 cache-read)
[spend] rep10: $    4.75 / $280.00     1.7%  OK
         cache reads are 32.5% of that; $21.42 per M billable (221,722 billable vs 3,085,024 cache-read)
[spend] rep11: $    3.90 / $280.00     1.4%  OK
         cache reads are 29.9% of that; $18.47 per M billable (211,035 billable vs 2,329,056 cache-read)
[spend] rep12: $    5.20 / $280.00     1.9%  OK
         cache reads are 38.0% of that; $20.87 per M billable (249,382 billable vs 3,949,774 cache-read)
[spend] rep13: $    3.89 / $280.00     1.4%  OK
         cache reads are 36.4% of that; $20.88 per M billable (186,347 billable vs 2,836,055 cache-read)
[spend] rep15: $    6.25 / $280.00     2.2%  OK
         cache reads are 37.7% of that; $21.65 per M billable (288,782 billable vs 4,717,716 cache-read)
[spend] rep16: $    4.41 / $280.00     1.6%  OK
         cache reads are 32.6% of that; $20.82 per M billable (211,596 billable vs 2,876,697 cache-read)
[spend] rep17: $    4.98 / $280.00     1.8%  OK
         cache reads are 30.3% of that; $20.26 per M billable (245,923 billable vs 3,021,712 cache-read)
[spend] rep01: $   39.49 / $280.00    14.1%  OK
         cache reads are 70.2% of that; $48.39 per M billable (816,125 billable vs 55,425,698 cache-read)
[spend] rep02: $   15.84 / $280.00     5.7%  OK
         cache reads are 43.2% of that; $21.35 per M billable (741,921 billable vs 13,697,942 cache-read)
[spend] rep03: $   12.69 / $280.00     4.5%  OK
         cache reads are 46.4% of that; $26.65 per M billable (476,039 billable vs 11,782,988 cache-read)
[spend] rep04: $   11.95 / $280.00     4.3%  OK
         cache reads are 41.0% of that; $19.11 per M billable (625,629 billable vs 9,797,095 cache-read)
[spend] rep05: $   19.27 / $280.00     6.9%  OK
         cache reads are 45.2% of that; $18.65 per M billable (1,032,928 billable vs 17,403,729 cache-read)
[spend] rep06: $   59.20 / $280.00    21.1%  OK
         cache reads are 57.0% of that; $21.61 per M billable (2,739,200 billable vs 67,468,343 cache-read)
[spend] rep07: $   29.28 / $280.00    10.5%  OK
         cache reads are 46.9% of that; $19.15 per M billable (1,528,686 billable vs 27,462,168 cache-read)
[spend] rep08: $   15.38 / $280.00     5.5%  OK
         cache reads are 45.2% of that; $19.98 per M billable (769,716 billable vs 13,900,890 cache-read)
[spend] rep09: $   18.94 / $280.00     6.8%  OK
         cache reads are 48.2% of that; $22.76 per M billable (832,200 billable vs 18,273,719 cache-read)
[spend] rep10: $    4.75 / $280.00     1.7%  OK
         cache reads are 32.5% of that; $21.42 per M billable (221,722 billable vs 3,085,024 cache-read)
[spend] rep11: $    4.10 / $280.00     1.5%  OK
         cache reads are 32.5% of that; $19.22 per M billable (213,302 billable vs 2,662,483 cache-read)
[spend] rep12: $    6.17 / $280.00     2.2%  OK
         cache reads are 41.5% of that; $22.77 per M billable (270,880 billable vs 5,119,476 cache-read)
[spend] rep13: $    4.78 / $280.00     1.7%  OK
         cache reads are 40.4% of that; $22.41 per M billable (213,165 billable vs 3,860,051 cache-read)
[spend] rep15: $    6.72 / $280.00     2.4%  OK
         cache reads are 40.6% of that; $22.72 per M billable (295,564 billable vs 5,453,226 cache-read)
[spend] rep16: $    6.69 / $280.00     2.4%  OK
         cache reads are 34.0% of that; $16.59 per M billable (403,505 billable vs 4,555,209 cache-read)
[spend] rep17: $    4.98 / $280.00     1.8%  OK
         cache reads are 30.3% of that; $20.26 per M billable (245,923 billable vs 3,021,712 cache-read)
[spend] rep01: $   39.49 / $280.00    14.1%  OK
         cache reads are 70.2% of that; $48.39 per M billable (816,125 billable vs 55,425,698 cache-read)
[spend] rep02: $   15.84 / $280.00     5.7%  OK
         cache reads are 43.2% of that; $21.35 per M billable (741,921 billable vs 13,697,942 cache-read)
[spend] rep03: $   12.69 / $280.00     4.5%  OK
         cache reads are 46.4% of that; $26.65 per M billable (476,039 billable vs 11,782,988 cache-read)
[spend] rep04: $   11.95 / $280.00     4.3%  OK
         cache reads are 41.0% of that; $19.11 per M billable (625,629 billable vs 9,797,095 cache-read)
[spend] rep05: $   19.36 / $280.00     6.9%  OK
         cache reads are 45.4% of that; $18.73 per M billable (1,033,600 billable vs 17,578,118 cache-read)
[spend] rep06: $   61.51 / $280.00    22.0%  OK
         cache reads are 58.0% of that; $22.28 per M billable (2,761,292 billable vs 71,389,585 cache-read)
[spend] rep07: $   29.28 / $280.00    10.5%  OK
         cache reads are 46.9% of that; $19.15 per M billable (1,528,686 billable vs 27,462,168 cache-read)
[spend] rep08: $   15.38 / $280.00     5.5%  OK
         cache reads are 45.2% of that; $19.98 per M billable (769,716 billable vs 13,900,890 cache-read)
[spend] rep09: $   18.94 / $280.00     6.8%  OK
         cache reads are 48.2% of that; $22.76 per M billable (832,200 billable vs 18,273,719 cache-read)
[spend] rep10: $    4.75 / $280.00     1.7%  OK
         cache reads are 32.5% of that; $21.42 per M billable (221,722 billable vs 3,085,024 cache-read)
[spend] rep11: $    4.87 / $280.00     1.7%  OK
         cache reads are 31.7% of that; $20.10 per M billable (242,379 billable vs 3,090,559 cache-read)
[spend] rep12: $    7.26 / $280.00     2.6%  OK
         cache reads are 44.8% of that; $24.33 per M billable (298,375 billable vs 6,498,590 cache-read)
[spend] rep13: $    6.38 / $280.00     2.3%  OK
         cache reads are 46.9% of that; $25.41 per M billable (251,272 billable vs 5,985,528 cache-read)
[spend] rep15: $    8.32 / $280.00     3.0%  OK
         cache reads are 42.9% of that; $24.31 per M billable (342,097 billable vs 7,129,191 cache-read)
[spend] rep16: $    7.33 / $280.00     2.6%  OK
         cache reads are 35.8% of that; $17.36 per M billable (422,099 billable vs 5,250,215 cache-read)
[spend] rep17: $    4.98 / $280.00     1.8%  OK
         cache reads are 30.3% of that; $20.26 per M billable (245,923 billable vs 3,021,712 cache-read)
[spend] rep01: $   39.49 / $280.00    14.1%  OK
         cache reads are 70.2% of that; $48.39 per M billable (816,125 billable vs 55,425,698 cache-read)
[spend] rep02: $   16.43 / $280.00     5.9%  OK
         cache reads are 44.1% of that; $21.80 per M billable (753,538 billable vs 14,485,246 cache-read)
[spend] rep03: $   12.69 / $280.00     4.5%  OK
         cache reads are 46.4% of that; $26.65 per M billable (476,039 billable vs 11,782,988 cache-read)
[spend] rep04: $   12.03 / $280.00     4.3%  OK
         cache reads are 41.3% of that; $19.21 per M billable (626,202 billable vs 9,930,762 cache-read)
[spend] rep05: $   19.36 / $280.00     6.9%  OK
         cache reads are 45.4% of that; $18.73 per M billable (1,033,600 billable vs 17,578,118 cache-read)
[spend] rep06: $   63.34 / $280.00    22.6%  OK
         cache reads are 58.6% of that; $22.75 per M billable (2,783,926 billable vs 74,170,506 cache-read)
[spend] rep07: $   29.52 / $280.00    10.5%  OK
         cache reads are 47.2% of that; $19.29 per M billable (1,530,550 billable vs 27,888,710 cache-read)
[spend] rep08: $   15.38 / $280.00     5.5%  OK
         cache reads are 45.2% of that; $19.98 per M billable (769,716 billable vs 13,900,890 cache-read)
[spend] rep09: $   18.94 / $280.00     6.8%  OK
         cache reads are 48.2% of that; $22.76 per M billable (832,200 billable vs 18,273,719 cache-read)
[spend] rep10: $    4.75 / $280.00     1.7%  OK
         cache reads are 32.5% of that; $21.42 per M billable (221,722 billable vs 3,085,024 cache-read)
[spend] rep11: $    5.18 / $280.00     1.8%  OK
         cache reads are 31.6% of that; $20.62 per M billable (251,019 billable vs 3,274,853 cache-read)
[spend] rep12: $    8.53 / $280.00     3.0%  OK
         cache reads are 48.4% of that; $26.17 per M billable (325,815 billable vs 8,248,262 cache-read)
[spend] rep13: $    7.54 / $280.00     2.7%  OK
         cache reads are 49.6% of that; $27.02 per M billable (278,827 billable vs 7,480,324 cache-read)
[spend] rep15: $    9.58 / $280.00     3.4%  OK
         cache reads are 46.3% of that; $26.27 per M billable (364,869 billable vs 8,867,030 cache-read)
[spend] rep16: $    7.50 / $280.00     2.7%  OK
         cache reads are 37.1% of that; $17.71 per M billable (423,590 billable vs 5,562,214 cache-read)
[spend] rep17: $    4.98 / $280.00     1.8%  OK
         cache reads are 30.3% of that; $20.26 per M billable (245,923 billable vs 3,021,712 cache-read)
[spend] rep01: $   39.49 / $280.00    14.1%  OK
         cache reads are 70.2% of that; $48.39 per M billable (816,125 billable vs 55,425,698 cache-read)
[spend] rep02: $   17.93 / $280.00     6.4%  OK
         cache reads are 42.2% of that; $19.58 per M billable (915,975 billable vs 15,148,389 cache-read)
[spend] rep03: $   12.69 / $280.00     4.5%  OK
         cache reads are 46.4% of that; $26.65 per M billable (476,039 billable vs 11,782,988 cache-read)
[spend] rep04: $   12.03 / $280.00     4.3%  OK
         cache reads are 41.3% of that; $19.21 per M billable (626,202 billable vs 9,930,762 cache-read)
[spend] rep05: $   19.36 / $280.00     6.9%  OK
         cache reads are 45.4% of that; $18.73 per M billable (1,033,600 billable vs 17,578,118 cache-read)
[spend] rep06: $   67.35 / $280.00    24.1%  OK
         cache reads are 57.9% of that; $21.72 per M billable (3,100,322 billable vs 77,982,164 cache-read)
[spend] rep07: $   29.52 / $280.00    10.5%  OK
         cache reads are 47.2% of that; $19.29 per M billable (1,530,550 billable vs 27,888,710 cache-read)
[spend] rep08: $   15.47 / $280.00     5.5%  OK
         cache reads are 45.4% of that; $20.08 per M billable (770,428 billable vs 14,055,256 cache-read)
[spend] rep09: $   18.94 / $280.00     6.8%  OK
         cache reads are 48.2% of that; $22.76 per M billable (832,200 billable vs 18,273,719 cache-read)
[spend] rep10: $    4.75 / $280.00     1.7%  OK
         cache reads are 32.5% of that; $21.42 per M billable (221,722 billable vs 3,085,024 cache-read)
[spend] rep11: $    6.55 / $280.00     2.3%  OK
         cache reads are 35.9% of that; $21.72 per M billable (301,747 billable vs 4,698,586 cache-read)
[spend] rep12: $    9.42 / $280.00     3.4%  OK
         cache reads are 50.1% of that; $27.25 per M billable (345,481 billable vs 9,443,304 cache-read)
[spend] rep13: $    8.45 / $280.00     3.0%  OK
         cache reads are 49.8% of that; $27.39 per M billable (308,614 billable vs 8,419,292 cache-read)
[spend] rep15: $    9.73 / $280.00     3.5%  OK
         cache reads are 46.7% of that; $26.39 per M billable (368,679 billable vs 9,092,358 cache-read)
[spend] rep16: $    7.65 / $280.00     2.7%  OK
         cache reads are 37.7% of that; $17.94 per M billable (426,194 billable vs 5,771,412 cache-read)
[spend] rep17: $    4.98 / $280.00     1.8%  OK
         cache reads are 30.3% of that; $20.26 per M billable (245,923 billable vs 3,021,712 cache-read)
[spend] rep01: $   39.64 / $280.00    14.2%  OK
         cache reads are 70.3% of that; $48.53 per M billable (816,823 billable vs 55,702,630 cache-read)
[spend] rep02: $   17.93 / $280.00     6.4%  OK
         cache reads are 42.2% of that; $19.58 per M billable (915,975 billable vs 15,148,389 cache-read)
[spend] rep03: $   13.47 / $280.00     4.8%  OK
         cache reads are 47.1% of that; $27.27 per M billable (493,865 billable vs 12,698,425 cache-read)
[spend] rep04: $   12.03 / $280.00     4.3%  OK
         cache reads are 41.3% of that; $19.21 per M billable (626,202 billable vs 9,930,762 cache-read)
[spend] rep05: $   19.36 / $280.00     6.9%  OK
         cache reads are 45.4% of that; $18.73 per M billable (1,033,600 billable vs 17,578,118 cache-read)
[spend] rep06: $   68.87 / $280.00    24.6%  OK
         cache reads are 58.5% of that; $22.12 per M billable (3,113,677 billable vs 80,549,856 cache-read)
[spend] rep07: $   29.52 / $280.00    10.5%  OK
         cache reads are 47.2% of that; $19.29 per M billable (1,530,550 billable vs 27,888,710 cache-read)
[spend] rep08: $   15.47 / $280.00     5.5%  OK
         cache reads are 45.4% of that; $20.08 per M billable (770,428 billable vs 14,055,256 cache-read)
[spend] rep09: $   19.29 / $280.00     6.9%  OK
         cache reads are 48.6% of that; $22.99 per M billable (838,995 billable vs 18,768,188 cache-read)
[spend] rep10: $    5.40 / $280.00     1.9%  OK
         cache reads are 35.7% of that; $22.53 per M billable (239,758 billable vs 3,854,508 cache-read)
[spend] rep11: $    7.48 / $280.00     2.7%  OK
         cache reads are 38.2% of that; $22.58 per M billable (331,029 billable vs 5,719,229 cache-read)
[spend] rep12: $   10.74 / $280.00     3.8%  OK
         cache reads are 52.4% of that; $28.91 per M billable (371,710 billable vs 11,269,669 cache-read)
[spend] rep13: $    9.60 / $280.00     3.4%  OK
         cache reads are 51.7% of that; $28.67 per M billable (334,911 billable vs 9,932,681 cache-read)
[spend] rep15: $   11.04 / $280.00     3.9%  OK
         cache reads are 49.6% of that; $27.92 per M billable (395,451 billable vs 10,954,382 cache-read)
[spend] rep16: $    9.07 / $280.00     3.2%  OK
         cache reads are 36.7% of that; $16.67 per M billable (544,370 billable vs 6,653,043 cache-read)
[spend] rep17: $    5.42 / $280.00     1.9%  OK
         cache reads are 33.8% of that; $21.15 per M billable (256,291 billable vs 3,659,864 cache-read)
[spend] rep01: $   39.64 / $280.00    14.2%  OK
         cache reads are 70.3% of that; $48.53 per M billable (816,823 billable vs 55,702,630 cache-read)
[spend] rep02: $   17.93 / $280.00     6.4%  OK
         cache reads are 42.2% of that; $19.58 per M billable (915,975 billable vs 15,148,389 cache-read)
[spend] rep03: $   13.82 / $280.00     4.9%  OK
         cache reads are 47.6% of that; $27.57 per M billable (501,429 billable vs 13,169,794 cache-read)
[spend] rep04: $   12.03 / $280.00     4.3%  OK
         cache reads are 41.3% of that; $19.21 per M billable (626,202 billable vs 9,930,762 cache-read)
[spend] rep05: $   19.58 / $280.00     7.0%  OK
         cache reads are 45.8% of that; $18.90 per M billable (1,035,902 billable vs 17,927,694 cache-read)
[spend] rep06: $   69.74 / $280.00    24.9%  OK
         cache reads are 58.9% of that; $22.37 per M billable (3,117,902 billable vs 82,166,484 cache-read)
[spend] rep07: $   29.52 / $280.00    10.5%  OK
         cache reads are 47.2% of that; $19.29 per M billable (1,530,550 billable vs 27,888,710 cache-read)
[spend] rep08: $   15.47 / $280.00     5.5%  OK
         cache reads are 45.4% of that; $20.08 per M billable (770,428 billable vs 14,055,256 cache-read)
[spend] rep09: $   19.29 / $280.00     6.9%  OK
         cache reads are 48.6% of that; $22.99 per M billable (838,995 billable vs 18,768,188 cache-read)
[spend] rep10: $    5.58 / $280.00     2.0%  OK
         cache reads are 36.9% of that; $23.02 per M billable (242,596 billable vs 4,123,279 cache-read)
[spend] rep11: $    7.48 / $280.00     2.7%  OK
         cache reads are 38.2% of that; $22.58 per M billable (331,029 billable vs 5,719,229 cache-read)
[spend] rep12: $   11.84 / $280.00     4.2%  OK
         cache reads are 53.9% of that; $30.12 per M billable (393,025 billable vs 12,768,107 cache-read)
[spend] rep13: $   11.15 / $280.00     4.0%  OK
         cache reads are 54.2% of that; $30.62 per M billable (364,198 billable vs 12,093,567 cache-read)
[spend] rep15: $   13.17 / $280.00     4.7%  OK
         cache reads are 54.0% of that; $30.99 per M billable (424,996 billable vs 14,238,802 cache-read)
[spend] rep16: $   10.81 / $280.00     3.9%  OK
         cache reads are 37.3% of that; $16.12 per M billable (670,467 billable vs 8,058,557 cache-read)
[spend] rep17: $    6.73 / $280.00     2.4%  OK
         cache reads are 38.1% of that; $22.91 per M billable (293,560 billable vs 5,122,958 cache-read)
[spend] rep01: $   39.64 / $280.00    14.2%  OK
         cache reads are 70.3% of that; $48.53 per M billable (816,823 billable vs 55,702,630 cache-read)
[spend] rep02: $   17.93 / $280.00     6.4%  OK
         cache reads are 42.2% of that; $19.58 per M billable (915,975 billable vs 15,148,389 cache-read)
[spend] rep03: $   13.82 / $280.00     4.9%  OK
         cache reads are 47.6% of that; $27.57 per M billable (501,429 billable vs 13,169,794 cache-read)
[spend] rep04: $   12.10 / $280.00     4.3%  OK
         cache reads are 41.6% of that; $19.31 per M billable (626,870 billable vs 10,064,775 cache-read)
[spend] rep05: $   20.54 / $280.00     7.3%  OK
         cache reads are 46.7% of that; $19.37 per M billable (1,060,223 billable vs 19,175,375 cache-read)
[spend] rep06: $   70.26 / $280.00    25.1%  OK
         cache reads are 59.2% of that; $22.52 per M billable (3,120,009 billable vs 83,139,835 cache-read)
[spend] rep07: $   29.52 / $280.00    10.5%  OK
         cache reads are 47.2% of that; $19.29 per M billable (1,530,550 billable vs 27,888,710 cache-read)
[spend] rep08: $   15.47 / $280.00     5.5%  OK
         cache reads are 45.4% of that; $20.08 per M billable (770,428 billable vs 14,055,256 cache-read)
[spend] rep09: $   19.29 / $280.00     6.9%  OK
         cache reads are 48.6% of that; $22.99 per M billable (838,995 billable vs 18,768,188 cache-read)
[spend] rep10: $    6.44 / $280.00     2.3%  OK
         cache reads are 39.9% of that; $24.26 per M billable (265,251 billable vs 5,136,421 cache-read)
[spend] rep11: $    7.48 / $280.00     2.7%  OK
         cache reads are 38.2% of that; $22.58 per M billable (331,029 billable vs 5,719,229 cache-read)
[spend] rep12: $   12.76 / $280.00     4.6%  OK
         cache reads are 55.5% of that; $31.30 per M billable (407,762 billable vs 14,169,076 cache-read)
[spend] rep13: $   11.24 / $280.00     4.0%  OK
         cache reads are 54.4% of that; $30.71 per M billable (366,027 billable vs 12,233,823 cache-read)
[spend] rep15: $   16.70 / $280.00     6.0%  OK
         cache reads are 52.0% of that; $24.02 per M billable (695,430 billable vs 17,377,954 cache-read)
[spend] rep16: $   12.32 / $280.00     4.4%  OK
         cache reads are 40.9% of that; $17.56 per M billable (701,780 billable vs 10,087,520 cache-read)
[spend] rep17: $    9.05 / $280.00     3.2%  OK
         cache reads are 38.0% of that; $18.19 per M billable (497,217 billable vs 6,876,906 cache-read)
[spend] rep01: $   39.64 / $280.00    14.2%  OK
         cache reads are 70.3% of that; $48.53 per M billable (816,823 billable vs 55,702,630 cache-read)
[spend] rep02: $   17.93 / $280.00     6.4%  OK
         cache reads are 42.2% of that; $19.58 per M billable (915,975 billable vs 15,148,389 cache-read)
[spend] rep03: $   13.82 / $280.00     4.9%  OK
         cache reads are 47.6% of that; $27.57 per M billable (501,429 billable vs 13,169,794 cache-read)
[spend] rep04: $   12.10 / $280.00     4.3%  OK
         cache reads are 41.6% of that; $19.31 per M billable (626,870 billable vs 10,064,775 cache-read)
[spend] rep05: $   20.54 / $280.00     7.3%  OK
         cache reads are 46.7% of that; $19.37 per M billable (1,060,223 billable vs 19,175,375 cache-read)
[spend] rep06: $   73.93 / $280.00    26.4%  OK
         cache reads are 58.2% of that; $21.45 per M billable (3,445,997 billable vs 86,099,351 cache-read)
[spend] rep07: $   29.64 / $280.00    10.6%  OK
         cache reads are 47.4% of that; $19.35 per M billable (1,531,354 billable vs 28,102,286 cache-read)
[spend] rep08: $   15.75 / $280.00     5.6%  OK
         cache reads are 46.1% of that; $20.36 per M billable (773,565 billable vs 14,519,815 cache-read)
[spend] rep09: $   19.29 / $280.00     6.9%  OK
         cache reads are 48.6% of that; $22.99 per M billable (838,995 billable vs 18,768,188 cache-read)
[spend] rep10: $    7.24 / $280.00     2.6%  OK
         cache reads are 40.9% of that; $24.85 per M billable (291,295 billable vs 5,924,204 cache-read)
[spend] rep11: $    7.48 / $280.00     2.7%  OK
         cache reads are 38.2% of that; $22.58 per M billable (331,029 billable vs 5,719,229 cache-read)
[spend] rep12: $   12.76 / $280.00     4.6%  OK
         cache reads are 55.5% of that; $31.30 per M billable (407,762 billable vs 14,169,076 cache-read)
[spend] rep13: $   11.79 / $280.00     4.2%  OK
         cache reads are 54.9% of that; $31.16 per M billable (378,474 billable vs 12,945,529 cache-read)
[spend] rep15: $   16.70 / $280.00     6.0%  OK
         cache reads are 52.0% of that; $24.02 per M billable (695,430 billable vs 17,377,954 cache-read)
[spend] rep16: $   13.35 / $280.00     4.8%  OK
         cache reads are 42.8% of that; $18.40 per M billable (725,593 billable vs 11,429,088 cache-read)
[spend] rep17: $   10.31 / $280.00     3.7%  OK
         cache reads are 42.3% of that; $19.94 per M billable (517,309 billable vs 8,728,040 cache-read)
[spend] rep01: $   39.64 / $280.00    14.2%  OK
         cache reads are 70.3% of that; $48.53 per M billable (816,823 billable vs 55,702,630 cache-read)
[spend] rep02: $   18.03 / $280.00     6.4%  OK
         cache reads are 42.5% of that; $19.66 per M billable (917,014 billable vs 15,314,118 cache-read)
[spend] rep03: $   13.82 / $280.00     4.9%  OK
         cache reads are 47.6% of that; $27.57 per M billable (501,429 billable vs 13,169,794 cache-read)
[spend] rep04: $   12.10 / $280.00     4.3%  OK
         cache reads are 41.6% of that; $19.31 per M billable (626,870 billable vs 10,064,775 cache-read)
[spend] rep05: $   20.54 / $280.00     7.3%  OK
         cache reads are 46.7% of that; $19.37 per M billable (1,060,223 billable vs 19,175,375 cache-read)
[spend] rep06: $   74.64 / $280.00    26.7%  OK
         cache reads are 58.6% of that; $21.64 per M billable (3,449,299 billable vs 87,421,158 cache-read)
[spend] rep07: $   29.64 / $280.00    10.6%  OK
         cache reads are 47.4% of that; $19.35 per M billable (1,531,354 billable vs 28,102,286 cache-read)
[spend] rep08: $   15.75 / $280.00     5.6%  OK
         cache reads are 46.1% of that; $20.36 per M billable (773,565 billable vs 14,519,815 cache-read)
[spend] rep09: $   19.29 / $280.00     6.9%  OK
         cache reads are 48.6% of that; $22.99 per M billable (838,995 billable vs 18,768,188 cache-read)
[spend] rep10: $    8.78 / $280.00     3.1%  OK
         cache reads are 42.9% of that; $26.23 per M billable (334,682 billable vs 7,524,631 cache-read)
[spend] rep11: $    7.48 / $280.00     2.7%  OK
         cache reads are 38.2% of that; $22.58 per M billable (331,029 billable vs 5,719,229 cache-read)
[spend] rep12: $   12.76 / $280.00     4.6%  OK
         cache reads are 55.5% of that; $31.30 per M billable (407,762 billable vs 14,169,076 cache-read)
[spend] rep13: $   14.55 / $280.00     5.2%  OK
         cache reads are 50.2% of that; $22.02 per M billable (660,623 billable vs 14,598,813 cache-read)
[spend] rep15: $   16.70 / $280.00     6.0%  OK
         cache reads are 52.0% of that; $24.02 per M billable (695,430 billable vs 17,377,954 cache-read)
[spend] rep16: $   15.05 / $280.00     5.4%  OK
         cache reads are 46.5% of that; $20.02 per M billable (751,779 billable vs 14,007,548 cache-read)
[spend] rep17: $   10.31 / $280.00     3.7%  OK
         cache reads are 42.3% of that; $19.94 per M billable (517,309 billable vs 8,728,040 cache-read)
[spend] rep01: $   41.66 / $280.00    14.9%  OK
         cache reads are 70.9% of that; $49.74 per M billable (837,532 billable vs 59,057,398 cache-read)
[spend] rep02: $   18.03 / $280.00     6.4%  OK
         cache reads are 42.5% of that; $19.66 per M billable (917,014 billable vs 15,314,118 cache-read)
[spend] rep03: $   13.82 / $280.00     4.9%  OK
         cache reads are 47.6% of that; $27.57 per M billable (501,429 billable vs 13,169,794 cache-read)
[spend] rep04: $   12.10 / $280.00     4.3%  OK
         cache reads are 41.6% of that; $19.31 per M billable (626,870 billable vs 10,064,775 cache-read)
[spend] rep05: $   20.54 / $280.00     7.3%  OK
         cache reads are 46.7% of that; $19.37 per M billable (1,060,223 billable vs 19,175,375 cache-read)
[spend] rep06: $   75.69 / $280.00    27.0%  OK
         cache reads are 59.1% of that; $21.92 per M billable (3,452,711 billable vs 89,410,915 cache-read)
[spend] rep07: $   29.64 / $280.00    10.6%  OK
         cache reads are 47.4% of that; $19.35 per M billable (1,531,354 billable vs 28,102,286 cache-read)
[spend] rep08: $   15.75 / $280.00     5.6%  OK
         cache reads are 46.1% of that; $20.36 per M billable (773,565 billable vs 14,519,815 cache-read)
[spend] rep09: $   19.88 / $280.00     7.1%  OK
         cache reads are 49.3% of that; $23.36 per M billable (850,884 billable vs 19,602,053 cache-read)
[spend] rep10: $    9.79 / $280.00     3.5%  OK
         cache reads are 43.7% of that; $26.77 per M billable (365,911 billable vs 8,561,110 cache-read)
[spend] rep11: $    8.00 / $280.00     2.9%  OK
         cache reads are 40.9% of that; $23.63 per M billable (338,774 billable vs 6,550,473 cache-read)
[spend] rep12: $   12.76 / $280.00     4.6%  OK
         cache reads are 55.5% of that; $31.30 per M billable (407,762 billable vs 14,169,076 cache-read)
[spend] rep13: $   16.17 / $280.00     5.8%  OK
         cache reads are 51.0% of that; $22.95 per M billable (704,519 billable vs 16,484,774 cache-read)
[spend] rep15: $   16.70 / $280.00     6.0%  OK
         cache reads are 52.0% of that; $24.02 per M billable (695,430 billable vs 17,377,954 cache-read)
[spend] rep16: $   15.05 / $280.00     5.4%  OK
         cache reads are 46.5% of that; $20.02 per M billable (751,779 billable vs 14,007,548 cache-read)
[spend] rep17: $   10.31 / $280.00     3.7%  OK
         cache reads are 42.3% of that; $19.94 per M billable (517,309 billable vs 8,728,040 cache-read)
[spend] rep01: $   41.66 / $280.00    14.9%  OK
         cache reads are 70.9% of that; $49.74 per M billable (837,532 billable vs 59,057,398 cache-read)
[spend] rep02: $   18.03 / $280.00     6.4%  OK
         cache reads are 42.5% of that; $19.66 per M billable (917,014 billable vs 15,314,118 cache-read)
[spend] rep03: $   13.91 / $280.00     5.0%  OK
         cache reads are 47.9% of that; $27.72 per M billable (501,702 billable vs 13,329,512 cache-read)
[spend] rep04: $   13.02 / $280.00     4.7%  OK
         cache reads are 43.4% of that; $20.11 per M billable (647,416 billable vs 11,290,503 cache-read)
[spend] rep05: $   20.54 / $280.00     7.3%  OK
         cache reads are 46.7% of that; $19.37 per M billable (1,060,223 billable vs 19,175,375 cache-read)
[spend] rep06: $   76.77 / $280.00    27.4%  OK
         cache reads are 59.3% of that; $22.15 per M billable (3,465,774 billable vs 91,075,135 cache-read)
[spend] rep07: $   29.64 / $280.00    10.6%  OK
         cache reads are 47.4% of that; $19.35 per M billable (1,531,354 billable vs 28,102,286 cache-read)
[spend] rep08: $   15.75 / $280.00     5.6%  OK
         cache reads are 46.1% of that; $20.36 per M billable (773,565 billable vs 14,519,815 cache-read)
[spend] rep09: $   19.88 / $280.00     7.1%  OK
         cache reads are 49.3% of that; $23.36 per M billable (850,884 billable vs 19,602,053 cache-read)
[spend] rep10: $   10.38 / $280.00     3.7%  OK
         cache reads are 45.3% of that; $27.49 per M billable (377,755 billable vs 9,411,379 cache-read)
[spend] rep11: $    8.00 / $280.00     2.9%  OK
         cache reads are 40.9% of that; $23.63 per M billable (338,774 billable vs 6,550,473 cache-read)
[spend] rep12: $   12.76 / $280.00     4.6%  OK
         cache reads are 55.5% of that; $31.30 per M billable (407,762 billable vs 14,169,076 cache-read)
[spend] rep13: $   17.47 / $280.00     6.2%  OK
         cache reads are 53.3% of that; $24.20 per M billable (722,079 billable vs 18,634,762 cache-read)
[spend] rep15: $   16.70 / $280.00     6.0%  OK
         cache reads are 52.0% of that; $24.02 per M billable (695,430 billable vs 17,377,954 cache-read)
[spend] rep16: $   15.05 / $280.00     5.4%  OK
         cache reads are 46.5% of that; $20.02 per M billable (751,779 billable vs 14,007,548 cache-read)
[spend] rep17: $   10.31 / $280.00     3.7%  OK
         cache reads are 42.3% of that; $19.94 per M billable (517,309 billable vs 8,728,040 cache-read)
[spend] rep01: $   41.66 / $280.00    14.9%  OK
         cache reads are 70.9% of that; $49.74 per M billable (837,532 billable vs 59,057,398 cache-read)
[spend] rep02: $   18.03 / $280.00     6.4%  OK
         cache reads are 42.5% of that; $19.66 per M billable (917,014 billable vs 15,314,118 cache-read)
[spend] rep03: $   13.91 / $280.00     5.0%  OK
         cache reads are 47.9% of that; $27.72 per M billable (501,702 billable vs 13,329,512 cache-read)
[spend] rep04: $   13.71 / $280.00     4.9%  OK
         cache reads are 44.3% of that; $20.62 per M billable (664,521 billable vs 12,134,359 cache-read)
[spend] rep05: $   21.72 / $280.00     7.8%  OK
         cache reads are 48.4% of that; $20.14 per M billable (1,078,297 billable vs 21,020,635 cache-read)
[spend] rep06: $   78.38 / $280.00    28.0%  OK
         cache reads are 59.8% of that; $22.49 per M billable (3,484,749 billable vs 93,775,259 cache-read)
[spend] rep07: $   29.64 / $280.00    10.6%  OK
         cache reads are 47.4% of that; $19.35 per M billable (1,531,354 billable vs 28,102,286 cache-read)
[spend] rep08: $   15.75 / $280.00     5.6%  OK
         cache reads are 46.1% of that; $20.36 per M billable (773,565 billable vs 14,519,815 cache-read)
[spend] rep09: $   19.88 / $280.00     7.1%  OK
         cache reads are 49.3% of that; $23.36 per M billable (850,884 billable vs 19,602,053 cache-read)
[spend] rep10: $   10.86 / $280.00     3.9%  OK
         cache reads are 45.0% of that; $27.74 per M billable (391,447 billable vs 9,782,059 cache-read)
[spend] rep11: $    8.00 / $280.00     2.9%  OK
         cache reads are 40.9% of that; $23.63 per M billable (338,774 billable vs 6,550,473 cache-read)
[spend] rep12: $   14.86 / $280.00     5.3%  OK
         cache reads are 54.2% of that; $26.06 per M billable (570,394 billable vs 16,105,646 cache-read)
[spend] rep13: $   20.12 / $280.00     7.2%  OK
         cache reads are 52.0% of that; $22.08 per M billable (911,140 billable vs 20,911,877 cache-read)
[spend] rep15: $   16.79 / $280.00     6.0%  OK
         cache reads are 52.2% of that; $24.09 per M billable (696,808 billable vs 17,516,305 cache-read)
[spend] rep16: $   15.05 / $280.00     5.4%  OK
         cache reads are 46.5% of that; $20.02 per M billable (751,779 billable vs 14,007,548 cache-read)
[spend] rep17: $   10.31 / $280.00     3.7%  OK
         cache reads are 42.3% of that; $19.94 per M billable (517,309 billable vs 8,728,040 cache-read)
[spend] rep01: $   41.66 / $280.00    14.9%  OK
         cache reads are 70.9% of that; $49.74 per M billable (837,532 billable vs 59,057,398 cache-read)
[spend] rep02: $   18.03 / $280.00     6.4%  OK
         cache reads are 42.5% of that; $19.66 per M billable (917,014 billable vs 15,314,118 cache-read)
[spend] rep03: $   13.91 / $280.00     5.0%  OK
         cache reads are 47.9% of that; $27.72 per M billable (501,702 billable vs 13,329,512 cache-read)
[spend] rep04: $   13.71 / $280.00     4.9%  OK
         cache reads are 44.3% of that; $20.62 per M billable (664,521 billable vs 12,134,359 cache-read)
[spend] rep05: $   22.03 / $280.00     7.9%  OK
         cache reads are 48.6% of that; $20.32 per M billable (1,084,083 billable vs 21,396,217 cache-read)
[spend] rep06: $   79.58 / $280.00    28.4%  OK
         cache reads are 60.2% of that; $22.76 per M billable (3,495,812 billable vs 95,830,762 cache-read)
[spend] rep07: $   29.75 / $280.00    10.6%  OK
         cache reads are 47.6% of that; $19.42 per M billable (1,531,728 billable vs 28,316,525 cache-read)
[spend] rep08: $   15.84 / $280.00     5.7%  OK
         cache reads are 46.3% of that; $20.46 per M billable (774,233 billable vs 14,675,651 cache-read)
[spend] rep09: $   19.88 / $280.00     7.1%  OK
         cache reads are 49.3% of that; $23.36 per M billable (850,884 billable vs 19,602,053 cache-read)
[spend] rep10: $   11.90 / $280.00     4.2%  OK
         cache reads are 46.6% of that; $28.64 per M billable (415,694 billable vs 11,082,933 cache-read)
[spend] rep11: $    8.00 / $280.00     2.9%  OK
         cache reads are 40.9% of that; $23.63 per M billable (338,774 billable vs 6,550,473 cache-read)
[spend] rep12: $   15.18 / $280.00     5.4%  OK
         cache reads are 54.7% of that; $26.42 per M billable (574,576 billable vs 16,603,435 cache-read)
[spend] rep13: $   21.11 / $280.00     7.5%  OK
         cache reads are 53.4% of that; $22.89 per M billable (922,501 billable vs 22,532,598 cache-read)
[spend] rep15: $   16.79 / $280.00     6.0%  OK
         cache reads are 52.2% of that; $24.09 per M billable (696,808 billable vs 17,516,305 cache-read)
[spend] rep16: $   15.05 / $280.00     5.4%  OK
         cache reads are 46.5% of that; $20.02 per M billable (751,779 billable vs 14,007,548 cache-read)
[spend] rep17: $   10.47 / $280.00     3.7%  OK
         cache reads are 42.8% of that; $20.07 per M billable (521,709 billable vs 8,963,584 cache-read)
[spend] rep01: $   41.66 / $280.00    14.9%  OK
         cache reads are 70.9% of that; $49.74 per M billable (837,532 billable vs 59,057,398 cache-read)
[spend] rep02: $   18.66 / $280.00     6.7%  OK
         cache reads are 42.8% of that; $20.02 per M billable (931,998 billable vs 15,980,797 cache-read)
[spend] rep03: $   13.91 / $280.00     5.0%  OK
         cache reads are 47.9% of that; $27.72 per M billable (501,702 billable vs 13,329,512 cache-read)
[spend] rep04: $   13.71 / $280.00     4.9%  OK
         cache reads are 44.3% of that; $20.62 per M billable (664,521 billable vs 12,134,359 cache-read)
[spend] rep05: $   22.03 / $280.00     7.9%  OK
         cache reads are 48.6% of that; $20.32 per M billable (1,084,083 billable vs 21,396,217 cache-read)
[spend] rep06: $   84.13 / $280.00    30.0%  OK
         cache reads are 59.7% of that; $21.91 per M billable (3,840,413 billable vs 100,375,871 cache-read)
[spend] rep07: $   29.75 / $280.00    10.6%  OK
         cache reads are 47.6% of that; $19.42 per M billable (1,531,728 billable vs 28,316,525 cache-read)
[spend] rep08: $   15.84 / $280.00     5.7%  OK
         cache reads are 46.3% of that; $20.46 per M billable (774,233 billable vs 14,675,651 cache-read)
[spend] rep09: $   19.88 / $280.00     7.1%  OK
         cache reads are 49.3% of that; $23.36 per M billable (850,884 billable vs 19,602,053 cache-read)
[spend] rep10: $   12.95 / $280.00     4.6%  OK
         cache reads are 48.6% of that; $29.90 per M billable (432,929 billable vs 12,575,001 cache-read)
[spend] rep11: $    8.00 / $280.00     2.9%  OK
         cache reads are 40.9% of that; $23.63 per M billable (338,774 billable vs 6,550,473 cache-read)
[spend] rep12: $   15.18 / $280.00     5.4%  OK
         cache reads are 54.7% of that; $26.42 per M billable (574,576 billable vs 16,603,435 cache-read)
[spend] rep13: $   21.11 / $280.00     7.5%  OK
         cache reads are 53.4% of that; $22.89 per M billable (922,501 billable vs 22,532,598 cache-read)
[spend] rep15: $   16.79 / $280.00     6.0%  OK
         cache reads are 52.2% of that; $24.09 per M billable (696,808 billable vs 17,516,305 cache-read)
[spend] rep16: $   15.62 / $280.00     5.6%  OK
         cache reads are 47.7% of that; $20.56 per M billable (759,475 billable vs 14,894,212 cache-read)
[spend] rep17: $   10.47 / $280.00     3.7%  OK
         cache reads are 42.8% of that; $20.07 per M billable (521,709 billable vs 8,963,584 cache-read)
[spend] rep01: $   41.81 / $280.00    14.9%  OK
         cache reads are 71.0% of that; $49.88 per M billable (838,193 billable vs 59,340,997 cache-read)
[spend] rep02: $   18.66 / $280.00     6.7%  OK
         cache reads are 42.8% of that; $20.02 per M billable (931,998 billable vs 15,980,797 cache-read)
[spend] rep03: $   14.08 / $280.00     5.0%  OK
         cache reads are 48.5% of that; $28.00 per M billable (502,808 billable vs 13,649,868 cache-read)
[spend] rep04: $   13.71 / $280.00     4.9%  OK
         cache reads are 44.3% of that; $20.62 per M billable (664,521 billable vs 12,134,359 cache-read)
[spend] rep05: $   22.03 / $280.00     7.9%  OK
         cache reads are 48.6% of that; $20.32 per M billable (1,084,083 billable vs 21,396,217 cache-read)
[spend] rep06: $   84.88 / $280.00    30.3%  OK
         cache reads are 60.0% of that; $22.08 per M billable (3,843,554 billable vs 101,780,833 cache-read)
[spend] rep07: $   29.75 / $280.00    10.6%  OK
         cache reads are 47.6% of that; $19.42 per M billable (1,531,728 billable vs 28,316,525 cache-read)
[spend] rep08: $   15.84 / $280.00     5.7%  OK
         cache reads are 46.3% of that; $20.46 per M billable (774,233 billable vs 14,675,651 cache-read)
[spend] rep09: $   20.30 / $280.00     7.2%  OK
         cache reads are 49.5% of that; $23.57 per M billable (861,138 billable vs 20,109,298 cache-read)
[spend] rep10: $   12.95 / $280.00     4.6%  OK
         cache reads are 48.6% of that; $29.90 per M billable (432,929 billable vs 12,575,001 cache-read)
[spend] rep11: $    8.70 / $280.00     3.1%  OK
         cache reads are 42.6% of that; $24.43 per M billable (356,248 billable vs 7,408,488 cache-read)
[spend] rep12: $   15.18 / $280.00     5.4%  OK
         cache reads are 54.7% of that; $26.42 per M billable (574,576 billable vs 16,603,435 cache-read)
[spend] rep13: $   21.11 / $280.00     7.5%  OK
         cache reads are 53.4% of that; $22.89 per M billable (922,501 billable vs 22,532,598 cache-read)
[spend] rep15: $   16.79 / $280.00     6.0%  OK
         cache reads are 52.2% of that; $24.09 per M billable (696,808 billable vs 17,516,305 cache-read)
[spend] rep16: $   15.80 / $280.00     5.6%  OK
         cache reads are 48.1% of that; $20.73 per M billable (762,339 billable vs 15,192,935 cache-read)
[spend] rep17: $   10.47 / $280.00     3.7%  OK
         cache reads are 42.8% of that; $20.07 per M billable (521,709 billable vs 8,963,584 cache-read)
[spend] rep01: $   41.81 / $280.00    14.9%  OK
         cache reads are 71.0% of that; $49.88 per M billable (838,193 billable vs 59,340,997 cache-read)
[spend] rep02: $   18.66 / $280.00     6.7%  OK
         cache reads are 42.8% of that; $20.02 per M billable (931,998 billable vs 15,980,797 cache-read)
[spend] rep03: $   14.08 / $280.00     5.0%  OK
         cache reads are 48.5% of that; $28.00 per M billable (502,808 billable vs 13,649,868 cache-read)
[spend] rep04: $   14.43 / $280.00     5.1%  OK
         cache reads are 45.6% of that; $21.25 per M billable (679,012 billable vs 13,147,954 cache-read)
[spend] rep05: $   22.03 / $280.00     7.9%  OK
         cache reads are 48.6% of that; $20.32 per M billable (1,084,083 billable vs 21,396,217 cache-read)
[spend] rep06: $   88.58 / $280.00    31.6%  OK
         cache reads are 58.9% of that; $21.09 per M billable (4,200,591 billable vs 104,272,397 cache-read)
[spend] rep07: $   29.75 / $280.00    10.6%  OK
         cache reads are 47.6% of that; $19.42 per M billable (1,531,728 billable vs 28,316,525 cache-read)
[spend] rep08: $   15.84 / $280.00     5.7%  OK
         cache reads are 46.3% of that; $20.46 per M billable (774,233 billable vs 14,675,651 cache-read)
[spend] rep09: $   20.30 / $280.00     7.2%  OK
         cache reads are 49.5% of that; $23.57 per M billable (861,138 billable vs 20,109,298 cache-read)
[spend] rep10: $   12.95 / $280.00     4.6%  OK
         cache reads are 48.6% of that; $29.90 per M billable (432,929 billable vs 12,575,001 cache-read)
[spend] rep11: $    9.22 / $280.00     3.3%  OK
         cache reads are 43.7% of that; $24.91 per M billable (369,962 billable vs 8,047,437 cache-read)
[spend] rep12: $   15.18 / $280.00     5.4%  OK
         cache reads are 54.7% of that; $26.42 per M billable (574,576 billable vs 16,603,435 cache-read)
[spend] rep13: $   21.11 / $280.00     7.5%  OK
         cache reads are 53.4% of that; $22.89 per M billable (922,501 billable vs 22,532,598 cache-read)
[spend] rep15: $   16.79 / $280.00     6.0%  OK
         cache reads are 52.2% of that; $24.09 per M billable (696,808 billable vs 17,516,305 cache-read)
[spend] rep16: $   15.80 / $280.00     5.6%  OK
         cache reads are 48.1% of that; $20.73 per M billable (762,339 billable vs 15,192,935 cache-read)
[spend] rep17: $   10.47 / $280.00     3.7%  OK
         cache reads are 42.8% of that; $20.07 per M billable (521,709 billable vs 8,963,584 cache-read)
[spend] rep01: $   41.81 / $280.00    14.9%  OK
         cache reads are 71.0% of that; $49.88 per M billable (838,193 billable vs 59,340,997 cache-read)
[spend] rep02: $   18.66 / $280.00     6.7%  OK
         cache reads are 42.8% of that; $20.02 per M billable (931,998 billable vs 15,980,797 cache-read)
[spend] rep03: $   14.08 / $280.00     5.0%  OK
         cache reads are 48.5% of that; $28.00 per M billable (502,808 billable vs 13,649,868 cache-read)
[spend] rep04: $   14.43 / $280.00     5.1%  OK
         cache reads are 45.6% of that; $21.25 per M billable (679,012 billable vs 13,147,954 cache-read)
[spend] rep05: $   22.57 / $280.00     8.1%  OK
         cache reads are 49.1% of that; $20.59 per M billable (1,096,225 billable vs 22,154,387 cache-read)
[spend] rep06: $   89.77 / $280.00    32.1%  OK
         cache reads are 59.3% of that; $21.34 per M billable (4,207,820 billable vs 106,422,916 cache-read)
[spend] rep07: $   29.75 / $280.00    10.6%  OK
         cache reads are 47.6% of that; $19.42 per M billable (1,531,728 billable vs 28,316,525 cache-read)
[spend] rep08: $   15.93 / $280.00     5.7%  OK
         cache reads are 46.6% of that; $20.55 per M billable (775,029 billable vs 14,831,777 cache-read)
[spend] rep09: $   20.30 / $280.00     7.2%  OK
         cache reads are 49.5% of that; $23.57 per M billable (861,138 billable vs 20,109,298 cache-read)
[spend] rep10: $   12.95 / $280.00     4.6%  OK
         cache reads are 48.6% of that; $29.90 per M billable (432,929 billable vs 12,575,001 cache-read)
[spend] rep11: $    9.22 / $280.00     3.3%  OK
         cache reads are 43.7% of that; $24.91 per M billable (369,962 billable vs 8,047,437 cache-read)
[spend] rep12: $   15.59 / $280.00     5.6%  OK
         cache reads are 55.4% of that; $26.93 per M billable (578,674 billable vs 17,273,209 cache-read)
[spend] rep13: $   21.11 / $280.00     7.5%  OK
         cache reads are 53.4% of that; $22.89 per M billable (922,501 billable vs 22,532,598 cache-read)
[spend] rep15: $   17.06 / $280.00     6.1%  OK
         cache reads are 52.2% of that; $24.27 per M billable (702,766 billable vs 17,795,163 cache-read)
[spend] rep16: $   15.80 / $280.00     5.6%  OK
         cache reads are 48.1% of that; $20.73 per M billable (762,339 billable vs 15,192,935 cache-read)
[spend] rep17: $   10.54 / $280.00     3.8%  OK
         cache reads are 43.1% of that; $20.18 per M billable (522,267 billable vs 9,083,266 cache-read)
[spend] rep01: $   41.81 / $280.00    14.9%  OK
         cache reads are 71.0% of that; $49.88 per M billable (838,193 billable vs 59,340,997 cache-read)
[spend] rep02: $   18.66 / $280.00     6.7%  OK
         cache reads are 42.8% of that; $20.02 per M billable (931,998 billable vs 15,980,797 cache-read)
[spend] rep03: $   14.08 / $280.00     5.0%  OK
         cache reads are 48.5% of that; $28.00 per M billable (502,808 billable vs 13,649,868 cache-read)
[spend] rep04: $   14.43 / $280.00     5.1%  OK
         cache reads are 45.6% of that; $21.25 per M billable (679,012 billable vs 13,147,954 cache-read)
[spend] rep05: $   22.83 / $280.00     8.2%  OK
         cache reads are 49.4% of that; $20.75 per M billable (1,100,049 billable vs 22,538,867 cache-read)
[spend] rep06: $   92.48 / $280.00    33.0%  OK
         cache reads are 60.3% of that; $21.91 per M billable (4,220,384 billable vs 111,506,706 cache-read)
[spend] rep07: $   30.73 / $280.00    11.0%  OK
         cache reads are 48.2% of that; $19.81 per M billable (1,551,393 billable vs 29,605,934 cache-read)
[spend] rep08: $   15.93 / $280.00     5.7%  OK
         cache reads are 46.6% of that; $20.55 per M billable (775,029 billable vs 14,831,777 cache-read)
[spend] rep09: $   20.30 / $280.00     7.2%  OK
         cache reads are 49.5% of that; $23.57 per M billable (861,138 billable vs 20,109,298 cache-read)
[spend] rep10: $   12.95 / $280.00     4.6%  OK
         cache reads are 48.6% of that; $29.90 per M billable (432,929 billable vs 12,575,001 cache-read)
[spend] rep11: $    9.22 / $280.00     3.3%  OK
         cache reads are 43.7% of that; $24.91 per M billable (369,962 billable vs 8,047,437 cache-read)
[spend] rep12: $   15.89 / $280.00     5.7%  OK
         cache reads are 56.0% of that; $27.28 per M billable (582,291 billable vs 17,778,619 cache-read)
[spend] rep13: $   21.53 / $280.00     7.7%  OK
         cache reads are 54.0% of that; $23.25 per M billable (926,095 billable vs 23,262,670 cache-read)
[spend] rep15: $   17.06 / $280.00     6.1%  OK
         cache reads are 52.2% of that; $24.27 per M billable (702,766 billable vs 17,795,163 cache-read)
[spend] rep16: $   15.80 / $280.00     5.6%  OK
         cache reads are 48.1% of that; $20.73 per M billable (762,339 billable vs 15,192,935 cache-read)
[spend] rep17: $   10.54 / $280.00     3.8%  OK
         cache reads are 43.1% of that; $20.18 per M billable (522,267 billable vs 9,083,266 cache-read)
[spend] rep01: $   41.81 / $280.00    14.9%  OK
         cache reads are 71.0% of that; $49.88 per M billable (838,193 billable vs 59,340,997 cache-read)
[spend] rep02: $   18.75 / $280.00     6.7%  OK
         cache reads are 43.1% of that; $20.11 per M billable (932,366 billable vs 16,151,287 cache-read)
[spend] rep03: $   14.08 / $280.00     5.0%  OK
         cache reads are 48.5% of that; $28.00 per M billable (502,808 billable vs 13,649,868 cache-read)
[spend] rep04: $   14.43 / $280.00     5.1%  OK
         cache reads are 45.6% of that; $21.25 per M billable (679,012 billable vs 13,147,954 cache-read)
[spend] rep05: $   22.83 / $280.00     8.2%  OK
         cache reads are 49.4% of that; $20.75 per M billable (1,100,049 billable vs 22,538,867 cache-read)
[spend] rep06: $   94.83 / $280.00    33.9%  OK
         cache reads are 60.5% of that; $22.26 per M billable (4,259,891 billable vs 114,819,417 cache-read)
[spend] rep07: $   30.73 / $280.00    11.0%  OK
         cache reads are 48.2% of that; $19.81 per M billable (1,551,393 billable vs 29,605,934 cache-read)
[spend] rep08: $   15.93 / $280.00     5.7%  OK
         cache reads are 46.6% of that; $20.55 per M billable (775,029 billable vs 14,831,777 cache-read)
[spend] rep09: $   20.30 / $280.00     7.2%  OK
         cache reads are 49.5% of that; $23.57 per M billable (861,138 billable vs 20,109,298 cache-read)
[spend] rep10: $   13.27 / $280.00     4.7%  OK
         cache reads are 49.0% of that; $30.29 per M billable (438,198 billable vs 12,995,644 cache-read)
[spend] rep11: $    9.22 / $280.00     3.3%  OK
         cache reads are 43.7% of that; $24.91 per M billable (369,962 billable vs 8,047,437 cache-read)
[spend] rep12: $   15.89 / $280.00     5.7%  OK
         cache reads are 56.0% of that; $27.28 per M billable (582,291 billable vs 17,778,619 cache-read)
[spend] rep13: $   21.53 / $280.00     7.7%  OK
         cache reads are 54.0% of that; $23.25 per M billable (926,095 billable vs 23,262,670 cache-read)
[spend] rep15: $   17.06 / $280.00     6.1%  OK
         cache reads are 52.2% of that; $24.27 per M billable (702,766 billable vs 17,795,163 cache-read)
[spend] rep16: $   16.19 / $280.00     5.8%  OK
         cache reads are 48.8% of that; $21.11 per M billable (767,092 billable vs 15,796,937 cache-read)
[spend] rep17: $   10.54 / $280.00     3.8%  OK
         cache reads are 43.1% of that; $20.18 per M billable (522,267 billable vs 9,083,266 cache-read)
[spend] rep01: $   41.96 / $280.00    15.0%  OK
         cache reads are 71.0% of that; $50.03 per M billable (838,772 billable vs 59,624,984 cache-read)
[spend] rep02: $   18.75 / $280.00     6.7%  OK
         cache reads are 43.1% of that; $20.11 per M billable (932,366 billable vs 16,151,287 cache-read)
[spend] rep03: $   14.16 / $280.00     5.1%  OK
         cache reads are 48.8% of that; $28.15 per M billable (503,084 billable vs 13,810,612 cache-read)
[spend] rep04: $   14.43 / $280.00     5.1%  OK
         cache reads are 45.6% of that; $21.25 per M billable (679,012 billable vs 13,147,954 cache-read)
[spend] rep05: $   22.83 / $280.00     8.2%  OK
         cache reads are 49.4% of that; $20.75 per M billable (1,100,049 billable vs 22,538,867 cache-read)
[spend] rep06: $   97.85 / $280.00    34.9%  OK
         cache reads are 61.6% of that; $22.89 per M billable (4,274,646 billable vs 120,489,129 cache-read)
[spend] rep07: $   30.73 / $280.00    11.0%  OK
         cache reads are 48.2% of that; $19.81 per M billable (1,551,393 billable vs 29,605,934 cache-read)
[spend] rep08: $   17.34 / $280.00     6.2%  OK
         cache reads are 47.4% of that; $21.40 per M billable (810,276 billable vs 16,421,613 cache-read)
[spend] rep09: $   20.49 / $280.00     7.3%  OK
         cache reads are 49.9% of that; $23.75 per M billable (862,694 billable vs 20,454,196 cache-read)
[spend] rep10: $   15.22 / $280.00     5.4%  OK
         cache reads are 53.7% of that; $33.20 per M billable (458,439 billable vs 16,360,408 cache-read)
[spend] rep11: $    9.22 / $280.00     3.3%  OK
         cache reads are 43.7% of that; $24.91 per M billable (369,962 billable vs 8,047,437 cache-read)
[spend] rep12: $   15.89 / $280.00     5.7%  OK
         cache reads are 56.0% of that; $27.28 per M billable (582,291 billable vs 17,778,619 cache-read)
[spend] rep13: $   21.53 / $280.00     7.7%  OK
         cache reads are 54.0% of that; $23.25 per M billable (926,095 billable vs 23,262,670 cache-read)
[spend] rep15: $   17.06 / $280.00     6.1%  OK
         cache reads are 52.2% of that; $24.27 per M billable (702,766 billable vs 17,795,163 cache-read)
[spend] rep16: $   16.19 / $280.00     5.8%  OK
         cache reads are 48.8% of that; $21.11 per M billable (767,092 billable vs 15,796,937 cache-read)
[spend] rep17: $   10.54 / $280.00     3.8%  OK
         cache reads are 43.1% of that; $20.18 per M billable (522,267 billable vs 9,083,266 cache-read)
[spend] rep01: $   42.63 / $280.00    15.2%  OK
         cache reads are 71.3% of that; $50.44 per M billable (845,177 billable vs 60,764,811 cache-read)
[spend] rep02: $   18.75 / $280.00     6.7%  OK
         cache reads are 43.1% of that; $20.11 per M billable (932,366 billable vs 16,151,287 cache-read)
[spend] rep03: $   14.16 / $280.00     5.1%  OK
         cache reads are 48.8% of that; $28.15 per M billable (503,084 billable vs 13,810,612 cache-read)
[spend] rep04: $   14.75 / $280.00     5.3%  OK
         cache reads are 46.1% of that; $21.55 per M billable (684,382 billable vs 13,591,678 cache-read)
[spend] rep05: $   22.83 / $280.00     8.2%  OK
         cache reads are 49.4% of that; $20.75 per M billable (1,100,049 billable vs 22,538,867 cache-read)
[spend] rep06: $   99.03 / $280.00    35.4%  OK
         cache reads are 62.0% of that; $23.15 per M billable (4,277,733 billable vs 122,780,669 cache-read)
[spend] rep07: $   30.73 / $280.00    11.0%  OK
         cache reads are 48.2% of that; $19.81 per M billable (1,551,393 billable vs 29,605,934 cache-read)
[spend] rep08: $   17.44 / $280.00     6.2%  OK
         cache reads are 47.5% of that; $21.47 per M billable (812,314 billable vs 16,586,698 cache-read)
[spend] rep09: $   20.49 / $280.00     7.3%  OK
         cache reads are 49.9% of that; $23.75 per M billable (862,694 billable vs 20,454,196 cache-read)
[spend] rep10: $   15.22 / $280.00     5.4%  OK
         cache reads are 53.7% of that; $33.20 per M billable (458,439 billable vs 16,360,408 cache-read)
[spend] rep11: $    9.68 / $280.00     3.5%  OK
         cache reads are 45.7% of that; $25.85 per M billable (374,304 billable vs 8,839,981 cache-read)
[spend] rep12: $   15.89 / $280.00     5.7%  OK
         cache reads are 56.0% of that; $27.28 per M billable (582,291 billable vs 17,778,619 cache-read)
[spend] rep13: $   21.53 / $280.00     7.7%  OK
         cache reads are 54.0% of that; $23.25 per M billable (926,095 billable vs 23,262,670 cache-read)
[spend] rep15: $   17.06 / $280.00     6.1%  OK
         cache reads are 52.2% of that; $24.27 per M billable (702,766 billable vs 17,795,163 cache-read)
[spend] rep16: $   16.19 / $280.00     5.8%  OK
         cache reads are 48.8% of that; $21.11 per M billable (767,092 billable vs 15,796,937 cache-read)
[spend] rep17: $   10.54 / $280.00     3.8%  OK
         cache reads are 43.1% of that; $20.18 per M billable (522,267 billable vs 9,083,266 cache-read)
[spend] rep01: $   42.63 / $280.00    15.2%  OK
         cache reads are 71.3% of that; $50.44 per M billable (845,177 billable vs 60,764,811 cache-read)
[spend] rep02: $   18.75 / $280.00     6.7%  OK
         cache reads are 43.1% of that; $20.11 per M billable (932,366 billable vs 16,151,287 cache-read)
[spend] rep03: $   14.16 / $280.00     5.1%  OK
         cache reads are 48.8% of that; $28.15 per M billable (503,084 billable vs 13,810,612 cache-read)
[spend] rep04: $   14.75 / $280.00     5.3%  OK
         cache reads are 46.1% of that; $21.55 per M billable (684,382 billable vs 13,591,678 cache-read)
[spend] rep05: $   23.06 / $280.00     8.2%  OK
         cache reads are 49.7% of that; $20.90 per M billable (1,103,469 billable vs 22,924,907 cache-read)
[spend] rep06: $   99.03 / $280.00    35.4%  OK
         cache reads are 62.0% of that; $23.15 per M billable (4,277,733 billable vs 122,780,669 cache-read)
[spend] rep07: $   30.73 / $280.00    11.0%  OK
         cache reads are 48.2% of that; $19.81 per M billable (1,551,393 billable vs 29,605,934 cache-read)
[spend] rep08: $   18.19 / $280.00     6.5%  OK
         cache reads are 48.4% of that; $22.03 per M billable (825,749 billable vs 17,592,648 cache-read)
[spend] rep09: $   20.49 / $280.00     7.3%  OK
         cache reads are 49.9% of that; $23.75 per M billable (862,694 billable vs 20,454,196 cache-read)
[spend] rep10: $   15.22 / $280.00     5.4%  OK
         cache reads are 53.7% of that; $33.20 per M billable (458,439 billable vs 16,360,408 cache-read)
[spend] rep11: $    9.68 / $280.00     3.5%  OK
         cache reads are 45.7% of that; $25.85 per M billable (374,304 billable vs 8,839,981 cache-read)
[spend] rep12: $   15.89 / $280.00     5.7%  OK
         cache reads are 56.0% of that; $27.28 per M billable (582,291 billable vs 17,778,619 cache-read)
[spend] rep13: $   21.53 / $280.00     7.7%  OK
         cache reads are 54.0% of that; $23.25 per M billable (926,095 billable vs 23,262,670 cache-read)
[spend] rep15: $   17.15 / $280.00     6.1%  OK
         cache reads are 52.3% of that; $24.31 per M billable (705,659 billable vs 17,934,992 cache-read)
[spend] rep16: $   16.19 / $280.00     5.8%  OK
         cache reads are 48.8% of that; $21.11 per M billable (767,092 billable vs 15,796,937 cache-read)
[spend] rep17: $   10.69 / $280.00     3.8%  OK
         cache reads are 43.6% of that; $20.38 per M billable (524,495 billable vs 9,323,260 cache-read)
[spend] rep01: $   42.63 / $280.00    15.2%  OK
         cache reads are 71.3% of that; $50.44 per M billable (845,177 billable vs 60,764,811 cache-read)
[spend] rep02: $   18.75 / $280.00     6.7%  OK
         cache reads are 43.1% of that; $20.11 per M billable (932,366 billable vs 16,151,287 cache-read)
[spend] rep03: $   14.16 / $280.00     5.1%  OK
         cache reads are 48.8% of that; $28.15 per M billable (503,084 billable vs 13,810,612 cache-read)
[spend] rep04: $   14.75 / $280.00     5.3%  OK
         cache reads are 46.1% of that; $21.55 per M billable (684,382 billable vs 13,591,678 cache-read)
[spend] rep05: $   23.06 / $280.00     8.2%  OK
         cache reads are 49.7% of that; $20.90 per M billable (1,103,469 billable vs 22,924,907 cache-read)
[spend] rep06: $   99.03 / $280.00    35.4%  OK
         cache reads are 62.0% of that; $23.15 per M billable (4,277,733 billable vs 122,780,669 cache-read)
[spend] rep07: $   30.84 / $280.00    11.0%  OK
         cache reads are 48.4% of that; $19.88 per M billable (1,551,711 billable vs 29,824,995 cache-read)
[spend] rep08: $   19.89 / $280.00     7.1%  OK
         cache reads are 49.1% of that; $22.68 per M billable (877,054 billable vs 19,532,729 cache-read)
[spend] rep09: $   20.49 / $280.00     7.3%  OK
         cache reads are 49.9% of that; $23.75 per M billable (862,694 billable vs 20,454,196 cache-read)
[spend] rep10: $   15.22 / $280.00     5.4%  OK
         cache reads are 53.7% of that; $33.20 per M billable (458,439 billable vs 16,360,408 cache-read)
[spend] rep11: $    9.68 / $280.00     3.5%  OK
         cache reads are 45.7% of that; $25.85 per M billable (374,304 billable vs 8,839,981 cache-read)
[spend] rep12: $   16.64 / $280.00     5.9%  OK
         cache reads are 57.0% of that; $28.04 per M billable (593,520 billable vs 18,976,389 cache-read)
[spend] rep13: $   21.95 / $280.00     7.8%  OK
         cache reads are 54.7% of that; $23.60 per M billable (930,001 billable vs 23,996,760 cache-read)
[spend] rep15: $   17.15 / $280.00     6.1%  OK
         cache reads are 52.3% of that; $24.31 per M billable (705,659 billable vs 17,934,992 cache-read)
[spend] rep16: $   16.19 / $280.00     5.8%  OK
         cache reads are 48.8% of that; $21.11 per M billable (767,092 billable vs 15,796,937 cache-read)
[spend] rep17: $   10.69 / $280.00     3.8%  OK
         cache reads are 43.6% of that; $20.38 per M billable (524,495 billable vs 9,323,260 cache-read)
[spend] rep01: $   42.63 / $280.00    15.2%  OK
         cache reads are 71.3% of that; $50.44 per M billable (845,177 billable vs 60,764,811 cache-read)
[spend] rep02: $   20.57 / $280.00     7.3%  OK
         cache reads are 42.2% of that; $18.65 per M billable (1,102,401 billable vs 17,372,546 cache-read)
[spend] rep03: $   14.16 / $280.00     5.1%  OK
         cache reads are 48.8% of that; $28.15 per M billable (503,084 billable vs 13,810,612 cache-read)
[spend] rep04: $   14.75 / $280.00     5.3%  OK
         cache reads are 46.1% of that; $21.55 per M billable (684,382 billable vs 13,591,678 cache-read)
[spend] rep05: $   23.06 / $280.00     8.2%  OK
         cache reads are 49.7% of that; $20.90 per M billable (1,103,469 billable vs 22,924,907 cache-read)
[spend] rep06: $   99.03 / $280.00    35.4%  OK
         cache reads are 62.0% of that; $23.15 per M billable (4,277,733 billable vs 122,780,669 cache-read)
[spend] rep07: $   30.84 / $280.00    11.0%  OK
         cache reads are 48.4% of that; $19.88 per M billable (1,551,711 billable vs 29,824,995 cache-read)
[spend] rep08: $   20.56 / $280.00     7.3%  OK
         cache reads are 49.8% of that; $23.11 per M billable (889,753 billable vs 20,457,224 cache-read)
[spend] rep09: $   20.49 / $280.00     7.3%  OK
         cache reads are 49.9% of that; $23.75 per M billable (862,694 billable vs 20,454,196 cache-read)
[spend] rep10: $   15.40 / $280.00     5.5%  OK
         cache reads are 54.1% of that; $33.45 per M billable (460,239 billable vs 16,662,822 cache-read)
[spend] rep11: $    9.68 / $280.00     3.5%  OK
         cache reads are 45.7% of that; $25.85 per M billable (374,304 billable vs 8,839,981 cache-read)
[spend] rep12: $   16.64 / $280.00     5.9%  OK
         cache reads are 57.0% of that; $28.04 per M billable (593,520 billable vs 18,976,389 cache-read)
[spend] rep13: $   21.95 / $280.00     7.8%  OK
         cache reads are 54.7% of that; $23.60 per M billable (930,001 billable vs 23,996,760 cache-read)
[spend] rep15: $   17.15 / $280.00     6.1%  OK
         cache reads are 52.3% of that; $24.31 per M billable (705,659 billable vs 17,934,992 cache-read)
[spend] rep16: $   16.76 / $280.00     6.0%  OK
         cache reads are 49.4% of that; $21.54 per M billable (778,203 billable vs 16,559,326 cache-read)
[spend] rep17: $   10.69 / $280.00     3.8%  OK
         cache reads are 43.6% of that; $20.38 per M billable (524,495 billable vs 9,323,260 cache-read)
[spend] rep01: $   42.63 / $280.00    15.2%  OK
         cache reads are 71.3% of that; $50.44 per M billable (845,177 billable vs 60,764,811 cache-read)
[spend] rep02: $   20.57 / $280.00     7.3%  OK
         cache reads are 42.2% of that; $18.65 per M billable (1,102,401 billable vs 17,372,546 cache-read)
[spend] rep03: $   14.25 / $280.00     5.1%  OK
         cache reads are 49.0% of that; $28.30 per M billable (503,360 billable vs 13,971,526 cache-read)
[spend] rep04: $   14.75 / $280.00     5.3%  OK
         cache reads are 46.1% of that; $21.55 per M billable (684,382 billable vs 13,591,678 cache-read)
[spend] rep05: $   23.06 / $280.00     8.2%  OK
         cache reads are 49.7% of that; $20.90 per M billable (1,103,469 billable vs 22,924,907 cache-read)
[spend] rep06: $   99.03 / $280.00    35.4%  OK
         cache reads are 62.0% of that; $23.15 per M billable (4,277,733 billable vs 122,780,669 cache-read)
[spend] rep07: $   30.84 / $280.00    11.0%  OK
         cache reads are 48.4% of that; $19.88 per M billable (1,551,711 billable vs 29,824,995 cache-read)
[spend] rep08: $   20.56 / $280.00     7.3%  OK
         cache reads are 49.8% of that; $23.11 per M billable (889,753 billable vs 20,457,224 cache-read)
[spend] rep09: $   20.58 / $280.00     7.3%  OK
         cache reads are 50.1% of that; $23.84 per M billable (863,294 billable vs 20,627,105 cache-read)
[spend] rep10: $   15.40 / $280.00     5.5%  OK
         cache reads are 54.1% of that; $33.45 per M billable (460,239 billable vs 16,662,822 cache-read)
[spend] rep11: $    9.82 / $280.00     3.5%  OK
         cache reads are 46.4% of that; $26.17 per M billable (375,338 billable vs 9,106,207 cache-read)
[spend] rep12: $   16.64 / $280.00     5.9%  OK
         cache reads are 57.0% of that; $28.04 per M billable (593,520 billable vs 18,976,389 cache-read)
[spend] rep13: $   21.95 / $280.00     7.8%  OK
         cache reads are 54.7% of that; $23.60 per M billable (930,001 billable vs 23,996,760 cache-read)
[spend] rep15: $   17.15 / $280.00     6.1%  OK
         cache reads are 52.3% of that; $24.31 per M billable (705,659 billable vs 17,934,992 cache-read)
[spend] rep16: $   18.03 / $280.00     6.4%  OK
         cache reads are 51.1% of that; $22.50 per M billable (801,308 billable vs 18,442,864 cache-read)
[spend] rep17: $   10.69 / $280.00     3.8%  OK
         cache reads are 43.6% of that; $20.38 per M billable (524,495 billable vs 9,323,260 cache-read)
[spend] rep01: $   42.79 / $280.00    15.3%  OK
         cache reads are 71.4% of that; $50.58 per M billable (845,837 billable vs 61,051,823 cache-read)
[spend] rep02: $   20.57 / $280.00     7.3%  OK
         cache reads are 42.2% of that; $18.65 per M billable (1,102,401 billable vs 17,372,546 cache-read)
[spend] rep03: $   14.25 / $280.00     5.1%  OK
         cache reads are 49.0% of that; $28.30 per M billable (503,360 billable vs 13,971,526 cache-read)
[spend] rep04: $   15.27 / $280.00     5.5%  OK
         cache reads are 46.5% of that; $21.87 per M billable (698,185 billable vs 14,187,323 cache-read)
[spend] rep05: $   23.06 / $280.00     8.2%  OK
         cache reads are 49.7% of that; $20.90 per M billable (1,103,469 billable vs 22,924,907 cache-read)
[spend] rep06: $   99.03 / $280.00    35.4%  OK
         cache reads are 62.0% of that; $23.15 per M billable (4,277,733 billable vs 122,780,669 cache-read)
[spend] rep07: $   30.84 / $280.00    11.0%  OK
         cache reads are 48.4% of that; $19.88 per M billable (1,551,711 billable vs 29,824,995 cache-read)
[spend] rep08: $   20.56 / $280.00     7.3%  OK
         cache reads are 49.8% of that; $23.11 per M billable (889,753 billable vs 20,457,224 cache-read)
[spend] rep09: $   20.58 / $280.00     7.3%  OK
         cache reads are 50.1% of that; $23.84 per M billable (863,294 billable vs 20,627,105 cache-read)
[spend] rep10: $   15.40 / $280.00     5.5%  OK
         cache reads are 54.1% of that; $33.45 per M billable (460,239 billable vs 16,662,822 cache-read)
[spend] rep11: $   10.24 / $280.00     3.7%  OK
         cache reads are 47.1% of that; $26.67 per M billable (383,982 billable vs 9,641,749 cache-read)
[spend] rep12: $   16.64 / $280.00     5.9%  OK
         cache reads are 57.0% of that; $28.04 per M billable (593,520 billable vs 18,976,389 cache-read)
[spend] rep13: $   21.95 / $280.00     7.8%  OK
         cache reads are 54.7% of that; $23.60 per M billable (930,001 billable vs 23,996,760 cache-read)
[spend] rep15: $   17.15 / $280.00     6.1%  OK
         cache reads are 52.3% of that; $24.31 per M billable (705,659 billable vs 17,934,992 cache-read)
[spend] rep16: $   18.58 / $280.00     6.6%  OK
         cache reads are 51.4% of that; $22.78 per M billable (815,784 billable vs 19,086,773 cache-read)
[spend] rep17: $   10.76 / $280.00     3.8%  OK
         cache reads are 43.9% of that; $20.48 per M billable (525,243 billable vs 9,443,875 cache-read)
[spend] rep01: $   42.79 / $280.00    15.3%  OK
         cache reads are 71.4% of that; $50.58 per M billable (845,837 billable vs 61,051,823 cache-read)
[spend] rep02: $   20.57 / $280.00     7.3%  OK
         cache reads are 42.2% of that; $18.65 per M billable (1,102,401 billable vs 17,372,546 cache-read)
[spend] rep03: $   14.25 / $280.00     5.1%  OK
         cache reads are 49.0% of that; $28.30 per M billable (503,360 billable vs 13,971,526 cache-read)
[spend] rep04: $   15.27 / $280.00     5.5%  OK
         cache reads are 46.5% of that; $21.87 per M billable (698,185 billable vs 14,187,323 cache-read)
[spend] rep05: $   23.32 / $280.00     8.3%  OK
         cache reads are 50.0% of that; $21.07 per M billable (1,106,977 billable vs 23,313,283 cache-read)
[spend] rep06: $   99.03 / $280.00    35.4%  OK
         cache reads are 62.0% of that; $23.15 per M billable (4,277,733 billable vs 122,780,669 cache-read)
[spend] rep07: $   30.84 / $280.00    11.0%  OK
         cache reads are 48.4% of that; $19.88 per M billable (1,551,711 billable vs 29,824,995 cache-read)
[spend] rep08: $   20.56 / $280.00     7.3%  OK
         cache reads are 49.8% of that; $23.11 per M billable (889,753 billable vs 20,457,224 cache-read)
[spend] rep09: $   20.58 / $280.00     7.3%  OK
         cache reads are 50.1% of that; $23.84 per M billable (863,294 billable vs 20,627,105 cache-read)
[spend] rep10: $   15.40 / $280.00     5.5%  OK
         cache reads are 54.1% of that; $33.45 per M billable (460,239 billable vs 16,662,822 cache-read)
[spend] rep11: $   10.24 / $280.00     3.7%  OK
         cache reads are 47.1% of that; $26.67 per M billable (383,982 billable vs 9,641,749 cache-read)
[spend] rep12: $   16.64 / $280.00     5.9%  OK
         cache reads are 57.0% of that; $28.04 per M billable (593,520 billable vs 18,976,389 cache-read)
[spend] rep13: $   21.95 / $280.00     7.8%  OK
         cache reads are 54.7% of that; $23.60 per M billable (930,001 billable vs 23,996,760 cache-read)
[spend] rep15: $   17.23 / $280.00     6.2%  OK
         cache reads are 52.4% of that; $24.40 per M billable (706,301 billable vs 18,077,420 cache-read)
[spend] rep16: $   18.58 / $280.00     6.6%  OK
         cache reads are 51.4% of that; $22.78 per M billable (815,784 billable vs 19,086,773 cache-read)
[spend] rep17: $   10.76 / $280.00     3.8%  OK
         cache reads are 43.9% of that; $20.48 per M billable (525,243 billable vs 9,443,875 cache-read)
[spend] rep01: $   42.79 / $280.00    15.3%  OK
         cache reads are 71.4% of that; $50.58 per M billable (845,837 billable vs 61,051,823 cache-read)
[spend] rep02: $   20.57 / $280.00     7.3%  OK
         cache reads are 42.2% of that; $18.65 per M billable (1,102,401 billable vs 17,372,546 cache-read)
[spend] rep03: $   14.25 / $280.00     5.1%  OK
         cache reads are 49.0% of that; $28.30 per M billable (503,360 billable vs 13,971,526 cache-read)
[spend] rep04: $   15.27 / $280.00     5.5%  OK
         cache reads are 46.5% of that; $21.87 per M billable (698,185 billable vs 14,187,323 cache-read)
[spend] rep05: $   23.32 / $280.00     8.3%  OK
         cache reads are 50.0% of that; $21.07 per M billable (1,106,977 billable vs 23,313,283 cache-read)
[spend] rep06: $   99.03 / $280.00    35.4%  OK
         cache reads are 62.0% of that; $23.15 per M billable (4,277,733 billable vs 122,780,669 cache-read)
[spend] rep07: $   30.96 / $280.00    11.1%  OK
         cache reads are 48.5% of that; $19.95 per M billable (1,552,079 billable vs 30,044,233 cache-read)
[spend] rep08: $   20.91 / $280.00     7.5%  OK
         cache reads are 50.3% of that; $23.40 per M billable (893,650 billable vs 21,025,128 cache-read)
[spend] rep09: $   20.58 / $280.00     7.3%  OK
         cache reads are 50.1% of that; $23.84 per M billable (863,294 billable vs 20,627,105 cache-read)
[spend] rep10: $   15.40 / $280.00     5.5%  OK
         cache reads are 54.1% of that; $33.45 per M billable (460,239 billable vs 16,662,822 cache-read)
[spend] rep11: $   10.24 / $280.00     3.7%  OK
         cache reads are 47.1% of that; $26.67 per M billable (383,982 billable vs 9,641,749 cache-read)
[spend] rep12: $   16.73 / $280.00     6.0%  OK
         cache reads are 57.2% of that; $28.17 per M billable (593,902 billable vs 19,150,622 cache-read)
[spend] rep13: $   22.06 / $280.00     7.9%  OK
         cache reads are 54.8% of that; $23.69 per M billable (931,158 billable vs 24,181,101 cache-read)
[spend] rep15: $   17.23 / $280.00     6.2%  OK
         cache reads are 52.4% of that; $24.40 per M billable (706,301 billable vs 18,077,420 cache-read)
[spend] rep16: $   18.58 / $280.00     6.6%  OK
         cache reads are 51.4% of that; $22.78 per M billable (815,784 billable vs 19,086,773 cache-read)
[spend] rep17: $   10.76 / $280.00     3.8%  OK
         cache reads are 43.9% of that; $20.48 per M billable (525,243 billable vs 9,443,875 cache-read)
[spend] rep01: $   42.79 / $280.00    15.3%  OK
         cache reads are 71.4% of that; $50.58 per M billable (845,837 billable vs 61,051,823 cache-read)
[spend] rep02: $   20.66 / $280.00     7.4%  OK
         cache reads are 42.5% of that; $18.73 per M billable (1,103,113 billable vs 17,547,111 cache-read)
[spend] rep03: $   14.25 / $280.00     5.1%  OK
         cache reads are 49.0% of that; $28.30 per M billable (503,360 billable vs 13,971,526 cache-read)
[spend] rep04: $   15.27 / $280.00     5.5%  OK
         cache reads are 46.5% of that; $21.87 per M billable (698,185 billable vs 14,187,323 cache-read)
[spend] rep05: $   23.32 / $280.00     8.3%  OK
         cache reads are 50.0% of that; $21.07 per M billable (1,106,977 billable vs 23,313,283 cache-read)
[spend] rep06: $   99.03 / $280.00    35.4%  OK
         cache reads are 62.0% of that; $23.15 per M billable (4,277,733 billable vs 122,780,669 cache-read)
[spend] rep07: $   30.96 / $280.00    11.1%  OK
         cache reads are 48.5% of that; $19.95 per M billable (1,552,079 billable vs 30,044,233 cache-read)
[spend] rep08: $   20.91 / $280.00     7.5%  OK
         cache reads are 50.3% of that; $23.40 per M billable (893,650 billable vs 21,025,128 cache-read)
[spend] rep09: $   20.58 / $280.00     7.3%  OK
         cache reads are 50.1% of that; $23.84 per M billable (863,294 billable vs 20,627,105 cache-read)
[spend] rep10: $   16.19 / $280.00     5.8%  OK
         cache reads are 55.2% of that; $34.24 per M billable (472,985 billable vs 17,885,090 cache-read)
[spend] rep11: $   10.24 / $280.00     3.7%  OK
         cache reads are 47.1% of that; $26.67 per M billable (383,982 billable vs 9,641,749 cache-read)
[spend] rep12: $   16.73 / $280.00     6.0%  OK
         cache reads are 57.2% of that; $28.17 per M billable (593,902 billable vs 19,150,622 cache-read)
[spend] rep13: $   22.06 / $280.00     7.9%  OK
         cache reads are 54.8% of that; $23.69 per M billable (931,158 billable vs 24,181,101 cache-read)
[spend] rep15: $   17.23 / $280.00     6.2%  OK
         cache reads are 52.4% of that; $24.40 per M billable (706,301 billable vs 18,077,420 cache-read)
[spend] rep16: $   18.58 / $280.00     6.6%  OK
         cache reads are 51.4% of that; $22.78 per M billable (815,784 billable vs 19,086,773 cache-read)
[spend] rep17: $   10.76 / $280.00     3.8%  OK
         cache reads are 43.9% of that; $20.48 per M billable (525,243 billable vs 9,443,875 cache-read)
[spend] rep01: $   42.79 / $280.00    15.3%  OK
         cache reads are 71.4% of that; $50.58 per M billable (845,837 billable vs 61,051,823 cache-read)
[spend] rep02: $   20.66 / $280.00     7.4%  OK
         cache reads are 42.5% of that; $18.73 per M billable (1,103,113 billable vs 17,547,111 cache-read)
[spend] rep03: $   14.33 / $280.00     5.1%  OK
         cache reads are 49.3% of that; $28.46 per M billable (503,636 billable vs 14,132,610 cache-read)
[spend] rep04: $   15.27 / $280.00     5.5%  OK
         cache reads are 46.5% of that; $21.87 per M billable (698,185 billable vs 14,187,323 cache-read)
[spend] rep05: $   23.32 / $280.00     8.3%  OK
         cache reads are 50.0% of that; $21.07 per M billable (1,106,977 billable vs 23,313,283 cache-read)
[spend] rep06: $   99.03 / $280.00    35.4%  OK
         cache reads are 62.0% of that; $23.15 per M billable (4,277,733 billable vs 122,780,669 cache-read)
[spend] rep07: $   30.96 / $280.00    11.1%  OK
         cache reads are 48.5% of that; $19.95 per M billable (1,552,079 billable vs 30,044,233 cache-read)
[spend] rep08: $   20.91 / $280.00     7.5%  OK
         cache reads are 50.3% of that; $23.40 per M billable (893,650 billable vs 21,025,128 cache-read)
[spend] rep09: $   20.78 / $280.00     7.4%  OK
         cache reads are 50.5% of that; $24.03 per M billable (864,836 billable vs 20,973,779 cache-read)
[spend] rep10: $   17.16 / $280.00     6.1%  OK
         cache reads are 56.7% of that; $35.33 per M billable (485,797 billable vs 19,455,214 cache-read)
[spend] rep11: $   10.41 / $280.00     3.7%  OK
         cache reads are 47.6% of that; $26.84 per M billable (388,062 billable vs 9,912,235 cache-read)
[spend] rep12: $   16.73 / $280.00     6.0%  OK
         cache reads are 57.2% of that; $28.17 per M billable (593,902 billable vs 19,150,622 cache-read)
[spend] rep13: $   22.06 / $280.00     7.9%  OK
         cache reads are 54.8% of that; $23.69 per M billable (931,158 billable vs 24,181,101 cache-read)
[spend] rep15: $   17.23 / $280.00     6.2%  OK
         cache reads are 52.4% of that; $24.40 per M billable (706,301 billable vs 18,077,420 cache-read)
[spend] rep16: $   18.86 / $280.00     6.7%  OK
         cache reads are 51.9% of that; $23.06 per M billable (817,581 billable vs 19,581,007 cache-read)
[spend] rep17: $   10.76 / $280.00     3.8%  OK
         cache reads are 43.9% of that; $20.48 per M billable (525,243 billable vs 9,443,875 cache-read)
[spend] rep01: $   43.27 / $280.00    15.4%  OK
         cache reads are 71.5% of that; $50.97 per M billable (848,911 billable vs 61,914,852 cache-read)
[spend] rep02: $   20.66 / $280.00     7.4%  OK
         cache reads are 42.5% of that; $18.73 per M billable (1,103,113 billable vs 17,547,111 cache-read)
[spend] rep03: $   14.33 / $280.00     5.1%  OK
         cache reads are 49.3% of that; $28.46 per M billable (503,636 billable vs 14,132,610 cache-read)
[spend] rep04: $   15.60 / $280.00     5.6%  OK
         cache reads are 46.9% of that; $22.17 per M billable (703,624 billable vs 14,644,202 cache-read)
[spend] rep05: $   23.80 / $280.00     8.5%  OK
         cache reads are 50.6% of that; $21.38 per M billable (1,113,161 billable vs 24,094,895 cache-read)
[spend] rep06: $   99.03 / $280.00    35.4%  OK
         cache reads are 62.0% of that; $23.15 per M billable (4,277,733 billable vs 122,780,669 cache-read)
[spend] rep07: $   30.96 / $280.00    11.1%  OK
         cache reads are 48.5% of that; $19.95 per M billable (1,552,079 billable vs 30,044,233 cache-read)
[spend] rep08: $   20.91 / $280.00     7.5%  OK
         cache reads are 50.3% of that; $23.40 per M billable (893,650 billable vs 21,025,128 cache-read)
[spend] rep09: $   20.78 / $280.00     7.4%  OK
         cache reads are 50.5% of that; $24.03 per M billable (864,836 billable vs 20,973,779 cache-read)
[spend] rep10: $   17.16 / $280.00     6.1%  OK
         cache reads are 56.7% of that; $35.33 per M billable (485,797 billable vs 19,455,214 cache-read)
[spend] rep11: $   10.58 / $280.00     3.8%  OK
         cache reads are 48.1% of that; $27.14 per M billable (389,800 billable vs 10,186,141 cache-read)
[spend] rep12: $   16.73 / $280.00     6.0%  OK
         cache reads are 57.2% of that; $28.17 per M billable (593,902 billable vs 19,150,622 cache-read)
[spend] rep13: $   22.06 / $280.00     7.9%  OK
         cache reads are 54.8% of that; $23.69 per M billable (931,158 billable vs 24,181,101 cache-read)
[spend] rep15: $   17.23 / $280.00     6.2%  OK
         cache reads are 52.4% of that; $24.40 per M billable (706,301 billable vs 18,077,420 cache-read)
[spend] rep16: $   20.94 / $280.00     7.5%  OK
         cache reads are 50.8% of that; $21.28 per M billable (984,062 billable vs 21,279,186 cache-read)
[spend] rep17: $   11.46 / $280.00     4.1%  OK
         cache reads are 44.9% of that; $21.08 per M billable (543,665 billable vs 10,295,981 cache-read)
[spend] rep01: $   43.27 / $280.00    15.4%  OK
         cache reads are 71.5% of that; $50.97 per M billable (848,911 billable vs 61,914,852 cache-read)
[spend] rep02: $   20.66 / $280.00     7.4%  OK
         cache reads are 42.5% of that; $18.73 per M billable (1,103,113 billable vs 17,547,111 cache-read)
[spend] rep03: $   14.33 / $280.00     5.1%  OK
         cache reads are 49.3% of that; $28.46 per M billable (503,636 billable vs 14,132,610 cache-read)
[spend] rep04: $   15.60 / $280.00     5.6%  OK
         cache reads are 46.9% of that; $22.17 per M billable (703,624 billable vs 14,644,202 cache-read)
[spend] rep05: $   23.80 / $280.00     8.5%  OK
         cache reads are 50.6% of that; $21.38 per M billable (1,113,161 billable vs 24,094,895 cache-read)
[spend] rep06: $   99.03 / $280.00    35.4%  OK
         cache reads are 62.0% of that; $23.15 per M billable (4,277,733 billable vs 122,780,669 cache-read)
[spend] rep07: $   30.96 / $280.00    11.1%  OK
         cache reads are 48.5% of that; $19.95 per M billable (1,552,079 billable vs 30,044,233 cache-read)
[spend] rep08: $   20.91 / $280.00     7.5%  OK
         cache reads are 50.3% of that; $23.40 per M billable (893,650 billable vs 21,025,128 cache-read)
[spend] rep09: $   20.78 / $280.00     7.4%  OK
         cache reads are 50.5% of that; $24.03 per M billable (864,836 billable vs 20,973,779 cache-read)
[spend] rep10: $   17.16 / $280.00     6.1%  OK
         cache reads are 56.7% of that; $35.33 per M billable (485,797 billable vs 19,455,214 cache-read)
[spend] rep11: $   10.58 / $280.00     3.8%  OK
         cache reads are 48.1% of that; $27.14 per M billable (389,800 billable vs 10,186,141 cache-read)
[spend] rep12: $   16.73 / $280.00     6.0%  OK
         cache reads are 57.2% of that; $28.17 per M billable (593,902 billable vs 19,150,622 cache-read)
[spend] rep13: $   22.06 / $280.00     7.9%  OK
         cache reads are 54.8% of that; $23.69 per M billable (931,158 billable vs 24,181,101 cache-read)
[spend] rep15: $   17.40 / $280.00     6.2%  OK
         cache reads are 52.8% of that; $24.59 per M billable (707,661 billable vs 18,363,062 cache-read)
[spend] rep16: $   22.30 / $280.00     8.0%  OK
         cache reads are 52.0% of that; $22.06 per M billable (1,010,930 billable vs 23,186,756 cache-read)
[spend] rep17: $   12.40 / $280.00     4.4%  OK
         cache reads are 45.1% of that; $21.70 per M billable (571,581 billable vs 11,182,671 cache-read)
[spend] rep01: $   43.27 / $280.00    15.4%  OK
         cache reads are 71.5% of that; $50.97 per M billable (848,911 billable vs 61,914,852 cache-read)
[spend] rep02: $   20.66 / $280.00     7.4%  OK
         cache reads are 42.5% of that; $18.73 per M billable (1,103,113 billable vs 17,547,111 cache-read)
[spend] rep03: $   14.33 / $280.00     5.1%  OK
         cache reads are 49.3% of that; $28.46 per M billable (503,636 billable vs 14,132,610 cache-read)
[spend] rep04: $   15.60 / $280.00     5.6%  OK
         cache reads are 46.9% of that; $22.17 per M billable (703,624 billable vs 14,644,202 cache-read)
[spend] rep05: $   23.80 / $280.00     8.5%  OK
         cache reads are 50.6% of that; $21.38 per M billable (1,113,161 billable vs 24,094,895 cache-read)
[spend] rep06: $   99.03 / $280.00    35.4%  OK
         cache reads are 62.0% of that; $23.15 per M billable (4,277,733 billable vs 122,780,669 cache-read)
[spend] rep07: $   31.50 / $280.00    11.2%  OK
         cache reads are 48.7% of that; $20.17 per M billable (1,561,316 billable vs 30,702,478 cache-read)
[spend] rep08: $   21.16 / $280.00     7.6%  OK
         cache reads are 50.6% of that; $23.58 per M billable (897,294 billable vs 21,405,274 cache-read)
[spend] rep09: $   20.78 / $280.00     7.4%  OK
         cache reads are 50.5% of that; $24.03 per M billable (864,836 billable vs 20,973,779 cache-read)
[spend] rep10: $   17.16 / $280.00     6.1%  OK
         cache reads are 56.7% of that; $35.33 per M billable (485,797 billable vs 19,455,214 cache-read)
[spend] rep11: $   10.58 / $280.00     3.8%  OK
         cache reads are 48.1% of that; $27.14 per M billable (389,800 billable vs 10,186,141 cache-read)
[spend] rep12: $   17.26 / $280.00     6.2%  OK
         cache reads are 58.0% of that; $28.78 per M billable (599,553 billable vs 20,024,405 cache-read)
[spend] rep13: $   22.66 / $280.00     8.1%  OK
         cache reads are 55.4% of that; $24.13 per M billable (938,838 billable vs 25,112,019 cache-read)
[spend] rep15: $   17.40 / $280.00     6.2%  OK
         cache reads are 52.8% of that; $24.59 per M billable (707,661 billable vs 18,363,062 cache-read)
[spend] rep16: $   23.05 / $280.00     8.2%  OK
         cache reads are 52.6% of that; $22.50 per M billable (1,024,324 billable vs 24,255,391 cache-read)
[spend] rep17: $   13.42 / $280.00     4.8%  OK
         cache reads are 46.2% of that; $22.34 per M billable (600,704 billable vs 12,401,983 cache-read)
[spend] rep01: $   43.27 / $280.00    15.4%  OK
         cache reads are 71.5% of that; $50.97 per M billable (848,911 billable vs 61,914,852 cache-read)
[spend] rep02: $   20.75 / $280.00     7.4%  OK
         cache reads are 42.7% of that; $18.81 per M billable (1,103,536 billable vs 17,722,244 cache-read)
[spend] rep03: $   14.33 / $280.00     5.1%  OK
         cache reads are 49.3% of that; $28.46 per M billable (503,636 billable vs 14,132,610 cache-read)
[spend] rep04: $   15.60 / $280.00     5.6%  OK
         cache reads are 46.9% of that; $22.17 per M billable (703,624 billable vs 14,644,202 cache-read)
[spend] rep05: $   23.80 / $280.00     8.5%  OK
         cache reads are 50.6% of that; $21.38 per M billable (1,113,161 billable vs 24,094,895 cache-read)
[spend] rep06: $   99.03 / $280.00    35.4%  OK
         cache reads are 62.0% of that; $23.15 per M billable (4,277,733 billable vs 122,780,669 cache-read)
[spend] rep07: $   31.50 / $280.00    11.2%  OK
         cache reads are 48.7% of that; $20.17 per M billable (1,561,316 billable vs 30,702,478 cache-read)
[spend] rep08: $   21.16 / $280.00     7.6%  OK
         cache reads are 50.6% of that; $23.58 per M billable (897,294 billable vs 21,405,274 cache-read)
[spend] rep09: $   20.78 / $280.00     7.4%  OK
         cache reads are 50.5% of that; $24.03 per M billable (864,836 billable vs 20,973,779 cache-read)
[spend] rep10: $   17.16 / $280.00     6.1%  OK
         cache reads are 56.7% of that; $35.33 per M billable (485,797 billable vs 19,455,214 cache-read)
[spend] rep11: $   10.58 / $280.00     3.8%  OK
         cache reads are 48.1% of that; $27.14 per M billable (389,800 billable vs 10,186,141 cache-read)
[spend] rep12: $   17.26 / $280.00     6.2%  OK
         cache reads are 58.0% of that; $28.78 per M billable (599,553 billable vs 20,024,405 cache-read)
[spend] rep13: $   22.66 / $280.00     8.1%  OK
         cache reads are 55.4% of that; $24.13 per M billable (938,838 billable vs 25,112,019 cache-read)
[spend] rep15: $   17.40 / $280.00     6.2%  OK
         cache reads are 52.8% of that; $24.59 per M billable (707,661 billable vs 18,363,062 cache-read)
[spend] rep16: $   23.05 / $280.00     8.2%  OK
         cache reads are 52.6% of that; $22.50 per M billable (1,024,324 billable vs 24,255,391 cache-read)
[spend] rep17: $   13.42 / $280.00     4.8%  OK
         cache reads are 46.2% of that; $22.34 per M billable (600,704 billable vs 12,401,983 cache-read)
[spend] rep01: $   43.27 / $280.00    15.4%  OK
         cache reads are 71.5% of that; $50.97 per M billable (848,911 billable vs 61,914,852 cache-read)
[spend] rep02: $   20.75 / $280.00     7.4%  OK
         cache reads are 42.7% of that; $18.81 per M billable (1,103,536 billable vs 17,722,244 cache-read)
[spend] rep03: $   14.42 / $280.00     5.1%  OK
         cache reads are 49.6% of that; $28.61 per M billable (503,912 billable vs 14,293,864 cache-read)
[spend] rep04: $   15.60 / $280.00     5.6%  OK
         cache reads are 46.9% of that; $22.17 per M billable (703,624 billable vs 14,644,202 cache-read)
[spend] rep05: $   23.80 / $280.00     8.5%  OK
         cache reads are 50.6% of that; $21.38 per M billable (1,113,161 billable vs 24,094,895 cache-read)
[spend] rep06: $   99.03 / $280.00    35.4%  OK
         cache reads are 62.0% of that; $23.15 per M billable (4,277,733 billable vs 122,780,669 cache-read)
[spend] rep07: $   32.10 / $280.00    11.5%  OK
         cache reads are 49.2% of that; $20.38 per M billable (1,575,474 billable vs 31,584,325 cache-read)
[spend] rep08: $   21.16 / $280.00     7.6%  OK
         cache reads are 50.6% of that; $23.58 per M billable (897,294 billable vs 21,405,274 cache-read)
[spend] rep09: $   20.88 / $280.00     7.5%  OK
         cache reads are 50.6% of that; $24.12 per M billable (865,549 billable vs 21,147,403 cache-read)
[spend] rep10: $   17.26 / $280.00     6.2%  OK
         cache reads are 56.8% of that; $35.43 per M billable (487,047 billable vs 19,614,648 cache-read)
[spend] rep11: $   10.66 / $280.00     3.8%  OK
         cache reads are 48.4% of that; $27.29 per M billable (390,513 billable vs 10,323,512 cache-read)
[spend] rep12: $   17.26 / $280.00     6.2%  OK
         cache reads are 58.0% of that; $28.78 per M billable (599,553 billable vs 20,024,405 cache-read)
[spend] rep13: $   22.66 / $280.00     8.1%  OK
         cache reads are 55.4% of that; $24.13 per M billable (938,838 billable vs 25,112,019 cache-read)
[spend] rep15: $   17.40 / $280.00     6.2%  OK
         cache reads are 52.8% of that; $24.59 per M billable (707,661 billable vs 18,363,062 cache-read)
[spend] rep16: $   23.05 / $280.00     8.2%  OK
         cache reads are 52.6% of that; $22.50 per M billable (1,024,324 billable vs 24,255,391 cache-read)
[spend] rep17: $   13.42 / $280.00     4.8%  OK
         cache reads are 46.2% of that; $22.34 per M billable (600,704 billable vs 12,401,983 cache-read)
[spend] rep01: $   45.00 / $280.00    16.1%  OK
         cache reads are 72.0% of that; $51.82 per M billable (868,491 billable vs 64,821,130 cache-read)
[spend] rep02: $   20.75 / $280.00     7.4%  OK
         cache reads are 42.7% of that; $18.81 per M billable (1,103,536 billable vs 17,722,244 cache-read)
[spend] rep03: $   14.42 / $280.00     5.1%  OK
         cache reads are 49.6% of that; $28.61 per M billable (503,912 billable vs 14,293,864 cache-read)
[spend] rep04: $   16.72 / $280.00     6.0%  OK
         cache reads are 48.4% of that; $23.04 per M billable (725,532 billable vs 16,196,839 cache-read)
[spend] rep05: $   23.80 / $280.00     8.5%  OK
         cache reads are 50.6% of that; $21.38 per M billable (1,113,161 billable vs 24,094,895 cache-read)
[spend] rep06: $   99.03 / $280.00    35.4%  OK
         cache reads are 62.0% of that; $23.15 per M billable (4,277,733 billable vs 122,780,669 cache-read)
[spend] rep07: $   32.10 / $280.00    11.5%  OK
         cache reads are 49.2% of that; $20.38 per M billable (1,575,474 billable vs 31,584,325 cache-read)
[spend] rep08: $   21.16 / $280.00     7.6%  OK
         cache reads are 50.6% of that; $23.58 per M billable (897,294 billable vs 21,405,274 cache-read)
[spend] rep09: $   20.88 / $280.00     7.5%  OK
         cache reads are 50.6% of that; $24.12 per M billable (865,549 billable vs 21,147,403 cache-read)
[spend] rep10: $   17.26 / $280.00     6.2%  OK
         cache reads are 56.8% of that; $35.43 per M billable (487,047 billable vs 19,614,648 cache-read)
[spend] rep11: $   10.66 / $280.00     3.8%  OK
         cache reads are 48.4% of that; $27.29 per M billable (390,513 billable vs 10,323,512 cache-read)
[spend] rep12: $   17.26 / $280.00     6.2%  OK
         cache reads are 58.0% of that; $28.78 per M billable (599,553 billable vs 20,024,405 cache-read)
[spend] rep13: $   22.66 / $280.00     8.1%  OK
         cache reads are 55.4% of that; $24.13 per M billable (938,838 billable vs 25,112,019 cache-read)
[spend] rep15: $   18.28 / $280.00     6.5%  OK
         cache reads are 53.8% of that; $25.14 per M billable (726,982 billable vs 19,670,994 cache-read)
[spend] rep16: $   24.40 / $280.00     8.7%  OK
         cache reads are 53.8% of that; $23.38 per M billable (1,043,702 billable vs 26,269,263 cache-read)
[spend] rep17: $   13.42 / $280.00     4.8%  OK
         cache reads are 46.2% of that; $22.34 per M billable (600,704 billable vs 12,401,983 cache-read)
[spend] rep01: $   45.00 / $280.00    16.1%  OK
         cache reads are 72.0% of that; $51.82 per M billable (868,491 billable vs 64,821,130 cache-read)
[spend] rep02: $   20.75 / $280.00     7.4%  OK
         cache reads are 42.7% of that; $18.81 per M billable (1,103,536 billable vs 17,722,244 cache-read)
[spend] rep03: $   14.42 / $280.00     5.1%  OK
         cache reads are 49.6% of that; $28.61 per M billable (503,912 billable vs 14,293,864 cache-read)
[spend] rep04: $   17.11 / $280.00     6.1%  OK
         cache reads are 48.7% of that; $23.25 per M billable (736,040 billable vs 16,674,424 cache-read)
[spend] rep05: $   24.17 / $280.00     8.6%  OK
         cache reads are 50.7% of that; $21.55 per M billable (1,121,279 billable vs 24,488,257 cache-read)
[spend] rep06: $   99.03 / $280.00    35.4%  OK
         cache reads are 62.0% of that; $23.15 per M billable (4,277,733 billable vs 122,780,669 cache-read)
[spend] rep07: $   32.10 / $280.00    11.5%  OK
         cache reads are 49.2% of that; $20.38 per M billable (1,575,474 billable vs 31,584,325 cache-read)
[spend] rep08: $   21.26 / $280.00     7.6%  OK
         cache reads are 50.8% of that; $23.67 per M billable (898,491 billable vs 21,596,218 cache-read)
[spend] rep09: $   20.88 / $280.00     7.5%  OK
         cache reads are 50.6% of that; $24.12 per M billable (865,549 billable vs 21,147,403 cache-read)
[spend] rep10: $   17.26 / $280.00     6.2%  OK
         cache reads are 56.8% of that; $35.43 per M billable (487,047 billable vs 19,614,648 cache-read)
[spend] rep11: $   10.66 / $280.00     3.8%  OK
         cache reads are 48.4% of that; $27.29 per M billable (390,513 billable vs 10,323,512 cache-read)
[spend] rep12: $   17.26 / $280.00     6.2%  OK
         cache reads are 58.0% of that; $28.78 per M billable (599,553 billable vs 20,024,405 cache-read)
[spend] rep13: $   22.66 / $280.00     8.1%  OK
         cache reads are 55.4% of that; $24.13 per M billable (938,838 billable vs 25,112,019 cache-read)
[spend] rep15: $   19.85 / $280.00     7.1%  OK
         cache reads are 52.2% of that; $22.74 per M billable (872,898 billable vs 20,739,479 cache-read)
[spend] rep16: $   25.08 / $280.00     9.0%  OK
         cache reads are 54.2% of that; $23.76 per M billable (1,055,459 billable vs 27,203,464 cache-read)
[spend] rep17: $   13.42 / $280.00     4.8%  OK
         cache reads are 46.2% of that; $22.34 per M billable (600,704 billable vs 12,401,983 cache-read)
[spend] rep01: $   45.00 / $280.00    16.1%  OK
         cache reads are 72.0% of that; $51.82 per M billable (868,491 billable vs 64,821,130 cache-read)
[spend] rep02: $   20.75 / $280.00     7.4%  OK
         cache reads are 42.7% of that; $18.81 per M billable (1,103,536 billable vs 17,722,244 cache-read)
[spend] rep03: $   14.42 / $280.00     5.1%  OK
         cache reads are 49.6% of that; $28.61 per M billable (503,912 billable vs 14,293,864 cache-read)
[spend] rep04: $   17.11 / $280.00     6.1%  OK
         cache reads are 48.7% of that; $23.25 per M billable (736,040 billable vs 16,674,424 cache-read)
[spend] rep05: $   24.74 / $280.00     8.8%  OK
         cache reads are 51.5% of that; $21.92 per M billable (1,128,424 billable vs 25,489,670 cache-read)
[spend] rep06: $   99.03 / $280.00    35.4%  OK
         cache reads are 62.0% of that; $23.15 per M billable (4,277,733 billable vs 122,780,669 cache-read)
[spend] rep07: $   32.10 / $280.00    11.5%  OK
         cache reads are 49.2% of that; $20.38 per M billable (1,575,474 billable vs 31,584,325 cache-read)
[spend] rep08: $   21.71 / $280.00     7.8%  OK
         cache reads are 51.1% of that; $23.97 per M billable (905,763 billable vs 22,171,978 cache-read)
[spend] rep09: $   20.88 / $280.00     7.5%  OK
         cache reads are 50.6% of that; $24.12 per M billable (865,549 billable vs 21,147,403 cache-read)
[spend] rep10: $   17.26 / $280.00     6.2%  OK
         cache reads are 56.8% of that; $35.43 per M billable (487,047 billable vs 19,614,648 cache-read)
[spend] rep11: $   10.66 / $280.00     3.8%  OK
         cache reads are 48.4% of that; $27.29 per M billable (390,513 billable vs 10,323,512 cache-read)
[spend] rep12: $   17.35 / $280.00     6.2%  OK
         cache reads are 58.2% of that; $28.92 per M billable (599,895 billable vs 20,200,797 cache-read)
[spend] rep13: $   22.76 / $280.00     8.1%  OK
         cache reads are 55.6% of that; $24.22 per M billable (939,570 billable vs 25,299,713 cache-read)
[spend] rep15: $   19.94 / $280.00     7.1%  OK
         cache reads are 52.4% of that; $22.80 per M billable (874,556 billable vs 20,891,672 cache-read)
[spend] rep16: $   25.08 / $280.00     9.0%  OK
         cache reads are 54.2% of that; $23.76 per M billable (1,055,459 billable vs 27,203,464 cache-read)
[spend] rep17: $   13.71 / $280.00     4.9%  OK
         cache reads are 46.2% of that; $22.59 per M billable (607,120 billable vs 12,682,479 cache-read)
[spend] rep01: $   45.00 / $280.00    16.1%  OK
         cache reads are 72.0% of that; $51.82 per M billable (868,491 billable vs 64,821,130 cache-read)
[spend] rep02: $   21.33 / $280.00     7.6%  OK
         cache reads are 43.2% of that; $19.13 per M billable (1,115,366 billable vs 18,423,789 cache-read)
[spend] rep03: $   14.42 / $280.00     5.1%  OK
         cache reads are 49.6% of that; $28.61 per M billable (503,912 billable vs 14,293,864 cache-read)
[spend] rep04: $   17.11 / $280.00     6.1%  OK
         cache reads are 48.7% of that; $23.25 per M billable (736,040 billable vs 16,674,424 cache-read)
[spend] rep05: $   25.53 / $280.00     9.1%  OK
         cache reads are 52.3% of that; $22.40 per M billable (1,140,052 billable vs 26,706,470 cache-read)
[spend] rep06: $   99.03 / $280.00    35.4%  OK
         cache reads are 62.0% of that; $23.15 per M billable (4,277,733 billable vs 122,780,669 cache-read)
[spend] rep07: $   32.10 / $280.00    11.5%  OK
         cache reads are 49.2% of that; $20.38 per M billable (1,575,474 billable vs 31,584,325 cache-read)
[spend] rep08: $   21.83 / $280.00     7.8%  OK
         cache reads are 51.2% of that; $24.04 per M billable (908,182 billable vs 22,364,300 cache-read)
[spend] rep09: $   20.88 / $280.00     7.5%  OK
         cache reads are 50.6% of that; $24.12 per M billable (865,549 billable vs 21,147,403 cache-read)
[spend] rep10: $   17.34 / $280.00     6.2%  OK
         cache reads are 57.0% of that; $35.58 per M billable (487,517 billable vs 19,775,107 cache-read)
[spend] rep11: $   10.66 / $280.00     3.8%  OK
         cache reads are 48.4% of that; $27.29 per M billable (390,513 billable vs 10,323,512 cache-read)
[spend] rep12: $   17.35 / $280.00     6.2%  OK
         cache reads are 58.2% of that; $28.92 per M billable (599,895 billable vs 20,200,797 cache-read)
[spend] rep13: $   22.76 / $280.00     8.1%  OK
         cache reads are 55.6% of that; $24.22 per M billable (939,570 billable vs 25,299,713 cache-read)
[spend] rep15: $   19.94 / $280.00     7.1%  OK
         cache reads are 52.4% of that; $22.80 per M billable (874,556 billable vs 20,891,672 cache-read)
[spend] rep16: $   25.08 / $280.00     9.0%  OK
         cache reads are 54.2% of that; $23.76 per M billable (1,055,459 billable vs 27,203,464 cache-read)
[spend] rep17: $   13.71 / $280.00     4.9%  OK
         cache reads are 46.2% of that; $22.59 per M billable (607,120 billable vs 12,682,479 cache-read)
[spend] rep01: $   45.00 / $280.00    16.1%  OK
         cache reads are 72.0% of that; $51.82 per M billable (868,491 billable vs 64,821,130 cache-read)
[spend] rep02: $   21.33 / $280.00     7.6%  OK
         cache reads are 43.2% of that; $19.13 per M billable (1,115,366 billable vs 18,423,789 cache-read)
[spend] rep03: $   15.70 / $280.00     5.6%  OK
         cache reads are 50.2% of that; $29.33 per M billable (535,151 billable vs 15,756,202 cache-read)
[spend] rep04: $   17.11 / $280.00     6.1%  OK
         cache reads are 48.7% of that; $23.25 per M billable (736,040 billable vs 16,674,424 cache-read)
[spend] rep05: $   25.53 / $280.00     9.1%  OK
         cache reads are 52.3% of that; $22.40 per M billable (1,140,052 billable vs 26,706,470 cache-read)
[spend] rep06: $   99.03 / $280.00    35.4%  OK
         cache reads are 62.0% of that; $23.15 per M billable (4,277,733 billable vs 122,780,669 cache-read)
[spend] rep07: $   32.22 / $280.00    11.5%  OK
         cache reads are 49.4% of that; $20.45 per M billable (1,575,792 billable vs 31,808,318 cache-read)
[spend] rep08: $   21.83 / $280.00     7.8%  OK
         cache reads are 51.2% of that; $24.04 per M billable (908,182 billable vs 22,364,300 cache-read)
[spend] rep09: $   21.50 / $280.00     7.7%  OK
         cache reads are 51.2% of that; $24.52 per M billable (876,657 billable vs 22,019,035 cache-read)
[spend] rep10: $   17.34 / $280.00     6.2%  OK
         cache reads are 57.0% of that; $35.58 per M billable (487,517 billable vs 19,775,107 cache-read)
[spend] rep11: $   10.85 / $280.00     3.9%  OK
         cache reads are 48.8% of that; $27.60 per M billable (393,159 billable vs 10,599,322 cache-read)
[spend] rep12: $   17.35 / $280.00     6.2%  OK
         cache reads are 58.2% of that; $28.92 per M billable (599,895 billable vs 20,200,797 cache-read)
[spend] rep13: $   22.76 / $280.00     8.1%  OK
         cache reads are 55.6% of that; $24.22 per M billable (939,570 billable vs 25,299,713 cache-read)
[spend] rep15: $   19.94 / $280.00     7.1%  OK
         cache reads are 52.4% of that; $22.80 per M billable (874,556 billable vs 20,891,672 cache-read)
[spend] rep16: $   25.08 / $280.00     9.0%  OK
         cache reads are 54.2% of that; $23.76 per M billable (1,055,459 billable vs 27,203,464 cache-read)
[spend] rep17: $   13.71 / $280.00     4.9%  OK
         cache reads are 46.2% of that; $22.59 per M billable (607,120 billable vs 12,682,479 cache-read)
[spend] rep01: $   45.16 / $280.00    16.1%  OK
         cache reads are 72.1% of that; $51.96 per M billable (869,156 billable vs 65,116,068 cache-read)
[spend] rep02: $   21.33 / $280.00     7.6%  OK
         cache reads are 43.2% of that; $19.13 per M billable (1,115,366 billable vs 18,423,789 cache-read)
[spend] rep03: $   16.18 / $280.00     5.8%  OK
         cache reads are 50.8% of that; $29.72 per M billable (544,456 billable vs 16,435,843 cache-read)
[spend] rep04: $   17.54 / $280.00     6.3%  OK
         cache reads are 48.9% of that; $23.56 per M billable (744,338 billable vs 17,162,155 cache-read)
[spend] rep05: $   25.53 / $280.00     9.1%  OK
         cache reads are 52.3% of that; $22.40 per M billable (1,140,052 billable vs 26,706,470 cache-read)
[spend] rep06: $   99.03 / $280.00    35.4%  OK
         cache reads are 62.0% of that; $23.15 per M billable (4,277,733 billable vs 122,780,669 cache-read)
[spend] rep07: $   32.22 / $280.00    11.5%  OK
         cache reads are 49.4% of that; $20.45 per M billable (1,575,792 billable vs 31,808,318 cache-read)
[spend] rep08: $   21.83 / $280.00     7.8%  OK
         cache reads are 51.2% of that; $24.04 per M billable (908,182 billable vs 22,364,300 cache-read)
[spend] rep09: $   21.50 / $280.00     7.7%  OK
         cache reads are 51.2% of that; $24.52 per M billable (876,657 billable vs 22,019,035 cache-read)
[spend] rep10: $   17.34 / $280.00     6.2%  OK
         cache reads are 57.0% of that; $35.58 per M billable (487,517 billable vs 19,775,107 cache-read)
[spend] rep11: $   10.85 / $280.00     3.9%  OK
         cache reads are 48.8% of that; $27.60 per M billable (393,159 billable vs 10,599,322 cache-read)
[spend] rep12: $   17.35 / $280.00     6.2%  OK
         cache reads are 58.2% of that; $28.92 per M billable (599,895 billable vs 20,200,797 cache-read)
[spend] rep13: $   22.76 / $280.00     8.1%  OK
         cache reads are 55.6% of that; $24.22 per M billable (939,570 billable vs 25,299,713 cache-read)
[spend] rep15: $   19.94 / $280.00     7.1%  OK
         cache reads are 52.4% of that; $22.80 per M billable (874,556 billable vs 20,891,672 cache-read)
[spend] rep16: $   25.08 / $280.00     9.0%  OK
         cache reads are 54.2% of that; $23.76 per M billable (1,055,459 billable vs 27,203,464 cache-read)
[spend] rep17: $   13.71 / $280.00     4.9%  OK
         cache reads are 46.2% of that; $22.59 per M billable (607,120 billable vs 12,682,479 cache-read)
[spend] rep01: $   45.16 / $280.00    16.1%  OK
         cache reads are 72.1% of that; $51.96 per M billable (869,156 billable vs 65,116,068 cache-read)
[spend] rep02: $   21.33 / $280.00     7.6%  OK
         cache reads are 43.2% of that; $19.13 per M billable (1,115,366 billable vs 18,423,789 cache-read)
[spend] rep03: $   16.18 / $280.00     5.8%  OK
         cache reads are 50.8% of that; $29.72 per M billable (544,456 billable vs 16,435,843 cache-read)
[spend] rep04: $   17.90 / $280.00     6.4%  OK
         cache reads are 48.9% of that; $23.68 per M billable (755,726 billable vs 17,488,307 cache-read)
[spend] rep05: $   25.53 / $280.00     9.1%  OK
         cache reads are 52.3% of that; $22.40 per M billable (1,140,052 billable vs 26,706,470 cache-read)
[spend] rep06: $   99.03 / $280.00    35.4%  OK
         cache reads are 62.0% of that; $23.15 per M billable (4,277,733 billable vs 122,780,669 cache-read)
[spend] rep07: $   32.22 / $280.00    11.5%  OK
         cache reads are 49.4% of that; $20.45 per M billable (1,575,792 billable vs 31,808,318 cache-read)
[spend] rep08: $   21.83 / $280.00     7.8%  OK
         cache reads are 51.2% of that; $24.04 per M billable (908,182 billable vs 22,364,300 cache-read)
[spend] rep09: $   21.50 / $280.00     7.7%  OK
         cache reads are 51.2% of that; $24.52 per M billable (876,657 billable vs 22,019,035 cache-read)
[spend] rep10: $   17.34 / $280.00     6.2%  OK
         cache reads are 57.0% of that; $35.58 per M billable (487,517 billable vs 19,775,107 cache-read)
[spend] rep11: $   10.85 / $280.00     3.9%  OK
         cache reads are 48.8% of that; $27.60 per M billable (393,159 billable vs 10,599,322 cache-read)
[spend] rep12: $   17.35 / $280.00     6.2%  OK
         cache reads are 58.2% of that; $28.92 per M billable (599,895 billable vs 20,200,797 cache-read)
[spend] rep13: $   22.76 / $280.00     8.1%  OK
         cache reads are 55.6% of that; $24.22 per M billable (939,570 billable vs 25,299,713 cache-read)
[spend] rep15: $   21.60 / $280.00     7.7%  OK
         cache reads are 53.1% of that; $23.47 per M billable (920,044 billable vs 22,929,993 cache-read)
[spend] rep16: $   26.16 / $280.00     9.3%  OK
         cache reads are 54.9% of that; $24.39 per M billable (1,072,720 billable vs 28,730,959 cache-read)
[spend] rep17: $   13.90 / $280.00     5.0%  OK
         cache reads are 46.6% of that; $22.65 per M billable (613,730 billable vs 12,963,347 cache-read)
[spend] rep01: $   45.16 / $280.00    16.1%  OK
         cache reads are 72.1% of that; $51.96 per M billable (869,156 billable vs 65,116,068 cache-read)
[spend] rep02: $   21.33 / $280.00     7.6%  OK
         cache reads are 43.2% of that; $19.13 per M billable (1,115,366 billable vs 18,423,789 cache-read)
[spend] rep03: $   16.18 / $280.00     5.8%  OK
         cache reads are 50.8% of that; $29.72 per M billable (544,456 billable vs 16,435,843 cache-read)
[spend] rep04: $   18.01 / $280.00     6.4%  OK
         cache reads are 49.0% of that; $23.71 per M billable (759,461 billable vs 17,653,744 cache-read)
[spend] rep05: $   25.53 / $280.00     9.1%  OK
         cache reads are 52.3% of that; $22.40 per M billable (1,140,052 billable vs 26,706,470 cache-read)
[spend] rep06: $   99.03 / $280.00    35.4%  OK
         cache reads are 62.0% of that; $23.15 per M billable (4,277,733 billable vs 122,780,669 cache-read)
[spend] rep07: $   32.22 / $280.00    11.5%  OK
         cache reads are 49.4% of that; $20.45 per M billable (1,575,792 billable vs 31,808,318 cache-read)
[spend] rep08: $   22.05 / $280.00     7.9%  OK
         cache reads are 51.6% of that; $24.23 per M billable (909,986 billable vs 22,753,016 cache-read)
[spend] rep09: $   21.50 / $280.00     7.7%  OK
         cache reads are 51.2% of that; $24.52 per M billable (876,657 billable vs 22,019,035 cache-read)
[spend] rep10: $   17.34 / $280.00     6.2%  OK
         cache reads are 57.0% of that; $35.58 per M billable (487,517 billable vs 19,775,107 cache-read)
[spend] rep11: $   10.85 / $280.00     3.9%  OK
         cache reads are 48.8% of that; $27.60 per M billable (393,159 billable vs 10,599,322 cache-read)
[spend] rep12: $   17.44 / $280.00     6.2%  OK
         cache reads are 58.4% of that; $29.06 per M billable (600,275 billable vs 20,377,381 cache-read)
[spend] rep13: $   23.01 / $280.00     8.2%  OK
         cache reads are 55.8% of that; $24.41 per M billable (942,544 billable vs 25,676,051 cache-read)
[spend] rep15: $   22.89 / $280.00     8.2%  OK
         cache reads are 53.7% of that; $24.17 per M billable (946,994 billable vs 24,600,553 cache-read)
[spend] rep16: $   26.16 / $280.00     9.3%  OK
         cache reads are 54.9% of that; $24.39 per M billable (1,072,720 billable vs 28,730,959 cache-read)
[spend] rep17: $   13.90 / $280.00     5.0%  OK
         cache reads are 46.6% of that; $22.65 per M billable (613,730 billable vs 12,963,347 cache-read)
[spend] rep01: $   45.16 / $280.00    16.1%  OK
         cache reads are 72.1% of that; $51.96 per M billable (869,156 billable vs 65,116,068 cache-read)
[spend] rep02: $   21.43 / $280.00     7.6%  OK
         cache reads are 43.4% of that; $19.21 per M billable (1,115,693 billable vs 18,602,138 cache-read)
[spend] rep03: $   16.18 / $280.00     5.8%  OK
         cache reads are 50.8% of that; $29.72 per M billable (544,456 billable vs 16,435,843 cache-read)
[spend] rep04: $   18.01 / $280.00     6.4%  OK
         cache reads are 49.0% of that; $23.71 per M billable (759,461 billable vs 17,653,744 cache-read)
[spend] rep05: $   25.84 / $280.00     9.2%  OK
         cache reads are 52.5% of that; $22.58 per M billable (1,144,712 billable vs 27,118,020 cache-read)
[spend] rep06: $   99.03 / $280.00    35.4%  OK
         cache reads are 62.0% of that; $23.15 per M billable (4,277,733 billable vs 122,780,669 cache-read)
[spend] rep07: $   32.22 / $280.00    11.5%  OK
         cache reads are 49.4% of that; $20.45 per M billable (1,575,792 billable vs 31,808,318 cache-read)
[spend] rep08: $   24.51 / $280.00     8.8%  OK
         cache reads are 49.7% of that; $21.79 per M billable (1,124,505 billable vs 24,358,568 cache-read)
[spend] rep09: $   21.50 / $280.00     7.7%  OK
         cache reads are 51.2% of that; $24.52 per M billable (876,657 billable vs 22,019,035 cache-read)
[spend] rep10: $   17.43 / $280.00     6.2%  OK
         cache reads are 57.2% of that; $35.72 per M billable (487,952 billable vs 19,935,810 cache-read)
[spend] rep11: $   11.74 / $280.00     4.2%  OK
         cache reads are 51.1% of that; $28.91 per M billable (406,134 billable vs 12,006,690 cache-read)
[spend] rep12: $   17.44 / $280.00     6.2%  OK
         cache reads are 58.4% of that; $29.06 per M billable (600,275 billable vs 20,377,381 cache-read)
[spend] rep13: $   23.01 / $280.00     8.2%  OK
         cache reads are 55.8% of that; $24.41 per M billable (942,544 billable vs 25,676,051 cache-read)
[spend] rep15: $   25.16 / $280.00     9.0%  OK
         cache reads are 52.4% of that; $22.32 per M billable (1,126,995 billable vs 26,373,727 cache-read)
[spend] rep16: $   26.16 / $280.00     9.3%  OK
         cache reads are 54.9% of that; $24.39 per M billable (1,072,720 billable vs 28,730,959 cache-read)
[spend] rep17: $   13.90 / $280.00     5.0%  OK
         cache reads are 46.6% of that; $22.65 per M billable (613,730 billable vs 12,963,347 cache-read)
[spend] rep01: $   45.16 / $280.00    16.1%  OK
         cache reads are 72.1% of that; $51.96 per M billable (869,156 billable vs 65,116,068 cache-read)
[spend] rep02: $   21.43 / $280.00     7.6%  OK
         cache reads are 43.4% of that; $19.21 per M billable (1,115,693 billable vs 18,602,138 cache-read)
[spend] rep03: $   16.18 / $280.00     5.8%  OK
         cache reads are 50.8% of that; $29.72 per M billable (544,456 billable vs 16,435,843 cache-read)
[spend] rep04: $   18.01 / $280.00     6.4%  OK
         cache reads are 49.0% of that; $23.71 per M billable (759,461 billable vs 17,653,744 cache-read)
[spend] rep05: $   26.18 / $280.00     9.3%  OK
         cache reads are 52.6% of that; $22.70 per M billable (1,153,188 billable vs 27,530,096 cache-read)
[spend] rep06: $   99.03 / $280.00    35.4%  OK
         cache reads are 62.0% of that; $23.15 per M billable (4,277,733 billable vs 122,780,669 cache-read)
[spend] rep07: $   32.34 / $280.00    11.6%  OK
         cache reads are 49.5% of that; $20.52 per M billable (1,576,157 billable vs 32,032,488 cache-read)
[spend] rep08: $   25.50 / $280.00     9.1%  OK
         cache reads are 50.6% of that; $22.33 per M billable (1,142,304 billable vs 25,806,629 cache-read)
[spend] rep09: $   21.60 / $280.00     7.7%  OK
         cache reads are 51.4% of that; $24.59 per M billable (878,090 billable vs 22,194,984 cache-read)
[spend] rep10: $   17.43 / $280.00     6.2%  OK
         cache reads are 57.2% of that; $35.72 per M billable (487,952 billable vs 19,935,810 cache-read)
[spend] rep11: $   11.74 / $280.00     4.2%  OK
         cache reads are 51.1% of that; $28.91 per M billable (406,134 billable vs 12,006,690 cache-read)
[spend] rep12: $   17.44 / $280.00     6.2%  OK
         cache reads are 58.4% of that; $29.06 per M billable (600,275 billable vs 20,377,381 cache-read)
[spend] rep13: $   23.01 / $280.00     8.2%  OK
         cache reads are 55.8% of that; $24.41 per M billable (942,544 billable vs 25,676,051 cache-read)
[spend] rep15: $   25.16 / $280.00     9.0%  OK
         cache reads are 52.4% of that; $22.32 per M billable (1,126,995 billable vs 26,373,727 cache-read)
[spend] rep16: $   26.16 / $280.00     9.3%  OK
         cache reads are 54.9% of that; $24.39 per M billable (1,072,720 billable vs 28,730,959 cache-read)
[spend] rep17: $   13.90 / $280.00     5.0%  OK
         cache reads are 46.6% of that; $22.65 per M billable (613,730 billable vs 12,963,347 cache-read)
[spend] rep01: $   45.98 / $280.00    16.4%  OK
         cache reads are 72.4% of that; $52.59 per M billable (874,277 billable vs 66,595,110 cache-read)
[spend] rep02: $   21.43 / $280.00     7.6%  OK
         cache reads are 43.4% of that; $19.21 per M billable (1,115,693 billable vs 18,602,138 cache-read)
[spend] rep03: $   16.27 / $280.00     5.8%  OK
         cache reads are 51.0% of that; $29.87 per M billable (544,743 billable vs 16,608,446 cache-read)
[spend] rep04: $   18.01 / $280.00     6.4%  OK
         cache reads are 49.0% of that; $23.71 per M billable (759,461 billable vs 17,653,744 cache-read)
[spend] rep05: $   26.18 / $280.00     9.3%  OK
         cache reads are 52.6% of that; $22.70 per M billable (1,153,188 billable vs 27,530,096 cache-read)
[spend] rep06: $   99.03 / $280.00    35.4%  OK
         cache reads are 62.0% of that; $23.15 per M billable (4,277,733 billable vs 122,780,669 cache-read)
[spend] rep07: $   32.34 / $280.00    11.6%  OK
         cache reads are 49.5% of that; $20.52 per M billable (1,576,157 billable vs 32,032,488 cache-read)
[spend] rep08: $   25.50 / $280.00     9.1%  OK
         cache reads are 50.6% of that; $22.33 per M billable (1,142,304 billable vs 25,806,629 cache-read)
[spend] rep09: $   21.60 / $280.00     7.7%  OK
         cache reads are 51.4% of that; $24.59 per M billable (878,090 billable vs 22,194,984 cache-read)
[spend] rep10: $   17.43 / $280.00     6.2%  OK
         cache reads are 57.2% of that; $35.72 per M billable (487,952 billable vs 19,935,810 cache-read)
[spend] rep11: $   11.74 / $280.00     4.2%  OK
         cache reads are 51.1% of that; $28.91 per M billable (406,134 billable vs 12,006,690 cache-read)
[spend] rep12: $   17.44 / $280.00     6.2%  OK
         cache reads are 58.4% of that; $29.06 per M billable (600,275 billable vs 20,377,381 cache-read)
[spend] rep13: $   23.01 / $280.00     8.2%  OK
         cache reads are 55.8% of that; $24.41 per M billable (942,544 billable vs 25,676,051 cache-read)
[spend] rep15: $   25.16 / $280.00     9.0%  OK
         cache reads are 52.4% of that; $22.32 per M billable (1,126,995 billable vs 26,373,727 cache-read)
[spend] rep16: $   26.16 / $280.00     9.3%  OK
         cache reads are 54.9% of that; $24.39 per M billable (1,072,720 billable vs 28,730,959 cache-read)
[spend] rep17: $   13.90 / $280.00     5.0%  OK
         cache reads are 46.6% of that; $22.65 per M billable (613,730 billable vs 12,963,347 cache-read)
[spend] rep01: $   46.32 / $280.00    16.5%  OK
         cache reads are 72.5% of that; $52.78 per M billable (877,621 billable vs 67,188,866 cache-read)
[spend] rep02: $   21.43 / $280.00     7.6%  OK
         cache reads are 43.4% of that; $19.21 per M billable (1,115,693 billable vs 18,602,138 cache-read)
[spend] rep03: $   16.27 / $280.00     5.8%  OK
         cache reads are 51.0% of that; $29.87 per M billable (544,743 billable vs 16,608,446 cache-read)
[spend] rep04: $   18.21 / $280.00     6.5%  OK
         cache reads are 49.4% of that; $23.92 per M billable (761,473 billable vs 17,991,588 cache-read)
[spend] rep05: $   26.18 / $280.00     9.3%  OK
         cache reads are 52.6% of that; $22.70 per M billable (1,153,188 billable vs 27,530,096 cache-read)
[spend] rep06: $   99.03 / $280.00    35.4%  OK
         cache reads are 62.0% of that; $23.15 per M billable (4,277,733 billable vs 122,780,669 cache-read)
[spend] rep07: $   32.34 / $280.00    11.6%  OK
         cache reads are 49.5% of that; $20.52 per M billable (1,576,157 billable vs 32,032,488 cache-read)
[spend] rep08: $   25.50 / $280.00     9.1%  OK
         cache reads are 50.6% of that; $22.33 per M billable (1,142,304 billable vs 25,806,629 cache-read)
[spend] rep09: $   21.60 / $280.00     7.7%  OK
         cache reads are 51.4% of that; $24.59 per M billable (878,090 billable vs 22,194,984 cache-read)
[spend] rep10: $   17.43 / $280.00     6.2%  OK
         cache reads are 57.2% of that; $35.72 per M billable (487,952 billable vs 19,935,810 cache-read)
[spend] rep11: $   11.74 / $280.00     4.2%  OK
         cache reads are 51.1% of that; $28.91 per M billable (406,134 billable vs 12,006,690 cache-read)
[spend] rep12: $   17.44 / $280.00     6.2%  OK
         cache reads are 58.4% of that; $29.06 per M billable (600,275 billable vs 20,377,381 cache-read)
[spend] rep13: $   23.11 / $280.00     8.3%  OK
         cache reads are 56.0% of that; $24.49 per M billable (944,014 billable vs 25,864,620 cache-read)
[spend] rep15: $   25.16 / $280.00     9.0%  OK
         cache reads are 52.4% of that; $22.32 per M billable (1,126,995 billable vs 26,373,727 cache-read)
[spend] rep16: $   27.42 / $280.00     9.8%  OK
         cache reads are 52.8% of that; $21.86 per M billable (1,253,977 billable vs 28,941,731 cache-read)
[spend] rep17: $   13.98 / $280.00     5.0%  OK
         cache reads are 46.9% of that; $22.76 per M billable (614,182 billable vs 13,106,838 cache-read)
[spend] rep01: $   46.32 / $280.00    16.5%  OK
         cache reads are 72.5% of that; $52.78 per M billable (877,621 billable vs 67,188,866 cache-read)
[spend] rep02: $   21.43 / $280.00     7.6%  OK
         cache reads are 43.4% of that; $19.21 per M billable (1,115,693 billable vs 18,602,138 cache-read)
[spend] rep03: $   16.27 / $280.00     5.8%  OK
         cache reads are 51.0% of that; $29.87 per M billable (544,743 billable vs 16,608,446 cache-read)
[spend] rep04: $   18.21 / $280.00     6.5%  OK
         cache reads are 49.4% of that; $23.92 per M billable (761,473 billable vs 17,991,588 cache-read)
[spend] rep05: $   26.18 / $280.00     9.3%  OK
         cache reads are 52.6% of that; $22.70 per M billable (1,153,188 billable vs 27,530,096 cache-read)
[spend] rep06: $   99.03 / $280.00    35.4%  OK
         cache reads are 62.0% of that; $23.15 per M billable (4,277,733 billable vs 122,780,669 cache-read)
[spend] rep07: $   32.34 / $280.00    11.6%  OK
         cache reads are 49.5% of that; $20.52 per M billable (1,576,157 billable vs 32,032,488 cache-read)
[spend] rep08: $   25.50 / $280.00     9.1%  OK
         cache reads are 50.6% of that; $22.33 per M billable (1,142,304 billable vs 25,806,629 cache-read)
[spend] rep09: $   21.60 / $280.00     7.7%  OK
         cache reads are 51.4% of that; $24.59 per M billable (878,090 billable vs 22,194,984 cache-read)
[spend] rep10: $   17.43 / $280.00     6.2%  OK
         cache reads are 57.2% of that; $35.72 per M billable (487,952 billable vs 19,935,810 cache-read)
[spend] rep11: $   11.74 / $280.00     4.2%  OK
         cache reads are 51.1% of that; $28.91 per M billable (406,134 billable vs 12,006,690 cache-read)
[spend] rep12: $   17.88 / $280.00     6.4%  OK
         cache reads are 58.5% of that; $29.42 per M billable (607,682 billable vs 20,907,709 cache-read)
[spend] rep13: $   23.11 / $280.00     8.3%  OK
         cache reads are 56.0% of that; $24.49 per M billable (944,014 billable vs 25,864,620 cache-read)
[spend] rep15: $   25.16 / $280.00     9.0%  OK
         cache reads are 52.4% of that; $22.32 per M billable (1,126,995 billable vs 26,373,727 cache-read)
[spend] rep16: $   27.42 / $280.00     9.8%  OK
         cache reads are 52.8% of that; $21.86 per M billable (1,253,977 billable vs 28,941,731 cache-read)
[spend] rep17: $   13.98 / $280.00     5.0%  OK
         cache reads are 46.9% of that; $22.76 per M billable (614,182 billable vs 13,106,838 cache-read)
[spend] rep01: $   46.32 / $280.00    16.5%  OK
         cache reads are 72.5% of that; $52.78 per M billable (877,621 billable vs 67,188,866 cache-read)
[spend] rep02: $   21.52 / $280.00     7.7%  OK
         cache reads are 43.6% of that; $19.28 per M billable (1,116,096 billable vs 18,780,670 cache-read)
[spend] rep03: $   16.27 / $280.00     5.8%  OK
         cache reads are 51.0% of that; $29.87 per M billable (544,743 billable vs 16,608,446 cache-read)
[spend] rep04: $   18.21 / $280.00     6.5%  OK
         cache reads are 49.4% of that; $23.92 per M billable (761,473 billable vs 17,991,588 cache-read)
[spend] rep05: $   26.18 / $280.00     9.3%  OK
         cache reads are 52.6% of that; $22.70 per M billable (1,153,188 billable vs 27,530,096 cache-read)
[spend] rep06: $   99.03 / $280.00    35.4%  OK
         cache reads are 62.0% of that; $23.15 per M billable (4,277,733 billable vs 122,780,669 cache-read)
[spend] rep07: $   32.34 / $280.00    11.6%  OK
         cache reads are 49.5% of that; $20.52 per M billable (1,576,157 billable vs 32,032,488 cache-read)
[spend] rep08: $   25.50 / $280.00     9.1%  OK
         cache reads are 50.6% of that; $22.33 per M billable (1,142,304 billable vs 25,806,629 cache-read)
[spend] rep09: $   21.60 / $280.00     7.7%  OK
         cache reads are 51.4% of that; $24.59 per M billable (878,090 billable vs 22,194,984 cache-read)
[spend] rep10: $   18.44 / $280.00     6.6%  OK
         cache reads are 58.5% of that; $36.74 per M billable (501,871 billable vs 21,575,751 cache-read)
[spend] rep11: $   11.82 / $280.00     4.2%  OK
         cache reads are 51.4% of that; $29.06 per M billable (406,836 billable vs 12,149,371 cache-read)
[spend] rep12: $   17.88 / $280.00     6.4%  OK
         cache reads are 58.5% of that; $29.42 per M billable (607,682 billable vs 20,907,709 cache-read)
[spend] rep13: $   23.11 / $280.00     8.3%  OK
         cache reads are 56.0% of that; $24.49 per M billable (944,014 billable vs 25,864,620 cache-read)
[spend] rep15: $   25.67 / $280.00     9.2%  OK
         cache reads are 52.8% of that; $22.61 per M billable (1,135,223 billable vs 27,094,000 cache-read)
[spend] rep16: $   27.42 / $280.00     9.8%  OK
         cache reads are 52.8% of that; $21.86 per M billable (1,253,977 billable vs 28,941,731 cache-read)
[spend] rep17: $   13.98 / $280.00     5.0%  OK
         cache reads are 46.9% of that; $22.76 per M billable (614,182 billable vs 13,106,838 cache-read)
[spend] rep01: $   46.32 / $280.00    16.5%  OK
         cache reads are 72.5% of that; $52.78 per M billable (877,621 billable vs 67,188,866 cache-read)
[spend] rep02: $   21.52 / $280.00     7.7%  OK
         cache reads are 43.6% of that; $19.28 per M billable (1,116,096 billable vs 18,780,670 cache-read)
[spend] rep03: $   16.27 / $280.00     5.8%  OK
         cache reads are 51.0% of that; $29.87 per M billable (544,743 billable vs 16,608,446 cache-read)
[spend] rep04: $   18.21 / $280.00     6.5%  OK
         cache reads are 49.4% of that; $23.92 per M billable (761,473 billable vs 17,991,588 cache-read)
[spend] rep05: $   26.30 / $280.00     9.4%  OK
         cache reads are 52.7% of that; $22.76 per M billable (1,155,463 billable vs 27,738,380 cache-read)
[spend] rep06: $   99.03 / $280.00    35.4%  OK
         cache reads are 62.0% of that; $23.15 per M billable (4,277,733 billable vs 122,780,669 cache-read)
[spend] rep07: $   32.77 / $280.00    11.7%  OK
         cache reads are 49.9% of that; $20.72 per M billable (1,581,692 billable vs 32,705,833 cache-read)
[spend] rep08: $   26.25 / $280.00     9.4%  OK
         cache reads are 51.6% of that; $22.84 per M billable (1,149,374 billable vs 27,071,659 cache-read)
[spend] rep09: $   23.56 / $280.00     8.4%  OK
         cache reads are 50.2% of that; $22.34 per M billable (1,054,196 billable vs 23,639,123 cache-read)
[spend] rep10: $   19.89 / $280.00     7.1%  OK
         cache reads are 59.0% of that; $37.17 per M billable (535,196 billable vs 23,451,140 cache-read)
[spend] rep11: $   11.82 / $280.00     4.2%  OK
         cache reads are 51.4% of that; $29.06 per M billable (406,836 billable vs 12,149,371 cache-read)
[spend] rep12: $   17.88 / $280.00     6.4%  OK
         cache reads are 58.5% of that; $29.42 per M billable (607,682 billable vs 20,907,709 cache-read)
[spend] rep13: $   23.11 / $280.00     8.3%  OK
         cache reads are 56.0% of that; $24.49 per M billable (944,014 billable vs 25,864,620 cache-read)
[spend] rep15: $   25.67 / $280.00     9.2%  OK
         cache reads are 52.8% of that; $22.61 per M billable (1,135,223 billable vs 27,094,000 cache-read)
[spend] rep16: $   27.42 / $280.00     9.8%  OK
         cache reads are 52.8% of that; $21.86 per M billable (1,253,977 billable vs 28,941,731 cache-read)
[spend] rep17: $   13.98 / $280.00     5.0%  OK
         cache reads are 46.9% of that; $22.76 per M billable (614,182 billable vs 13,106,838 cache-read)
[spend] rep01: $   47.17 / $280.00    16.9%  OK
         cache reads are 72.5% of that; $52.83 per M billable (892,749 billable vs 68,381,714 cache-read)
[spend] rep02: $   21.52 / $280.00     7.7%  OK
         cache reads are 43.6% of that; $19.28 per M billable (1,116,096 billable vs 18,780,670 cache-read)
[spend] rep03: $   16.36 / $280.00     5.8%  OK
         cache reads are 51.3% of that; $30.01 per M billable (545,030 billable vs 16,781,230 cache-read)
[spend] rep04: $   18.21 / $280.00     6.5%  OK
         cache reads are 49.4% of that; $23.92 per M billable (761,473 billable vs 17,991,588 cache-read)
[spend] rep05: $   26.30 / $280.00     9.4%  OK
         cache reads are 52.7% of that; $22.76 per M billable (1,155,463 billable vs 27,738,380 cache-read)
[spend] rep06: $   99.03 / $280.00    35.4%  OK
         cache reads are 62.0% of that; $23.15 per M billable (4,277,733 billable vs 122,780,669 cache-read)
[spend] rep07: $   32.77 / $280.00    11.7%  OK
         cache reads are 49.9% of that; $20.72 per M billable (1,581,692 billable vs 32,705,833 cache-read)
[spend] rep08: $   26.37 / $280.00     9.4%  OK
         cache reads are 51.7% of that; $22.92 per M billable (1,150,720 billable vs 27,283,369 cache-read)
[spend] rep09: $   25.53 / $280.00     9.1%  OK
         cache reads are 51.8% of that; $23.34 per M billable (1,094,120 billable vs 26,455,373 cache-read)
[spend] rep10: $   21.29 / $280.00     7.6%  OK
         cache reads are 58.0% of that; $37.25 per M billable (571,595 billable vs 24,706,724 cache-read)
[spend] rep11: $   11.82 / $280.00     4.2%  OK
         cache reads are 51.4% of that; $29.06 per M billable (406,836 billable vs 12,149,371 cache-read)
[spend] rep12: $   18.67 / $280.00     6.7%  OK
         cache reads are 58.4% of that; $29.48 per M billable (633,214 billable vs 21,799,362 cache-read)
[spend] rep13: $   23.11 / $280.00     8.3%  OK
         cache reads are 56.0% of that; $24.49 per M billable (944,014 billable vs 25,864,620 cache-read)
[spend] rep15: $   25.67 / $280.00     9.2%  OK
         cache reads are 52.8% of that; $22.61 per M billable (1,135,223 billable vs 27,094,000 cache-read)
[spend] rep16: $   27.42 / $280.00     9.8%  OK
         cache reads are 52.8% of that; $21.86 per M billable (1,253,977 billable vs 28,941,731 cache-read)
[spend] rep17: $   13.98 / $280.00     5.0%  OK
         cache reads are 46.9% of that; $22.76 per M billable (614,182 billable vs 13,106,838 cache-read)
[spend] rep01: $   47.33 / $280.00    16.9%  OK
         cache reads are 72.5% of that; $52.91 per M billable (894,530 billable vs 68,683,015 cache-read)
[spend] rep02: $   21.52 / $280.00     7.7%  OK
         cache reads are 43.6% of that; $19.28 per M billable (1,116,096 billable vs 18,780,670 cache-read)
[spend] rep03: $   16.36 / $280.00     5.8%  OK
         cache reads are 51.3% of that; $30.01 per M billable (545,030 billable vs 16,781,230 cache-read)
[spend] rep04: $   18.31 / $280.00     6.5%  OK
         cache reads are 49.6% of that; $24.01 per M billable (762,521 billable vs 18,160,851 cache-read)
[spend] rep05: $   26.30 / $280.00     9.4%  OK
         cache reads are 52.7% of that; $22.76 per M billable (1,155,463 billable vs 27,738,380 cache-read)
[spend] rep06: $   99.03 / $280.00    35.4%  OK
         cache reads are 62.0% of that; $23.15 per M billable (4,277,733 billable vs 122,780,669 cache-read)
[spend] rep07: $   32.77 / $280.00    11.7%  OK
         cache reads are 49.9% of that; $20.72 per M billable (1,581,692 billable vs 32,705,833 cache-read)
[spend] rep08: $   26.37 / $280.00     9.4%  OK
         cache reads are 51.7% of that; $22.92 per M billable (1,150,720 billable vs 27,283,369 cache-read)
[spend] rep09: $   27.64 / $280.00     9.9%  OK
         cache reads are 52.9% of that; $24.35 per M billable (1,135,087 billable vs 29,241,300 cache-read)
[spend] rep10: $   22.38 / $280.00     8.0%  OK
         cache reads are 58.5% of that; $37.38 per M billable (598,836 billable vs 26,209,707 cache-read)
[spend] rep11: $   11.82 / $280.00     4.2%  OK
         cache reads are 51.4% of that; $29.06 per M billable (406,836 billable vs 12,149,371 cache-read)
[spend] rep12: $   18.92 / $280.00     6.8%  OK
         cache reads are 58.6% of that; $29.69 per M billable (637,308 billable vs 22,166,076 cache-read)
[spend] rep13: $   23.79 / $280.00     8.5%  OK
         cache reads are 56.4% of that; $24.91 per M billable (955,244 billable vs 26,816,087 cache-read)
[spend] rep15: $   25.67 / $280.00     9.2%  OK
         cache reads are 52.8% of that; $22.61 per M billable (1,135,223 billable vs 27,094,000 cache-read)
[spend] rep16: $   27.53 / $280.00     9.8%  OK
         cache reads are 52.9% of that; $21.94 per M billable (1,254,751 billable vs 29,137,844 cache-read)
[spend] rep17: $   14.93 / $280.00     5.3%  OK
         cache reads are 47.3% of that; $23.32 per M billable (640,458 billable vs 14,121,949 cache-read)
[spend] rep01: $   47.33 / $280.00    16.9%  OK
         cache reads are 72.5% of that; $52.91 per M billable (894,530 billable vs 68,683,015 cache-read)
[spend] rep02: $   21.76 / $280.00     7.8%  OK
         cache reads are 44.0% of that; $19.45 per M billable (1,118,656 billable vs 19,138,100 cache-read)
[spend] rep03: $   16.36 / $280.00     5.8%  OK
         cache reads are 51.3% of that; $30.01 per M billable (545,030 billable vs 16,781,230 cache-read)
[spend] rep04: $   18.31 / $280.00     6.5%  OK
         cache reads are 49.6% of that; $24.01 per M billable (762,521 billable vs 18,160,851 cache-read)
[spend] rep05: $   26.30 / $280.00     9.4%  OK
         cache reads are 52.7% of that; $22.76 per M billable (1,155,463 billable vs 27,738,380 cache-read)
[spend] rep06: $   99.03 / $280.00    35.4%  OK
         cache reads are 62.0% of that; $23.15 per M billable (4,277,733 billable vs 122,780,669 cache-read)
[spend] rep07: $   32.77 / $280.00    11.7%  OK
         cache reads are 49.9% of that; $20.72 per M billable (1,581,692 billable vs 32,705,833 cache-read)
[spend] rep08: $   26.37 / $280.00     9.4%  OK
         cache reads are 51.7% of that; $22.92 per M billable (1,150,720 billable vs 27,283,369 cache-read)
[spend] rep09: $   29.72 / $280.00    10.6%  OK
         cache reads are 51.7% of that; $22.23 per M billable (1,336,961 billable vs 30,703,428 cache-read)
[spend] rep10: $   22.38 / $280.00     8.0%  OK
         cache reads are 58.5% of that; $37.38 per M billable (598,836 billable vs 26,209,707 cache-read)
[spend] rep11: $   11.82 / $280.00     4.2%  OK
         cache reads are 51.4% of that; $29.06 per M billable (406,836 billable vs 12,149,371 cache-read)
[spend] rep12: $   18.92 / $280.00     6.8%  OK
         cache reads are 58.6% of that; $29.69 per M billable (637,308 billable vs 22,166,076 cache-read)
[spend] rep13: $   23.79 / $280.00     8.5%  OK
         cache reads are 56.4% of that; $24.91 per M billable (955,244 billable vs 26,816,087 cache-read)
[spend] rep15: $   25.67 / $280.00     9.2%  OK
         cache reads are 52.8% of that; $22.61 per M billable (1,135,223 billable vs 27,094,000 cache-read)
[spend] rep16: $   27.53 / $280.00     9.8%  OK
         cache reads are 52.9% of that; $21.94 per M billable (1,254,751 billable vs 29,137,844 cache-read)
[spend] rep17: $   14.93 / $280.00     5.3%  OK
         cache reads are 47.3% of that; $23.32 per M billable (640,458 billable vs 14,121,949 cache-read)
[spend] rep01: $   47.33 / $280.00    16.9%  OK
         cache reads are 72.5% of that; $52.91 per M billable (894,530 billable vs 68,683,015 cache-read)
[spend] rep02: $   22.07 / $280.00     7.9%  OK
         cache reads are 44.2% of that; $19.58 per M billable (1,126,890 billable vs 19,496,052 cache-read)
[spend] rep03: $   16.36 / $280.00     5.8%  OK
         cache reads are 51.3% of that; $30.01 per M billable (545,030 billable vs 16,781,230 cache-read)
[spend] rep04: $   18.31 / $280.00     6.5%  OK
         cache reads are 49.6% of that; $24.01 per M billable (762,521 billable vs 18,160,851 cache-read)
[spend] rep05: $   26.54 / $280.00     9.5%  OK
         cache reads are 53.0% of that; $22.94 per M billable (1,156,991 billable vs 28,158,964 cache-read)
[spend] rep06: $   99.03 / $280.00    35.4%  OK
         cache reads are 62.0% of that; $23.15 per M billable (4,277,733 billable vs 122,780,669 cache-read)
[spend] rep07: $   32.77 / $280.00    11.7%  OK
         cache reads are 49.9% of that; $20.72 per M billable (1,581,692 billable vs 32,705,833 cache-read)
[spend] rep08: $   26.37 / $280.00     9.4%  OK
         cache reads are 51.7% of that; $22.92 per M billable (1,150,720 billable vs 27,283,369 cache-read)
[spend] rep09: $   29.72 / $280.00    10.6%  OK
         cache reads are 51.7% of that; $22.23 per M billable (1,336,961 billable vs 30,703,428 cache-read)
[spend] rep10: $   22.38 / $280.00     8.0%  OK
         cache reads are 58.5% of that; $37.38 per M billable (598,836 billable vs 26,209,707 cache-read)
[spend] rep11: $   12.98 / $280.00     4.6%  OK
         cache reads are 51.9% of that; $29.53 per M billable (439,563 billable vs 13,462,489 cache-read)
[spend] rep12: $   19.16 / $280.00     6.8%  OK
         cache reads are 58.8% of that; $29.87 per M billable (641,354 billable vs 22,534,370 cache-read)
[spend] rep13: $   23.79 / $280.00     8.5%  OK
         cache reads are 56.4% of that; $24.91 per M billable (955,244 billable vs 26,816,087 cache-read)
[spend] rep15: $   26.03 / $280.00     9.3%  OK
         cache reads are 53.1% of that; $22.83 per M billable (1,139,987 billable vs 27,640,210 cache-read)
[spend] rep16: $   27.53 / $280.00     9.8%  OK
         cache reads are 52.9% of that; $21.94 per M billable (1,254,751 billable vs 29,137,844 cache-read)
[spend] rep17: $   14.93 / $280.00     5.3%  OK
         cache reads are 47.3% of that; $23.32 per M billable (640,458 billable vs 14,121,949 cache-read)
[spend] rep01: $   47.33 / $280.00    16.9%  OK
         cache reads are 72.5% of that; $52.91 per M billable (894,530 billable vs 68,683,015 cache-read)
[spend] rep02: $   22.07 / $280.00     7.9%  OK
         cache reads are 44.2% of that; $19.58 per M billable (1,126,890 billable vs 19,496,052 cache-read)
[spend] rep03: $   16.36 / $280.00     5.8%  OK
         cache reads are 51.3% of that; $30.01 per M billable (545,030 billable vs 16,781,230 cache-read)
[spend] rep04: $   18.31 / $280.00     6.5%  OK
         cache reads are 49.6% of that; $24.01 per M billable (762,521 billable vs 18,160,851 cache-read)
[spend] rep05: $   26.54 / $280.00     9.5%  OK
         cache reads are 53.0% of that; $22.94 per M billable (1,156,991 billable vs 28,158,964 cache-read)
[spend] rep06: $   99.03 / $280.00    35.4%  OK
         cache reads are 62.0% of that; $23.15 per M billable (4,277,733 billable vs 122,780,669 cache-read)
[spend] rep07: $   32.89 / $280.00    11.8%  OK
         cache reads are 50.1% of that; $20.79 per M billable (1,582,010 billable vs 32,932,112 cache-read)
[spend] rep08: $   26.49 / $280.00     9.5%  OK
         cache reads are 51.9% of that; $23.00 per M billable (1,151,564 billable vs 27,495,936 cache-read)
[spend] rep09: $   29.72 / $280.00    10.6%  OK
         cache reads are 51.7% of that; $22.23 per M billable (1,336,961 billable vs 30,703,428 cache-read)
[spend] rep10: $   22.38 / $280.00     8.0%  OK
         cache reads are 58.5% of that; $37.38 per M billable (598,836 billable vs 26,209,707 cache-read)
[spend] rep11: $   14.21 / $280.00     5.1%  OK
         cache reads are 53.4% of that; $30.56 per M billable (464,776 billable vs 15,165,688 cache-read)
[spend] rep12: $   19.16 / $280.00     6.8%  OK
         cache reads are 58.8% of that; $29.87 per M billable (641,354 billable vs 22,534,370 cache-read)
[spend] rep13: $   23.79 / $280.00     8.5%  OK
         cache reads are 56.4% of that; $24.91 per M billable (955,244 billable vs 26,816,087 cache-read)
[spend] rep15: $   26.03 / $280.00     9.3%  OK
         cache reads are 53.1% of that; $22.83 per M billable (1,139,987 billable vs 27,640,210 cache-read)
[spend] rep16: $   27.53 / $280.00     9.8%  OK
         cache reads are 52.9% of that; $21.94 per M billable (1,254,751 billable vs 29,137,844 cache-read)
[spend] rep17: $   14.93 / $280.00     5.3%  OK
         cache reads are 47.3% of that; $23.32 per M billable (640,458 billable vs 14,121,949 cache-read)
[spend] rep01: $   47.33 / $280.00    16.9%  OK
         cache reads are 72.5% of that; $52.91 per M billable (894,530 billable vs 68,683,015 cache-read)
[spend] rep02: $   22.07 / $280.00     7.9%  OK
         cache reads are 44.2% of that; $19.58 per M billable (1,126,890 billable vs 19,496,052 cache-read)
[spend] rep03: $   16.45 / $280.00     5.9%  OK
         cache reads are 51.5% of that; $30.16 per M billable (545,317 billable vs 16,954,195 cache-read)
[spend] rep04: $   18.31 / $280.00     6.5%  OK
         cache reads are 49.6% of that; $24.01 per M billable (762,521 billable vs 18,160,851 cache-read)
[spend] rep05: $   26.54 / $280.00     9.5%  OK
         cache reads are 53.0% of that; $22.94 per M billable (1,156,991 billable vs 28,158,964 cache-read)
[spend] rep06: $   99.03 / $280.00    35.4%  OK
         cache reads are 62.0% of that; $23.15 per M billable (4,277,733 billable vs 122,780,669 cache-read)
[spend] rep07: $   32.89 / $280.00    11.8%  OK
         cache reads are 50.1% of that; $20.79 per M billable (1,582,010 billable vs 32,932,112 cache-read)
[spend] rep08: $   26.49 / $280.00     9.5%  OK
         cache reads are 51.9% of that; $23.00 per M billable (1,151,564 billable vs 27,495,936 cache-read)
[spend] rep09: $   29.72 / $280.00    10.6%  OK
         cache reads are 51.7% of that; $22.23 per M billable (1,336,961 billable vs 30,703,428 cache-read)
[spend] rep10: $   22.38 / $280.00     8.0%  OK
         cache reads are 58.5% of that; $37.38 per M billable (598,836 billable vs 26,209,707 cache-read)
[spend] rep11: $   15.59 / $280.00     5.6%  OK
         cache reads are 54.5% of that; $31.30 per M billable (498,021 billable vs 16,980,502 cache-read)
[spend] rep12: $   19.16 / $280.00     6.8%  OK
         cache reads are 58.8% of that; $29.87 per M billable (641,354 billable vs 22,534,370 cache-read)
[spend] rep13: $   23.79 / $280.00     8.5%  OK
         cache reads are 56.4% of that; $24.91 per M billable (955,244 billable vs 26,816,087 cache-read)
[spend] rep15: $   26.03 / $280.00     9.3%  OK
         cache reads are 53.1% of that; $22.83 per M billable (1,139,987 billable vs 27,640,210 cache-read)
[spend] rep16: $   27.53 / $280.00     9.8%  OK
         cache reads are 52.9% of that; $21.94 per M billable (1,254,751 billable vs 29,137,844 cache-read)
[spend] rep17: $   14.93 / $280.00     5.3%  OK
         cache reads are 47.3% of that; $23.32 per M billable (640,458 billable vs 14,121,949 cache-read)
[spend] rep01: $   47.49 / $280.00    17.0%  OK
         cache reads are 72.6% of that; $53.05 per M billable (895,224 billable vs 68,985,833 cache-read)
[spend] rep02: $   22.07 / $280.00     7.9%  OK
         cache reads are 44.2% of that; $19.58 per M billable (1,126,890 billable vs 19,496,052 cache-read)
[spend] rep03: $   16.45 / $280.00     5.9%  OK
         cache reads are 51.5% of that; $30.16 per M billable (545,317 billable vs 16,954,195 cache-read)
[spend] rep04: $   19.54 / $280.00     7.0%  OK
         cache reads are 50.4% of that; $24.75 per M billable (789,761 billable vs 19,702,866 cache-read)
[spend] rep05: $   26.54 / $280.00     9.5%  OK
         cache reads are 53.0% of that; $22.94 per M billable (1,156,991 billable vs 28,158,964 cache-read)
[spend] rep06: $   99.03 / $280.00    35.4%  OK
         cache reads are 62.0% of that; $23.15 per M billable (4,277,733 billable vs 122,780,669 cache-read)
[spend] rep07: $   32.89 / $280.00    11.8%  OK
         cache reads are 50.1% of that; $20.79 per M billable (1,582,010 billable vs 32,932,112 cache-read)
[spend] rep08: $   26.49 / $280.00     9.5%  OK
         cache reads are 51.9% of that; $23.00 per M billable (1,151,564 billable vs 27,495,936 cache-read)
[spend] rep09: $   29.72 / $280.00    10.6%  OK
         cache reads are 51.7% of that; $22.23 per M billable (1,336,961 billable vs 30,703,428 cache-read)
[spend] rep10: $   22.59 / $280.00     8.1%  OK
         cache reads are 58.9% of that; $37.65 per M billable (600,060 billable vs 26,596,537 cache-read)
[spend] rep11: $   15.59 / $280.00     5.6%  OK
         cache reads are 54.5% of that; $31.30 per M billable (498,021 billable vs 16,980,502 cache-read)
[spend] rep12: $   20.49 / $280.00     7.3%  OK
         cache reads are 58.6% of that; $30.25 per M billable (677,320 billable vs 24,031,425 cache-read)
[spend] rep13: $   24.18 / $280.00     8.6%  OK
         cache reads are 56.6% of that; $25.16 per M billable (960,992 billable vs 27,395,952 cache-read)
[spend] rep15: $   26.03 / $280.00     9.3%  OK
         cache reads are 53.1% of that; $22.83 per M billable (1,139,987 billable vs 27,640,210 cache-read)
[spend] rep16: $   28.02 / $280.00    10.0%  OK
         cache reads are 53.4% of that; $22.23 per M billable (1,260,447 billable vs 29,925,520 cache-read)
[spend] rep17: $   15.15 / $280.00     5.4%  OK
         cache reads are 47.6% of that; $23.55 per M billable (643,386 billable vs 14,424,089 cache-read)
[spend] rep01: $   47.49 / $280.00    17.0%  OK
         cache reads are 72.6% of that; $53.05 per M billable (895,224 billable vs 68,985,833 cache-read)
[spend] rep02: $   22.07 / $280.00     7.9%  OK
         cache reads are 44.2% of that; $19.58 per M billable (1,126,890 billable vs 19,496,052 cache-read)
[spend] rep03: $   16.45 / $280.00     5.9%  OK
         cache reads are 51.5% of that; $30.16 per M billable (545,317 billable vs 16,954,195 cache-read)
[spend] rep04: $   19.54 / $280.00     7.0%  OK
         cache reads are 50.4% of that; $24.75 per M billable (789,761 billable vs 19,702,866 cache-read)
[spend] rep05: $   26.54 / $280.00     9.5%  OK
         cache reads are 53.0% of that; $22.94 per M billable (1,156,991 billable vs 28,158,964 cache-read)
[spend] rep06: $   99.03 / $280.00    35.4%  OK
         cache reads are 62.0% of that; $23.15 per M billable (4,277,733 billable vs 122,780,669 cache-read)
[spend] rep07: $   32.89 / $280.00    11.8%  OK
         cache reads are 50.1% of that; $20.79 per M billable (1,582,010 billable vs 32,932,112 cache-read)
[spend] rep08: $   26.49 / $280.00     9.5%  OK
         cache reads are 51.9% of that; $23.00 per M billable (1,151,564 billable vs 27,495,936 cache-read)
[spend] rep09: $   29.83 / $280.00    10.7%  OK
         cache reads are 51.8% of that; $22.29 per M billable (1,337,975 billable vs 30,911,945 cache-read)
[spend] rep10: $   22.59 / $280.00     8.1%  OK
         cache reads are 58.9% of that; $37.65 per M billable (600,060 billable vs 26,596,537 cache-read)
[spend] rep11: $   15.59 / $280.00     5.6%  OK
         cache reads are 54.5% of that; $31.30 per M billable (498,021 billable vs 16,980,502 cache-read)
[spend] rep12: $   21.27 / $280.00     7.6%  OK
         cache reads are 59.2% of that; $30.71 per M billable (692,445 billable vs 25,200,468 cache-read)
[spend] rep13: $   24.18 / $280.00     8.6%  OK
         cache reads are 56.6% of that; $25.16 per M billable (960,992 billable vs 27,395,952 cache-read)
[spend] rep15: $   26.03 / $280.00     9.3%  OK
         cache reads are 53.1% of that; $22.83 per M billable (1,139,987 billable vs 27,640,210 cache-read)
[spend] rep16: $   28.02 / $280.00    10.0%  OK
         cache reads are 53.4% of that; $22.23 per M billable (1,260,447 billable vs 29,925,520 cache-read)
[spend] rep17: $   15.15 / $280.00     5.4%  OK
         cache reads are 47.6% of that; $23.55 per M billable (643,386 billable vs 14,424,089 cache-read)
[spend] rep01: $   47.49 / $280.00    17.0%  OK
         cache reads are 72.6% of that; $53.05 per M billable (895,224 billable vs 68,985,833 cache-read)
[spend] rep02: $   22.18 / $280.00     7.9%  OK
         cache reads are 44.4% of that; $19.64 per M billable (1,129,255 billable vs 19,676,962 cache-read)
[spend] rep03: $   16.45 / $280.00     5.9%  OK
         cache reads are 51.5% of that; $30.16 per M billable (545,317 billable vs 16,954,195 cache-read)
[spend] rep04: $   19.54 / $280.00     7.0%  OK
         cache reads are 50.4% of that; $24.75 per M billable (789,761 billable vs 19,702,866 cache-read)
[spend] rep05: $   26.79 / $280.00     9.6%  OK
         cache reads are 53.3% of that; $23.11 per M billable (1,159,349 billable vs 28,580,132 cache-read)
[spend] rep06: $   99.03 / $280.00    35.4%  OK
         cache reads are 62.0% of that; $23.15 per M billable (4,277,733 billable vs 122,780,669 cache-read)
[spend] rep07: $   33.01 / $280.00    11.8%  OK
         cache reads are 50.2% of that; $20.86 per M billable (1,582,328 billable vs 33,158,568 cache-read)
[spend] rep08: $   27.15 / $280.00     9.7%  OK
         cache reads are 52.6% of that; $23.39 per M billable (1,160,794 billable vs 28,565,512 cache-read)
[spend] rep09: $   29.83 / $280.00    10.7%  OK
         cache reads are 51.8% of that; $22.29 per M billable (1,337,975 billable vs 30,911,945 cache-read)
[spend] rep10: $   22.59 / $280.00     8.1%  OK
         cache reads are 58.9% of that; $37.65 per M billable (600,060 billable vs 26,596,537 cache-read)
[spend] rep11: $   15.59 / $280.00     5.6%  OK
         cache reads are 54.5% of that; $31.30 per M billable (498,021 billable vs 16,980,502 cache-read)
[spend] rep12: $   21.27 / $280.00     7.6%  OK
         cache reads are 59.2% of that; $30.71 per M billable (692,445 billable vs 25,200,468 cache-read)
[spend] rep13: $   24.18 / $280.00     8.6%  OK
         cache reads are 56.6% of that; $25.16 per M billable (960,992 billable vs 27,395,952 cache-read)
[spend] rep15: $   26.14 / $280.00     9.3%  OK
         cache reads are 53.2% of that; $22.90 per M billable (1,141,398 billable vs 27,822,845 cache-read)
[spend] rep16: $   28.02 / $280.00    10.0%  OK
         cache reads are 53.4% of that; $22.23 per M billable (1,260,447 billable vs 29,925,520 cache-read)
[spend] rep17: $   15.15 / $280.00     5.4%  OK
         cache reads are 47.6% of that; $23.55 per M billable (643,386 billable vs 14,424,089 cache-read)
[spend] rep01: $   47.49 / $280.00    17.0%  OK
         cache reads are 72.6% of that; $53.05 per M billable (895,224 billable vs 68,985,833 cache-read)
[spend] rep02: $   22.18 / $280.00     7.9%  OK
         cache reads are 44.4% of that; $19.64 per M billable (1,129,255 billable vs 19,676,962 cache-read)
[spend] rep03: $   16.45 / $280.00     5.9%  OK
         cache reads are 51.5% of that; $30.16 per M billable (545,317 billable vs 16,954,195 cache-read)
[spend] rep04: $   19.54 / $280.00     7.0%  OK
         cache reads are 50.4% of that; $24.75 per M billable (789,761 billable vs 19,702,866 cache-read)
[spend] rep05: $   26.79 / $280.00     9.6%  OK
         cache reads are 53.3% of that; $23.11 per M billable (1,159,349 billable vs 28,580,132 cache-read)
[spend] rep06: $   99.03 / $280.00    35.4%  OK
         cache reads are 62.0% of that; $23.15 per M billable (4,277,733 billable vs 122,780,669 cache-read)
[spend] rep07: $   33.01 / $280.00    11.8%  OK
         cache reads are 50.2% of that; $20.86 per M billable (1,582,328 billable vs 33,158,568 cache-read)
[spend] rep08: $   27.64 / $280.00     9.9%  OK
         cache reads are 52.8% of that; $23.66 per M billable (1,168,189 billable vs 29,213,593 cache-read)
[spend] rep09: $   29.83 / $280.00    10.7%  OK
         cache reads are 51.8% of that; $22.29 per M billable (1,337,975 billable vs 30,911,945 cache-read)
[spend] rep10: $   22.59 / $280.00     8.1%  OK
         cache reads are 58.9% of that; $37.65 per M billable (600,060 billable vs 26,596,537 cache-read)
[spend] rep11: $   15.59 / $280.00     5.6%  OK
         cache reads are 54.5% of that; $31.30 per M billable (498,021 billable vs 16,980,502 cache-read)
[spend] rep12: $   21.54 / $280.00     7.7%  OK
         cache reads are 59.4% of that; $30.95 per M billable (695,881 billable vs 25,595,876 cache-read)
[spend] rep13: $   24.18 / $280.00     8.6%  OK
         cache reads are 56.6% of that; $25.16 per M billable (960,992 billable vs 27,395,952 cache-read)
[spend] rep15: $   26.14 / $280.00     9.3%  OK
         cache reads are 53.2% of that; $22.90 per M billable (1,141,398 billable vs 27,822,845 cache-read)
[spend] rep16: $   28.02 / $280.00    10.0%  OK
         cache reads are 53.4% of that; $22.23 per M billable (1,260,447 billable vs 29,925,520 cache-read)
[spend] rep17: $   15.15 / $280.00     5.4%  OK
         cache reads are 47.6% of that; $23.55 per M billable (643,386 billable vs 14,424,089 cache-read)
[spend] rep01: $   47.49 / $280.00    17.0%  OK
         cache reads are 72.6% of that; $53.05 per M billable (895,224 billable vs 68,985,833 cache-read)
[spend] rep02: $   22.18 / $280.00     7.9%  OK
         cache reads are 44.4% of that; $19.64 per M billable (1,129,255 billable vs 19,676,962 cache-read)
[spend] rep03: $   16.54 / $280.00     5.9%  OK
         cache reads are 51.8% of that; $30.31 per M billable (545,604 billable vs 17,127,341 cache-read)
[spend] rep04: $   19.54 / $280.00     7.0%  OK
         cache reads are 50.4% of that; $24.75 per M billable (789,761 billable vs 19,702,866 cache-read)
[spend] rep05: $   26.79 / $280.00     9.6%  OK
         cache reads are 53.3% of that; $23.11 per M billable (1,159,349 billable vs 28,580,132 cache-read)
[spend] rep06: $   99.03 / $280.00    35.4%  OK
         cache reads are 62.0% of that; $23.15 per M billable (4,277,733 billable vs 122,780,669 cache-read)
[spend] rep07: $   33.01 / $280.00    11.8%  OK
         cache reads are 50.2% of that; $20.86 per M billable (1,582,328 billable vs 33,158,568 cache-read)
[spend] rep08: $   27.64 / $280.00     9.9%  OK
         cache reads are 52.8% of that; $23.66 per M billable (1,168,189 billable vs 29,213,593 cache-read)
[spend] rep09: $   29.83 / $280.00    10.7%  OK
         cache reads are 51.8% of that; $22.29 per M billable (1,337,975 billable vs 30,911,945 cache-read)
[spend] rep10: $   22.59 / $280.00     8.1%  OK
         cache reads are 58.9% of that; $37.65 per M billable (600,060 billable vs 26,596,537 cache-read)
[spend] rep11: $   16.40 / $280.00     5.9%  OK
         cache reads are 54.9% of that; $31.75 per M billable (516,681 billable vs 18,004,290 cache-read)
[spend] rep12: $   22.19 / $280.00     7.9%  OK
         cache reads are 59.5% of that; $31.15 per M billable (712,140 billable vs 26,394,162 cache-read)
[spend] rep13: $   24.18 / $280.00     8.6%  OK
         cache reads are 56.6% of that; $25.16 per M billable (960,992 billable vs 27,395,952 cache-read)
[spend] rep15: $   26.14 / $280.00     9.3%  OK
         cache reads are 53.2% of that; $22.90 per M billable (1,141,398 billable vs 27,822,845 cache-read)
[spend] rep16: $   28.02 / $280.00    10.0%  OK
         cache reads are 53.4% of that; $22.23 per M billable (1,260,447 billable vs 29,925,520 cache-read)
[spend] rep17: $   15.15 / $280.00     5.4%  OK
         cache reads are 47.6% of that; $23.55 per M billable (643,386 billable vs 14,424,089 cache-read)
[spend] rep01: $   49.28 / $280.00    17.6%  OK
         cache reads are 72.8% of that; $53.46 per M billable (921,948 billable vs 71,728,945 cache-read)
[spend] rep02: $   22.18 / $280.00     7.9%  OK
         cache reads are 44.4% of that; $19.64 per M billable (1,129,255 billable vs 19,676,962 cache-read)
[spend] rep03: $   16.54 / $280.00     5.9%  OK
         cache reads are 51.8% of that; $30.31 per M billable (545,604 billable vs 17,127,341 cache-read)
[spend] rep04: $   19.64 / $280.00     7.0%  OK
         cache reads are 50.6% of that; $24.85 per M billable (790,579 billable vs 19,880,012 cache-read)
[spend] rep05: $   26.79 / $280.00     9.6%  OK
         cache reads are 53.3% of that; $23.11 per M billable (1,159,349 billable vs 28,580,132 cache-read)
[spend] rep06: $   99.03 / $280.00    35.4%  OK
         cache reads are 62.0% of that; $23.15 per M billable (4,277,733 billable vs 122,780,669 cache-read)
[spend] rep07: $   33.01 / $280.00    11.8%  OK
         cache reads are 50.2% of that; $20.86 per M billable (1,582,328 billable vs 33,158,568 cache-read)
[spend] rep08: $   27.64 / $280.00     9.9%  OK
         cache reads are 52.8% of that; $23.66 per M billable (1,168,189 billable vs 29,213,593 cache-read)
[spend] rep09: $   29.83 / $280.00    10.7%  OK
         cache reads are 51.8% of that; $22.29 per M billable (1,337,975 billable vs 30,911,945 cache-read)
[spend] rep10: $   24.02 / $280.00     8.6%  OK
         cache reads are 59.8% of that; $38.49 per M billable (624,098 billable vs 28,752,886 cache-read)
[spend] rep11: $   16.85 / $280.00     6.0%  OK
         cache reads are 55.0% of that; $31.79 per M billable (529,927 billable vs 18,527,974 cache-read)
[spend] rep12: $   22.19 / $280.00     7.9%  OK
         cache reads are 59.5% of that; $31.15 per M billable (712,140 billable vs 26,394,162 cache-read)
[spend] rep13: $   25.25 / $280.00     9.0%  OK
         cache reads are 57.4% of that; $25.86 per M billable (976,270 billable vs 28,962,015 cache-read)
[spend] rep15: $   26.14 / $280.00     9.3%  OK
         cache reads are 53.2% of that; $22.90 per M billable (1,141,398 billable vs 27,822,845 cache-read)
[spend] rep16: $   30.42 / $280.00    10.9%  OK
         cache reads are 52.2% of that; $20.76 per M billable (1,465,302 billable vs 31,737,320 cache-read)
[spend] rep17: $   15.24 / $280.00     5.4%  OK
         cache reads are 47.8% of that; $23.63 per M billable (644,850 billable vs 14,575,345 cache-read)
[spend] rep01: $   49.28 / $280.00    17.6%  OK
         cache reads are 72.8% of that; $53.46 per M billable (921,948 billable vs 71,728,945 cache-read)
[spend] rep02: $   22.27 / $280.00     8.0%  OK
         cache reads are 44.6% of that; $19.72 per M billable (1,129,580 billable vs 19,860,094 cache-read)
[spend] rep03: $   16.54 / $280.00     5.9%  OK
         cache reads are 51.8% of that; $30.31 per M billable (545,604 billable vs 17,127,341 cache-read)
[spend] rep04: $   19.64 / $280.00     7.0%  OK
         cache reads are 50.6% of that; $24.85 per M billable (790,579 billable vs 19,880,012 cache-read)
[spend] rep05: $   26.79 / $280.00     9.6%  OK
         cache reads are 53.3% of that; $23.11 per M billable (1,159,349 billable vs 28,580,132 cache-read)
[spend] rep06: $   99.03 / $280.00    35.4%  OK
         cache reads are 62.0% of that; $23.15 per M billable (4,277,733 billable vs 122,780,669 cache-read)
[spend] rep07: $   33.01 / $280.00    11.8%  OK
         cache reads are 50.2% of that; $20.86 per M billable (1,582,328 billable vs 33,158,568 cache-read)
[spend] rep08: $   27.64 / $280.00     9.9%  OK
         cache reads are 52.8% of that; $23.66 per M billable (1,168,189 billable vs 29,213,593 cache-read)
[spend] rep09: $   30.06 / $280.00    10.7%  OK
         cache reads are 52.1% of that; $22.45 per M billable (1,339,247 billable vs 31,330,705 cache-read)
[spend] rep10: $   24.41 / $280.00     8.7%  OK
         cache reads are 60.1% of that; $38.75 per M billable (629,780 billable vs 29,353,269 cache-read)
[spend] rep11: $   16.85 / $280.00     6.0%  OK
         cache reads are 55.0% of that; $31.79 per M billable (529,927 billable vs 18,527,974 cache-read)
[spend] rep12: $   22.19 / $280.00     7.9%  OK
         cache reads are 59.5% of that; $31.15 per M billable (712,140 billable vs 26,394,162 cache-read)
[spend] rep13: $   25.37 / $280.00     9.1%  OK
         cache reads are 57.5% of that; $25.91 per M billable (978,922 billable vs 29,159,396 cache-read)
[spend] rep15: $   26.14 / $280.00     9.3%  OK
         cache reads are 53.2% of that; $22.90 per M billable (1,141,398 billable vs 27,822,845 cache-read)
[spend] rep16: $   32.13 / $280.00    11.5%  OK
         cache reads are 53.6% of that; $21.54 per M billable (1,491,299 billable vs 34,426,333 cache-read)
[spend] rep17: $   15.24 / $280.00     5.4%  OK
         cache reads are 47.8% of that; $23.63 per M billable (644,850 billable vs 14,575,345 cache-read)
[spend] rep01: $   49.28 / $280.00    17.6%  OK
         cache reads are 72.8% of that; $53.46 per M billable (921,948 billable vs 71,728,945 cache-read)
[spend] rep02: $   22.27 / $280.00     8.0%  OK
         cache reads are 44.6% of that; $19.72 per M billable (1,129,580 billable vs 19,860,094 cache-read)
[spend] rep03: $   16.54 / $280.00     5.9%  OK
         cache reads are 51.8% of that; $30.31 per M billable (545,604 billable vs 17,127,341 cache-read)
[spend] rep04: $   19.64 / $280.00     7.0%  OK
         cache reads are 50.6% of that; $24.85 per M billable (790,579 billable vs 19,880,012 cache-read)
[spend] rep05: $   26.91 / $280.00     9.6%  OK
         cache reads are 53.5% of that; $23.19 per M billable (1,160,316 billable vs 28,791,223 cache-read)
[spend] rep06: $   99.03 / $280.00    35.4%  OK
         cache reads are 62.0% of that; $23.15 per M billable (4,277,733 billable vs 122,780,669 cache-read)
[spend] rep07: $   33.12 / $280.00    11.8%  OK
         cache reads are 50.4% of that; $20.93 per M billable (1,582,693 billable vs 33,385,201 cache-read)
[spend] rep08: $   28.26 / $280.00    10.1%  OK
         cache reads are 53.2% of that; $23.91 per M billable (1,181,629 billable vs 30,081,380 cache-read)
[spend] rep09: $   30.06 / $280.00    10.7%  OK
         cache reads are 52.1% of that; $22.45 per M billable (1,339,247 billable vs 31,330,705 cache-read)
[spend] rep10: $   24.41 / $280.00     8.7%  OK
         cache reads are 60.1% of that; $38.75 per M billable (629,780 billable vs 29,353,269 cache-read)
[spend] rep11: $   16.85 / $280.00     6.0%  OK
         cache reads are 55.0% of that; $31.79 per M billable (529,927 billable vs 18,527,974 cache-read)
[spend] rep12: $   22.19 / $280.00     7.9%  OK
         cache reads are 59.5% of that; $31.15 per M billable (712,140 billable vs 26,394,162 cache-read)
[spend] rep13: $   25.37 / $280.00     9.1%  OK
         cache reads are 57.5% of that; $25.91 per M billable (978,922 billable vs 29,159,396 cache-read)
[spend] rep15: $   28.18 / $280.00    10.1%  OK
         cache reads are 54.0% of that; $23.76 per M billable (1,186,448 billable vs 30,442,254 cache-read)
[spend] rep16: $   32.49 / $280.00    11.6%  OK
         cache reads are 54.0% of that; $21.74 per M billable (1,494,325 billable vs 35,062,831 cache-read)
[spend] rep17: $   15.24 / $280.00     5.4%  OK
         cache reads are 47.8% of that; $23.63 per M billable (644,850 billable vs 14,575,345 cache-read)
[spend] rep01: $   49.28 / $280.00    17.6%  OK
         cache reads are 72.8% of that; $53.46 per M billable (921,948 billable vs 71,728,945 cache-read)
[spend] rep02: $   22.27 / $280.00     8.0%  OK
         cache reads are 44.6% of that; $19.72 per M billable (1,129,580 billable vs 19,860,094 cache-read)
[spend] rep03: $   16.54 / $280.00     5.9%  OK
         cache reads are 51.8% of that; $30.31 per M billable (545,604 billable vs 17,127,341 cache-read)
[spend] rep04: $   19.64 / $280.00     7.0%  OK
         cache reads are 50.6% of that; $24.85 per M billable (790,579 billable vs 19,880,012 cache-read)
[spend] rep05: $   26.91 / $280.00     9.6%  OK
         cache reads are 53.5% of that; $23.19 per M billable (1,160,316 billable vs 28,791,223 cache-read)
[spend] rep06: $   99.03 / $280.00    35.4%  OK
         cache reads are 62.0% of that; $23.15 per M billable (4,277,733 billable vs 122,780,669 cache-read)
[spend] rep07: $   33.12 / $280.00    11.8%  OK
         cache reads are 50.4% of that; $20.93 per M billable (1,582,693 billable vs 33,385,201 cache-read)
[spend] rep08: $   28.54 / $280.00    10.2%  OK
         cache reads are 53.5% of that; $24.09 per M billable (1,185,037 billable vs 30,521,874 cache-read)
[spend] rep09: $   30.06 / $280.00    10.7%  OK
         cache reads are 52.1% of that; $22.45 per M billable (1,339,247 billable vs 31,330,705 cache-read)
[spend] rep10: $   24.88 / $280.00     8.9%  OK
         cache reads are 60.6% of that; $39.19 per M billable (634,892 billable vs 30,164,967 cache-read)
[spend] rep11: $   16.85 / $280.00     6.0%  OK
         cache reads are 55.0% of that; $31.79 per M billable (529,927 billable vs 18,527,974 cache-read)
[spend] rep12: $   22.30 / $280.00     8.0%  OK
         cache reads are 59.7% of that; $31.29 per M billable (712,583 billable vs 26,599,145 cache-read)
[spend] rep13: $   25.70 / $280.00     9.2%  OK
         cache reads are 57.5% of that; $26.10 per M billable (984,590 billable vs 29,559,008 cache-read)
[spend] rep15: $   30.44 / $280.00    10.9%  OK
         cache reads are 52.6% of that; $21.98 per M billable (1,384,977 billable vs 32,030,226 cache-read)
[spend] rep16: $   32.49 / $280.00    11.6%  OK
         cache reads are 54.0% of that; $21.74 per M billable (1,494,325 billable vs 35,062,831 cache-read)
[spend] rep17: $   15.24 / $280.00     5.4%  OK
         cache reads are 47.8% of that; $23.63 per M billable (644,850 billable vs 14,575,345 cache-read)
[spend] rep01: $   49.28 / $280.00    17.6%  OK
         cache reads are 72.8% of that; $53.46 per M billable (921,948 billable vs 71,728,945 cache-read)
[spend] rep02: $   22.27 / $280.00     8.0%  OK
         cache reads are 44.6% of that; $19.72 per M billable (1,129,580 billable vs 19,860,094 cache-read)
[spend] rep03: $   16.63 / $280.00     5.9%  OK
         cache reads are 52.0% of that; $30.46 per M billable (545,891 billable vs 17,300,668 cache-read)
[spend] rep04: $   19.64 / $280.00     7.0%  OK
         cache reads are 50.6% of that; $24.85 per M billable (790,579 billable vs 19,880,012 cache-read)
[spend] rep05: $   26.91 / $280.00     9.6%  OK
         cache reads are 53.5% of that; $23.19 per M billable (1,160,316 billable vs 28,791,223 cache-read)
[spend] rep06: $   99.03 / $280.00    35.4%  OK
         cache reads are 62.0% of that; $23.15 per M billable (4,277,733 billable vs 122,780,669 cache-read)
[spend] rep07: $   33.12 / $280.00    11.8%  OK
         cache reads are 50.4% of that; $20.93 per M billable (1,582,693 billable vs 33,385,201 cache-read)
[spend] rep08: $   28.54 / $280.00    10.2%  OK
         cache reads are 53.5% of that; $24.09 per M billable (1,185,037 billable vs 30,521,874 cache-read)
[spend] rep09: $   30.06 / $280.00    10.7%  OK
         cache reads are 52.1% of that; $22.45 per M billable (1,339,247 billable vs 31,330,705 cache-read)
[spend] rep10: $   24.88 / $280.00     8.9%  OK
         cache reads are 60.6% of that; $39.19 per M billable (634,892 billable vs 30,164,967 cache-read)
[spend] rep11: $   16.85 / $280.00     6.0%  OK
         cache reads are 55.0% of that; $31.79 per M billable (529,927 billable vs 18,527,974 cache-read)
[spend] rep12: $   22.30 / $280.00     8.0%  OK
         cache reads are 59.7% of that; $31.29 per M billable (712,583 billable vs 26,599,145 cache-read)
[spend] rep13: $   27.16 / $280.00     9.7%  OK
         cache reads are 58.2% of that; $26.80 per M billable (1,013,750 billable vs 31,595,149 cache-read)
[spend] rep15: $   30.44 / $280.00    10.9%  OK
         cache reads are 52.6% of that; $21.98 per M billable (1,384,977 billable vs 32,030,226 cache-read)
[spend] rep16: $   32.49 / $280.00    11.6%  OK
         cache reads are 54.0% of that; $21.74 per M billable (1,494,325 billable vs 35,062,831 cache-read)
[spend] rep17: $   15.24 / $280.00     5.4%  OK
         cache reads are 47.8% of that; $23.63 per M billable (644,850 billable vs 14,575,345 cache-read)
[spend] rep01: $   49.46 / $280.00    17.7%  OK
         cache reads are 72.8% of that; $53.53 per M billable (923,886 billable vs 72,039,017 cache-read)
[spend] rep02: $   22.27 / $280.00     8.0%  OK
         cache reads are 44.6% of that; $19.72 per M billable (1,129,580 billable vs 19,860,094 cache-read)
[spend] rep03: $   16.63 / $280.00     5.9%  OK
         cache reads are 52.0% of that; $30.46 per M billable (545,891 billable vs 17,300,668 cache-read)
[spend] rep04: $   19.74 / $280.00     7.0%  OK
         cache reads are 50.8% of that; $24.95 per M billable (791,192 billable vs 20,057,695 cache-read)
[spend] rep05: $   26.91 / $280.00     9.6%  OK
         cache reads are 53.5% of that; $23.19 per M billable (1,160,316 billable vs 28,791,223 cache-read)
[spend] rep06: $   99.03 / $280.00    35.4%  OK
         cache reads are 62.0% of that; $23.15 per M billable (4,277,733 billable vs 122,780,669 cache-read)
[spend] rep07: $   33.12 / $280.00    11.8%  OK
         cache reads are 50.4% of that; $20.93 per M billable (1,582,693 billable vs 33,385,201 cache-read)
[spend] rep08: $   28.54 / $280.00    10.2%  OK
         cache reads are 53.5% of that; $24.09 per M billable (1,185,037 billable vs 30,521,874 cache-read)
[spend] rep09: $   30.06 / $280.00    10.7%  OK
         cache reads are 52.1% of that; $22.45 per M billable (1,339,247 billable vs 31,330,705 cache-read)
[spend] rep10: $   24.88 / $280.00     8.9%  OK
         cache reads are 60.6% of that; $39.19 per M billable (634,892 billable vs 30,164,967 cache-read)
[spend] rep11: $   18.21 / $280.00     6.5%  OK
         cache reads are 55.4% of that; $31.80 per M billable (572,434 billable vs 20,166,080 cache-read)
[spend] rep12: $   22.30 / $280.00     8.0%  OK
         cache reads are 59.7% of that; $31.29 per M billable (712,583 billable vs 26,599,145 cache-read)
[spend] rep13: $   27.45 / $280.00     9.8%  OK
         cache reads are 58.3% of that; $26.92 per M billable (1,019,471 billable vs 32,012,416 cache-read)
[spend] rep15: $   30.44 / $280.00    10.9%  OK
         cache reads are 52.6% of that; $21.98 per M billable (1,384,977 billable vs 32,030,226 cache-read)
[spend] rep16: $   32.49 / $280.00    11.6%  OK
         cache reads are 54.0% of that; $21.74 per M billable (1,494,325 billable vs 35,062,831 cache-read)
[spend] rep17: $   15.68 / $280.00     5.6%  OK
         cache reads are 48.4% of that; $24.02 per M billable (653,024 billable vs 15,185,981 cache-read)
[spend] rep01: $   49.46 / $280.00    17.7%  OK
         cache reads are 72.8% of that; $53.53 per M billable (923,886 billable vs 72,039,017 cache-read)
[spend] rep02: $   22.37 / $280.00     8.0%  OK
         cache reads are 44.8% of that; $19.80 per M billable (1,129,985 billable vs 20,043,408 cache-read)
[spend] rep03: $   16.93 / $280.00     6.0%  OK
         cache reads are 52.6% of that; $30.85 per M billable (548,873 billable vs 17,821,192 cache-read)
[spend] rep04: $   19.74 / $280.00     7.0%  OK
         cache reads are 50.8% of that; $24.95 per M billable (791,192 billable vs 20,057,695 cache-read)
[spend] rep05: $   26.91 / $280.00     9.6%  OK
         cache reads are 53.5% of that; $23.19 per M billable (1,160,316 billable vs 28,791,223 cache-read)
[spend] rep06: $   99.03 / $280.00    35.4%  OK
         cache reads are 62.0% of that; $23.15 per M billable (4,277,733 billable vs 122,780,669 cache-read)
[spend] rep07: $   33.12 / $280.00    11.8%  OK
         cache reads are 50.4% of that; $20.93 per M billable (1,582,693 billable vs 33,385,201 cache-read)
[spend] rep08: $   28.54 / $280.00    10.2%  OK
         cache reads are 53.5% of that; $24.09 per M billable (1,185,037 billable vs 30,521,874 cache-read)
[spend] rep09: $   30.17 / $280.00    10.8%  OK
         cache reads are 52.3% of that; $22.52 per M billable (1,339,854 billable vs 31,540,347 cache-read)
[spend] rep10: $   24.88 / $280.00     8.9%  OK
         cache reads are 60.6% of that; $39.19 per M billable (634,892 billable vs 30,164,967 cache-read)
[spend] rep11: $   19.98 / $280.00     7.1%  OK
         cache reads are 56.4% of that; $32.81 per M billable (608,936 billable vs 22,525,939 cache-read)
[spend] rep12: $   22.30 / $280.00     8.0%  OK
         cache reads are 59.7% of that; $31.29 per M billable (712,583 billable vs 26,599,145 cache-read)
[spend] rep13: $   27.45 / $280.00     9.8%  OK
         cache reads are 58.3% of that; $26.92 per M billable (1,019,471 billable vs 32,012,416 cache-read)
[spend] rep15: $   30.44 / $280.00    10.9%  OK
         cache reads are 52.6% of that; $21.98 per M billable (1,384,977 billable vs 32,030,226 cache-read)
[spend] rep16: $   32.61 / $280.00    11.7%  OK
         cache reads are 54.1% of that; $21.81 per M billable (1,495,298 billable vs 35,275,735 cache-read)
[spend] rep17: $   15.68 / $280.00     5.6%  OK
         cache reads are 48.4% of that; $24.02 per M billable (653,024 billable vs 15,185,981 cache-read)
[spend] rep01: $   49.46 / $280.00    17.7%  OK
         cache reads are 72.8% of that; $53.53 per M billable (923,886 billable vs 72,039,017 cache-read)
[spend] rep02: $   22.37 / $280.00     8.0%  OK
         cache reads are 44.8% of that; $19.80 per M billable (1,129,985 billable vs 20,043,408 cache-read)
[spend] rep03: $   17.64 / $280.00     6.3%  OK
         cache reads are 53.0% of that; $31.22 per M billable (565,144 billable vs 18,697,370 cache-read)
[spend] rep04: $   19.74 / $280.00     7.0%  OK
         cache reads are 50.8% of that; $24.95 per M billable (791,192 billable vs 20,057,695 cache-read)
[spend] rep05: $   27.42 / $280.00     9.8%  OK
         cache reads are 54.0% of that; $23.52 per M billable (1,165,814 billable vs 29,638,971 cache-read)
[spend] rep06: $   99.03 / $280.00    35.4%  OK
         cache reads are 62.0% of that; $23.15 per M billable (4,277,733 billable vs 122,780,669 cache-read)
[spend] rep07: $   33.39 / $280.00    11.9%  OK
         cache reads are 50.7% of that; $21.07 per M billable (1,584,531 billable vs 33,838,821 cache-read)
[spend] rep08: $   28.54 / $280.00    10.2%  OK
         cache reads are 53.5% of that; $24.09 per M billable (1,185,037 billable vs 30,521,874 cache-read)
[spend] rep09: $   30.17 / $280.00    10.8%  OK
         cache reads are 52.3% of that; $22.52 per M billable (1,339,854 billable vs 31,540,347 cache-read)
[spend] rep10: $   24.88 / $280.00     8.9%  OK
         cache reads are 60.6% of that; $39.19 per M billable (634,892 billable vs 30,164,967 cache-read)
[spend] rep11: $   19.98 / $280.00     7.1%  OK
         cache reads are 56.4% of that; $32.81 per M billable (608,936 billable vs 22,525,939 cache-read)
[spend] rep12: $   22.30 / $280.00     8.0%  OK
         cache reads are 59.7% of that; $31.29 per M billable (712,583 billable vs 26,599,145 cache-read)
[spend] rep13: $   27.45 / $280.00     9.8%  OK
         cache reads are 58.3% of that; $26.92 per M billable (1,019,471 billable vs 32,012,416 cache-read)
[spend] rep15: $   30.44 / $280.00    10.9%  OK
         cache reads are 52.6% of that; $21.98 per M billable (1,384,977 billable vs 32,030,226 cache-read)
[spend] rep16: $   33.47 / $280.00    11.9%  OK
         cache reads are 54.6% of that; $22.18 per M billable (1,508,888 billable vs 36,560,151 cache-read)
[spend] rep17: $   15.68 / $280.00     5.6%  OK
         cache reads are 48.4% of that; $24.02 per M billable (653,024 billable vs 15,185,981 cache-read)
[spend] rep01: $   49.46 / $280.00    17.7%  OK
         cache reads are 72.8% of that; $53.53 per M billable (923,886 billable vs 72,039,017 cache-read)
[spend] rep02: $   22.37 / $280.00     8.0%  OK
         cache reads are 44.8% of that; $19.80 per M billable (1,129,985 billable vs 20,043,408 cache-read)
[spend] rep03: $   17.64 / $280.00     6.3%  OK
         cache reads are 53.0% of that; $31.22 per M billable (565,144 billable vs 18,697,370 cache-read)
[spend] rep04: $   19.74 / $280.00     7.0%  OK
         cache reads are 50.8% of that; $24.95 per M billable (791,192 billable vs 20,057,695 cache-read)
[spend] rep05: $   27.54 / $280.00     9.8%  OK
         cache reads are 54.2% of that; $23.60 per M billable (1,167,120 billable vs 29,851,985 cache-read)
[spend] rep06: $   99.03 / $280.00    35.4%  OK
         cache reads are 62.0% of that; $23.15 per M billable (4,277,733 billable vs 122,780,669 cache-read)
[spend] rep07: $   33.39 / $280.00    11.9%  OK
         cache reads are 50.7% of that; $21.07 per M billable (1,584,531 billable vs 33,838,821 cache-read)
[spend] rep08: $   29.38 / $280.00    10.5%  OK
         cache reads are 54.2% of that; $24.55 per M billable (1,197,166 billable vs 31,850,963 cache-read)
[spend] rep09: $   30.17 / $280.00    10.8%  OK
         cache reads are 52.3% of that; $22.52 per M billable (1,339,854 billable vs 31,540,347 cache-read)
[spend] rep10: $   25.77 / $280.00     9.2%  OK
         cache reads are 61.3% of that; $39.94 per M billable (645,266 billable vs 31,602,420 cache-read)
[spend] rep11: $   19.98 / $280.00     7.1%  OK
         cache reads are 56.4% of that; $32.81 per M billable (608,936 billable vs 22,525,939 cache-read)
[spend] rep12: $   22.77 / $280.00     8.1%  OK
         cache reads are 60.2% of that; $31.79 per M billable (716,069 billable vs 27,420,547 cache-read)
[spend] rep13: $   27.45 / $280.00     9.8%  OK
         cache reads are 58.3% of that; $26.92 per M billable (1,019,471 billable vs 32,012,416 cache-read)
[spend] rep15: $   31.26 / $280.00    11.2%  OK
         cache reads are 53.2% of that; $22.34 per M billable (1,399,231 billable vs 33,236,047 cache-read)
[spend] rep16: $   33.70 / $280.00    12.0%  OK
         cache reads are 54.9% of that; $22.31 per M billable (1,510,690 billable vs 36,994,944 cache-read)
[spend] rep17: $   15.68 / $280.00     5.6%  OK
         cache reads are 48.4% of that; $24.02 per M billable (653,024 billable vs 15,185,981 cache-read)
[spend] rep01: $   49.46 / $280.00    17.7%  OK
         cache reads are 72.8% of that; $53.53 per M billable (923,886 billable vs 72,039,017 cache-read)
[spend] rep02: $   22.37 / $280.00     8.0%  OK
         cache reads are 44.8% of that; $19.80 per M billable (1,129,985 billable vs 20,043,408 cache-read)
[spend] rep03: $   17.64 / $280.00     6.3%  OK
         cache reads are 53.0% of that; $31.22 per M billable (565,144 billable vs 18,697,370 cache-read)
[spend] rep04: $   19.74 / $280.00     7.0%  OK
         cache reads are 50.8% of that; $24.95 per M billable (791,192 billable vs 20,057,695 cache-read)
[spend] rep05: $   28.01 / $280.00    10.0%  OK
         cache reads are 54.8% of that; $23.95 per M billable (1,169,666 billable vs 30,708,933 cache-read)
[spend] rep06: $   99.03 / $280.00    35.4%  OK
         cache reads are 62.0% of that; $23.15 per M billable (4,277,733 billable vs 122,780,669 cache-read)
[spend] rep07: $   33.39 / $280.00    11.9%  OK
         cache reads are 50.7% of that; $21.07 per M billable (1,584,531 billable vs 33,838,821 cache-read)
[spend] rep08: $   29.38 / $280.00    10.5%  OK
         cache reads are 54.2% of that; $24.55 per M billable (1,197,166 billable vs 31,850,963 cache-read)
[spend] rep09: $   30.17 / $280.00    10.8%  OK
         cache reads are 52.3% of that; $22.52 per M billable (1,339,854 billable vs 31,540,347 cache-read)
[spend] rep10: $   25.77 / $280.00     9.2%  OK
         cache reads are 61.3% of that; $39.94 per M billable (645,266 billable vs 31,602,420 cache-read)
[spend] rep11: $   19.98 / $280.00     7.1%  OK
         cache reads are 56.4% of that; $32.81 per M billable (608,936 billable vs 22,525,939 cache-read)
[spend] rep12: $   24.10 / $280.00     8.6%  OK
         cache reads are 59.9% of that; $31.87 per M billable (756,269 billable vs 28,884,717 cache-read)
[spend] rep13: $   27.82 / $280.00     9.9%  OK
         cache reads are 58.7% of that; $27.19 per M billable (1,023,057 billable vs 32,647,253 cache-read)
[spend] rep15: $   31.26 / $280.00    11.2%  OK
         cache reads are 53.2% of that; $22.34 per M billable (1,399,231 billable vs 33,236,047 cache-read)
[spend] rep16: $   33.70 / $280.00    12.0%  OK
         cache reads are 54.9% of that; $22.31 per M billable (1,510,690 billable vs 36,994,944 cache-read)
[spend] rep17: $   15.78 / $280.00     5.6%  OK
         cache reads are 48.6% of that; $24.09 per M billable (654,977 billable vs 15,340,226 cache-read)
[spend] rep01: $   49.46 / $280.00    17.7%  OK
         cache reads are 72.8% of that; $53.53 per M billable (923,886 billable vs 72,039,017 cache-read)
[spend] rep02: $   22.37 / $280.00     8.0%  OK
         cache reads are 44.8% of that; $19.80 per M billable (1,129,985 billable vs 20,043,408 cache-read)
[spend] rep03: $   17.64 / $280.00     6.3%  OK
         cache reads are 53.0% of that; $31.22 per M billable (565,144 billable vs 18,697,370 cache-read)
[spend] rep04: $   21.33 / $280.00     7.6%  OK
         cache reads are 52.1% of that; $25.84 per M billable (825,585 billable vs 22,219,864 cache-read)
[spend] rep05: $   28.01 / $280.00    10.0%  OK
         cache reads are 54.8% of that; $23.95 per M billable (1,169,666 billable vs 30,708,933 cache-read)
[spend] rep06: $   99.03 / $280.00    35.4%  OK
         cache reads are 62.0% of that; $23.15 per M billable (4,277,733 billable vs 122,780,669 cache-read)
[spend] rep07: $   33.39 / $280.00    11.9%  OK
         cache reads are 50.7% of that; $21.07 per M billable (1,584,531 billable vs 33,838,821 cache-read)
[spend] rep08: $   30.02 / $280.00    10.7%  OK
         cache reads are 54.9% of that; $24.98 per M billable (1,201,941 billable vs 32,974,710 cache-read)
[spend] rep09: $   30.17 / $280.00    10.8%  OK
         cache reads are 52.3% of that; $22.52 per M billable (1,339,854 billable vs 31,540,347 cache-read)
[spend] rep10: $   25.77 / $280.00     9.2%  OK
         cache reads are 61.3% of that; $39.94 per M billable (645,266 billable vs 31,602,420 cache-read)
[spend] rep11: $   19.98 / $280.00     7.1%  OK
         cache reads are 56.4% of that; $32.81 per M billable (608,936 billable vs 22,525,939 cache-read)
[spend] rep12: $   24.10 / $280.00     8.6%  OK
         cache reads are 59.9% of that; $31.87 per M billable (756,269 billable vs 28,884,717 cache-read)
[spend] rep13: $   27.82 / $280.00     9.9%  OK
         cache reads are 58.7% of that; $27.19 per M billable (1,023,057 billable vs 32,647,253 cache-read)
[spend] rep15: $   31.26 / $280.00    11.2%  OK
         cache reads are 53.2% of that; $22.34 per M billable (1,399,231 billable vs 33,236,047 cache-read)
[spend] rep16: $   33.70 / $280.00    12.0%  OK
         cache reads are 54.9% of that; $22.31 per M billable (1,510,690 billable vs 36,994,944 cache-read)
[spend] rep17: $   15.78 / $280.00     5.6%  OK
         cache reads are 48.6% of that; $24.09 per M billable (654,977 billable vs 15,340,226 cache-read)
[spend] rep01: $   49.62 / $280.00    17.7%  OK
         cache reads are 72.9% of that; $53.67 per M billable (924,602 billable vs 72,350,742 cache-read)
[spend] rep02: $   23.09 / $280.00     8.2%  OK
         cache reads are 45.4% of that; $20.15 per M billable (1,146,113 billable vs 20,961,680 cache-read)
[spend] rep03: $   17.64 / $280.00     6.3%  OK
         cache reads are 53.0% of that; $31.22 per M billable (565,144 billable vs 18,697,370 cache-read)
[spend] rep04: $   21.33 / $280.00     7.6%  OK
         cache reads are 52.1% of that; $25.84 per M billable (825,585 billable vs 22,219,864 cache-read)
[spend] rep05: $   28.01 / $280.00    10.0%  OK
         cache reads are 54.8% of that; $23.95 per M billable (1,169,666 billable vs 30,708,933 cache-read)
[spend] rep06: $   99.03 / $280.00    35.4%  OK
         cache reads are 62.0% of that; $23.15 per M billable (4,277,733 billable vs 122,780,669 cache-read)
[spend] rep07: $   33.51 / $280.00    12.0%  OK
         cache reads are 50.8% of that; $21.13 per M billable (1,585,588 billable vs 34,065,935 cache-read)
[spend] rep08: $   30.02 / $280.00    10.7%  OK
         cache reads are 54.9% of that; $24.98 per M billable (1,201,941 billable vs 32,974,710 cache-read)
[spend] rep09: $   30.28 / $280.00    10.8%  OK
         cache reads are 52.4% of that; $22.59 per M billable (1,340,238 billable vs 31,750,445 cache-read)
[spend] rep10: $   25.77 / $280.00     9.2%  OK
         cache reads are 61.3% of that; $39.94 per M billable (645,266 billable vs 31,602,420 cache-read)
[spend] rep11: $   20.09 / $280.00     7.2%  OK
         cache reads are 56.6% of that; $32.93 per M billable (610,156 billable vs 22,727,934 cache-read)
[spend] rep12: $   24.10 / $280.00     8.6%  OK
         cache reads are 59.9% of that; $31.87 per M billable (756,269 billable vs 28,884,717 cache-read)
[spend] rep13: $   27.82 / $280.00     9.9%  OK
         cache reads are 58.7% of that; $27.19 per M billable (1,023,057 billable vs 32,647,253 cache-read)
[spend] rep15: $   31.26 / $280.00    11.2%  OK
         cache reads are 53.2% of that; $22.34 per M billable (1,399,231 billable vs 33,236,047 cache-read)
[spend] rep16: $   33.70 / $280.00    12.0%  OK
         cache reads are 54.9% of that; $22.31 per M billable (1,510,690 billable vs 36,994,944 cache-read)
[spend] rep17: $   15.78 / $280.00     5.6%  OK
         cache reads are 48.6% of that; $24.09 per M billable (654,977 billable vs 15,340,226 cache-read)
[spend] rep01: $   49.62 / $280.00    17.7%  OK
         cache reads are 72.9% of that; $53.67 per M billable (924,602 billable vs 72,350,742 cache-read)
[spend] rep02: $   23.09 / $280.00     8.2%  OK
         cache reads are 45.4% of that; $20.15 per M billable (1,146,113 billable vs 20,961,680 cache-read)
[spend] rep03: $   17.74 / $280.00     6.3%  OK
         cache reads are 53.2% of that; $31.37 per M billable (565,420 billable vs 18,876,261 cache-read)
[spend] rep04: $   21.33 / $280.00     7.6%  OK
         cache reads are 52.1% of that; $25.84 per M billable (825,585 billable vs 22,219,864 cache-read)
[spend] rep05: $   28.01 / $280.00    10.0%  OK
         cache reads are 54.8% of that; $23.95 per M billable (1,169,666 billable vs 30,708,933 cache-read)
[spend] rep06: $   99.03 / $280.00    35.4%  OK
         cache reads are 62.0% of that; $23.15 per M billable (4,277,733 billable vs 122,780,669 cache-read)
[spend] rep07: $   35.61 / $280.00    12.7%  OK
         cache reads are 49.5% of that; $19.67 per M billable (1,810,506 billable vs 35,224,139 cache-read)
[spend] rep08: $   30.42 / $280.00    10.9%  OK
         cache reads are 55.3% of that; $25.23 per M billable (1,205,705 billable vs 33,652,116 cache-read)
[spend] rep09: $   30.28 / $280.00    10.8%  OK
         cache reads are 52.4% of that; $22.59 per M billable (1,340,238 billable vs 31,750,445 cache-read)
[spend] rep10: $   25.77 / $280.00     9.2%  OK
         cache reads are 61.3% of that; $39.94 per M billable (645,266 billable vs 31,602,420 cache-read)
[spend] rep11: $   20.09 / $280.00     7.2%  OK
         cache reads are 56.6% of that; $32.93 per M billable (610,156 billable vs 22,727,934 cache-read)
[spend] rep12: $   24.10 / $280.00     8.6%  OK
         cache reads are 59.9% of that; $31.87 per M billable (756,269 billable vs 28,884,717 cache-read)
[spend] rep13: $   27.82 / $280.00     9.9%  OK
         cache reads are 58.7% of that; $27.19 per M billable (1,023,057 billable vs 32,647,253 cache-read)
[spend] rep15: $   31.26 / $280.00    11.2%  OK
         cache reads are 53.2% of that; $22.34 per M billable (1,399,231 billable vs 33,236,047 cache-read)
[spend] rep16: $   33.70 / $280.00    12.0%  OK
         cache reads are 54.9% of that; $22.31 per M billable (1,510,690 billable vs 36,994,944 cache-read)
[spend] rep17: $   15.78 / $280.00     5.6%  OK
         cache reads are 48.6% of that; $24.09 per M billable (654,977 billable vs 15,340,226 cache-read)
[spend] rep01: $   49.62 / $280.00    17.7%  OK
         cache reads are 72.9% of that; $53.67 per M billable (924,602 billable vs 72,350,742 cache-read)
[spend] rep02: $   23.09 / $280.00     8.2%  OK
         cache reads are 45.4% of that; $20.15 per M billable (1,146,113 billable vs 20,961,680 cache-read)
[spend] rep03: $   17.74 / $280.00     6.3%  OK
         cache reads are 53.2% of that; $31.37 per M billable (565,420 billable vs 18,876,261 cache-read)
[spend] rep04: $   21.33 / $280.00     7.6%  OK
         cache reads are 52.1% of that; $25.84 per M billable (825,585 billable vs 22,219,864 cache-read)
[spend] rep05: $   28.01 / $280.00    10.0%  OK
         cache reads are 54.8% of that; $23.95 per M billable (1,169,666 billable vs 30,708,933 cache-read)
[spend] rep06: $   99.03 / $280.00    35.4%  OK
         cache reads are 62.0% of that; $23.15 per M billable (4,277,733 billable vs 122,780,669 cache-read)
[spend] rep07: $   37.29 / $280.00    13.3%  OK
         cache reads are 49.4% of that; $20.05 per M billable (1,859,555 billable vs 36,860,115 cache-read)
[spend] rep08: $   30.42 / $280.00    10.9%  OK
         cache reads are 55.3% of that; $25.23 per M billable (1,205,705 billable vs 33,652,116 cache-read)
[spend] rep09: $   30.28 / $280.00    10.8%  OK
         cache reads are 52.4% of that; $22.59 per M billable (1,340,238 billable vs 31,750,445 cache-read)
[spend] rep10: $   26.53 / $280.00     9.5%  OK
         cache reads are 61.9% of that; $40.53 per M billable (654,530 billable vs 32,850,782 cache-read)
[spend] rep11: $   20.09 / $280.00     7.2%  OK
         cache reads are 56.6% of that; $32.93 per M billable (610,156 billable vs 22,727,934 cache-read)
[spend] rep12: $   24.10 / $280.00     8.6%  OK
         cache reads are 59.9% of that; $31.87 per M billable (756,269 billable vs 28,884,717 cache-read)
[spend] rep13: $   27.82 / $280.00     9.9%  OK
         cache reads are 58.7% of that; $27.19 per M billable (1,023,057 billable vs 32,647,253 cache-read)
[spend] rep15: $   32.59 / $280.00    11.6%  OK
         cache reads are 51.3% of that; $20.48 per M billable (1,591,187 billable vs 33,457,541 cache-read)
[spend] rep16: $   36.18 / $280.00    12.9%  OK
         cache reads are 53.6% of that; $20.83 per M billable (1,737,080 billable vs 38,764,077 cache-read)
[spend] rep17: $   15.78 / $280.00     5.6%  OK
         cache reads are 48.6% of that; $24.09 per M billable (654,977 billable vs 15,340,226 cache-read)
[spend] rep01: $   49.62 / $280.00    17.7%  OK
         cache reads are 72.9% of that; $53.67 per M billable (924,602 billable vs 72,350,742 cache-read)
[spend] rep02: $   23.09 / $280.00     8.2%  OK
         cache reads are 45.4% of that; $20.15 per M billable (1,146,113 billable vs 20,961,680 cache-read)
[spend] rep03: $   17.74 / $280.00     6.3%  OK
         cache reads are 53.2% of that; $31.37 per M billable (565,420 billable vs 18,876,261 cache-read)
[spend] rep04: $   21.44 / $280.00     7.7%  OK
         cache reads are 52.3% of that; $25.94 per M billable (826,412 billable vs 22,406,169 cache-read)
[spend] rep05: $   28.26 / $280.00    10.1%  OK
         cache reads are 55.1% of that; $24.11 per M billable (1,171,952 billable vs 31,138,291 cache-read)
[spend] rep06: $   99.03 / $280.00    35.4%  OK
         cache reads are 62.0% of that; $23.15 per M billable (4,277,733 billable vs 122,780,669 cache-read)
[spend] rep07: $   37.29 / $280.00    13.3%  OK
         cache reads are 49.4% of that; $20.05 per M billable (1,859,555 billable vs 36,860,115 cache-read)
[spend] rep08: $   30.42 / $280.00    10.9%  OK
         cache reads are 55.3% of that; $25.23 per M billable (1,205,705 billable vs 33,652,116 cache-read)
[spend] rep09: $   30.28 / $280.00    10.8%  OK
         cache reads are 52.4% of that; $22.59 per M billable (1,340,238 billable vs 31,750,445 cache-read)
[spend] rep10: $   26.53 / $280.00     9.5%  OK
         cache reads are 61.9% of that; $40.53 per M billable (654,530 billable vs 32,850,782 cache-read)
[spend] rep11: $   20.09 / $280.00     7.2%  OK
         cache reads are 56.6% of that; $32.93 per M billable (610,156 billable vs 22,727,934 cache-read)
[spend] rep12: $   24.22 / $280.00     8.6%  OK
         cache reads are 60.1% of that; $32.01 per M billable (756,710 billable vs 29,102,471 cache-read)
[spend] rep13: $   27.93 / $280.00    10.0%  OK
         cache reads are 58.8% of that; $27.29 per M billable (1,023,720 billable vs 32,859,999 cache-read)
[spend] rep15: $   34.15 / $280.00    12.2%  OK
         cache reads are 52.0% of that; $21.04 per M billable (1,622,997 billable vs 35,544,265 cache-read)
[spend] rep16: $   36.86 / $280.00    13.2%  OK
         cache reads are 53.8% of that; $21.07 per M billable (1,749,396 billable vs 39,663,070 cache-read)
[spend] rep17: $   15.98 / $280.00     5.7%  OK
         cache reads are 49.0% of that; $24.32 per M billable (657,033 billable vs 15,652,314 cache-read)
[spend] rep01: $   49.62 / $280.00    17.7%  OK
         cache reads are 72.9% of that; $53.67 per M billable (924,602 billable vs 72,350,742 cache-read)
[spend] rep02: $   23.20 / $280.00     8.3%  OK
         cache reads are 45.6% of that; $20.21 per M billable (1,147,846 billable vs 21,147,788 cache-read)
[spend] rep03: $   17.74 / $280.00     6.3%  OK
         cache reads are 53.2% of that; $31.37 per M billable (565,420 billable vs 18,876,261 cache-read)
[spend] rep04: $   21.44 / $280.00     7.7%  OK
         cache reads are 52.3% of that; $25.94 per M billable (826,412 billable vs 22,406,169 cache-read)
[spend] rep05: $   28.26 / $280.00    10.1%  OK
         cache reads are 55.1% of that; $24.11 per M billable (1,171,952 billable vs 31,138,291 cache-read)
[spend] rep06: $   99.03 / $280.00    35.4%  OK
         cache reads are 62.0% of that; $23.15 per M billable (4,277,733 billable vs 122,780,669 cache-read)
[spend] rep07: $   37.29 / $280.00    13.3%  OK
         cache reads are 49.4% of that; $20.05 per M billable (1,859,555 billable vs 36,860,115 cache-read)
[spend] rep08: $   30.42 / $280.00    10.9%  OK
         cache reads are 55.3% of that; $25.23 per M billable (1,205,705 billable vs 33,652,116 cache-read)
[spend] rep09: $   30.28 / $280.00    10.8%  OK
         cache reads are 52.4% of that; $22.59 per M billable (1,340,238 billable vs 31,750,445 cache-read)
[spend] rep10: $   26.53 / $280.00     9.5%  OK
         cache reads are 61.9% of that; $40.53 per M billable (654,530 billable vs 32,850,782 cache-read)
[spend] rep11: $   20.09 / $280.00     7.2%  OK
         cache reads are 56.6% of that; $32.93 per M billable (610,156 billable vs 22,727,934 cache-read)
[spend] rep12: $   24.22 / $280.00     8.6%  OK
         cache reads are 60.1% of that; $32.01 per M billable (756,710 billable vs 29,102,471 cache-read)
[spend] rep13: $   27.93 / $280.00    10.0%  OK
         cache reads are 58.8% of that; $27.29 per M billable (1,023,720 billable vs 32,859,999 cache-read)
[spend] rep15: $   34.27 / $280.00    12.2%  OK
         cache reads are 52.2% of that; $21.09 per M billable (1,624,995 billable vs 35,756,554 cache-read)
[spend] rep16: $   36.86 / $280.00    13.2%  OK
         cache reads are 53.8% of that; $21.07 per M billable (1,749,396 billable vs 39,663,070 cache-read)
[spend] rep17: $   15.98 / $280.00     5.7%  OK
         cache reads are 49.0% of that; $24.32 per M billable (657,033 billable vs 15,652,314 cache-read)
[spend] rep01: $   52.07 / $280.00    18.6%  OK
         cache reads are 73.4% of that; $54.60 per M billable (953,616 billable vs 76,429,911 cache-read)
[spend] rep02: $   23.20 / $280.00     8.3%  OK
         cache reads are 45.6% of that; $20.21 per M billable (1,147,846 billable vs 21,147,788 cache-read)
[spend] rep03: $   17.74 / $280.00     6.3%  OK
         cache reads are 53.2% of that; $31.37 per M billable (565,420 billable vs 18,876,261 cache-read)
[spend] rep04: $   21.44 / $280.00     7.7%  OK
         cache reads are 52.3% of that; $25.94 per M billable (826,412 billable vs 22,406,169 cache-read)
[spend] rep05: $   28.26 / $280.00    10.1%  OK
         cache reads are 55.1% of that; $24.11 per M billable (1,171,952 billable vs 31,138,291 cache-read)
[spend] rep06: $   99.03 / $280.00    35.4%  OK
         cache reads are 62.0% of that; $23.15 per M billable (4,277,733 billable vs 122,780,669 cache-read)
[spend] rep07: $   37.29 / $280.00    13.3%  OK
         cache reads are 49.4% of that; $20.05 per M billable (1,859,555 billable vs 36,860,115 cache-read)
[spend] rep08: $   30.70 / $280.00    11.0%  OK
         cache reads are 55.5% of that; $25.40 per M billable (1,208,669 billable vs 34,105,954 cache-read)
[spend] rep09: $   31.00 / $280.00    11.1%  OK
         cache reads are 52.9% of that; $22.93 per M billable (1,352,154 billable vs 32,802,799 cache-read)
[spend] rep10: $   26.53 / $280.00     9.5%  OK
         cache reads are 61.9% of that; $40.53 per M billable (654,530 billable vs 32,850,782 cache-read)
[spend] rep11: $   20.54 / $280.00     7.3%  OK
         cache reads are 56.8% of that; $33.23 per M billable (618,092 billable vs 23,337,291 cache-read)
[spend] rep12: $   24.22 / $280.00     8.6%  OK
         cache reads are 60.1% of that; $32.01 per M billable (756,710 billable vs 29,102,471 cache-read)
[spend] rep13: $   27.93 / $280.00    10.0%  OK
         cache reads are 58.8% of that; $27.29 per M billable (1,023,720 billable vs 32,859,999 cache-read)
[spend] rep15: $   34.27 / $280.00    12.2%  OK
         cache reads are 52.2% of that; $21.09 per M billable (1,624,995 billable vs 35,756,554 cache-read)
[spend] rep16: $   36.86 / $280.00    13.2%  OK
         cache reads are 53.8% of that; $21.07 per M billable (1,749,396 billable vs 39,663,070 cache-read)
[spend] rep17: $   15.98 / $280.00     5.7%  OK
         cache reads are 49.0% of that; $24.32 per M billable (657,033 billable vs 15,652,314 cache-read)
[spend] rep01: $   53.27 / $280.00    19.0%  OK
         cache reads are 73.5% of that; $54.89 per M billable (970,392 billable vs 78,348,276 cache-read)
[spend] rep02: $   23.20 / $280.00     8.3%  OK
         cache reads are 45.6% of that; $20.21 per M billable (1,147,846 billable vs 21,147,788 cache-read)
[spend] rep03: $   17.83 / $280.00     6.4%  OK
         cache reads are 53.4% of that; $31.52 per M billable (565,696 billable vs 19,055,322 cache-read)
[spend] rep04: $   21.44 / $280.00     7.7%  OK
         cache reads are 52.3% of that; $25.94 per M billable (826,412 billable vs 22,406,169 cache-read)
[spend] rep05: $   28.26 / $280.00    10.1%  OK
         cache reads are 55.1% of that; $24.11 per M billable (1,171,952 billable vs 31,138,291 cache-read)
[spend] rep06: $   99.03 / $280.00    35.4%  OK
         cache reads are 62.0% of that; $23.15 per M billable (4,277,733 billable vs 122,780,669 cache-read)
[spend] rep07: $   37.29 / $280.00    13.3%  OK
         cache reads are 49.4% of that; $20.05 per M billable (1,859,555 billable vs 36,860,115 cache-read)
[spend] rep08: $   30.70 / $280.00    11.0%  OK
         cache reads are 55.5% of that; $25.40 per M billable (1,208,669 billable vs 34,105,954 cache-read)
[spend] rep09: $   31.00 / $280.00    11.1%  OK
         cache reads are 52.9% of that; $22.93 per M billable (1,352,154 billable vs 32,802,799 cache-read)
[spend] rep10: $   26.53 / $280.00     9.5%  OK
         cache reads are 61.9% of that; $40.53 per M billable (654,530 billable vs 32,850,782 cache-read)
[spend] rep11: $   20.54 / $280.00     7.3%  OK
         cache reads are 56.8% of that; $33.23 per M billable (618,092 billable vs 23,337,291 cache-read)
[spend] rep12: $   24.22 / $280.00     8.6%  OK
         cache reads are 60.1% of that; $32.01 per M billable (756,710 billable vs 29,102,471 cache-read)
[spend] rep13: $   27.93 / $280.00    10.0%  OK
         cache reads are 58.8% of that; $27.29 per M billable (1,023,720 billable vs 32,859,999 cache-read)
[spend] rep15: $   34.27 / $280.00    12.2%  OK
         cache reads are 52.2% of that; $21.09 per M billable (1,624,995 billable vs 35,756,554 cache-read)
[spend] rep16: $   36.86 / $280.00    13.2%  OK
         cache reads are 53.8% of that; $21.07 per M billable (1,749,396 billable vs 39,663,070 cache-read)
[spend] rep17: $   15.98 / $280.00     5.7%  OK
         cache reads are 49.0% of that; $24.32 per M billable (657,033 billable vs 15,652,314 cache-read)
[spend] rep01: $   53.27 / $280.00    19.0%  OK
         cache reads are 73.5% of that; $54.89 per M billable (970,392 billable vs 78,348,276 cache-read)
[spend] rep02: $   23.20 / $280.00     8.3%  OK
         cache reads are 45.6% of that; $20.21 per M billable (1,147,846 billable vs 21,147,788 cache-read)
[spend] rep03: $   17.83 / $280.00     6.4%  OK
         cache reads are 53.4% of that; $31.52 per M billable (565,696 billable vs 19,055,322 cache-read)
[spend] rep04: $   21.44 / $280.00     7.7%  OK
         cache reads are 52.3% of that; $25.94 per M billable (826,412 billable vs 22,406,169 cache-read)
[spend] rep05: $   28.38 / $280.00    10.1%  OK
         cache reads are 55.2% of that; $24.20 per M billable (1,172,773 billable vs 31,353,567 cache-read)
[spend] rep06: $   99.03 / $280.00    35.4%  OK
         cache reads are 62.0% of that; $23.15 per M billable (4,277,733 billable vs 122,780,669 cache-read)
[spend] rep07: $   37.87 / $280.00    13.5%  OK
         cache reads are 49.6% of that; $19.99 per M billable (1,893,923 billable vs 37,555,374 cache-read)
[spend] rep08: $   30.70 / $280.00    11.0%  OK
         cache reads are 55.5% of that; $25.40 per M billable (1,208,669 billable vs 34,105,954 cache-read)
[spend] rep09: $   31.00 / $280.00    11.1%  OK
         cache reads are 52.9% of that; $22.93 per M billable (1,352,154 billable vs 32,802,799 cache-read)
[spend] rep10: $   27.58 / $280.00     9.8%  OK
         cache reads are 62.6% of that; $40.93 per M billable (673,709 billable vs 34,534,019 cache-read)
[spend] rep11: $   20.54 / $280.00     7.3%  OK
         cache reads are 56.8% of that; $33.23 per M billable (618,092 billable vs 23,337,291 cache-read)
[spend] rep12: $   24.22 / $280.00     8.6%  OK
         cache reads are 60.1% of that; $32.01 per M billable (756,710 billable vs 29,102,471 cache-read)
[spend] rep13: $   27.93 / $280.00    10.0%  OK
         cache reads are 58.8% of that; $27.29 per M billable (1,023,720 billable vs 32,859,999 cache-read)
[spend] rep15: $   34.27 / $280.00    12.2%  OK
         cache reads are 52.2% of that; $21.09 per M billable (1,624,995 billable vs 35,756,554 cache-read)
[spend] rep16: $   36.86 / $280.00    13.2%  OK
         cache reads are 53.8% of that; $21.07 per M billable (1,749,396 billable vs 39,663,070 cache-read)
[spend] rep17: $   15.98 / $280.00     5.7%  OK
         cache reads are 49.0% of that; $24.32 per M billable (657,033 billable vs 15,652,314 cache-read)
[spend] rep01: $   53.27 / $280.00    19.0%  OK
         cache reads are 73.5% of that; $54.89 per M billable (970,392 billable vs 78,348,276 cache-read)
[spend] rep02: $   23.20 / $280.00     8.3%  OK
         cache reads are 45.6% of that; $20.21 per M billable (1,147,846 billable vs 21,147,788 cache-read)
[spend] rep03: $   17.83 / $280.00     6.4%  OK
         cache reads are 53.4% of that; $31.52 per M billable (565,696 billable vs 19,055,322 cache-read)
[spend] rep04: $   21.54 / $280.00     7.7%  OK
         cache reads are 52.4% of that; $26.04 per M billable (827,000 billable vs 22,593,020 cache-read)
[spend] rep05: $   28.38 / $280.00    10.1%  OK
         cache reads are 55.2% of that; $24.20 per M billable (1,172,773 billable vs 31,353,567 cache-read)
[spend] rep06: $   99.03 / $280.00    35.4%  OK
         cache reads are 62.0% of that; $23.15 per M billable (4,277,733 billable vs 122,780,669 cache-read)
[spend] rep07: $   37.87 / $280.00    13.5%  OK
         cache reads are 49.6% of that; $19.99 per M billable (1,893,923 billable vs 37,555,374 cache-read)
[spend] rep08: $   30.70 / $280.00    11.0%  OK
         cache reads are 55.5% of that; $25.40 per M billable (1,208,669 billable vs 34,105,954 cache-read)
[spend] rep09: $   31.00 / $280.00    11.1%  OK
         cache reads are 52.9% of that; $22.93 per M billable (1,352,154 billable vs 32,802,799 cache-read)
[spend] rep10: $   27.58 / $280.00     9.8%  OK
         cache reads are 62.6% of that; $40.93 per M billable (673,709 billable vs 34,534,019 cache-read)
[spend] rep11: $   20.54 / $280.00     7.3%  OK
         cache reads are 56.8% of that; $33.23 per M billable (618,092 billable vs 23,337,291 cache-read)
[spend] rep12: $   24.34 / $280.00     8.7%  OK
         cache reads are 60.2% of that; $32.14 per M billable (757,507 billable vs 29,320,469 cache-read)
[spend] rep13: $   28.16 / $280.00    10.1%  OK
         cache reads are 59.1% of that; $27.48 per M billable (1,025,040 billable vs 33,286,225 cache-read)
[spend] rep15: $   34.59 / $280.00    12.3%  OK
         cache reads are 52.3% of that; $21.08 per M billable (1,641,269 billable vs 36,169,812 cache-read)
[spend] rep16: $   37.47 / $280.00    13.4%  OK
         cache reads are 54.1% of that; $21.19 per M billable (1,767,921 billable vs 40,561,418 cache-read)
[spend] rep17: $   16.06 / $280.00     5.7%  OK
         cache reads are 49.2% of that; $24.41 per M billable (658,061 billable vs 15,808,544 cache-read)
[spend] rep01: $   53.27 / $280.00    19.0%  OK
         cache reads are 73.5% of that; $54.89 per M billable (970,392 billable vs 78,348,276 cache-read)
[spend] rep02: $   23.30 / $280.00     8.3%  OK
         cache reads are 45.8% of that; $20.29 per M billable (1,148,282 billable vs 21,335,486 cache-read)
[spend] rep03: $   17.83 / $280.00     6.4%  OK
         cache reads are 53.4% of that; $31.52 per M billable (565,696 billable vs 19,055,322 cache-read)
[spend] rep04: $   21.54 / $280.00     7.7%  OK
         cache reads are 52.4% of that; $26.04 per M billable (827,000 billable vs 22,593,020 cache-read)
[spend] rep05: $   28.38 / $280.00    10.1%  OK
         cache reads are 55.2% of that; $24.20 per M billable (1,172,773 billable vs 31,353,567 cache-read)
[spend] rep06: $   99.03 / $280.00    35.4%  OK
         cache reads are 62.0% of that; $23.15 per M billable (4,277,733 billable vs 122,780,669 cache-read)
[spend] rep07: $   37.87 / $280.00    13.5%  OK
         cache reads are 49.6% of that; $19.99 per M billable (1,893,923 billable vs 37,555,374 cache-read)
[spend] rep08: $   30.70 / $280.00    11.0%  OK
         cache reads are 55.5% of that; $25.40 per M billable (1,208,669 billable vs 34,105,954 cache-read)
[spend] rep09: $   31.13 / $280.00    11.1%  OK
         cache reads are 53.0% of that; $22.97 per M billable (1,355,397 billable vs 33,013,363 cache-read)
[spend] rep10: $   27.58 / $280.00     9.8%  OK
         cache reads are 62.6% of that; $40.93 per M billable (673,709 billable vs 34,534,019 cache-read)
[spend] rep11: $   20.54 / $280.00     7.3%  OK
         cache reads are 56.8% of that; $33.23 per M billable (618,092 billable vs 23,337,291 cache-read)
[spend] rep12: $   24.34 / $280.00     8.7%  OK
         cache reads are 60.2% of that; $32.14 per M billable (757,507 billable vs 29,320,469 cache-read)
[spend] rep13: $   28.16 / $280.00    10.1%  OK
         cache reads are 59.1% of that; $27.48 per M billable (1,025,040 billable vs 33,286,225 cache-read)
[spend] rep15: $   34.59 / $280.00    12.3%  OK
         cache reads are 52.3% of that; $21.08 per M billable (1,641,269 billable vs 36,169,812 cache-read)
[spend] rep16: $   37.47 / $280.00    13.4%  OK
         cache reads are 54.1% of that; $21.19 per M billable (1,767,921 billable vs 40,561,418 cache-read)
[spend] rep17: $   16.06 / $280.00     5.7%  OK
         cache reads are 49.2% of that; $24.41 per M billable (658,061 billable vs 15,808,544 cache-read)
[spend] rep01: $   53.27 / $280.00    19.0%  OK
         cache reads are 73.5% of that; $54.89 per M billable (970,392 billable vs 78,348,276 cache-read)
[spend] rep02: $   23.30 / $280.00     8.3%  OK
         cache reads are 45.8% of that; $20.29 per M billable (1,148,282 billable vs 21,335,486 cache-read)
[spend] rep03: $   17.83 / $280.00     6.4%  OK
         cache reads are 53.4% of that; $31.52 per M billable (565,696 billable vs 19,055,322 cache-read)
[spend] rep04: $   21.54 / $280.00     7.7%  OK
         cache reads are 52.4% of that; $26.04 per M billable (827,000 billable vs 22,593,020 cache-read)
[spend] rep05: $   28.38 / $280.00    10.1%  OK
         cache reads are 55.2% of that; $24.20 per M billable (1,172,773 billable vs 31,353,567 cache-read)
[spend] rep06: $   99.03 / $280.00    35.4%  OK
         cache reads are 62.0% of that; $23.15 per M billable (4,277,733 billable vs 122,780,669 cache-read)
[spend] rep07: $   37.87 / $280.00    13.5%  OK
         cache reads are 49.6% of that; $19.99 per M billable (1,893,923 billable vs 37,555,374 cache-read)
[spend] rep08: $   31.02 / $280.00    11.1%  OK
         cache reads are 55.7% of that; $25.55 per M billable (1,214,067 billable vs 34,560,910 cache-read)
[spend] rep09: $   31.13 / $280.00    11.1%  OK
         cache reads are 53.0% of that; $22.97 per M billable (1,355,397 billable vs 33,013,363 cache-read)
[spend] rep10: $   27.58 / $280.00     9.8%  OK
         cache reads are 62.6% of that; $40.93 per M billable (673,709 billable vs 34,534,019 cache-read)
[spend] rep11: $   21.24 / $280.00     7.6%  OK
         cache reads are 57.4% of that; $33.85 per M billable (627,429 billable vs 24,366,785 cache-read)
[spend] rep12: $   25.61 / $280.00     9.2%  OK
         cache reads are 61.1% of that; $33.01 per M billable (775,630 billable vs 31,299,619 cache-read)
[spend] rep13: $   28.16 / $280.00    10.1%  OK
         cache reads are 59.1% of that; $27.48 per M billable (1,025,040 billable vs 33,286,225 cache-read)
[spend] rep15: $   35.99 / $280.00    12.8%  OK
         cache reads are 52.3% of that; $21.22 per M billable (1,695,895 billable vs 37,653,720 cache-read)
[spend] rep16: $   37.47 / $280.00    13.4%  OK
         cache reads are 54.1% of that; $21.19 per M billable (1,767,921 billable vs 40,561,418 cache-read)
[spend] rep17: $   16.06 / $280.00     5.7%  OK
         cache reads are 49.2% of that; $24.41 per M billable (658,061 billable vs 15,808,544 cache-read)
[spend] rep01: $   53.46 / $280.00    19.1%  OK
         cache reads are 73.6% of that; $54.90 per M billable (973,737 billable vs 78,672,109 cache-read)
[spend] rep02: $   23.30 / $280.00     8.3%  OK
         cache reads are 45.8% of that; $20.29 per M billable (1,148,282 billable vs 21,335,486 cache-read)
[spend] rep03: $   17.92 / $280.00     6.4%  OK
         cache reads are 53.7% of that; $31.66 per M billable (566,142 billable vs 19,234,383 cache-read)
[spend] rep04: $   21.54 / $280.00     7.7%  OK
         cache reads are 52.4% of that; $26.04 per M billable (827,000 billable vs 22,593,020 cache-read)
[spend] rep05: $   28.38 / $280.00    10.1%  OK
         cache reads are 55.2% of that; $24.20 per M billable (1,172,773 billable vs 31,353,567 cache-read)
[spend] rep06: $   99.03 / $280.00    35.4%  OK
         cache reads are 62.0% of that; $23.15 per M billable (4,277,733 billable vs 122,780,669 cache-read)
[spend] rep07: $   38.06 / $280.00    13.6%  OK
         cache reads are 49.6% of that; $19.97 per M billable (1,905,557 billable vs 37,787,127 cache-read)
[spend] rep08: $   31.02 / $280.00    11.1%  OK
         cache reads are 55.7% of that; $25.55 per M billable (1,214,067 billable vs 34,560,910 cache-read)
[spend] rep09: $   31.13 / $280.00    11.1%  OK
         cache reads are 53.0% of that; $22.97 per M billable (1,355,397 billable vs 33,013,363 cache-read)
[spend] rep10: $   27.69 / $280.00     9.9%  OK
         cache reads are 62.7% of that; $41.06 per M billable (674,436 billable vs 34,747,777 cache-read)
[spend] rep11: $   21.49 / $280.00     7.7%  OK
         cache reads are 57.7% of that; $34.05 per M billable (631,117 billable vs 24,782,018 cache-read)
[spend] rep12: $   26.74 / $280.00     9.6%  OK
         cache reads are 61.0% of that; $33.35 per M billable (801,834 billable vs 32,645,115 cache-read)
[spend] rep13: $   28.16 / $280.00    10.1%  OK
         cache reads are 59.1% of that; $27.48 per M billable (1,025,040 billable vs 33,286,225 cache-read)
[spend] rep15: $   38.43 / $280.00    13.7%  OK
         cache reads are 51.0% of that; $19.97 per M billable (1,923,988 billable vs 39,226,950 cache-read)
[spend] rep16: $   37.47 / $280.00    13.4%  OK
         cache reads are 54.1% of that; $21.19 per M billable (1,767,921 billable vs 40,561,418 cache-read)
[spend] rep17: $   16.06 / $280.00     5.7%  OK
         cache reads are 49.2% of that; $24.41 per M billable (658,061 billable vs 15,808,544 cache-read)
[spend] rep01: $   53.46 / $280.00    19.1%  OK
         cache reads are 73.6% of that; $54.90 per M billable (973,737 billable vs 78,672,109 cache-read)
[spend] rep02: $   23.30 / $280.00     8.3%  OK
         cache reads are 45.8% of that; $20.29 per M billable (1,148,282 billable vs 21,335,486 cache-read)
[spend] rep03: $   17.92 / $280.00     6.4%  OK
         cache reads are 53.7% of that; $31.66 per M billable (566,142 billable vs 19,234,383 cache-read)
[spend] rep04: $   21.54 / $280.00     7.7%  OK
         cache reads are 52.4% of that; $26.04 per M billable (827,000 billable vs 22,593,020 cache-read)
[spend] rep05: $   28.62 / $280.00    10.2%  OK
         cache reads are 55.5% of that; $24.35 per M billable (1,175,045 billable vs 31,784,119 cache-read)
[spend] rep06: $   99.03 / $280.00    35.4%  OK
         cache reads are 62.0% of that; $23.15 per M billable (4,277,733 billable vs 122,780,669 cache-read)
[spend] rep07: $   38.06 / $280.00    13.6%  OK
         cache reads are 49.6% of that; $19.97 per M billable (1,905,557 billable vs 37,787,127 cache-read)
[spend] rep08: $   31.02 / $280.00    11.1%  OK
         cache reads are 55.7% of that; $25.55 per M billable (1,214,067 billable vs 34,560,910 cache-read)
[spend] rep09: $   31.13 / $280.00    11.1%  OK
         cache reads are 53.0% of that; $22.97 per M billable (1,355,397 billable vs 33,013,363 cache-read)
[spend] rep10: $   27.69 / $280.00     9.9%  OK
         cache reads are 62.7% of that; $41.06 per M billable (674,436 billable vs 34,747,777 cache-read)
[spend] rep11: $   21.49 / $280.00     7.7%  OK
         cache reads are 57.7% of that; $34.05 per M billable (631,117 billable vs 24,782,018 cache-read)
[spend] rep12: $   27.22 / $280.00     9.7%  OK
         cache reads are 61.2% of that; $33.56 per M billable (811,155 billable vs 33,336,067 cache-read)
[spend] rep13: $   28.28 / $280.00    10.1%  OK
         cache reads are 59.2% of that; $27.56 per M billable (1,026,037 billable vs 33,499,338 cache-read)
[spend] rep15: $   38.43 / $280.00    13.7%  OK
         cache reads are 51.0% of that; $19.97 per M billable (1,923,988 billable vs 39,226,950 cache-read)
[spend] rep16: $   37.47 / $280.00    13.4%  OK
         cache reads are 54.1% of that; $21.19 per M billable (1,767,921 billable vs 40,561,418 cache-read)
[spend] rep17: $   16.06 / $280.00     5.7%  OK
         cache reads are 49.2% of that; $24.41 per M billable (658,061 billable vs 15,808,544 cache-read)
[spend] rep01: $   53.46 / $280.00    19.1%  OK
         cache reads are 73.6% of that; $54.90 per M billable (973,737 billable vs 78,672,109 cache-read)
[spend] rep02: $   23.40 / $280.00     8.4%  OK
         cache reads are 46.0% of that; $20.36 per M billable (1,149,262 billable vs 21,523,184 cache-read)
[spend] rep03: $   17.92 / $280.00     6.4%  OK
         cache reads are 53.7% of that; $31.66 per M billable (566,142 billable vs 19,234,383 cache-read)
[spend] rep04: $   22.35 / $280.00     8.0%  OK
         cache reads are 53.0% of that; $26.56 per M billable (841,505 billable vs 23,717,338 cache-read)
[spend] rep05: $   28.62 / $280.00    10.2%  OK
         cache reads are 55.5% of that; $24.35 per M billable (1,175,045 billable vs 31,784,119 cache-read)
[spend] rep06: $   99.03 / $280.00    35.4%  OK
         cache reads are 62.0% of that; $23.15 per M billable (4,277,733 billable vs 122,780,669 cache-read)
[spend] rep07: $   38.06 / $280.00    13.6%  OK
         cache reads are 49.6% of that; $19.97 per M billable (1,905,557 billable vs 37,787,127 cache-read)
[spend] rep08: $   31.02 / $280.00    11.1%  OK
         cache reads are 55.7% of that; $25.55 per M billable (1,214,067 billable vs 34,560,910 cache-read)
[spend] rep09: $   31.13 / $280.00    11.1%  OK
         cache reads are 53.0% of that; $22.97 per M billable (1,355,397 billable vs 33,013,363 cache-read)
[spend] rep10: $   27.69 / $280.00     9.9%  OK
         cache reads are 62.7% of that; $41.06 per M billable (674,436 billable vs 34,747,777 cache-read)
[spend] rep11: $   21.49 / $280.00     7.7%  OK
         cache reads are 57.7% of that; $34.05 per M billable (631,117 billable vs 24,782,018 cache-read)
[spend] rep12: $   27.22 / $280.00     9.7%  OK
         cache reads are 61.2% of that; $33.56 per M billable (811,155 billable vs 33,336,067 cache-read)
[spend] rep13: $   28.28 / $280.00    10.1%  OK
         cache reads are 59.2% of that; $27.56 per M billable (1,026,037 billable vs 33,499,338 cache-read)
[spend] rep15: $   38.43 / $280.00    13.7%  OK
         cache reads are 51.0% of that; $19.97 per M billable (1,923,988 billable vs 39,226,950 cache-read)
[spend] rep16: $   39.20 / $280.00    14.0%  OK
         cache reads are 52.6% of that; $19.74 per M billable (1,985,712 billable vs 41,264,531 cache-read)
[spend] rep17: $   16.15 / $280.00     5.8%  OK
         cache reads are 49.4% of that; $24.50 per M billable (659,275 billable vs 15,964,774 cache-read)
[spend] rep01: $   53.46 / $280.00    19.1%  OK
         cache reads are 73.6% of that; $54.90 per M billable (973,737 billable vs 78,672,109 cache-read)
[spend] rep02: $   23.40 / $280.00     8.4%  OK
         cache reads are 46.0% of that; $20.36 per M billable (1,149,262 billable vs 21,523,184 cache-read)
[spend] rep03: $   17.92 / $280.00     6.4%  OK
         cache reads are 53.7% of that; $31.66 per M billable (566,142 billable vs 19,234,383 cache-read)
[spend] rep04: $   22.75 / $280.00     8.1%  OK
         cache reads are 53.4% of that; $26.79 per M billable (849,206 billable vs 24,289,186 cache-read)
[spend] rep05: $   28.62 / $280.00    10.2%  OK
         cache reads are 55.5% of that; $24.35 per M billable (1,175,045 billable vs 31,784,119 cache-read)
[spend] rep06: $   99.03 / $280.00    35.4%  OK
         cache reads are 62.0% of that; $23.15 per M billable (4,277,733 billable vs 122,780,669 cache-read)
[spend] rep07: $   38.06 / $280.00    13.6%  OK
         cache reads are 49.6% of that; $19.97 per M billable (1,905,557 billable vs 37,787,127 cache-read)
[spend] rep08: $   31.57 / $280.00    11.3%  OK
         cache reads are 56.2% of that; $25.85 per M billable (1,221,433 billable vs 35,478,274 cache-read)
[spend] rep09: $   31.73 / $280.00    11.3%  OK
         cache reads are 53.7% of that; $23.35 per M billable (1,358,788 billable vs 34,082,429 cache-read)
[spend] rep10: $   27.69 / $280.00     9.9%  OK
         cache reads are 62.7% of that; $41.06 per M billable (674,436 billable vs 34,747,777 cache-read)
[spend] rep11: $   21.49 / $280.00     7.7%  OK
         cache reads are 57.7% of that; $34.05 per M billable (631,117 billable vs 24,782,018 cache-read)
[spend] rep12: $   27.22 / $280.00     9.7%  OK
         cache reads are 61.2% of that; $33.56 per M billable (811,155 billable vs 33,336,067 cache-read)
[spend] rep13: $   28.28 / $280.00    10.1%  OK
         cache reads are 59.2% of that; $27.56 per M billable (1,026,037 billable vs 33,499,338 cache-read)
[spend] rep15: $   38.43 / $280.00    13.7%  OK
         cache reads are 51.0% of that; $19.97 per M billable (1,923,988 billable vs 39,226,950 cache-read)
[spend] rep16: $   39.20 / $280.00    14.0%  OK
         cache reads are 52.6% of that; $19.74 per M billable (1,985,712 billable vs 41,264,531 cache-read)
[spend] rep17: $   16.15 / $280.00     5.8%  OK
         cache reads are 49.4% of that; $24.50 per M billable (659,275 billable vs 15,964,774 cache-read)
[spend] rep01: $   53.46 / $280.00    19.1%  OK
         cache reads are 73.6% of that; $54.90 per M billable (973,737 billable vs 78,672,109 cache-read)
[spend] rep02: $   23.40 / $280.00     8.4%  OK
         cache reads are 46.0% of that; $20.36 per M billable (1,149,262 billable vs 21,523,184 cache-read)
[spend] rep03: $   17.92 / $280.00     6.4%  OK
         cache reads are 53.7% of that; $31.66 per M billable (566,142 billable vs 19,234,383 cache-read)
[spend] rep04: $   22.75 / $280.00     8.1%  OK
         cache reads are 53.4% of that; $26.79 per M billable (849,206 billable vs 24,289,186 cache-read)
[spend] rep05: $   28.62 / $280.00    10.2%  OK
         cache reads are 55.5% of that; $24.35 per M billable (1,175,045 billable vs 31,784,119 cache-read)
[spend] rep06: $   99.03 / $280.00    35.4%  OK
         cache reads are 62.0% of that; $23.15 per M billable (4,277,733 billable vs 122,780,669 cache-read)
[spend] rep07: $   38.06 / $280.00    13.6%  OK
         cache reads are 49.6% of that; $19.97 per M billable (1,905,557 billable vs 37,787,127 cache-read)
[spend] rep08: $   31.57 / $280.00    11.3%  OK
         cache reads are 56.2% of that; $25.85 per M billable (1,221,433 billable vs 35,478,274 cache-read)
[spend] rep09: $   31.73 / $280.00    11.3%  OK
         cache reads are 53.7% of that; $23.35 per M billable (1,358,788 billable vs 34,082,429 cache-read)
[spend] rep10: $   27.69 / $280.00     9.9%  OK
         cache reads are 62.7% of that; $41.06 per M billable (674,436 billable vs 34,747,777 cache-read)
[spend] rep11: $   21.49 / $280.00     7.7%  OK
         cache reads are 57.7% of that; $34.05 per M billable (631,117 billable vs 24,782,018 cache-read)
[spend] rep12: $   27.22 / $280.00     9.7%  OK
         cache reads are 61.2% of that; $33.56 per M billable (811,155 billable vs 33,336,067 cache-read)
[spend] rep13: $   28.28 / $280.00    10.1%  OK
         cache reads are 59.2% of that; $27.56 per M billable (1,026,037 billable vs 33,499,338 cache-read)
[spend] rep15: $   38.43 / $280.00    13.7%  OK
         cache reads are 51.0% of that; $19.97 per M billable (1,923,988 billable vs 39,226,950 cache-read)
[spend] rep16: $   39.20 / $280.00    14.0%  OK
         cache reads are 52.6% of that; $19.74 per M billable (1,985,712 billable vs 41,264,531 cache-read)
[spend] rep17: $   16.15 / $280.00     5.8%  OK
         cache reads are 49.4% of that; $24.50 per M billable (659,275 billable vs 15,964,774 cache-read)
[spend] rep01: $   53.63 / $280.00    19.1%  OK
         cache reads are 73.7% of that; $55.03 per M billable (974,451 billable vs 78,999,003 cache-read)
[spend] rep02: $   23.40 / $280.00     8.4%  OK
         cache reads are 46.0% of that; $20.36 per M billable (1,149,262 billable vs 21,523,184 cache-read)
[spend] rep03: $   18.02 / $280.00     6.4%  OK
         cache reads are 53.9% of that; $31.81 per M billable (566,418 billable vs 19,413,784 cache-read)
[spend] rep04: $   22.75 / $280.00     8.1%  OK
         cache reads are 53.4% of that; $26.79 per M billable (849,206 billable vs 24,289,186 cache-read)
[spend] rep05: $   28.62 / $280.00    10.2%  OK
         cache reads are 55.5% of that; $24.35 per M billable (1,175,045 billable vs 31,784,119 cache-read)
[spend] rep06: $   99.03 / $280.00    35.4%  OK
         cache reads are 62.0% of that; $23.15 per M billable (4,277,733 billable vs 122,780,669 cache-read)
[spend] rep07: $   38.18 / $280.00    13.6%  OK
         cache reads are 49.8% of that; $20.04 per M billable (1,905,876 billable vs 38,030,373 cache-read)
[spend] rep08: $   31.57 / $280.00    11.3%  OK
         cache reads are 56.2% of that; $25.85 per M billable (1,221,433 billable vs 35,478,274 cache-read)
[spend] rep09: $   31.73 / $280.00    11.3%  OK
         cache reads are 53.7% of that; $23.35 per M billable (1,358,788 billable vs 34,082,429 cache-read)
[spend] rep10: $   28.08 / $280.00    10.0%  OK
         cache reads are 63.0% of that; $41.43 per M billable (677,811 billable vs 35,390,389 cache-read)
[spend] rep11: $   21.85 / $280.00     7.8%  OK
         cache reads are 58.1% of that; $34.46 per M billable (634,105 billable vs 25,410,340 cache-read)
[spend] rep12: $   27.22 / $280.00     9.7%  OK
         cache reads are 61.2% of that; $33.56 per M billable (811,155 billable vs 33,336,067 cache-read)
[spend] rep13: $   28.28 / $280.00    10.1%  OK
         cache reads are 59.2% of that; $27.56 per M billable (1,026,037 billable vs 33,499,338 cache-read)
[spend] rep15: $   38.55 / $280.00    13.8%  OK
         cache reads are 51.2% of that; $20.03 per M billable (1,924,674 billable vs 39,453,429 cache-read)
[spend] rep16: $   39.20 / $280.00    14.0%  OK
         cache reads are 52.6% of that; $19.74 per M billable (1,985,712 billable vs 41,264,531 cache-read)
[spend] rep17: $   16.15 / $280.00     5.8%  OK
         cache reads are 49.4% of that; $24.50 per M billable (659,275 billable vs 15,964,774 cache-read)
[spend] rep01: $   53.63 / $280.00    19.1%  OK
         cache reads are 73.7% of that; $55.03 per M billable (974,451 billable vs 78,999,003 cache-read)
[spend] rep02: $   23.40 / $280.00     8.4%  OK
         cache reads are 46.0% of that; $20.36 per M billable (1,149,262 billable vs 21,523,184 cache-read)
[spend] rep03: $   18.02 / $280.00     6.4%  OK
         cache reads are 53.9% of that; $31.81 per M billable (566,418 billable vs 19,413,784 cache-read)
[spend] rep04: $   22.86 / $280.00     8.2%  OK
         cache reads are 53.5% of that; $26.87 per M billable (850,671 billable vs 24,481,207 cache-read)
[spend] rep05: $   28.73 / $280.00    10.3%  OK
         cache reads are 55.7% of that; $24.44 per M billable (1,175,599 billable vs 32,000,252 cache-read)
[spend] rep06: $   99.03 / $280.00    35.4%  OK
         cache reads are 62.0% of that; $23.15 per M billable (4,277,733 billable vs 122,780,669 cache-read)
[spend] rep07: $   38.18 / $280.00    13.6%  OK
         cache reads are 49.8% of that; $20.04 per M billable (1,905,876 billable vs 38,030,373 cache-read)
[spend] rep08: $   31.57 / $280.00    11.3%  OK
         cache reads are 56.2% of that; $25.85 per M billable (1,221,433 billable vs 35,478,274 cache-read)
[spend] rep09: $   31.73 / $280.00    11.3%  OK
         cache reads are 53.7% of that; $23.35 per M billable (1,358,788 billable vs 34,082,429 cache-read)
[spend] rep10: $   28.08 / $280.00    10.0%  OK
         cache reads are 63.0% of that; $41.43 per M billable (677,811 billable vs 35,390,389 cache-read)
[spend] rep11: $   21.85 / $280.00     7.8%  OK
         cache reads are 58.1% of that; $34.46 per M billable (634,105 billable vs 25,410,340 cache-read)
[spend] rep12: $   27.34 / $280.00     9.8%  OK
         cache reads are 61.4% of that; $33.69 per M billable (811,530 billable vs 33,570,032 cache-read)
[spend] rep13: $   28.52 / $280.00    10.2%  OK
         cache reads are 59.5% of that; $27.75 per M billable (1,027,623 billable vs 33,927,052 cache-read)
[spend] rep15: $   38.55 / $280.00    13.8%  OK
         cache reads are 51.2% of that; $20.03 per M billable (1,924,674 billable vs 39,453,429 cache-read)
[spend] rep16: $   39.20 / $280.00    14.0%  OK
         cache reads are 52.6% of that; $19.74 per M billable (1,985,712 billable vs 41,264,531 cache-read)
[spend] rep17: $   16.36 / $280.00     5.8%  OK
         cache reads are 49.8% of that; $24.73 per M billable (661,641 billable vs 16,279,354 cache-read)
[spend] rep01: $   53.63 / $280.00    19.1%  OK
         cache reads are 73.7% of that; $55.03 per M billable (974,451 billable vs 78,999,003 cache-read)
[spend] rep02: $   23.50 / $280.00     8.4%  OK
         cache reads are 46.2% of that; $20.44 per M billable (1,149,643 billable vs 21,711,719 cache-read)
[spend] rep03: $   18.02 / $280.00     6.4%  OK
         cache reads are 53.9% of that; $31.81 per M billable (566,418 billable vs 19,413,784 cache-read)
[spend] rep04: $   22.86 / $280.00     8.2%  OK
         cache reads are 53.5% of that; $26.87 per M billable (850,671 billable vs 24,481,207 cache-read)
[spend] rep05: $   28.73 / $280.00    10.3%  OK
         cache reads are 55.7% of that; $24.44 per M billable (1,175,599 billable vs 32,000,252 cache-read)
[spend] rep06: $   99.03 / $280.00    35.4%  OK
         cache reads are 62.0% of that; $23.15 per M billable (4,277,733 billable vs 122,780,669 cache-read)
[spend] rep07: $   38.18 / $280.00    13.6%  OK
         cache reads are 49.8% of that; $20.04 per M billable (1,905,876 billable vs 38,030,373 cache-read)
[spend] rep08: $   31.57 / $280.00    11.3%  OK
         cache reads are 56.2% of that; $25.85 per M billable (1,221,433 billable vs 35,478,274 cache-read)
[spend] rep09: $   31.73 / $280.00    11.3%  OK
         cache reads are 53.7% of that; $23.35 per M billable (1,358,788 billable vs 34,082,429 cache-read)
[spend] rep10: $   28.08 / $280.00    10.0%  OK
         cache reads are 63.0% of that; $41.43 per M billable (677,811 billable vs 35,390,389 cache-read)
[spend] rep11: $   21.85 / $280.00     7.8%  OK
         cache reads are 58.1% of that; $34.46 per M billable (634,105 billable vs 25,410,340 cache-read)
[spend] rep12: $   27.34 / $280.00     9.8%  OK
         cache reads are 61.4% of that; $33.69 per M billable (811,530 billable vs 33,570,032 cache-read)
[spend] rep13: $   28.52 / $280.00    10.2%  OK
         cache reads are 59.5% of that; $27.75 per M billable (1,027,623 billable vs 33,927,052 cache-read)
[spend] rep15: $   38.55 / $280.00    13.8%  OK
         cache reads are 51.2% of that; $20.03 per M billable (1,924,674 billable vs 39,453,429 cache-read)
[spend] rep16: $   40.38 / $280.00    14.4%  OK
         cache reads are 53.4% of that; $20.17 per M billable (2,001,679 billable vs 43,120,278 cache-read)
[spend] rep17: $   16.71 / $280.00     6.0%  OK
         cache reads are 50.1% of that; $24.94 per M billable (669,924 billable vs 16,751,782 cache-read)
[spend] rep01: $   53.63 / $280.00    19.1%  OK
         cache reads are 73.7% of that; $55.03 per M billable (974,451 billable vs 78,999,003 cache-read)
[spend] rep02: $   23.50 / $280.00     8.4%  OK
         cache reads are 46.2% of that; $20.44 per M billable (1,149,643 billable vs 21,711,719 cache-read)
[spend] rep03: $   18.02 / $280.00     6.4%  OK
         cache reads are 53.9% of that; $31.81 per M billable (566,418 billable vs 19,413,784 cache-read)
[spend] rep04: $   22.86 / $280.00     8.2%  OK
         cache reads are 53.5% of that; $26.87 per M billable (850,671 billable vs 24,481,207 cache-read)
[spend] rep05: $   28.73 / $280.00    10.3%  OK
         cache reads are 55.7% of that; $24.44 per M billable (1,175,599 billable vs 32,000,252 cache-read)
[spend] rep06: $   99.03 / $280.00    35.4%  OK
         cache reads are 62.0% of that; $23.15 per M billable (4,277,733 billable vs 122,780,669 cache-read)
[spend] rep07: $   38.18 / $280.00    13.6%  OK
         cache reads are 49.8% of that; $20.04 per M billable (1,905,876 billable vs 38,030,373 cache-read)
[spend] rep08: $   31.69 / $280.00    11.3%  OK
         cache reads are 56.3% of that; $25.93 per M billable (1,222,248 billable vs 35,709,296 cache-read)
[spend] rep09: $   31.84 / $280.00    11.4%  OK
         cache reads are 53.9% of that; $23.42 per M billable (1,359,552 billable vs 34,296,617 cache-read)
[spend] rep10: $   28.08 / $280.00    10.0%  OK
         cache reads are 63.0% of that; $41.43 per M billable (677,811 billable vs 35,390,389 cache-read)
[spend] rep11: $   21.85 / $280.00     7.8%  OK
         cache reads are 58.1% of that; $34.46 per M billable (634,105 billable vs 25,410,340 cache-read)
[spend] rep12: $   27.34 / $280.00     9.8%  OK
         cache reads are 61.4% of that; $33.69 per M billable (811,530 billable vs 33,570,032 cache-read)
[spend] rep13: $   28.52 / $280.00    10.2%  OK
         cache reads are 59.5% of that; $27.75 per M billable (1,027,623 billable vs 33,927,052 cache-read)
[spend] rep15: $   38.55 / $280.00    13.8%  OK
         cache reads are 51.2% of that; $20.03 per M billable (1,924,674 billable vs 39,453,429 cache-read)
[spend] rep16: $   40.38 / $280.00    14.4%  OK
         cache reads are 53.4% of that; $20.17 per M billable (2,001,679 billable vs 43,120,278 cache-read)
[spend] rep17: $   16.71 / $280.00     6.0%  OK
         cache reads are 50.1% of that; $24.94 per M billable (669,924 billable vs 16,751,782 cache-read)
[spend] rep01: $   53.63 / $280.00    19.1%  OK
         cache reads are 73.7% of that; $55.03 per M billable (974,451 billable vs 78,999,003 cache-read)
[spend] rep02: $   23.50 / $280.00     8.4%  OK
         cache reads are 46.2% of that; $20.44 per M billable (1,149,643 billable vs 21,711,719 cache-read)
[spend] rep03: $   18.02 / $280.00     6.4%  OK
         cache reads are 53.9% of that; $31.81 per M billable (566,418 billable vs 19,413,784 cache-read)
[spend] rep04: $   22.86 / $280.00     8.2%  OK
         cache reads are 53.5% of that; $26.87 per M billable (850,671 billable vs 24,481,207 cache-read)
[spend] rep05: $   28.73 / $280.00    10.3%  OK
         cache reads are 55.7% of that; $24.44 per M billable (1,175,599 billable vs 32,000,252 cache-read)
[spend] rep06: $   99.03 / $280.00    35.4%  OK
         cache reads are 62.0% of that; $23.15 per M billable (4,277,733 billable vs 122,780,669 cache-read)
[spend] rep07: $   38.18 / $280.00    13.6%  OK
         cache reads are 49.8% of that; $20.04 per M billable (1,905,876 billable vs 38,030,373 cache-read)
[spend] rep08: $   31.69 / $280.00    11.3%  OK
         cache reads are 56.3% of that; $25.93 per M billable (1,222,248 billable vs 35,709,296 cache-read)
[spend] rep09: $   31.84 / $280.00    11.4%  OK
         cache reads are 53.9% of that; $23.42 per M billable (1,359,552 billable vs 34,296,617 cache-read)
[spend] rep10: $   28.08 / $280.00    10.0%  OK
         cache reads are 63.0% of that; $41.43 per M billable (677,811 billable vs 35,390,389 cache-read)
[spend] rep11: $   21.85 / $280.00     7.8%  OK
         cache reads are 58.1% of that; $34.46 per M billable (634,105 billable vs 25,410,340 cache-read)
[spend] rep12: $   27.34 / $280.00     9.8%  OK
         cache reads are 61.4% of that; $33.69 per M billable (811,530 billable vs 33,570,032 cache-read)
[spend] rep13: $   28.52 / $280.00    10.2%  OK
         cache reads are 59.5% of that; $27.75 per M billable (1,027,623 billable vs 33,927,052 cache-read)
[spend] rep15: $   38.96 / $280.00    13.9%  OK
         cache reads are 51.5% of that; $20.20 per M billable (1,928,262 billable vs 40,133,916 cache-read)
[spend] rep16: $   40.38 / $280.00    14.4%  OK
         cache reads are 53.4% of that; $20.17 per M billable (2,001,679 billable vs 43,120,278 cache-read)
[spend] rep17: $   16.71 / $280.00     6.0%  OK
         cache reads are 50.1% of that; $24.94 per M billable (669,924 billable vs 16,751,782 cache-read)
[spend] rep01: $   54.52 / $280.00    19.5%  OK
         cache reads are 74.0% of that; $55.66 per M billable (979,510 billable vs 80,638,055 cache-read)
[spend] rep02: $   23.50 / $280.00     8.4%  OK
         cache reads are 46.2% of that; $20.44 per M billable (1,149,643 billable vs 21,711,719 cache-read)
[spend] rep03: $   18.11 / $280.00     6.5%  OK
         cache reads are 54.1% of that; $31.96 per M billable (566,738 billable vs 19,593,355 cache-read)
[spend] rep04: $   22.86 / $280.00     8.2%  OK
         cache reads are 53.5% of that; $26.87 per M billable (850,671 billable vs 24,481,207 cache-read)
[spend] rep05: $   28.73 / $280.00    10.3%  OK
         cache reads are 55.7% of that; $24.44 per M billable (1,175,599 billable vs 32,000,252 cache-read)
[spend] rep06: $   99.03 / $280.00    35.4%  OK
         cache reads are 62.0% of that; $23.15 per M billable (4,277,733 billable vs 122,780,669 cache-read)
[spend] rep07: $   38.31 / $280.00    13.7%  OK
         cache reads are 50.0% of that; $20.10 per M billable (1,906,239 billable vs 38,273,797 cache-read)
[spend] rep08: $   31.69 / $280.00    11.3%  OK
         cache reads are 56.3% of that; $25.93 per M billable (1,222,248 billable vs 35,709,296 cache-read)
[spend] rep09: $   31.84 / $280.00    11.4%  OK
         cache reads are 53.9% of that; $23.42 per M billable (1,359,552 billable vs 34,296,617 cache-read)
[spend] rep10: $   28.96 / $280.00    10.3%  OK
         cache reads are 63.3% of that; $41.77 per M billable (693,368 billable vs 36,686,516 cache-read)
[spend] rep11: $   25.26 / $280.00     9.0%  OK
         cache reads are 53.3% of that; $24.29 per M billable (1,039,754 billable vs 26,925,287 cache-read)
[spend] rep12: $   27.34 / $280.00     9.8%  OK
         cache reads are 61.4% of that; $33.69 per M billable (811,530 billable vs 33,570,032 cache-read)
[spend] rep13: $   28.52 / $280.00    10.2%  OK
         cache reads are 59.5% of that; $27.75 per M billable (1,027,623 billable vs 33,927,052 cache-read)
[spend] rep15: $   38.96 / $280.00    13.9%  OK
         cache reads are 51.5% of that; $20.20 per M billable (1,928,262 billable vs 40,133,916 cache-read)
[spend] rep16: $   40.38 / $280.00    14.4%  OK
         cache reads are 53.4% of that; $20.17 per M billable (2,001,679 billable vs 43,120,278 cache-read)
[spend] rep17: $   16.71 / $280.00     6.0%  OK
         cache reads are 50.1% of that; $24.94 per M billable (669,924 billable vs 16,751,782 cache-read)
[spend] rep01: $   56.99 / $280.00    20.3%  OK
         cache reads are 74.5% of that; $57.04 per M billable (999,173 billable vs 84,956,111 cache-read)
[spend] rep02: $   23.81 / $280.00     8.5%  OK
         cache reads are 46.8% of that; $20.68 per M billable (1,151,425 billable vs 22,277,870 cache-read)
[spend] rep03: $   18.11 / $280.00     6.5%  OK
         cache reads are 54.1% of that; $31.96 per M billable (566,738 billable vs 19,593,355 cache-read)
[spend] rep04: $   22.97 / $280.00     8.2%  OK
         cache reads are 53.7% of that; $26.98 per M billable (851,336 billable vs 24,674,415 cache-read)
[spend] rep05: $   28.99 / $280.00    10.3%  OK
         cache reads are 56.0% of that; $24.62 per M billable (1,177,521 billable vs 32,433,108 cache-read)
[spend] rep06: $   99.03 / $280.00    35.4%  OK
         cache reads are 62.0% of that; $23.15 per M billable (4,277,733 billable vs 122,780,669 cache-read)
[spend] rep07: $   38.31 / $280.00    13.7%  OK
         cache reads are 50.0% of that; $20.10 per M billable (1,906,239 billable vs 38,273,797 cache-read)
[spend] rep08: $   31.69 / $280.00    11.3%  OK
         cache reads are 56.3% of that; $25.93 per M billable (1,222,248 billable vs 35,709,296 cache-read)
[spend] rep09: $   31.84 / $280.00    11.4%  OK
         cache reads are 53.9% of that; $23.42 per M billable (1,359,552 billable vs 34,296,617 cache-read)
[spend] rep10: $   28.96 / $280.00    10.3%  OK
         cache reads are 63.3% of that; $41.77 per M billable (693,368 billable vs 36,686,516 cache-read)
[spend] rep11: $   25.26 / $280.00     9.0%  OK
         cache reads are 53.3% of that; $24.29 per M billable (1,039,754 billable vs 26,925,287 cache-read)
[spend] rep12: $   28.81 / $280.00    10.3%  OK
         cache reads are 61.9% of that; $34.50 per M billable (835,144 billable vs 35,685,008 cache-read)
[spend] rep13: $   28.75 / $280.00    10.3%  OK
         cache reads are 59.7% of that; $27.94 per M billable (1,029,213 billable vs 34,355,558 cache-read)
[spend] rep15: $   38.96 / $280.00    13.9%  OK
         cache reads are 51.5% of that; $20.20 per M billable (1,928,262 billable vs 40,133,916 cache-read)
[spend] rep16: $   40.38 / $280.00    14.4%  OK
         cache reads are 53.4% of that; $20.17 per M billable (2,001,679 billable vs 43,120,278 cache-read)
[spend] rep17: $   16.80 / $280.00     6.0%  OK
         cache reads are 50.3% of that; $25.03 per M billable (671,140 billable vs 16,911,033 cache-read)
[spend] rep01: $   58.99 / $280.00    21.1%  OK
         cache reads are 74.9% of that; $57.83 per M billable (1,019,985 billable vs 88,341,964 cache-read)
[spend] rep02: $   24.23 / $280.00     8.6%  OK
         cache reads are 47.1% of that; $20.90 per M billable (1,159,045 billable vs 22,844,873 cache-read)
[spend] rep03: $   18.11 / $280.00     6.5%  OK
         cache reads are 54.1% of that; $31.96 per M billable (566,738 billable vs 19,593,355 cache-read)
[spend] rep04: $   22.97 / $280.00     8.2%  OK
         cache reads are 53.7% of that; $26.98 per M billable (851,336 billable vs 24,674,415 cache-read)
[spend] rep05: $   29.79 / $280.00    10.6%  OK
         cache reads are 56.3% of that; $24.92 per M billable (1,195,412 billable vs 33,523,419 cache-read)
[spend] rep06: $   99.03 / $280.00    35.4%  OK
         cache reads are 62.0% of that; $23.15 per M billable (4,277,733 billable vs 122,780,669 cache-read)
[spend] rep07: $   38.31 / $280.00    13.7%  OK
         cache reads are 50.0% of that; $20.10 per M billable (1,906,239 billable vs 38,273,797 cache-read)
[spend] rep08: $   31.69 / $280.00    11.3%  OK
         cache reads are 56.3% of that; $25.93 per M billable (1,222,248 billable vs 35,709,296 cache-read)
[spend] rep09: $   31.84 / $280.00    11.4%  OK
         cache reads are 53.9% of that; $23.42 per M billable (1,359,552 billable vs 34,296,617 cache-read)
[spend] rep10: $   28.96 / $280.00    10.3%  OK
         cache reads are 63.3% of that; $41.77 per M billable (693,368 billable vs 36,686,516 cache-read)
[spend] rep11: $   25.26 / $280.00     9.0%  OK
         cache reads are 53.3% of that; $24.29 per M billable (1,039,754 billable vs 26,925,287 cache-read)
[spend] rep12: $   28.81 / $280.00    10.3%  OK
         cache reads are 61.9% of that; $34.50 per M billable (835,144 billable vs 35,685,008 cache-read)
[spend] rep13: $   28.75 / $280.00    10.3%  OK
         cache reads are 59.7% of that; $27.94 per M billable (1,029,213 billable vs 34,355,558 cache-read)
[spend] rep15: $   39.81 / $280.00    14.2%  OK
         cache reads are 52.1% of that; $20.52 per M billable (1,939,941 billable vs 41,500,995 cache-read)
[spend] rep16: $   41.88 / $280.00    15.0%  OK
         cache reads are 51.8% of that; $18.88 per M billable (2,218,784 billable vs 43,376,208 cache-read)
[spend] rep17: $   16.80 / $280.00     6.0%  OK
         cache reads are 50.3% of that; $25.03 per M billable (671,140 billable vs 16,911,033 cache-read)
[spend] rep01: $   58.99 / $280.00    21.1%  OK
         cache reads are 74.9% of that; $57.83 per M billable (1,019,985 billable vs 88,341,964 cache-read)
[spend] rep02: $   24.23 / $280.00     8.6%  OK
         cache reads are 47.1% of that; $20.90 per M billable (1,159,045 billable vs 22,844,873 cache-read)
[spend] rep03: $   19.40 / $280.00     6.9%  OK
         cache reads are 54.7% of that; $32.58 per M billable (595,586 billable vs 21,228,296 cache-read)
[spend] rep04: $   22.97 / $280.00     8.2%  OK
         cache reads are 53.7% of that; $26.98 per M billable (851,336 billable vs 24,674,415 cache-read)
[spend] rep05: $   29.79 / $280.00    10.6%  OK
         cache reads are 56.3% of that; $24.92 per M billable (1,195,412 billable vs 33,523,419 cache-read)
[spend] rep06: $   99.03 / $280.00    35.4%  OK
         cache reads are 62.0% of that; $23.15 per M billable (4,277,733 billable vs 122,780,669 cache-read)
[spend] rep07: $   38.31 / $280.00    13.7%  OK
         cache reads are 50.0% of that; $20.10 per M billable (1,906,239 billable vs 38,273,797 cache-read)
[spend] rep08: $   33.03 / $280.00    11.8%  OK
         cache reads are 57.2% of that; $26.66 per M billable (1,239,206 billable vs 37,802,626 cache-read)
[spend] rep09: $   31.95 / $280.00    11.4%  OK
         cache reads are 54.0% of that; $23.49 per M billable (1,359,980 billable vs 34,511,418 cache-read)
[spend] rep10: $   28.96 / $280.00    10.3%  OK
         cache reads are 63.3% of that; $41.77 per M billable (693,368 billable vs 36,686,516 cache-read)
[spend] rep11: $   25.26 / $280.00     9.0%  OK
         cache reads are 53.3% of that; $24.29 per M billable (1,039,754 billable vs 26,925,287 cache-read)
[spend] rep12: $   28.81 / $280.00    10.3%  OK
         cache reads are 61.9% of that; $34.50 per M billable (835,144 billable vs 35,685,008 cache-read)
[spend] rep13: $   28.75 / $280.00    10.3%  OK
         cache reads are 59.7% of that; $27.94 per M billable (1,029,213 billable vs 34,355,558 cache-read)
[spend] rep15: $   39.81 / $280.00    14.2%  OK
         cache reads are 52.1% of that; $20.52 per M billable (1,939,941 billable vs 41,500,995 cache-read)
[spend] rep16: $   41.88 / $280.00    15.0%  OK
         cache reads are 51.8% of that; $18.88 per M billable (2,218,784 billable vs 43,376,208 cache-read)
[spend] rep17: $   16.80 / $280.00     6.0%  OK
         cache reads are 50.3% of that; $25.03 per M billable (671,140 billable vs 16,911,033 cache-read)
[spend] rep01: $   58.99 / $280.00    21.1%  OK
         cache reads are 74.9% of that; $57.83 per M billable (1,019,985 billable vs 88,341,964 cache-read)
[spend] rep02: $   24.23 / $280.00     8.6%  OK
         cache reads are 47.1% of that; $20.90 per M billable (1,159,045 billable vs 22,844,873 cache-read)
[spend] rep03: $   19.40 / $280.00     6.9%  OK
         cache reads are 54.7% of that; $32.58 per M billable (595,586 billable vs 21,228,296 cache-read)
[spend] rep04: $   22.97 / $280.00     8.2%  OK
         cache reads are 53.7% of that; $26.98 per M billable (851,336 billable vs 24,674,415 cache-read)
[spend] rep05: $   29.79 / $280.00    10.6%  OK
         cache reads are 56.3% of that; $24.92 per M billable (1,195,412 billable vs 33,523,419 cache-read)
[spend] rep06: $   99.03 / $280.00    35.4%  OK
         cache reads are 62.0% of that; $23.15 per M billable (4,277,733 billable vs 122,780,669 cache-read)
[spend] rep07: $   38.31 / $280.00    13.7%  OK
         cache reads are 50.0% of that; $20.10 per M billable (1,906,239 billable vs 38,273,797 cache-read)
[spend] rep08: $   33.03 / $280.00    11.8%  OK
         cache reads are 57.2% of that; $26.66 per M billable (1,239,206 billable vs 37,802,626 cache-read)
[spend] rep09: $   31.95 / $280.00    11.4%  OK
         cache reads are 54.0% of that; $23.49 per M billable (1,359,980 billable vs 34,511,418 cache-read)
[spend] rep10: $   29.21 / $280.00    10.4%  OK
         cache reads are 63.5% of that; $42.01 per M billable (695,270 billable vs 37,126,234 cache-read)
[spend] rep11: $   25.26 / $280.00     9.0%  OK
         cache reads are 53.3% of that; $24.29 per M billable (1,039,754 billable vs 26,925,287 cache-read)
[spend] rep12: $   28.81 / $280.00    10.3%  OK
         cache reads are 61.9% of that; $34.50 per M billable (835,144 billable vs 35,685,008 cache-read)
[spend] rep13: $   28.75 / $280.00    10.3%  OK
         cache reads are 59.7% of that; $27.94 per M billable (1,029,213 billable vs 34,355,558 cache-read)
[spend] rep15: $   39.81 / $280.00    14.2%  OK
         cache reads are 52.1% of that; $20.52 per M billable (1,939,941 billable vs 41,500,995 cache-read)
[spend] rep16: $   41.88 / $280.00    15.0%  OK
         cache reads are 51.8% of that; $18.88 per M billable (2,218,784 billable vs 43,376,208 cache-read)
[spend] rep17: $   16.80 / $280.00     6.0%  OK
         cache reads are 50.3% of that; $25.03 per M billable (671,140 billable vs 16,911,033 cache-read)
[spend] rep01: $   59.19 / $280.00    21.1%  OK
         cache reads are 74.9% of that; $57.84 per M billable (1,023,180 billable vs 88,685,808 cache-read)
[spend] rep02: $   24.33 / $280.00     8.7%  OK
         cache reads are 47.3% of that; $20.99 per M billable (1,159,162 billable vs 23,036,564 cache-read)
[spend] rep03: $   19.89 / $280.00     7.1%  OK
         cache reads are 55.7% of that; $33.33 per M billable (596,684 billable vs 22,168,398 cache-read)
[spend] rep04: $   23.50 / $280.00     8.4%  OK
         cache reads are 54.6% of that; $27.45 per M billable (856,147 billable vs 25,647,146 cache-read)
[spend] rep05: $   29.79 / $280.00    10.6%  OK
         cache reads are 56.3% of that; $24.92 per M billable (1,195,412 billable vs 33,523,419 cache-read)
[spend] rep06: $   99.03 / $280.00    35.4%  OK
         cache reads are 62.0% of that; $23.15 per M billable (4,277,733 billable vs 122,780,669 cache-read)
[spend] rep07: $   38.44 / $280.00    13.7%  OK
         cache reads are 50.1% of that; $20.16 per M billable (1,906,381 billable vs 38,517,728 cache-read)
[spend] rep08: $   33.03 / $280.00    11.8%  OK
         cache reads are 57.2% of that; $26.66 per M billable (1,239,206 billable vs 37,802,626 cache-read)
[spend] rep09: $   32.17 / $280.00    11.5%  OK
         cache reads are 54.3% of that; $23.65 per M billable (1,360,145 billable vs 34,942,483 cache-read)
[spend] rep10: $   29.32 / $280.00    10.5%  OK
         cache reads are 63.7% of that; $42.17 per M billable (695,399 billable vs 37,347,193 cache-read)
[spend] rep11: $   25.26 / $280.00     9.0%  OK
         cache reads are 53.3% of that; $24.29 per M billable (1,039,754 billable vs 26,925,287 cache-read)
[spend] rep12: $   29.31 / $280.00    10.5%  OK
         cache reads are 62.5% of that; $35.04 per M billable (836,421 billable vs 36,655,935 cache-read)
[spend] rep13: $   29.32 / $280.00    10.5%  OK
         cache reads are 60.4% of that; $28.41 per M billable (1,032,015 billable vs 35,433,436 cache-read)
[spend] rep15: $   40.05 / $280.00    14.3%  OK
         cache reads are 52.4% of that; $20.64 per M billable (1,940,254 billable vs 41,962,475 cache-read)
[spend] rep16: $   41.88 / $280.00    15.0%  OK
         cache reads are 51.8% of that; $18.88 per M billable (2,218,784 billable vs 43,376,208 cache-read)
[spend] rep17: $   17.22 / $280.00     6.2%  OK
         cache reads are 51.4% of that; $25.58 per M billable (673,135 billable vs 17,715,827 cache-read)
[spend] rep01: $   59.92 / $280.00    21.4%  OK
         cache reads are 75.2% of that; $58.42 per M billable (1,025,631 billable vs 90,076,679 cache-read)
[spend] rep02: $   24.97 / $280.00     8.9%  OK
         cache reads are 48.4% of that; $21.48 per M billable (1,162,582 billable vs 24,193,956 cache-read)
[spend] rep03: $   20.30 / $280.00     7.2%  OK
         cache reads are 56.5% of that; $33.93 per M billable (598,417 billable vs 22,925,030 cache-read)
[spend] rep04: $   24.36 / $280.00     8.7%  OK
         cache reads are 55.9% of that; $28.32 per M billable (860,100 billable vs 27,218,991 cache-read)
[spend] rep05: $   30.27 / $280.00    10.8%  OK
         cache reads are 56.9% of that; $25.28 per M billable (1,197,145 billable vs 34,415,090 cache-read)
[spend] rep06: $   99.03 / $280.00    35.4%  OK
         cache reads are 62.0% of that; $23.15 per M billable (4,277,733 billable vs 122,780,669 cache-read)
[spend] rep07: $   39.09 / $280.00    14.0%  OK
         cache reads are 50.8% of that; $20.47 per M billable (1,909,277 billable vs 39,741,149 cache-read)
[spend] rep08: $   34.07 / $280.00    12.2%  OK
         cache reads are 58.3% of that; $27.39 per M billable (1,244,004 billable vs 39,726,786 cache-read)
[spend] rep09: $   32.99 / $280.00    11.8%  OK
         cache reads are 55.2% of that; $24.18 per M billable (1,364,434 billable vs 36,458,303 cache-read)
[spend] rep10: $   30.04 / $280.00    10.7%  OK
         cache reads are 64.4% of that; $43.02 per M billable (698,417 billable vs 38,685,331 cache-read)
[spend] rep11: $   25.88 / $280.00     9.2%  OK
         cache reads are 54.1% of that; $24.75 per M billable (1,045,504 billable vs 28,006,867 cache-read)
[spend] rep12: $   32.41 / $280.00    11.6%  OK
         cache reads are 57.0% of that; $24.78 per M billable (1,307,645 billable vs 36,939,071 cache-read)
[spend] rep13: $   30.04 / $280.00    10.7%  OK
         cache reads are 61.2% of that; $29.01 per M billable (1,035,410 billable vs 36,738,480 cache-read)
[spend] rep15: $   43.02 / $280.00    15.4%  OK
         cache reads are 52.0% of that; $19.82 per M billable (2,170,473 billable vs 44,765,097 cache-read)
[spend] rep16: $   42.26 / $280.00    15.1%  OK
         cache reads are 52.2% of that; $19.04 per M billable (2,219,924 billable vs 44,087,584 cache-read)
[spend] rep17: $   17.67 / $280.00     6.3%  OK
         cache reads are 52.4% of that; $26.13 per M billable (676,364 billable vs 18,525,742 cache-read)
[spend] rep01: $   61.31 / $280.00    21.9%  OK
         cache reads are 75.5% of that; $59.11 per M billable (1,037,148 billable vs 92,527,928 cache-read)
[spend] rep02: $   26.51 / $280.00     9.5%  OK
         cache reads are 49.7% of that; $22.24 per M billable (1,192,174 billable vs 26,339,179 cache-read)
[spend] rep03: $   20.30 / $280.00     7.2%  OK
         cache reads are 56.5% of that; $33.93 per M billable (598,417 billable vs 22,925,030 cache-read)
[spend] rep04: $   26.09 / $280.00     9.3%  OK
         cache reads are 57.1% of that; $29.43 per M billable (886,474 billable vs 29,803,841 cache-read)
[spend] rep05: $   31.24 / $280.00    11.2%  OK
         cache reads are 57.2% of that; $25.68 per M billable (1,216,551 billable vs 35,765,419 cache-read)
[spend] rep06: $   99.03 / $280.00    35.4%  OK
         cache reads are 62.0% of that; $23.15 per M billable (4,277,733 billable vs 122,780,669 cache-read)
[spend] rep07: $   41.42 / $280.00    14.8%  OK
         cache reads are 52.5% of that; $21.34 per M billable (1,940,515 billable vs 43,488,921 cache-read)
[spend] rep08: $   35.68 / $280.00    12.7%  OK
         cache reads are 58.7% of that; $27.93 per M billable (1,277,622 billable vs 41,906,955 cache-read)
[spend] rep09: $   35.15 / $280.00    12.6%  OK
         cache reads are 56.6% of that; $25.17 per M billable (1,396,368 billable vs 39,764,455 cache-read)
[spend] rep10: $   31.83 / $280.00    11.4%  OK
         cache reads are 64.7% of that; $43.50 per M billable (731,667 billable vs 41,161,567 cache-read)
[spend] rep11: $   27.26 / $280.00     9.7%  OK
         cache reads are 54.6% of that; $25.34 per M billable (1,076,033 billable vs 29,760,217 cache-read)
[spend] rep12: $   34.14 / $280.00    12.2%  OK
         cache reads are 58.2% of that; $25.67 per M billable (1,329,747 billable vs 39,713,229 cache-read)
[spend] rep13: $   31.93 / $280.00    11.4%  OK
         cache reads are 62.4% of that; $30.18 per M billable (1,057,962 billable vs 39,823,835 cache-read)
[spend] rep15: $   45.31 / $280.00    16.2%  OK
         cache reads are 53.3% of that; $20.56 per M billable (2,203,805 billable vs 48,344,351 cache-read)
[spend] rep16: $   45.53 / $280.00    16.3%  OK
         cache reads are 51.6% of that; $18.40 per M billable (2,473,731 billable vs 46,982,963 cache-read)
[spend] rep17: $   18.77 / $280.00     6.7%  OK
         cache reads are 53.3% of that; $26.82 per M billable (699,686 billable vs 19,996,472 cache-read)
[spend] rep01: $   62.73 / $280.00    22.4%  OK
         cache reads are 75.7% of that; $59.75 per M billable (1,049,857 billable vs 95,007,208 cache-read)
[spend] rep02: $   28.05 / $280.00    10.0%  OK
         cache reads are 50.9% of that; $22.96 per M billable (1,221,737 billable vs 28,558,435 cache-read)
[spend] rep03: $   20.30 / $280.00     7.2%  OK
         cache reads are 56.5% of that; $33.93 per M billable (598,417 billable vs 22,925,030 cache-read)
[spend] rep04: $   26.09 / $280.00     9.3%  OK
         cache reads are 57.1% of that; $29.43 per M billable (886,474 billable vs 29,803,841 cache-read)
[spend] rep05: $   31.24 / $280.00    11.2%  OK
         cache reads are 57.2% of that; $25.68 per M billable (1,216,551 billable vs 35,765,419 cache-read)
[spend] rep06: $   99.03 / $280.00    35.4%  OK
         cache reads are 62.0% of that; $23.15 per M billable (4,277,733 billable vs 122,780,669 cache-read)
[spend] rep07: $   43.08 / $280.00    15.4%  OK
         cache reads are 53.5% of that; $21.89 per M billable (1,968,095 billable vs 46,075,465 cache-read)
[spend] rep08: $   36.06 / $280.00    12.9%  OK
         cache reads are 58.8% of that; $27.99 per M billable (1,288,038 billable vs 42,401,137 cache-read)
[spend] rep09: $   35.91 / $280.00    12.8%  OK
         cache reads are 57.0% of that; $25.52 per M billable (1,407,106 billable vs 40,896,087 cache-read)
[spend] rep10: $   33.97 / $280.00    12.1%  OK
         cache reads are 65.1% of that; $43.61 per M billable (778,962 billable vs 44,222,118 cache-read)
[spend] rep11: $   28.87 / $280.00    10.3%  OK
         cache reads are 54.7% of that; $25.77 per M billable (1,120,558 billable vs 31,592,950 cache-read)
[spend] rep12: $   35.89 / $280.00    12.8%  OK
         cache reads are 59.0% of that; $26.44 per M billable (1,357,511 billable vs 42,309,915 cache-read)
[spend] rep13: $   32.46 / $280.00    11.6%  OK
         cache reads are 62.4% of that; $30.33 per M billable (1,070,163 billable vs 40,497,560 cache-read)
[spend] rep15: $   45.31 / $280.00    16.2%  OK
         cache reads are 53.3% of that; $20.56 per M billable (2,203,805 billable vs 48,344,351 cache-read)
[spend] rep16: $   45.53 / $280.00    16.3%  OK
         cache reads are 51.6% of that; $18.40 per M billable (2,473,731 billable vs 46,982,963 cache-read)
[spend] rep17: $   19.56 / $280.00     7.0%  OK
         cache reads are 53.3% of that; $27.06 per M billable (722,852 billable vs 20,846,703 cache-read)
[spend] rep01: $   62.73 / $280.00    22.4%  OK
         cache reads are 75.7% of that; $59.75 per M billable (1,049,857 billable vs 95,007,208 cache-read)
[spend] rep02: $   29.79 / $280.00    10.6%  OK
         cache reads are 51.1% of that; $23.42 per M billable (1,271,813 billable vs 30,419,929 cache-read)
[spend] rep03: $   20.30 / $280.00     7.2%  OK
         cache reads are 56.5% of that; $33.93 per M billable (598,417 billable vs 22,925,030 cache-read)
[spend] rep04: $   26.09 / $280.00     9.3%  OK
         cache reads are 57.1% of that; $29.43 per M billable (886,474 billable vs 29,803,841 cache-read)
[spend] rep05: $   31.24 / $280.00    11.2%  OK
         cache reads are 57.2% of that; $25.68 per M billable (1,216,551 billable vs 35,765,419 cache-read)
[spend] rep06: $   99.03 / $280.00    35.4%  OK
         cache reads are 62.0% of that; $23.15 per M billable (4,277,733 billable vs 122,780,669 cache-read)
[spend] rep07: $   46.31 / $280.00    16.5%  OK
         cache reads are 52.3% of that; $20.64 per M billable (2,243,377 billable vs 48,477,386 cache-read)
[spend] rep08: $   36.35 / $280.00    13.0%  OK
         cache reads are 59.0% of that; $28.12 per M billable (1,292,490 billable vs 42,902,133 cache-read)
[spend] rep09: $   35.91 / $280.00    12.8%  OK
         cache reads are 57.0% of that; $25.52 per M billable (1,407,106 billable vs 40,896,087 cache-read)
[spend] rep10: $   36.50 / $280.00    13.0%  OK
         cache reads are 66.3% of that; $45.25 per M billable (806,613 billable vs 48,412,522 cache-read)
[spend] rep11: $   29.79 / $280.00    10.6%  OK
         cache reads are 55.4% of that; $26.25 per M billable (1,134,591 billable vs 33,024,006 cache-read)
[spend] rep12: $   35.89 / $280.00    12.8%  OK
         cache reads are 59.0% of that; $26.44 per M billable (1,357,511 billable vs 42,309,915 cache-read)
[spend] rep13: $   32.46 / $280.00    11.6%  OK
         cache reads are 62.4% of that; $30.33 per M billable (1,070,163 billable vs 40,497,560 cache-read)
[spend] rep15: $   45.31 / $280.00    16.2%  OK
         cache reads are 53.3% of that; $20.56 per M billable (2,203,805 billable vs 48,344,351 cache-read)
[spend] rep16: $   45.53 / $280.00    16.3%  OK
         cache reads are 51.6% of that; $18.40 per M billable (2,473,731 billable vs 46,982,963 cache-read)
[spend] rep17: $   19.56 / $280.00     7.0%  OK
         cache reads are 53.3% of that; $27.06 per M billable (722,852 billable vs 20,846,703 cache-read)
[spend] rep01: $   62.73 / $280.00    22.4%  OK
         cache reads are 75.7% of that; $59.75 per M billable (1,049,857 billable vs 95,007,208 cache-read)
[spend] rep02: $   32.54 / $280.00    11.6%  OK
         cache reads are 49.1% of that; $21.30 per M billable (1,527,516 billable vs 31,946,014 cache-read)
[spend] rep03: $   20.30 / $280.00     7.2%  OK
         cache reads are 56.5% of that; $33.93 per M billable (598,417 billable vs 22,925,030 cache-read)
[spend] rep04: $   26.09 / $280.00     9.3%  OK
         cache reads are 57.1% of that; $29.43 per M billable (886,474 billable vs 29,803,841 cache-read)
[spend] rep05: $   31.24 / $280.00    11.2%  OK
         cache reads are 57.2% of that; $25.68 per M billable (1,216,551 billable vs 35,765,419 cache-read)
[spend] rep06: $   99.03 / $280.00    35.4%  OK
         cache reads are 62.0% of that; $23.15 per M billable (4,277,733 billable vs 122,780,669 cache-read)
[spend] rep07: $   48.47 / $280.00    17.3%  OK
         cache reads are 53.3% of that; $21.27 per M billable (2,279,154 billable vs 51,718,429 cache-read)
[spend] rep08: $   36.91 / $280.00    13.2%  OK
         cache reads are 59.2% of that; $28.35 per M billable (1,301,640 billable vs 43,659,219 cache-read)
[spend] rep09: $   35.91 / $280.00    12.8%  OK
         cache reads are 57.0% of that; $25.52 per M billable (1,407,106 billable vs 40,896,087 cache-read)
[spend] rep10: $   41.10 / $280.00    14.7%  OK
         cache reads are 69.2% of that; $49.43 per M billable (831,362 billable vs 56,878,321 cache-read)
[spend] rep11: $   29.79 / $280.00    10.6%  OK
         cache reads are 55.4% of that; $26.25 per M billable (1,134,591 billable vs 33,024,006 cache-read)
[spend] rep12: $   35.89 / $280.00    12.8%  OK
         cache reads are 59.0% of that; $26.44 per M billable (1,357,511 billable vs 42,309,915 cache-read)
[spend] rep13: $   32.46 / $280.00    11.6%  OK
         cache reads are 62.4% of that; $30.33 per M billable (1,070,163 billable vs 40,497,560 cache-read)
[spend] rep15: $   45.31 / $280.00    16.2%  OK
         cache reads are 53.3% of that; $20.56 per M billable (2,203,805 billable vs 48,344,351 cache-read)
[spend] rep16: $   45.53 / $280.00    16.3%  OK
         cache reads are 51.6% of that; $18.40 per M billable (2,473,731 billable vs 46,982,963 cache-read)
[spend] rep17: $   19.56 / $280.00     7.0%  OK
         cache reads are 53.3% of that; $27.06 per M billable (722,852 billable vs 20,846,703 cache-read)
[spend] rep01: $   62.73 / $280.00    22.4%  OK
         cache reads are 75.7% of that; $59.75 per M billable (1,049,857 billable vs 95,007,208 cache-read)
[spend] rep02: $   35.47 / $280.00    12.7%  OK
         cache reads are 51.2% of that; $22.51 per M billable (1,575,325 billable vs 36,299,190 cache-read)
[spend] rep03: $   20.40 / $280.00     7.3%  OK
         cache reads are 56.6% of that; $34.07 per M billable (598,696 billable vs 23,114,695 cache-read)
[spend] rep04: $   26.09 / $280.00     9.3%  OK
         cache reads are 57.1% of that; $29.43 per M billable (886,474 billable vs 29,803,841 cache-read)
[spend] rep05: $   31.24 / $280.00    11.2%  OK
         cache reads are 57.2% of that; $25.68 per M billable (1,216,551 billable vs 35,765,419 cache-read)
[spend] rep06: $   99.03 / $280.00    35.4%  OK
         cache reads are 62.0% of that; $23.15 per M billable (4,277,733 billable vs 122,780,669 cache-read)
[spend] rep07: $   48.93 / $280.00    17.5%  OK
         cache reads are 53.4% of that; $21.40 per M billable (2,287,102 billable vs 52,270,409 cache-read)
[spend] rep08: $   37.84 / $280.00    13.5%  OK
         cache reads are 59.4% of that; $28.70 per M billable (1,318,427 billable vs 44,932,338 cache-read)
[spend] rep09: $   35.91 / $280.00    12.8%  OK
         cache reads are 57.0% of that; $25.52 per M billable (1,407,106 billable vs 40,896,087 cache-read)
[spend] rep10: $   46.31 / $280.00    16.5%  OK
         cache reads are 62.3% of that; $29.32 per M billable (1,579,349 billable vs 57,712,684 cache-read)
[spend] rep11: $   29.79 / $280.00    10.6%  OK
         cache reads are 55.4% of that; $26.25 per M billable (1,134,591 billable vs 33,024,006 cache-read)
[spend] rep12: $   35.89 / $280.00    12.8%  OK
         cache reads are 59.0% of that; $26.44 per M billable (1,357,511 billable vs 42,309,915 cache-read)
[spend] rep13: $   32.46 / $280.00    11.6%  OK
         cache reads are 62.4% of that; $30.33 per M billable (1,070,163 billable vs 40,497,560 cache-read)
[spend] rep15: $   45.31 / $280.00    16.2%  OK
         cache reads are 53.3% of that; $20.56 per M billable (2,203,805 billable vs 48,344,351 cache-read)
[spend] rep16: $   45.53 / $280.00    16.3%  OK
         cache reads are 51.6% of that; $18.40 per M billable (2,473,731 billable vs 46,982,963 cache-read)
[spend] rep17: $   19.56 / $280.00     7.0%  OK
         cache reads are 53.3% of that; $27.06 per M billable (722,852 billable vs 20,846,703 cache-read)
[spend] rep01: $   62.73 / $280.00    22.4%  OK
         cache reads are 75.7% of that; $59.75 per M billable (1,049,857 billable vs 95,007,208 cache-read)
[spend] rep02: $   35.60 / $280.00    12.7%  OK
         cache reads are 51.3% of that; $22.57 per M billable (1,577,333 billable vs 36,533,795 cache-read)
[spend] rep03: $   20.40 / $280.00     7.3%  OK
         cache reads are 56.6% of that; $34.07 per M billable (598,696 billable vs 23,114,695 cache-read)
[spend] rep04: $   26.66 / $280.00     9.5%  OK
         cache reads are 57.4% of that; $29.71 per M billable (897,326 billable vs 30,615,306 cache-read)
[spend] rep05: $   31.49 / $280.00    11.2%  OK
         cache reads are 57.5% of that; $25.86 per M billable (1,217,885 billable vs 36,225,763 cache-read)
[spend] rep06: $   99.03 / $280.00    35.4%  OK
         cache reads are 62.0% of that; $23.15 per M billable (4,277,733 billable vs 122,780,669 cache-read)
[spend] rep07: $   48.93 / $280.00    17.5%  OK
         cache reads are 53.4% of that; $21.40 per M billable (2,287,102 billable vs 52,270,409 cache-read)
[spend] rep08: $   37.84 / $280.00    13.5%  OK
         cache reads are 59.4% of that; $28.70 per M billable (1,318,427 billable vs 44,932,338 cache-read)
[spend] rep09: $   35.91 / $280.00    12.8%  OK
         cache reads are 57.0% of that; $25.52 per M billable (1,407,106 billable vs 40,896,087 cache-read)
[spend] rep10: $   47.74 / $280.00    17.1%  OK
         cache reads are 62.9% of that; $29.95 per M billable (1,593,826 billable vs 60,103,177 cache-read)
[spend] rep11: $   29.79 / $280.00    10.6%  OK
         cache reads are 55.4% of that; $26.25 per M billable (1,134,591 billable vs 33,024,006 cache-read)
[spend] rep12: $   35.89 / $280.00    12.8%  OK
         cache reads are 59.0% of that; $26.44 per M billable (1,357,511 billable vs 42,309,915 cache-read)
[spend] rep13: $   33.30 / $280.00    11.9%  OK
         cache reads are 62.5% of that; $30.73 per M billable (1,083,589 billable vs 41,641,327 cache-read)
[spend] rep15: $   46.29 / $280.00    16.5%  OK
         cache reads are 53.8% of that; $20.86 per M billable (2,219,030 billable vs 49,809,344 cache-read)
[spend] rep16: $   46.10 / $280.00    16.5%  OK
         cache reads are 52.0% of that; $18.60 per M billable (2,478,071 billable vs 47,966,744 cache-read)
[spend] rep17: $   19.56 / $280.00     7.0%  OK
         cache reads are 53.3% of that; $27.06 per M billable (722,852 billable vs 20,846,703 cache-read)
[spend] rep01: $   62.91 / $280.00    22.5%  OK
         cache reads are 75.8% of that; $59.89 per M billable (1,050,531 billable vs 95,364,516 cache-read)
[spend] rep02: $   35.60 / $280.00    12.7%  OK
         cache reads are 51.3% of that; $22.57 per M billable (1,577,333 billable vs 36,533,795 cache-read)
[spend] rep03: $   20.40 / $280.00     7.3%  OK
         cache reads are 56.6% of that; $34.07 per M billable (598,696 billable vs 23,114,695 cache-read)
[spend] rep04: $   26.66 / $280.00     9.5%  OK
         cache reads are 57.4% of that; $29.71 per M billable (897,326 billable vs 30,615,306 cache-read)
[spend] rep05: $   31.49 / $280.00    11.2%  OK
         cache reads are 57.5% of that; $25.86 per M billable (1,217,885 billable vs 36,225,763 cache-read)
[spend] rep06: $   99.03 / $280.00    35.4%  OK
         cache reads are 62.0% of that; $23.15 per M billable (4,277,733 billable vs 122,780,669 cache-read)
[spend] rep07: $   49.42 / $280.00    17.6%  OK
         cache reads are 53.7% of that; $21.55 per M billable (2,293,313 billable vs 53,106,649 cache-read)
[spend] rep08: $   37.84 / $280.00    13.5%  OK
         cache reads are 59.4% of that; $28.70 per M billable (1,318,427 billable vs 44,932,338 cache-read)
[spend] rep09: $   36.16 / $280.00    12.9%  OK
         cache reads are 57.2% of that; $25.67 per M billable (1,408,522 billable vs 41,353,859 cache-read)
[spend] rep10: $   51.33 / $280.00    18.3%  OK
         cache reads are 65.1% of that; $31.89 per M billable (1,609,590 billable vs 66,877,915 cache-read)
[spend] rep11: $   29.79 / $280.00    10.6%  OK
         cache reads are 55.4% of that; $26.25 per M billable (1,134,591 billable vs 33,024,006 cache-read)
[spend] rep12: $   36.03 / $280.00    12.9%  OK
         cache reads are 59.1% of that; $26.53 per M billable (1,358,227 billable vs 42,574,586 cache-read)
[spend] rep13: $   33.44 / $280.00    11.9%  OK
         cache reads are 62.6% of that; $30.77 per M billable (1,086,796 billable vs 41,871,144 cache-read)
[spend] rep15: $   46.29 / $280.00    16.5%  OK
         cache reads are 53.8% of that; $20.86 per M billable (2,219,030 billable vs 49,809,344 cache-read)
[spend] rep16: $   46.91 / $280.00    16.8%  OK
         cache reads are 52.4% of that; $18.83 per M billable (2,491,119 billable vs 49,203,746 cache-read)
[spend] rep17: $   19.81 / $280.00     7.1%  OK
         cache reads are 53.5% of that; $27.28 per M billable (726,184 billable vs 21,197,791 cache-read)
[spend] rep01: $   62.91 / $280.00    22.5%  OK
         cache reads are 75.8% of that; $59.89 per M billable (1,050,531 billable vs 95,364,516 cache-read)
[spend] rep02: $   35.60 / $280.00    12.7%  OK
         cache reads are 51.3% of that; $22.57 per M billable (1,577,333 billable vs 36,533,795 cache-read)
[spend] rep03: $   20.40 / $280.00     7.3%  OK
         cache reads are 56.6% of that; $34.07 per M billable (598,696 billable vs 23,114,695 cache-read)
[spend] rep04: $   26.66 / $280.00     9.5%  OK
         cache reads are 57.4% of that; $29.71 per M billable (897,326 billable vs 30,615,306 cache-read)
[spend] rep05: $   31.49 / $280.00    11.2%  OK
         cache reads are 57.5% of that; $25.86 per M billable (1,217,885 billable vs 36,225,763 cache-read)
[spend] rep06: $   99.03 / $280.00    35.4%  OK
         cache reads are 62.0% of that; $23.15 per M billable (4,277,733 billable vs 122,780,669 cache-read)
[spend] rep07: $   49.42 / $280.00    17.6%  OK
         cache reads are 53.7% of that; $21.55 per M billable (2,293,313 billable vs 53,106,649 cache-read)
[spend] rep08: $   37.84 / $280.00    13.5%  OK
         cache reads are 59.4% of that; $28.70 per M billable (1,318,427 billable vs 44,932,338 cache-read)
[spend] rep09: $   36.16 / $280.00    12.9%  OK
         cache reads are 57.2% of that; $25.67 per M billable (1,408,522 billable vs 41,353,859 cache-read)
[spend] rep10: $   53.01 / $280.00    18.9%  OK
         cache reads are 65.2% of that; $32.26 per M billable (1,643,435 billable vs 69,093,434 cache-read)
[spend] rep11: $   30.83 / $280.00    11.0%  OK
         cache reads are 55.9% of that; $26.71 per M billable (1,154,071 billable vs 34,478,742 cache-read)
[spend] rep12: $   36.03 / $280.00    12.9%  OK
         cache reads are 59.1% of that; $26.53 per M billable (1,358,227 billable vs 42,574,586 cache-read)
[spend] rep13: $   33.44 / $280.00    11.9%  OK
         cache reads are 62.6% of that; $30.77 per M billable (1,086,796 billable vs 41,871,144 cache-read)
[spend] rep15: $   46.29 / $280.00    16.5%  OK
         cache reads are 53.8% of that; $20.86 per M billable (2,219,030 billable vs 49,809,344 cache-read)
[spend] rep16: $   46.91 / $280.00    16.8%  OK
         cache reads are 52.4% of that; $18.83 per M billable (2,491,119 billable vs 49,203,746 cache-read)
[spend] rep17: $   19.81 / $280.00     7.1%  OK
         cache reads are 53.5% of that; $27.28 per M billable (726,184 billable vs 21,197,791 cache-read)
[spend] rep01: $   62.91 / $280.00    22.5%  OK
         cache reads are 75.8% of that; $59.89 per M billable (1,050,531 billable vs 95,364,516 cache-read)
[spend] rep02: $   35.60 / $280.00    12.7%  OK
         cache reads are 51.3% of that; $22.57 per M billable (1,577,333 billable vs 36,533,795 cache-read)
[spend] rep03: $   20.40 / $280.00     7.3%  OK
         cache reads are 56.6% of that; $34.07 per M billable (598,696 billable vs 23,114,695 cache-read)
[spend] rep04: $   26.66 / $280.00     9.5%  OK
         cache reads are 57.4% of that; $29.71 per M billable (897,326 billable vs 30,615,306 cache-read)
[spend] rep05: $   31.49 / $280.00    11.2%  OK
         cache reads are 57.5% of that; $25.86 per M billable (1,217,885 billable vs 36,225,763 cache-read)
[spend] rep06: $   99.03 / $280.00    35.4%  OK
         cache reads are 62.0% of that; $23.15 per M billable (4,277,733 billable vs 122,780,669 cache-read)
[spend] rep07: $   49.42 / $280.00    17.6%  OK
         cache reads are 53.7% of that; $21.55 per M billable (2,293,313 billable vs 53,106,649 cache-read)
[spend] rep08: $   38.18 / $280.00    13.6%  OK
         cache reads are 59.5% of that; $28.78 per M billable (1,326,609 billable vs 45,444,714 cache-read)
[spend] rep09: $   36.16 / $280.00    12.9%  OK
         cache reads are 57.2% of that; $25.67 per M billable (1,408,522 billable vs 41,353,859 cache-read)
[spend] rep10: $   54.76 / $280.00    19.6%  OK
         cache reads are 65.7% of that; $32.82 per M billable (1,668,734 billable vs 71,961,940 cache-read)
[spend] rep11: $   32.77 / $280.00    11.7%  OK
         cache reads are 56.8% of that; $27.52 per M billable (1,190,715 billable vs 37,245,730 cache-read)
[spend] rep12: $   36.03 / $280.00    12.9%  OK
         cache reads are 59.1% of that; $26.53 per M billable (1,358,227 billable vs 42,574,586 cache-read)
[spend] rep13: $   33.44 / $280.00    11.9%  OK
         cache reads are 62.6% of that; $30.77 per M billable (1,086,796 billable vs 41,871,144 cache-read)
[spend] rep15: $   46.29 / $280.00    16.5%  OK
         cache reads are 53.8% of that; $20.86 per M billable (2,219,030 billable vs 49,809,344 cache-read)
[spend] rep16: $   46.91 / $280.00    16.8%  OK
         cache reads are 52.4% of that; $18.83 per M billable (2,491,119 billable vs 49,203,746 cache-read)
[spend] rep17: $   19.81 / $280.00     7.1%  OK
         cache reads are 53.5% of that; $27.28 per M billable (726,184 billable vs 21,197,791 cache-read)
[spend] rep01: $   62.91 / $280.00    22.5%  OK
         cache reads are 75.8% of that; $59.89 per M billable (1,050,531 billable vs 95,364,516 cache-read)
[spend] rep02: $   36.34 / $280.00    13.0%  OK
         cache reads are 51.9% of that; $22.93 per M billable (1,584,569 billable vs 37,716,388 cache-read)
[spend] rep03: $   20.50 / $280.00     7.3%  OK
         cache reads are 56.8% of that; $34.22 per M billable (598,975 billable vs 23,304,532 cache-read)
[spend] rep04: $   26.66 / $280.00     9.5%  OK
         cache reads are 57.4% of that; $29.71 per M billable (897,326 billable vs 30,615,306 cache-read)
[spend] rep05: $   31.49 / $280.00    11.2%  OK
         cache reads are 57.5% of that; $25.86 per M billable (1,217,885 billable vs 36,225,763 cache-read)
[spend] rep06: $   99.03 / $280.00    35.4%  OK
         cache reads are 62.0% of that; $23.15 per M billable (4,277,733 billable vs 122,780,669 cache-read)
[spend] rep07: $   49.42 / $280.00    17.6%  OK
         cache reads are 53.7% of that; $21.55 per M billable (2,293,313 billable vs 53,106,649 cache-read)
[spend] rep08: $   38.18 / $280.00    13.6%  OK
         cache reads are 59.5% of that; $28.78 per M billable (1,326,609 billable vs 45,444,714 cache-read)
[spend] rep09: $   36.16 / $280.00    12.9%  OK
         cache reads are 57.2% of that; $25.67 per M billable (1,408,522 billable vs 41,353,859 cache-read)
[spend] rep10: $   58.23 / $280.00    20.8%  OK
         cache reads are 66.4% of that; $33.82 per M billable (1,721,862 billable vs 77,307,020 cache-read)
[spend] rep11: $   36.12 / $280.00    12.9%  OK
         cache reads are 55.5% of that; $24.82 per M billable (1,455,025 billable vs 40,127,058 cache-read)
[spend] rep12: $   36.03 / $280.00    12.9%  OK
         cache reads are 59.1% of that; $26.53 per M billable (1,358,227 billable vs 42,574,586 cache-read)
[spend] rep13: $   33.44 / $280.00    11.9%  OK
         cache reads are 62.6% of that; $30.77 per M billable (1,086,796 billable vs 41,871,144 cache-read)
[spend] rep15: $   46.29 / $280.00    16.5%  OK
         cache reads are 53.8% of that; $20.86 per M billable (2,219,030 billable vs 49,809,344 cache-read)
[spend] rep16: $   46.91 / $280.00    16.8%  OK
         cache reads are 52.4% of that; $18.83 per M billable (2,491,119 billable vs 49,203,746 cache-read)
[spend] rep17: $   19.81 / $280.00     7.1%  OK
         cache reads are 53.5% of that; $27.28 per M billable (726,184 billable vs 21,197,791 cache-read)
[spend] rep01: $   62.91 / $280.00    22.5%  OK
         cache reads are 75.8% of that; $59.89 per M billable (1,050,531 billable vs 95,364,516 cache-read)
[spend] rep02: $   36.92 / $280.00    13.2%  OK
         cache reads are 52.0% of that; $23.11 per M billable (1,597,511 billable vs 38,427,598 cache-read)
[spend] rep03: $   20.50 / $280.00     7.3%  OK
         cache reads are 56.8% of that; $34.22 per M billable (598,975 billable vs 23,304,532 cache-read)
[spend] rep04: $   28.25 / $280.00    10.1%  OK
         cache reads are 55.3% of that; $25.83 per M billable (1,093,699 billable vs 31,248,331 cache-read)
[spend] rep05: $   31.62 / $280.00    11.3%  OK
         cache reads are 57.6% of that; $25.95 per M billable (1,218,557 billable vs 36,456,235 cache-read)
[spend] rep06: $   99.03 / $280.00    35.4%  OK
         cache reads are 62.0% of that; $23.15 per M billable (4,277,733 billable vs 122,780,669 cache-read)
[spend] rep07: $   49.42 / $280.00    17.6%  OK
         cache reads are 53.7% of that; $21.55 per M billable (2,293,313 billable vs 53,106,649 cache-read)
[spend] rep08: $   38.18 / $280.00    13.6%  OK
         cache reads are 59.5% of that; $28.78 per M billable (1,326,609 billable vs 45,444,714 cache-read)
[spend] rep09: $   36.16 / $280.00    12.9%  OK
         cache reads are 57.2% of that; $25.67 per M billable (1,408,522 billable vs 41,353,859 cache-read)
[spend] rep10: $   60.52 / $280.00    21.6%  OK
         cache reads are 66.9% of that; $34.53 per M billable (1,752,840 billable vs 80,984,138 cache-read)
[spend] rep11: $   36.28 / $280.00    13.0%  OK
         cache reads are 55.7% of that; $24.88 per M billable (1,457,823 billable vs 40,390,519 cache-read)
[spend] rep12: $   36.03 / $280.00    12.9%  OK
         cache reads are 59.1% of that; $26.53 per M billable (1,358,227 billable vs 42,574,586 cache-read)
[spend] rep13: $   33.97 / $280.00    12.1%  OK
         cache reads are 63.0% of that; $31.14 per M billable (1,090,736 billable vs 42,802,882 cache-read)
[spend] rep15: $   46.42 / $280.00    16.6%  OK
         cache reads are 53.9% of that; $20.91 per M billable (2,220,273 billable vs 50,055,626 cache-read)
[spend] rep16: $   46.91 / $280.00    16.8%  OK
         cache reads are 52.4% of that; $18.83 per M billable (2,491,119 billable vs 49,203,746 cache-read)
[spend] rep17: $   19.91 / $280.00     7.1%  OK
         cache reads are 53.7% of that; $27.36 per M billable (727,927 billable vs 21,373,726 cache-read)
[spend] rep01: $   63.92 / $280.00    22.8%  OK
         cache reads are 76.0% of that; $60.51 per M billable (1,056,332 billable vs 97,155,281 cache-read)
[spend] rep02: $   37.99 / $280.00    13.6%  OK
         cache reads are 52.5% of that; $23.41 per M billable (1,622,538 billable vs 39,874,178 cache-read)
[spend] rep03: $   20.50 / $280.00     7.3%  OK
         cache reads are 56.8% of that; $34.22 per M billable (598,975 billable vs 23,304,532 cache-read)
[spend] rep04: $   29.06 / $280.00    10.4%  OK
         cache reads are 55.2% of that; $26.06 per M billable (1,114,943 billable vs 32,084,694 cache-read)
[spend] rep05: $   31.62 / $280.00    11.3%  OK
         cache reads are 57.6% of that; $25.95 per M billable (1,218,557 billable vs 36,456,235 cache-read)
[spend] rep06: $   99.03 / $280.00    35.4%  OK
         cache reads are 62.0% of that; $23.15 per M billable (4,277,733 billable vs 122,780,669 cache-read)
[spend] rep07: $   49.57 / $280.00    17.7%  OK
         cache reads are 53.8% of that; $21.61 per M billable (2,294,257 billable vs 53,386,999 cache-read)
[spend] rep08: $   38.18 / $280.00    13.6%  OK
         cache reads are 59.5% of that; $28.78 per M billable (1,326,609 billable vs 45,444,714 cache-read)
[spend] rep09: $   36.86 / $280.00    13.2%  OK
         cache reads are 57.6% of that; $26.02 per M billable (1,416,859 billable vs 42,501,646 cache-read)
[spend] rep10: $   67.24 / $280.00    24.0%  OK
         cache reads are 64.2% of that; $28.36 per M billable (2,370,883 billable vs 86,352,928 cache-read)
[spend] rep11: $   36.28 / $280.00    13.0%  OK
         cache reads are 55.7% of that; $24.88 per M billable (1,457,823 billable vs 40,390,519 cache-read)
[spend] rep12: $   36.31 / $280.00    13.0%  OK
         cache reads are 59.4% of that; $26.71 per M billable (1,359,095 billable vs 43,105,308 cache-read)
[spend] rep13: $   33.97 / $280.00    12.1%  OK
         cache reads are 63.0% of that; $31.14 per M billable (1,090,736 billable vs 42,802,882 cache-read)
[spend] rep15: $   46.42 / $280.00    16.6%  OK
         cache reads are 53.9% of that; $20.91 per M billable (2,220,273 billable vs 50,055,626 cache-read)
[spend] rep16: $   48.53 / $280.00    17.3%  OK
         cache reads are 51.0% of that; $17.79 per M billable (2,727,852 billable vs 49,470,412 cache-read)
[spend] rep17: $   19.91 / $280.00     7.1%  OK
         cache reads are 53.7% of that; $27.36 per M billable (727,927 billable vs 21,373,726 cache-read)
[spend] rep01: $   64.76 / $280.00    23.1%  OK
         cache reads are 76.1% of that; $60.73 per M billable (1,066,238 billable vs 98,597,176 cache-read)
[spend] rep02: $   37.99 / $280.00    13.6%  OK
         cache reads are 52.5% of that; $23.41 per M billable (1,622,538 billable vs 39,874,178 cache-read)
[spend] rep03: $   20.50 / $280.00     7.3%  OK
         cache reads are 56.8% of that; $34.22 per M billable (598,975 billable vs 23,304,532 cache-read)
[spend] rep04: $   29.06 / $280.00    10.4%  OK
         cache reads are 55.2% of that; $26.06 per M billable (1,114,943 billable vs 32,084,694 cache-read)
[spend] rep05: $   31.62 / $280.00    11.3%  OK
         cache reads are 57.6% of that; $25.95 per M billable (1,218,557 billable vs 36,456,235 cache-read)
[spend] rep06: $   99.03 / $280.00    35.4%  OK
         cache reads are 62.0% of that; $23.15 per M billable (4,277,733 billable vs 122,780,669 cache-read)
[spend] rep07: $   49.57 / $280.00    17.7%  OK
         cache reads are 53.8% of that; $21.61 per M billable (2,294,257 billable vs 53,386,999 cache-read)
[spend] rep08: $   38.18 / $280.00    13.6%  OK
         cache reads are 59.5% of that; $28.78 per M billable (1,326,609 billable vs 45,444,714 cache-read)
[spend] rep09: $   36.86 / $280.00    13.2%  OK
         cache reads are 57.6% of that; $26.02 per M billable (1,416,859 billable vs 42,501,646 cache-read)
[spend] rep10: $   70.41 / $280.00    25.1%  OK
         cache reads are 64.5% of that; $28.98 per M billable (2,429,621 billable vs 90,854,065 cache-read)
[spend] rep11: $   36.28 / $280.00    13.0%  OK
         cache reads are 55.7% of that; $24.88 per M billable (1,457,823 billable vs 40,390,519 cache-read)
[spend] rep12: $   36.31 / $280.00    13.0%  OK
         cache reads are 59.4% of that; $26.71 per M billable (1,359,095 billable vs 43,105,308 cache-read)
[spend] rep13: $   33.97 / $280.00    12.1%  OK
         cache reads are 63.0% of that; $31.14 per M billable (1,090,736 billable vs 42,802,882 cache-read)
[spend] rep15: $   46.42 / $280.00    16.6%  OK
         cache reads are 53.9% of that; $20.91 per M billable (2,220,273 billable vs 50,055,626 cache-read)
[spend] rep16: $   48.53 / $280.00    17.3%  OK
         cache reads are 51.0% of that; $17.79 per M billable (2,727,852 billable vs 49,470,412 cache-read)
[spend] rep17: $   19.91 / $280.00     7.1%  OK
         cache reads are 53.7% of that; $27.36 per M billable (727,927 billable vs 21,373,726 cache-read)
[spend] rep01: $   64.76 / $280.00    23.1%  OK
         cache reads are 76.1% of that; $60.73 per M billable (1,066,238 billable vs 98,597,176 cache-read)
[spend] rep02: $   37.99 / $280.00    13.6%  OK
         cache reads are 52.5% of that; $23.41 per M billable (1,622,538 billable vs 39,874,178 cache-read)
[spend] rep03: $   20.50 / $280.00     7.3%  OK
         cache reads are 56.8% of that; $34.22 per M billable (598,975 billable vs 23,304,532 cache-read)
[spend] rep04: $   29.06 / $280.00    10.4%  OK
         cache reads are 55.2% of that; $26.06 per M billable (1,114,943 billable vs 32,084,694 cache-read)
[spend] rep05: $   31.62 / $280.00    11.3%  OK
         cache reads are 57.6% of that; $25.95 per M billable (1,218,557 billable vs 36,456,235 cache-read)
[spend] rep06: $   99.03 / $280.00    35.4%  OK
         cache reads are 62.0% of that; $23.15 per M billable (4,277,733 billable vs 122,780,669 cache-read)
[spend] rep07: $   49.57 / $280.00    17.7%  OK
         cache reads are 53.8% of that; $21.61 per M billable (2,294,257 billable vs 53,386,999 cache-read)
[spend] rep08: $   38.96 / $280.00    13.9%  OK
         cache reads are 60.0% of that; $29.19 per M billable (1,334,683 billable vs 46,744,686 cache-read)
[spend] rep09: $   36.86 / $280.00    13.2%  OK
         cache reads are 57.6% of that; $26.02 per M billable (1,416,859 billable vs 42,501,646 cache-read)
[spend] rep10: $   71.97 / $280.00    25.7%  OK
         cache reads are 65.0% of that; $29.40 per M billable (2,448,497 billable vs 93,500,889 cache-read)
[spend] rep11: $   36.28 / $280.00    13.0%  OK
         cache reads are 55.7% of that; $24.88 per M billable (1,457,823 billable vs 40,390,519 cache-read)
[spend] rep12: $   36.31 / $280.00    13.0%  OK
         cache reads are 59.4% of that; $26.71 per M billable (1,359,095 billable vs 43,105,308 cache-read)
[spend] rep13: $   33.97 / $280.00    12.1%  OK
         cache reads are 63.0% of that; $31.14 per M billable (1,090,736 billable vs 42,802,882 cache-read)
[spend] rep15: $   46.42 / $280.00    16.6%  OK
         cache reads are 53.9% of that; $20.91 per M billable (2,220,273 billable vs 50,055,626 cache-read)
[spend] rep16: $   48.53 / $280.00    17.3%  OK
         cache reads are 51.0% of that; $17.79 per M billable (2,727,852 billable vs 49,470,412 cache-read)
[spend] rep17: $   19.91 / $280.00     7.1%  OK
         cache reads are 53.7% of that; $27.36 per M billable (727,927 billable vs 21,373,726 cache-read)
[spend] rep01: $   64.76 / $280.00    23.1%  OK
         cache reads are 76.1% of that; $60.73 per M billable (1,066,238 billable vs 98,597,176 cache-read)
[spend] rep02: $   37.99 / $280.00    13.6%  OK
         cache reads are 52.5% of that; $23.41 per M billable (1,622,538 billable vs 39,874,178 cache-read)
[spend] rep03: $   20.60 / $280.00     7.4%  OK
         cache reads are 57.0% of that; $34.37 per M billable (599,254 billable vs 23,494,541 cache-read)
[spend] rep04: $   29.06 / $280.00    10.4%  OK
         cache reads are 55.2% of that; $26.06 per M billable (1,114,943 billable vs 32,084,694 cache-read)
[spend] rep05: $   31.62 / $280.00    11.3%  OK
         cache reads are 57.6% of that; $25.95 per M billable (1,218,557 billable vs 36,456,235 cache-read)
[spend] rep06: $   99.03 / $280.00    35.4%  OK
         cache reads are 62.0% of that; $23.15 per M billable (4,277,733 billable vs 122,780,669 cache-read)
[spend] rep07: $   49.57 / $280.00    17.7%  OK
         cache reads are 53.8% of that; $21.61 per M billable (2,294,257 billable vs 53,386,999 cache-read)
[spend] rep08: $   38.96 / $280.00    13.9%  OK
         cache reads are 60.0% of that; $29.19 per M billable (1,334,683 billable vs 46,744,686 cache-read)
[spend] rep09: $   36.86 / $280.00    13.2%  OK
         cache reads are 57.6% of that; $26.02 per M billable (1,416,859 billable vs 42,501,646 cache-read)
[spend] rep10: $   74.10 / $280.00    26.5%  OK
         cache reads are 65.1% of that; $29.82 per M billable (2,484,729 billable vs 96,547,555 cache-read)
[spend] rep11: $   36.28 / $280.00    13.0%  OK
         cache reads are 55.7% of that; $24.88 per M billable (1,457,823 billable vs 40,390,519 cache-read)
[spend] rep12: $   36.31 / $280.00    13.0%  OK
         cache reads are 59.4% of that; $26.71 per M billable (1,359,095 billable vs 43,105,308 cache-read)
[spend] rep13: $   33.97 / $280.00    12.1%  OK
         cache reads are 63.0% of that; $31.14 per M billable (1,090,736 billable vs 42,802,882 cache-read)
[spend] rep15: $   46.42 / $280.00    16.6%  OK
         cache reads are 53.9% of that; $20.91 per M billable (2,220,273 billable vs 50,055,626 cache-read)
[spend] rep16: $   48.53 / $280.00    17.3%  OK
         cache reads are 51.0% of that; $17.79 per M billable (2,727,852 billable vs 49,470,412 cache-read)
[spend] rep17: $   20.13 / $280.00     7.2%  OK
         cache reads are 54.0% of that; $27.55 per M billable (730,763 billable vs 21,728,206 cache-read)
[spend] rep01: $   64.76 / $280.00    23.1%  OK
         cache reads are 76.1% of that; $60.73 per M billable (1,066,238 billable vs 98,597,176 cache-read)
[spend] rep02: $   37.99 / $280.00    13.6%  OK
         cache reads are 52.5% of that; $23.41 per M billable (1,622,538 billable vs 39,874,178 cache-read)
[spend] rep03: $   20.60 / $280.00     7.4%  OK
         cache reads are 57.0% of that; $34.37 per M billable (599,254 billable vs 23,494,541 cache-read)
[spend] rep04: $   30.05 / $280.00    10.7%  OK
         cache reads are 55.5% of that; $26.46 per M billable (1,136,030 billable vs 33,373,008 cache-read)
[spend] rep05: $   32.22 / $280.00    11.5%  OK
         cache reads are 58.0% of that; $26.28 per M billable (1,225,973 billable vs 37,380,293 cache-read)
[spend] rep06: $   99.03 / $280.00    35.4%  OK
         cache reads are 62.0% of that; $23.15 per M billable (4,277,733 billable vs 122,780,669 cache-read)
[spend] rep07: $   49.91 / $280.00    17.8%  OK
         cache reads are 54.0% of that; $21.73 per M billable (2,296,733 billable vs 53,949,309 cache-read)
[spend] rep08: $   38.96 / $280.00    13.9%  OK
         cache reads are 60.0% of that; $29.19 per M billable (1,334,683 billable vs 46,744,686 cache-read)
[spend] rep09: $   36.86 / $280.00    13.2%  OK
         cache reads are 57.6% of that; $26.02 per M billable (1,416,859 billable vs 42,501,646 cache-read)
[spend] rep10: $   75.22 / $280.00    26.9%  OK
         cache reads are 65.5% of that; $30.21 per M billable (2,490,130 billable vs 98,608,946 cache-read)
[spend] rep11: $   36.60 / $280.00    13.1%  OK
         cache reads are 55.9% of that; $25.06 per M billable (1,460,447 billable vs 40,922,505 cache-read)
[spend] rep12: $   36.31 / $280.00    13.0%  OK
         cache reads are 59.4% of that; $26.71 per M billable (1,359,095 billable vs 43,105,308 cache-read)
[spend] rep13: $   34.09 / $280.00    12.2%  OK
         cache reads are 63.1% of that; $31.23 per M billable (1,091,624 billable vs 43,036,541 cache-read)
[spend] rep15: $   48.08 / $280.00    17.2%  OK
         cache reads are 54.4% of that; $21.34 per M billable (2,253,291 billable vs 52,289,255 cache-read)
[spend] rep16: $   48.53 / $280.00    17.3%  OK
         cache reads are 51.0% of that; $17.79 per M billable (2,727,852 billable vs 49,470,412 cache-read)
[spend] rep17: $   20.13 / $280.00     7.2%  OK
         cache reads are 54.0% of that; $27.55 per M billable (730,763 billable vs 21,728,206 cache-read)
[spend] rep01: $   64.76 / $280.00    23.1%  OK
         cache reads are 76.1% of that; $60.73 per M billable (1,066,238 billable vs 98,597,176 cache-read)
[spend] rep02: $   39.04 / $280.00    13.9%  OK
         cache reads are 53.0% of that; $23.82 per M billable (1,638,894 billable vs 41,350,412 cache-read)
[spend] rep03: $   20.60 / $280.00     7.4%  OK
         cache reads are 57.0% of that; $34.37 per M billable (599,254 billable vs 23,494,541 cache-read)
[spend] rep04: $   30.05 / $280.00    10.7%  OK
         cache reads are 55.5% of that; $26.46 per M billable (1,136,030 billable vs 33,373,008 cache-read)
[spend] rep05: $   32.81 / $280.00    11.7%  OK
         cache reads are 58.4% of that; $26.55 per M billable (1,235,545 billable vs 38,312,233 cache-read)
[spend] rep06: $   99.03 / $280.00    35.4%  OK
         cache reads are 62.0% of that; $23.15 per M billable (4,277,733 billable vs 122,780,669 cache-read)
[spend] rep07: $   50.25 / $280.00    17.9%  OK
         cache reads are 54.2% of that; $21.84 per M billable (2,300,953 billable vs 54,511,973 cache-read)
[spend] rep08: $   38.96 / $280.00    13.9%  OK
         cache reads are 60.0% of that; $29.19 per M billable (1,334,683 billable vs 46,744,686 cache-read)
[spend] rep09: $   36.99 / $280.00    13.2%  OK
         cache reads are 57.8% of that; $26.08 per M billable (1,418,120 billable vs 42,732,447 cache-read)
[spend] rep10: $   75.59 / $280.00    27.0%  OK
         cache reads are 65.7% of that; $30.33 per M billable (2,492,029 billable vs 99,298,212 cache-read)
[spend] rep11: $   36.60 / $280.00    13.1%  OK
         cache reads are 55.9% of that; $25.06 per M billable (1,460,447 billable vs 40,922,505 cache-read)
[spend] rep12: $   36.77 / $280.00    13.1%  OK
         cache reads are 59.7% of that; $26.97 per M billable (1,363,472 billable vs 43,903,090 cache-read)
[spend] rep13: $   34.09 / $280.00    12.2%  OK
         cache reads are 63.1% of that; $31.23 per M billable (1,091,624 billable vs 43,036,541 cache-read)
[spend] rep15: $   49.07 / $280.00    17.5%  OK
         cache reads are 54.6% of that; $21.57 per M billable (2,275,306 billable vs 53,557,852 cache-read)
[spend] rep16: $   48.94 / $280.00    17.5%  OK
         cache reads are 51.3% of that; $17.93 per M billable (2,729,983 billable vs 50,226,652 cache-read)
[spend] rep17: $   20.13 / $280.00     7.2%  OK
         cache reads are 54.0% of that; $27.55 per M billable (730,763 billable vs 21,728,206 cache-read)
[spend] rep01: $   64.95 / $280.00    23.2%  OK
         cache reads are 76.2% of that; $60.88 per M billable (1,066,906 billable vs 98,960,375 cache-read)
[spend] rep02: $   39.34 / $280.00    14.1%  OK
         cache reads are 53.2% of that; $23.91 per M billable (1,645,132 billable vs 41,845,578 cache-read)
[spend] rep03: $   20.60 / $280.00     7.4%  OK
         cache reads are 57.0% of that; $34.37 per M billable (599,254 billable vs 23,494,541 cache-read)
[spend] rep04: $   30.05 / $280.00    10.7%  OK
         cache reads are 55.5% of that; $26.46 per M billable (1,136,030 billable vs 33,373,008 cache-read)
[spend] rep05: $   32.81 / $280.00    11.7%  OK
         cache reads are 58.4% of that; $26.55 per M billable (1,235,545 billable vs 38,312,233 cache-read)
[spend] rep06: $   99.03 / $280.00    35.4%  OK
         cache reads are 62.0% of that; $23.15 per M billable (4,277,733 billable vs 122,780,669 cache-read)
[spend] rep07: $   50.25 / $280.00    17.9%  OK
         cache reads are 54.2% of that; $21.84 per M billable (2,300,953 billable vs 54,511,973 cache-read)
[spend] rep08: $   38.96 / $280.00    13.9%  OK
         cache reads are 60.0% of that; $29.19 per M billable (1,334,683 billable vs 46,744,686 cache-read)
[spend] rep09: $   36.99 / $280.00    13.2%  OK
         cache reads are 57.8% of that; $26.08 per M billable (1,418,120 billable vs 42,732,447 cache-read)
[spend] rep10: $   75.59 / $280.00    27.0%  OK
         cache reads are 65.7% of that; $30.33 per M billable (2,492,029 billable vs 99,298,212 cache-read)
[spend] rep11: $   36.60 / $280.00    13.1%  OK
         cache reads are 55.9% of that; $25.06 per M billable (1,460,447 billable vs 40,922,505 cache-read)
[spend] rep12: $   36.77 / $280.00    13.1%  OK
         cache reads are 59.7% of that; $26.97 per M billable (1,363,472 billable vs 43,903,090 cache-read)
[spend] rep13: $   34.09 / $280.00    12.2%  OK
         cache reads are 63.1% of that; $31.23 per M billable (1,091,624 billable vs 43,036,541 cache-read)
[spend] rep15: $   49.07 / $280.00    17.5%  OK
         cache reads are 54.6% of that; $21.57 per M billable (2,275,306 billable vs 53,557,852 cache-read)
[spend] rep16: $   48.94 / $280.00    17.5%  OK
         cache reads are 51.3% of that; $17.93 per M billable (2,729,983 billable vs 50,226,652 cache-read)
[spend] rep17: $   20.13 / $280.00     7.2%  OK
         cache reads are 54.0% of that; $27.55 per M billable (730,763 billable vs 21,728,206 cache-read)
[spend] rep01: $   64.95 / $280.00    23.2%  OK
         cache reads are 76.2% of that; $60.88 per M billable (1,066,906 billable vs 98,960,375 cache-read)
[spend] rep02: $   39.34 / $280.00    14.1%  OK
         cache reads are 53.2% of that; $23.91 per M billable (1,645,132 billable vs 41,845,578 cache-read)
[spend] rep03: $   20.60 / $280.00     7.4%  OK
         cache reads are 57.0% of that; $34.37 per M billable (599,254 billable vs 23,494,541 cache-read)
[spend] rep04: $   30.05 / $280.00    10.7%  OK
         cache reads are 55.5% of that; $26.46 per M billable (1,136,030 billable vs 33,373,008 cache-read)
[spend] rep05: $   32.81 / $280.00    11.7%  OK
         cache reads are 58.4% of that; $26.55 per M billable (1,235,545 billable vs 38,312,233 cache-read)
[spend] rep06: $   99.03 / $280.00    35.4%  OK
         cache reads are 62.0% of that; $23.15 per M billable (4,277,733 billable vs 122,780,669 cache-read)
[spend] rep07: $   50.25 / $280.00    17.9%  OK
         cache reads are 54.2% of that; $21.84 per M billable (2,300,953 billable vs 54,511,973 cache-read)
[spend] rep08: $   39.10 / $280.00    14.0%  OK
         cache reads are 60.1% of that; $29.27 per M billable (1,335,903 billable vs 47,005,736 cache-read)
[spend] rep09: $   36.99 / $280.00    13.2%  OK
         cache reads are 57.8% of that; $26.08 per M billable (1,418,120 billable vs 42,732,447 cache-read)
[spend] rep10: $   75.59 / $280.00    27.0%  OK
         cache reads are 65.7% of that; $30.33 per M billable (2,492,029 billable vs 99,298,212 cache-read)
[spend] rep11: $   36.60 / $280.00    13.1%  OK
         cache reads are 55.9% of that; $25.06 per M billable (1,460,447 billable vs 40,922,505 cache-read)
[spend] rep12: $   36.77 / $280.00    13.1%  OK
         cache reads are 59.7% of that; $26.97 per M billable (1,363,472 billable vs 43,903,090 cache-read)
[spend] rep13: $   34.09 / $280.00    12.2%  OK
         cache reads are 63.1% of that; $31.23 per M billable (1,091,624 billable vs 43,036,541 cache-read)
[spend] rep15: $   49.07 / $280.00    17.5%  OK
         cache reads are 54.6% of that; $21.57 per M billable (2,275,306 billable vs 53,557,852 cache-read)
[spend] rep16: $   48.94 / $280.00    17.5%  OK
         cache reads are 51.3% of that; $17.93 per M billable (2,729,983 billable vs 50,226,652 cache-read)
[spend] rep17: $   20.13 / $280.00     7.2%  OK
         cache reads are 54.0% of that; $27.55 per M billable (730,763 billable vs 21,728,206 cache-read)
[spend] rep01: $   64.95 / $280.00    23.2%  OK
         cache reads are 76.2% of that; $60.88 per M billable (1,066,906 billable vs 98,960,375 cache-read)
[spend] rep02: $   39.34 / $280.00    14.1%  OK
         cache reads are 53.2% of that; $23.91 per M billable (1,645,132 billable vs 41,845,578 cache-read)
[spend] rep03: $   20.70 / $280.00     7.4%  OK
         cache reads are 57.2% of that; $34.52 per M billable (599,533 billable vs 23,684,722 cache-read)
[spend] rep04: $   30.18 / $280.00    10.8%  OK
         cache reads are 55.6% of that; $26.52 per M billable (1,138,194 billable vs 33,590,512 cache-read)
[spend] rep05: $   32.81 / $280.00    11.7%  OK
         cache reads are 58.4% of that; $26.55 per M billable (1,235,545 billable vs 38,312,233 cache-read)
[spend] rep06: $   99.03 / $280.00    35.4%  OK
         cache reads are 62.0% of that; $23.15 per M billable (4,277,733 billable vs 122,780,669 cache-read)
[spend] rep07: $   50.41 / $280.00    18.0%  OK
         cache reads are 54.4% of that; $21.90 per M billable (2,302,120 billable vs 54,794,428 cache-read)
[spend] rep08: $   39.10 / $280.00    14.0%  OK
         cache reads are 60.1% of that; $29.27 per M billable (1,335,903 billable vs 47,005,736 cache-read)
[spend] rep09: $   36.99 / $280.00    13.2%  OK
         cache reads are 57.8% of that; $26.08 per M billable (1,418,120 billable vs 42,732,447 cache-read)
[spend] rep10: $   75.59 / $280.00    27.0%  OK
         cache reads are 65.7% of that; $30.33 per M billable (2,492,029 billable vs 99,298,212 cache-read)
[spend] rep11: $   36.74 / $280.00    13.1%  OK
         cache reads are 56.0% of that; $25.14 per M billable (1,461,734 billable vs 41,188,798 cache-read)
[spend] rep12: $   36.77 / $280.00    13.1%  OK
         cache reads are 59.7% of that; $26.97 per M billable (1,363,472 billable vs 43,903,090 cache-read)
[spend] rep13: $   34.09 / $280.00    12.2%  OK
         cache reads are 63.1% of that; $31.23 per M billable (1,091,624 billable vs 43,036,541 cache-read)
[spend] rep15: $   49.07 / $280.00    17.5%  OK
         cache reads are 54.6% of that; $21.57 per M billable (2,275,306 billable vs 53,557,852 cache-read)
[spend] rep16: $   48.94 / $280.00    17.5%  OK
         cache reads are 51.3% of that; $17.93 per M billable (2,729,983 billable vs 50,226,652 cache-read)
[spend] rep17: $   20.23 / $280.00     7.2%  OK
         cache reads are 54.1% of that; $27.65 per M billable (731,721 billable vs 21,906,218 cache-read)
[spend] rep01: $   64.95 / $280.00    23.2%  OK
         cache reads are 76.2% of that; $60.88 per M billable (1,066,906 billable vs 98,960,375 cache-read)
[spend] rep02: $   39.34 / $280.00    14.1%  OK
         cache reads are 53.2% of that; $23.91 per M billable (1,645,132 billable vs 41,845,578 cache-read)
[spend] rep03: $   20.70 / $280.00     7.4%  OK
         cache reads are 57.2% of that; $34.52 per M billable (599,533 billable vs 23,684,722 cache-read)
[spend] rep04: $   30.18 / $280.00    10.8%  OK
         cache reads are 55.6% of that; $26.52 per M billable (1,138,194 billable vs 33,590,512 cache-read)
[spend] rep05: $   32.81 / $280.00    11.7%  OK
         cache reads are 58.4% of that; $26.55 per M billable (1,235,545 billable vs 38,312,233 cache-read)
[spend] rep06: $   99.03 / $280.00    35.4%  OK
         cache reads are 62.0% of that; $23.15 per M billable (4,277,733 billable vs 122,780,669 cache-read)
[spend] rep07: $   50.41 / $280.00    18.0%  OK
         cache reads are 54.4% of that; $21.90 per M billable (2,302,120 billable vs 54,794,428 cache-read)
[spend] rep08: $   39.10 / $280.00    14.0%  OK
         cache reads are 60.1% of that; $29.27 per M billable (1,335,903 billable vs 47,005,736 cache-read)
[spend] rep09: $   36.99 / $280.00    13.2%  OK
         cache reads are 57.8% of that; $26.08 per M billable (1,418,120 billable vs 42,732,447 cache-read)
[spend] rep10: $   75.59 / $280.00    27.0%  OK
         cache reads are 65.7% of that; $30.33 per M billable (2,492,029 billable vs 99,298,212 cache-read)
[spend] rep11: $   36.74 / $280.00    13.1%  OK
         cache reads are 56.0% of that; $25.14 per M billable (1,461,734 billable vs 41,188,798 cache-read)
[spend] rep12: $   36.77 / $280.00    13.1%  OK
         cache reads are 59.7% of that; $26.97 per M billable (1,363,472 billable vs 43,903,090 cache-read)
[spend] rep13: $   34.83 / $280.00    12.4%  OK
         cache reads are 63.5% of that; $31.66 per M billable (1,100,187 billable vs 44,210,643 cache-read)
[spend] rep15: $   49.07 / $280.00    17.5%  OK
         cache reads are 54.6% of that; $21.57 per M billable (2,275,306 billable vs 53,557,852 cache-read)
[spend] rep16: $   48.94 / $280.00    17.5%  OK
         cache reads are 51.3% of that; $17.93 per M billable (2,729,983 billable vs 50,226,652 cache-read)
[spend] rep17: $   20.23 / $280.00     7.2%  OK
         cache reads are 54.1% of that; $27.65 per M billable (731,721 billable vs 21,906,218 cache-read)
[spend] rep01: $   64.95 / $280.00    23.2%  OK
         cache reads are 76.2% of that; $60.88 per M billable (1,066,906 billable vs 98,960,375 cache-read)
[spend] rep02: $   40.13 / $280.00    14.3%  OK
         cache reads are 53.7% of that; $24.24 per M billable (1,655,427 billable vs 43,098,276 cache-read)
[spend] rep03: $   20.70 / $280.00     7.4%  OK
         cache reads are 57.2% of that; $34.52 per M billable (599,533 billable vs 23,684,722 cache-read)
[spend] rep04: $   30.18 / $280.00    10.8%  OK
         cache reads are 55.6% of that; $26.52 per M billable (1,138,194 billable vs 33,590,512 cache-read)
[spend] rep05: $   32.93 / $280.00    11.8%  OK
         cache reads are 58.5% of that; $26.63 per M billable (1,236,505 billable vs 38,547,479 cache-read)
[spend] rep06: $   99.03 / $280.00    35.4%  OK
         cache reads are 62.0% of that; $23.15 per M billable (4,277,733 billable vs 122,780,669 cache-read)
[spend] rep07: $   50.41 / $280.00    18.0%  OK
         cache reads are 54.4% of that; $21.90 per M billable (2,302,120 billable vs 54,794,428 cache-read)
[spend] rep08: $   39.10 / $280.00    14.0%  OK
         cache reads are 60.1% of that; $29.27 per M billable (1,335,903 billable vs 47,005,736 cache-read)
[spend] rep09: $   37.28 / $280.00    13.3%  OK
         cache reads are 57.9% of that; $26.24 per M billable (1,420,900 billable vs 43,196,137 cache-read)
[spend] rep10: $   75.59 / $280.00    27.0%  OK
         cache reads are 65.7% of that; $30.33 per M billable (2,492,029 billable vs 99,298,212 cache-read)
[spend] rep11: $   36.74 / $280.00    13.1%  OK
         cache reads are 56.0% of that; $25.14 per M billable (1,461,734 billable vs 41,188,798 cache-read)
[spend] rep12: $   36.91 / $280.00    13.2%  OK
         cache reads are 59.8% of that; $27.06 per M billable (1,363,857 billable vs 44,170,710 cache-read)
[spend] rep13: $   34.83 / $280.00    12.4%  OK
         cache reads are 63.5% of that; $31.66 per M billable (1,100,187 billable vs 44,210,643 cache-read)
[spend] rep15: $   49.07 / $280.00    17.5%  OK
         cache reads are 54.6% of that; $21.57 per M billable (2,275,306 billable vs 53,557,852 cache-read)
[spend] rep16: $   49.34 / $280.00    17.6%  OK
         cache reads are 51.7% of that; $18.06 per M billable (2,731,571 billable vs 50,984,830 cache-read)
[spend] rep17: $   20.23 / $280.00     7.2%  OK
         cache reads are 54.1% of that; $27.65 per M billable (731,721 billable vs 21,906,218 cache-read)
[spend] rep01: $   65.14 / $280.00    23.3%  OK
         cache reads are 76.2% of that; $61.01 per M billable (1,067,618 billable vs 99,323,960 cache-read)
[spend] rep02: $   40.13 / $280.00    14.3%  OK
         cache reads are 53.7% of that; $24.24 per M billable (1,655,427 billable vs 43,098,276 cache-read)
[spend] rep03: $   21.98 / $280.00     7.8%  OK
         cache reads are 58.2% of that; $35.49 per M billable (619,378 billable vs 25,599,349 cache-read)
[spend] rep04: $   30.18 / $280.00    10.8%  OK
         cache reads are 55.6% of that; $26.52 per M billable (1,138,194 billable vs 33,590,512 cache-read)
[spend] rep05: $   32.93 / $280.00    11.8%  OK
         cache reads are 58.5% of that; $26.63 per M billable (1,236,505 billable vs 38,547,479 cache-read)
[spend] rep06: $   99.03 / $280.00    35.4%  OK
         cache reads are 62.0% of that; $23.15 per M billable (4,277,733 billable vs 122,780,669 cache-read)
[spend] rep07: $   50.41 / $280.00    18.0%  OK
         cache reads are 54.4% of that; $21.90 per M billable (2,302,120 billable vs 54,794,428 cache-read)
[spend] rep08: $   39.10 / $280.00    14.0%  OK
         cache reads are 60.1% of that; $29.27 per M billable (1,335,903 billable vs 47,005,736 cache-read)
[spend] rep09: $   37.28 / $280.00    13.3%  OK
         cache reads are 57.9% of that; $26.24 per M billable (1,420,900 billable vs 43,196,137 cache-read)
[spend] rep10: $   75.59 / $280.00    27.0%  OK
         cache reads are 65.7% of that; $30.33 per M billable (2,492,029 billable vs 99,298,212 cache-read)
[spend] rep11: $   36.74 / $280.00    13.1%  OK
         cache reads are 56.0% of that; $25.14 per M billable (1,461,734 billable vs 41,188,798 cache-read)
[spend] rep12: $   36.91 / $280.00    13.2%  OK
         cache reads are 59.8% of that; $27.06 per M billable (1,363,857 billable vs 44,170,710 cache-read)
[spend] rep13: $   34.83 / $280.00    12.4%  OK
         cache reads are 63.5% of that; $31.66 per M billable (1,100,187 billable vs 44,210,643 cache-read)
[spend] rep15: $   49.07 / $280.00    17.5%  OK
         cache reads are 54.6% of that; $21.57 per M billable (2,275,306 billable vs 53,557,852 cache-read)
[spend] rep16: $   49.34 / $280.00    17.6%  OK
         cache reads are 51.7% of that; $18.06 per M billable (2,731,571 billable vs 50,984,830 cache-read)
[spend] rep17: $   20.23 / $280.00     7.2%  OK
         cache reads are 54.1% of that; $27.65 per M billable (731,721 billable vs 21,906,218 cache-read)
[spend] rep01: $   65.14 / $280.00    23.3%  OK
         cache reads are 76.2% of that; $61.01 per M billable (1,067,618 billable vs 99,323,960 cache-read)
[spend] rep02: $   40.13 / $280.00    14.3%  OK
         cache reads are 53.7% of that; $24.24 per M billable (1,655,427 billable vs 43,098,276 cache-read)
[spend] rep03: $   23.79 / $280.00     8.5%  OK
         cache reads are 58.0% of that; $35.19 per M billable (676,168 billable vs 27,599,630 cache-read)
[spend] rep04: $   30.18 / $280.00    10.8%  OK
         cache reads are 55.6% of that; $26.52 per M billable (1,138,194 billable vs 33,590,512 cache-read)
[spend] rep05: $   32.93 / $280.00    11.8%  OK
         cache reads are 58.5% of that; $26.63 per M billable (1,236,505 billable vs 38,547,479 cache-read)
[spend] rep06: $   99.03 / $280.00    35.4%  OK
         cache reads are 62.0% of that; $23.15 per M billable (4,277,733 billable vs 122,780,669 cache-read)
[spend] rep07: $   50.41 / $280.00    18.0%  OK
         cache reads are 54.4% of that; $21.90 per M billable (2,302,120 billable vs 54,794,428 cache-read)
[spend] rep08: $   40.08 / $280.00    14.3%  OK
         cache reads are 60.6% of that; $29.75 per M billable (1,347,489 billable vs 48,580,473 cache-read)
[spend] rep09: $   37.28 / $280.00    13.3%  OK
         cache reads are 57.9% of that; $26.24 per M billable (1,420,900 billable vs 43,196,137 cache-read)
[spend] rep10: $   75.59 / $280.00    27.0%  OK
         cache reads are 65.7% of that; $30.33 per M billable (2,492,029 billable vs 99,298,212 cache-read)
[spend] rep11: $   36.74 / $280.00    13.1%  OK
         cache reads are 56.0% of that; $25.14 per M billable (1,461,734 billable vs 41,188,798 cache-read)
[spend] rep12: $   36.91 / $280.00    13.2%  OK
         cache reads are 59.8% of that; $27.06 per M billable (1,363,857 billable vs 44,170,710 cache-read)
[spend] rep13: $   35.86 / $280.00    12.8%  OK
         cache reads are 64.0% of that; $32.29 per M billable (1,110,321 billable vs 45,876,912 cache-read)
[spend] rep15: $   49.07 / $280.00    17.5%  OK
         cache reads are 54.6% of that; $21.57 per M billable (2,275,306 billable vs 53,557,852 cache-read)
[spend] rep16: $   49.34 / $280.00    17.6%  OK
         cache reads are 51.7% of that; $18.06 per M billable (2,731,571 billable vs 50,984,830 cache-read)
[spend] rep17: $   20.23 / $280.00     7.2%  OK
         cache reads are 54.1% of that; $27.65 per M billable (731,721 billable vs 21,906,218 cache-read)
[spend] rep01: $   65.14 / $280.00    23.3%  OK
         cache reads are 76.2% of that; $61.01 per M billable (1,067,618 billable vs 99,323,960 cache-read)
[spend] rep02: $   40.13 / $280.00    14.3%  OK
         cache reads are 53.7% of that; $24.24 per M billable (1,655,427 billable vs 43,098,276 cache-read)
[spend] rep03: $   23.79 / $280.00     8.5%  OK
         cache reads are 58.0% of that; $35.19 per M billable (676,168 billable vs 27,599,630 cache-read)
[spend] rep04: $   30.57 / $280.00    10.9%  OK
         cache reads are 56.0% of that; $26.77 per M billable (1,141,836 billable vs 34,248,826 cache-read)
[spend] rep05: $   32.93 / $280.00    11.8%  OK
         cache reads are 58.5% of that; $26.63 per M billable (1,236,505 billable vs 38,547,479 cache-read)
[spend] rep06: $   99.03 / $280.00    35.4%  OK
         cache reads are 62.0% of that; $23.15 per M billable (4,277,733 billable vs 122,780,669 cache-read)
[spend] rep07: $   50.55 / $280.00    18.1%  OK
         cache reads are 54.5% of that; $21.96 per M billable (2,302,436 billable vs 55,077,911 cache-read)
[spend] rep08: $   40.08 / $280.00    14.3%  OK
         cache reads are 60.6% of that; $29.75 per M billable (1,347,489 billable vs 48,580,473 cache-read)
[spend] rep09: $   37.28 / $280.00    13.3%  OK
         cache reads are 57.9% of that; $26.24 per M billable (1,420,900 billable vs 43,196,137 cache-read)
[spend] rep10: $   75.59 / $280.00    27.0%  OK
         cache reads are 65.7% of that; $30.33 per M billable (2,492,029 billable vs 99,298,212 cache-read)
[spend] rep11: $   37.66 / $280.00    13.5%  OK
         cache reads are 56.8% of that; $25.63 per M billable (1,469,184 billable vs 42,795,346 cache-read)
[spend] rep12: $   36.91 / $280.00    13.2%  OK
         cache reads are 59.8% of that; $27.06 per M billable (1,363,857 billable vs 44,170,710 cache-read)
[spend] rep13: $   35.86 / $280.00    12.8%  OK
         cache reads are 64.0% of that; $32.29 per M billable (1,110,321 billable vs 45,876,912 cache-read)
[spend] rep15: $   49.07 / $280.00    17.5%  OK
         cache reads are 54.6% of that; $21.57 per M billable (2,275,306 billable vs 53,557,852 cache-read)
[spend] rep16: $   49.34 / $280.00    17.6%  OK
         cache reads are 51.7% of that; $18.06 per M billable (2,731,571 billable vs 50,984,830 cache-read)
[spend] rep17: $   20.45 / $280.00     7.3%  OK
         cache reads are 54.4% of that; $27.87 per M billable (733,617 billable vs 22,263,594 cache-read)
[spend] rep01: $   65.14 / $280.00    23.3%  OK
         cache reads are 76.2% of that; $61.01 per M billable (1,067,618 billable vs 99,323,960 cache-read)
[spend] rep02: $   40.13 / $280.00    14.3%  OK
         cache reads are 53.7% of that; $24.24 per M billable (1,655,427 billable vs 43,098,276 cache-read)
[spend] rep03: $   23.79 / $280.00     8.5%  OK
         cache reads are 58.0% of that; $35.19 per M billable (676,168 billable vs 27,599,630 cache-read)
[spend] rep04: $   30.57 / $280.00    10.9%  OK
         cache reads are 56.0% of that; $26.77 per M billable (1,141,836 billable vs 34,248,826 cache-read)
[spend] rep05: $   32.93 / $280.00    11.8%  OK
         cache reads are 58.5% of that; $26.63 per M billable (1,236,505 billable vs 38,547,479 cache-read)
[spend] rep06: $   99.03 / $280.00    35.4%  OK
         cache reads are 62.0% of that; $23.15 per M billable (4,277,733 billable vs 122,780,669 cache-read)
[spend] rep07: $   50.55 / $280.00    18.1%  OK
         cache reads are 54.5% of that; $21.96 per M billable (2,302,436 billable vs 55,077,911 cache-read)
[spend] rep08: $   40.08 / $280.00    14.3%  OK
         cache reads are 60.6% of that; $29.75 per M billable (1,347,489 billable vs 48,580,473 cache-read)
[spend] rep09: $   37.28 / $280.00    13.3%  OK
         cache reads are 57.9% of that; $26.24 per M billable (1,420,900 billable vs 43,196,137 cache-read)
[spend] rep10: $   75.59 / $280.00    27.0%  OK
         cache reads are 65.7% of that; $30.33 per M billable (2,492,029 billable vs 99,298,212 cache-read)
[spend] rep11: $   38.74 / $280.00    13.8%  OK
         cache reads are 57.3% of that; $26.08 per M billable (1,485,396 billable vs 44,417,946 cache-read)
[spend] rep12: $   36.91 / $280.00    13.2%  OK
         cache reads are 59.8% of that; $27.06 per M billable (1,363,857 billable vs 44,170,710 cache-read)
[spend] rep13: $   35.86 / $280.00    12.8%  OK
         cache reads are 64.0% of that; $32.29 per M billable (1,110,321 billable vs 45,876,912 cache-read)
[spend] rep15: $   49.07 / $280.00    17.5%  OK
         cache reads are 54.6% of that; $21.57 per M billable (2,275,306 billable vs 53,557,852 cache-read)
[spend] rep16: $   49.34 / $280.00    17.6%  OK
         cache reads are 51.7% of that; $18.06 per M billable (2,731,571 billable vs 50,984,830 cache-read)
[spend] rep17: $   20.45 / $280.00     7.3%  OK
         cache reads are 54.4% of that; $27.87 per M billable (733,617 billable vs 22,263,594 cache-read)
