[spend] rep01: $   65.14 / $280.00    23.3%  OK
         cache reads are 76.2% of that; $61.01 per M billable (1,067,618 billable vs 99,323,960 cache-read)
[spend] rep02: $   40.13 / $280.00    14.3%  OK
         cache reads are 53.7% of that; $24.24 per M billable (1,655,427 billable vs 43,098,276 cache-read)
[spend] rep03: $   23.79 / $280.00     8.5%  OK
         cache reads are 58.0% of that; $35.19 per M billable (676,168 billable vs 27,599,630 cache-read)
[spend] rep04: $   30.57 / $280.00    10.9%  OK
         cache reads are 56.0% of that; $26.77 per M billable (1,141,836 billable vs 34,248,826 cache-read)
[spend] rep05: $   32.93 / $280.00    11.8%  OK
         cache reads are 58.5% of that; $26.63 per M billable (1,236,505 billable vs 38,547,479 cache-read)
[spend] rep06: $   99.03 / $280.00    35.4%  OK
         cache reads are 62.0% of that; $23.15 per M billable (4,277,733 billable vs 122,780,669 cache-read)
[spend] rep07: $   50.55 / $280.00    18.1%  OK
         cache reads are 54.5% of that; $21.96 per M billable (2,302,436 billable vs 55,077,911 cache-read)
[spend] rep08: $   40.08 / $280.00    14.3%  OK
         cache reads are 60.6% of that; $29.75 per M billable (1,347,489 billable vs 48,580,473 cache-read)
[spend] rep09: $   37.28 / $280.00    13.3%  OK
         cache reads are 57.9% of that; $26.24 per M billable (1,420,900 billable vs 43,196,137 cache-read)
[spend] rep10: $   75.59 / $280.00    27.0%  OK
         cache reads are 65.7% of that; $30.33 per M billable (2,492,029 billable vs 99,298,212 cache-read)
[spend] rep11: $   38.74 / $280.00    13.8%  OK
         cache reads are 57.3% of that; $26.08 per M billable (1,485,396 billable vs 44,417,946 cache-read)
[spend] rep12: $   36.91 / $280.00    13.2%  OK
         cache reads are 59.8% of that; $27.06 per M billable (1,363,857 billable vs 44,170,710 cache-read)
[spend] rep13: $   35.86 / $280.00    12.8%  OK
         cache reads are 64.0% of that; $32.29 per M billable (1,110,321 billable vs 45,876,912 cache-read)
[spend] rep15: $   49.07 / $280.00    17.5%  OK
         cache reads are 54.6% of that; $21.57 per M billable (2,275,306 billable vs 53,557,852 cache-read)
[spend] rep16: $   49.34 / $280.00    17.6%  OK
         cache reads are 51.7% of that; $18.06 per M billable (2,731,571 billable vs 50,984,830 cache-read)
[spend] rep17: $   20.45 / $280.00     7.3%  OK
         cache reads are 54.4% of that; $27.87 per M billable (733,617 billable vs 22,263,594 cache-read)
[spend] rep01: $   65.14 / $280.00    23.3%  OK
         cache reads are 76.2% of that; $61.01 per M billable (1,067,618 billable vs 99,323,960 cache-read)
[spend] rep02: $   40.13 / $280.00    14.3%  OK
         cache reads are 53.7% of that; $24.24 per M billable (1,655,427 billable vs 43,098,276 cache-read)
[spend] rep03: $   23.79 / $280.00     8.5%  OK
         cache reads are 58.0% of that; $35.19 per M billable (676,168 billable vs 27,599,630 cache-read)
[spend] rep04: $   30.57 / $280.00    10.9%  OK
         cache reads are 56.0% of that; $26.77 per M billable (1,141,836 billable vs 34,248,826 cache-read)
[spend] rep05: $   32.93 / $280.00    11.8%  OK
         cache reads are 58.5% of that; $26.63 per M billable (1,236,505 billable vs 38,547,479 cache-read)
[spend] rep06: $   99.03 / $280.00    35.4%  OK
         cache reads are 62.0% of that; $23.15 per M billable (4,277,733 billable vs 122,780,669 cache-read)
[spend] rep07: $   50.55 / $280.00    18.1%  OK
         cache reads are 54.5% of that; $21.96 per M billable (2,302,436 billable vs 55,077,911 cache-read)
[spend] rep08: $   40.08 / $280.00    14.3%  OK
         cache reads are 60.6% of that; $29.75 per M billable (1,347,489 billable vs 48,580,473 cache-read)
[spend] rep09: $   37.28 / $280.00    13.3%  OK
         cache reads are 57.9% of that; $26.24 per M billable (1,420,900 billable vs 43,196,137 cache-read)
[spend] rep10: $   75.59 / $280.00    27.0%  OK
         cache reads are 65.7% of that; $30.33 per M billable (2,492,029 billable vs 99,298,212 cache-read)
[spend] rep11: $   38.74 / $280.00    13.8%  OK
         cache reads are 57.3% of that; $26.08 per M billable (1,485,396 billable vs 44,417,946 cache-read)
[spend] rep12: $   36.91 / $280.00    13.2%  OK
         cache reads are 59.8% of that; $27.06 per M billable (1,363,857 billable vs 44,170,710 cache-read)
[spend] rep13: $   35.86 / $280.00    12.8%  OK
         cache reads are 64.0% of that; $32.29 per M billable (1,110,321 billable vs 45,876,912 cache-read)
[spend] rep15: $   49.07 / $280.00    17.5%  OK
         cache reads are 54.6% of that; $21.57 per M billable (2,275,306 billable vs 53,557,852 cache-read)
[spend] rep16: $   49.34 / $280.00    17.6%  OK
         cache reads are 51.7% of that; $18.06 per M billable (2,731,571 billable vs 50,984,830 cache-read)
[spend] rep17: $   20.45 / $280.00     7.3%  OK
         cache reads are 54.4% of that; $27.87 per M billable (733,617 billable vs 22,263,594 cache-read)
[spend] rep01: $   65.14 / $280.00    23.3%  OK
         cache reads are 76.2% of that; $61.01 per M billable (1,067,618 billable vs 99,323,960 cache-read)
[spend] rep02: $   40.13 / $280.00    14.3%  OK
         cache reads are 53.7% of that; $24.24 per M billable (1,655,427 billable vs 43,098,276 cache-read)
[spend] rep03: $   23.79 / $280.00     8.5%  OK
         cache reads are 58.0% of that; $35.19 per M billable (676,168 billable vs 27,599,630 cache-read)
[spend] rep04: $   30.57 / $280.00    10.9%  OK
         cache reads are 56.0% of that; $26.77 per M billable (1,141,836 billable vs 34,248,826 cache-read)
[spend] rep05: $   32.93 / $280.00    11.8%  OK
         cache reads are 58.5% of that; $26.63 per M billable (1,236,505 billable vs 38,547,479 cache-read)
[spend] rep06: $   99.03 / $280.00    35.4%  OK
         cache reads are 62.0% of that; $23.15 per M billable (4,277,733 billable vs 122,780,669 cache-read)
[spend] rep07: $   50.55 / $280.00    18.1%  OK
         cache reads are 54.5% of that; $21.96 per M billable (2,302,436 billable vs 55,077,911 cache-read)
[spend] rep08: $   40.08 / $280.00    14.3%  OK
         cache reads are 60.6% of that; $29.75 per M billable (1,347,489 billable vs 48,580,473 cache-read)
[spend] rep09: $   37.28 / $280.00    13.3%  OK
         cache reads are 57.9% of that; $26.24 per M billable (1,420,900 billable vs 43,196,137 cache-read)
[spend] rep10: $   75.59 / $280.00    27.0%  OK
         cache reads are 65.7% of that; $30.33 per M billable (2,492,029 billable vs 99,298,212 cache-read)
[spend] rep11: $   38.74 / $280.00    13.8%  OK
         cache reads are 57.3% of that; $26.08 per M billable (1,485,396 billable vs 44,417,946 cache-read)
[spend] rep12: $   36.91 / $280.00    13.2%  OK
         cache reads are 59.8% of that; $27.06 per M billable (1,363,857 billable vs 44,170,710 cache-read)
[spend] rep13: $   35.86 / $280.00    12.8%  OK
         cache reads are 64.0% of that; $32.29 per M billable (1,110,321 billable vs 45,876,912 cache-read)
[spend] rep15: $   49.07 / $280.00    17.5%  OK
         cache reads are 54.6% of that; $21.57 per M billable (2,275,306 billable vs 53,557,852 cache-read)
[spend] rep16: $   49.34 / $280.00    17.6%  OK
         cache reads are 51.7% of that; $18.06 per M billable (2,731,571 billable vs 50,984,830 cache-read)
[spend] rep17: $   20.45 / $280.00     7.3%  OK
         cache reads are 54.4% of that; $27.87 per M billable (733,617 billable vs 22,263,594 cache-read)
[spend] rep01: $   65.14 / $280.00    23.3%  OK
         cache reads are 76.2% of that; $61.01 per M billable (1,067,618 billable vs 99,323,960 cache-read)
[spend] rep02: $   40.13 / $280.00    14.3%  OK
         cache reads are 53.7% of that; $24.24 per M billable (1,655,427 billable vs 43,098,276 cache-read)
[spend] rep03: $   23.79 / $280.00     8.5%  OK
         cache reads are 58.0% of that; $35.19 per M billable (676,168 billable vs 27,599,630 cache-read)
[spend] rep04: $   30.57 / $280.00    10.9%  OK
         cache reads are 56.0% of that; $26.77 per M billable (1,141,836 billable vs 34,248,826 cache-read)
[spend] rep05: $   32.93 / $280.00    11.8%  OK
         cache reads are 58.5% of that; $26.63 per M billable (1,236,505 billable vs 38,547,479 cache-read)
[spend] rep06: $   99.03 / $280.00    35.4%  OK
         cache reads are 62.0% of that; $23.15 per M billable (4,277,733 billable vs 122,780,669 cache-read)
[spend] rep07: $   50.55 / $280.00    18.1%  OK
         cache reads are 54.5% of that; $21.96 per M billable (2,302,436 billable vs 55,077,911 cache-read)
[spend] rep08: $   40.08 / $280.00    14.3%  OK
         cache reads are 60.6% of that; $29.75 per M billable (1,347,489 billable vs 48,580,473 cache-read)
[spend] rep09: $   37.28 / $280.00    13.3%  OK
         cache reads are 57.9% of that; $26.24 per M billable (1,420,900 billable vs 43,196,137 cache-read)
[spend] rep10: $   75.59 / $280.00    27.0%  OK
         cache reads are 65.7% of that; $30.33 per M billable (2,492,029 billable vs 99,298,212 cache-read)
[spend] rep11: $   38.74 / $280.00    13.8%  OK
         cache reads are 57.3% of that; $26.08 per M billable (1,485,396 billable vs 44,417,946 cache-read)
[spend] rep12: $   36.91 / $280.00    13.2%  OK
         cache reads are 59.8% of that; $27.06 per M billable (1,363,857 billable vs 44,170,710 cache-read)
[spend] rep13: $   35.86 / $280.00    12.8%  OK
         cache reads are 64.0% of that; $32.29 per M billable (1,110,321 billable vs 45,876,912 cache-read)
[spend] rep15: $   49.07 / $280.00    17.5%  OK
         cache reads are 54.6% of that; $21.57 per M billable (2,275,306 billable vs 53,557,852 cache-read)
[spend] rep16: $   49.34 / $280.00    17.6%  OK
         cache reads are 51.7% of that; $18.06 per M billable (2,731,571 billable vs 50,984,830 cache-read)
[spend] rep17: $   20.45 / $280.00     7.3%  OK
         cache reads are 54.4% of that; $27.87 per M billable (733,617 billable vs 22,263,594 cache-read)
[spend] rep01: $   65.14 / $280.00    23.3%  OK
         cache reads are 76.2% of that; $61.01 per M billable (1,067,618 billable vs 99,323,960 cache-read)
[spend] rep02: $   40.13 / $280.00    14.3%  OK
         cache reads are 53.7% of that; $24.24 per M billable (1,655,427 billable vs 43,098,276 cache-read)
[spend] rep03: $   23.79 / $280.00     8.5%  OK
         cache reads are 58.0% of that; $35.19 per M billable (676,168 billable vs 27,599,630 cache-read)
[spend] rep04: $   30.57 / $280.00    10.9%  OK
         cache reads are 56.0% of that; $26.77 per M billable (1,141,836 billable vs 34,248,826 cache-read)
[spend] rep05: $   32.93 / $280.00    11.8%  OK
         cache reads are 58.5% of that; $26.63 per M billable (1,236,505 billable vs 38,547,479 cache-read)
[spend] rep06: $   99.03 / $280.00    35.4%  OK
         cache reads are 62.0% of that; $23.15 per M billable (4,277,733 billable vs 122,780,669 cache-read)
[spend] rep07: $   50.55 / $280.00    18.1%  OK
         cache reads are 54.5% of that; $21.96 per M billable (2,302,436 billable vs 55,077,911 cache-read)
[spend] rep08: $   40.08 / $280.00    14.3%  OK
         cache reads are 60.6% of that; $29.75 per M billable (1,347,489 billable vs 48,580,473 cache-read)
[spend] rep09: $   37.28 / $280.00    13.3%  OK
         cache reads are 57.9% of that; $26.24 per M billable (1,420,900 billable vs 43,196,137 cache-read)
[spend] rep10: $   75.59 / $280.00    27.0%  OK
         cache reads are 65.7% of that; $30.33 per M billable (2,492,029 billable vs 99,298,212 cache-read)
[spend] rep11: $   38.74 / $280.00    13.8%  OK
         cache reads are 57.3% of that; $26.08 per M billable (1,485,396 billable vs 44,417,946 cache-read)
[spend] rep12: $   36.91 / $280.00    13.2%  OK
         cache reads are 59.8% of that; $27.06 per M billable (1,363,857 billable vs 44,170,710 cache-read)
[spend] rep13: $   35.86 / $280.00    12.8%  OK
         cache reads are 64.0% of that; $32.29 per M billable (1,110,321 billable vs 45,876,912 cache-read)
[spend] rep15: $   49.07 / $280.00    17.5%  OK
         cache reads are 54.6% of that; $21.57 per M billable (2,275,306 billable vs 53,557,852 cache-read)
[spend] rep16: $   49.34 / $280.00    17.6%  OK
         cache reads are 51.7% of that; $18.06 per M billable (2,731,571 billable vs 50,984,830 cache-read)
[spend] rep17: $   20.45 / $280.00     7.3%  OK
         cache reads are 54.4% of that; $27.87 per M billable (733,617 billable vs 22,263,594 cache-read)
[spend] rep01: $   65.14 / $280.00    23.3%  OK
         cache reads are 76.2% of that; $61.01 per M billable (1,067,618 billable vs 99,323,960 cache-read)
[spend] rep02: $   40.13 / $280.00    14.3%  OK
         cache reads are 53.7% of that; $24.24 per M billable (1,655,427 billable vs 43,098,276 cache-read)
[spend] rep03: $   23.79 / $280.00     8.5%  OK
         cache reads are 58.0% of that; $35.19 per M billable (676,168 billable vs 27,599,630 cache-read)
[spend] rep04: $   30.57 / $280.00    10.9%  OK
         cache reads are 56.0% of that; $26.77 per M billable (1,141,836 billable vs 34,248,826 cache-read)
[spend] rep05: $   32.93 / $280.00    11.8%  OK
         cache reads are 58.5% of that; $26.63 per M billable (1,236,505 billable vs 38,547,479 cache-read)
[spend] rep06: $   99.03 / $280.00    35.4%  OK
         cache reads are 62.0% of that; $23.15 per M billable (4,277,733 billable vs 122,780,669 cache-read)
[spend] rep07: $   50.55 / $280.00    18.1%  OK
         cache reads are 54.5% of that; $21.96 per M billable (2,302,436 billable vs 55,077,911 cache-read)
[spend] rep08: $   40.08 / $280.00    14.3%  OK
         cache reads are 60.6% of that; $29.75 per M billable (1,347,489 billable vs 48,580,473 cache-read)
[spend] rep09: $   37.28 / $280.00    13.3%  OK
         cache reads are 57.9% of that; $26.24 per M billable (1,420,900 billable vs 43,196,137 cache-read)
[spend] rep10: $   75.59 / $280.00    27.0%  OK
         cache reads are 65.7% of that; $30.33 per M billable (2,492,029 billable vs 99,298,212 cache-read)
[spend] rep11: $   38.74 / $280.00    13.8%  OK
         cache reads are 57.3% of that; $26.08 per M billable (1,485,396 billable vs 44,417,946 cache-read)
[spend] rep12: $   36.91 / $280.00    13.2%  OK
         cache reads are 59.8% of that; $27.06 per M billable (1,363,857 billable vs 44,170,710 cache-read)
[spend] rep13: $   35.86 / $280.00    12.8%  OK
         cache reads are 64.0% of that; $32.29 per M billable (1,110,321 billable vs 45,876,912 cache-read)
[spend] rep15: $   49.07 / $280.00    17.5%  OK
         cache reads are 54.6% of that; $21.57 per M billable (2,275,306 billable vs 53,557,852 cache-read)
[spend] rep16: $   49.34 / $280.00    17.6%  OK
         cache reads are 51.7% of that; $18.06 per M billable (2,731,571 billable vs 50,984,830 cache-read)
[spend] rep17: $   20.45 / $280.00     7.3%  OK
         cache reads are 54.4% of that; $27.87 per M billable (733,617 billable vs 22,263,594 cache-read)
[spend] rep01: $   65.14 / $280.00    23.3%  OK
         cache reads are 76.2% of that; $61.01 per M billable (1,067,618 billable vs 99,323,960 cache-read)
[spend] rep02: $   40.13 / $280.00    14.3%  OK
         cache reads are 53.7% of that; $24.24 per M billable (1,655,427 billable vs 43,098,276 cache-read)
[spend] rep03: $   23.79 / $280.00     8.5%  OK
         cache reads are 58.0% of that; $35.19 per M billable (676,168 billable vs 27,599,630 cache-read)
[spend] rep04: $   30.57 / $280.00    10.9%  OK
         cache reads are 56.0% of that; $26.77 per M billable (1,141,836 billable vs 34,248,826 cache-read)
[spend] rep05: $   32.93 / $280.00    11.8%  OK
         cache reads are 58.5% of that; $26.63 per M billable (1,236,505 billable vs 38,547,479 cache-read)
[spend] rep06: $   99.03 / $280.00    35.4%  OK
         cache reads are 62.0% of that; $23.15 per M billable (4,277,733 billable vs 122,780,669 cache-read)
[spend] rep07: $   50.55 / $280.00    18.1%  OK
         cache reads are 54.5% of that; $21.96 per M billable (2,302,436 billable vs 55,077,911 cache-read)
[spend] rep08: $   40.08 / $280.00    14.3%  OK
         cache reads are 60.6% of that; $29.75 per M billable (1,347,489 billable vs 48,580,473 cache-read)
[spend] rep09: $   37.28 / $280.00    13.3%  OK
         cache reads are 57.9% of that; $26.24 per M billable (1,420,900 billable vs 43,196,137 cache-read)
[spend] rep10: $   75.59 / $280.00    27.0%  OK
         cache reads are 65.7% of that; $30.33 per M billable (2,492,029 billable vs 99,298,212 cache-read)
[spend] rep11: $   38.74 / $280.00    13.8%  OK
         cache reads are 57.3% of that; $26.08 per M billable (1,485,396 billable vs 44,417,946 cache-read)
[spend] rep12: $   36.91 / $280.00    13.2%  OK
         cache reads are 59.8% of that; $27.06 per M billable (1,363,857 billable vs 44,170,710 cache-read)
[spend] rep13: $   35.86 / $280.00    12.8%  OK
         cache reads are 64.0% of that; $32.29 per M billable (1,110,321 billable vs 45,876,912 cache-read)
[spend] rep15: $   49.07 / $280.00    17.5%  OK
         cache reads are 54.6% of that; $21.57 per M billable (2,275,306 billable vs 53,557,852 cache-read)
[spend] rep16: $   49.34 / $280.00    17.6%  OK
         cache reads are 51.7% of that; $18.06 per M billable (2,731,571 billable vs 50,984,830 cache-read)
[spend] rep17: $   20.45 / $280.00     7.3%  OK
         cache reads are 54.4% of that; $27.87 per M billable (733,617 billable vs 22,263,594 cache-read)
[spend] rep01: $   65.14 / $280.00    23.3%  OK
         cache reads are 76.2% of that; $61.01 per M billable (1,067,618 billable vs 99,323,960 cache-read)
[spend] rep02: $   40.13 / $280.00    14.3%  OK
         cache reads are 53.7% of that; $24.24 per M billable (1,655,427 billable vs 43,098,276 cache-read)
[spend] rep03: $   23.79 / $280.00     8.5%  OK
         cache reads are 58.0% of that; $35.19 per M billable (676,168 billable vs 27,599,630 cache-read)
[spend] rep04: $   30.57 / $280.00    10.9%  OK
         cache reads are 56.0% of that; $26.77 per M billable (1,141,836 billable vs 34,248,826 cache-read)
[spend] rep05: $   32.93 / $280.00    11.8%  OK
         cache reads are 58.5% of that; $26.63 per M billable (1,236,505 billable vs 38,547,479 cache-read)
[spend] rep06: $   99.03 / $280.00    35.4%  OK
         cache reads are 62.0% of that; $23.15 per M billable (4,277,733 billable vs 122,780,669 cache-read)
[spend] rep07: $   50.55 / $280.00    18.1%  OK
         cache reads are 54.5% of that; $21.96 per M billable (2,302,436 billable vs 55,077,911 cache-read)
[spend] rep08: $   40.08 / $280.00    14.3%  OK
         cache reads are 60.6% of that; $29.75 per M billable (1,347,489 billable vs 48,580,473 cache-read)
[spend] rep09: $   37.28 / $280.00    13.3%  OK
         cache reads are 57.9% of that; $26.24 per M billable (1,420,900 billable vs 43,196,137 cache-read)
[spend] rep10: $   75.59 / $280.00    27.0%  OK
         cache reads are 65.7% of that; $30.33 per M billable (2,492,029 billable vs 99,298,212 cache-read)
[spend] rep11: $   38.74 / $280.00    13.8%  OK
         cache reads are 57.3% of that; $26.08 per M billable (1,485,396 billable vs 44,417,946 cache-read)
[spend] rep12: $   36.91 / $280.00    13.2%  OK
         cache reads are 59.8% of that; $27.06 per M billable (1,363,857 billable vs 44,170,710 cache-read)
[spend] rep13: $   35.86 / $280.00    12.8%  OK
         cache reads are 64.0% of that; $32.29 per M billable (1,110,321 billable vs 45,876,912 cache-read)
[spend] rep15: $   49.07 / $280.00    17.5%  OK
         cache reads are 54.6% of that; $21.57 per M billable (2,275,306 billable vs 53,557,852 cache-read)
[spend] rep16: $   49.34 / $280.00    17.6%  OK
         cache reads are 51.7% of that; $18.06 per M billable (2,731,571 billable vs 50,984,830 cache-read)
[spend] rep17: $   20.45 / $280.00     7.3%  OK
         cache reads are 54.4% of that; $27.87 per M billable (733,617 billable vs 22,263,594 cache-read)
[spend] rep01: $   65.14 / $280.00    23.3%  OK
         cache reads are 76.2% of that; $61.01 per M billable (1,067,618 billable vs 99,323,960 cache-read)
[spend] rep02: $   40.13 / $280.00    14.3%  OK
         cache reads are 53.7% of that; $24.24 per M billable (1,655,427 billable vs 43,098,276 cache-read)
[spend] rep03: $   23.79 / $280.00     8.5%  OK
         cache reads are 58.0% of that; $35.19 per M billable (676,168 billable vs 27,599,630 cache-read)
[spend] rep04: $   30.57 / $280.00    10.9%  OK
         cache reads are 56.0% of that; $26.77 per M billable (1,141,836 billable vs 34,248,826 cache-read)
[spend] rep05: $   32.93 / $280.00    11.8%  OK
         cache reads are 58.5% of that; $26.63 per M billable (1,236,505 billable vs 38,547,479 cache-read)
[spend] rep06: $   99.03 / $280.00    35.4%  OK
         cache reads are 62.0% of that; $23.15 per M billable (4,277,733 billable vs 122,780,669 cache-read)
[spend] rep07: $   50.55 / $280.00    18.1%  OK
         cache reads are 54.5% of that; $21.96 per M billable (2,302,436 billable vs 55,077,911 cache-read)
[spend] rep08: $   40.08 / $280.00    14.3%  OK
         cache reads are 60.6% of that; $29.75 per M billable (1,347,489 billable vs 48,580,473 cache-read)
[spend] rep09: $   37.28 / $280.00    13.3%  OK
         cache reads are 57.9% of that; $26.24 per M billable (1,420,900 billable vs 43,196,137 cache-read)
[spend] rep10: $   75.59 / $280.00    27.0%  OK
         cache reads are 65.7% of that; $30.33 per M billable (2,492,029 billable vs 99,298,212 cache-read)
[spend] rep11: $   38.74 / $280.00    13.8%  OK
         cache reads are 57.3% of that; $26.08 per M billable (1,485,396 billable vs 44,417,946 cache-read)
[spend] rep12: $   36.91 / $280.00    13.2%  OK
         cache reads are 59.8% of that; $27.06 per M billable (1,363,857 billable vs 44,170,710 cache-read)
[spend] rep13: $   35.86 / $280.00    12.8%  OK
         cache reads are 64.0% of that; $32.29 per M billable (1,110,321 billable vs 45,876,912 cache-read)
[spend] rep15: $   49.07 / $280.00    17.5%  OK
         cache reads are 54.6% of that; $21.57 per M billable (2,275,306 billable vs 53,557,852 cache-read)
[spend] rep16: $   49.34 / $280.00    17.6%  OK
         cache reads are 51.7% of that; $18.06 per M billable (2,731,571 billable vs 50,984,830 cache-read)
[spend] rep17: $   20.45 / $280.00     7.3%  OK
         cache reads are 54.4% of that; $27.87 per M billable (733,617 billable vs 22,263,594 cache-read)
[spend] rep01: $   65.14 / $280.00    23.3%  OK
         cache reads are 76.2% of that; $61.01 per M billable (1,067,618 billable vs 99,323,960 cache-read)
[spend] rep02: $   40.13 / $280.00    14.3%  OK
         cache reads are 53.7% of that; $24.24 per M billable (1,655,427 billable vs 43,098,276 cache-read)
[spend] rep03: $   23.79 / $280.00     8.5%  OK
         cache reads are 58.0% of that; $35.19 per M billable (676,168 billable vs 27,599,630 cache-read)
[spend] rep04: $   30.57 / $280.00    10.9%  OK
         cache reads are 56.0% of that; $26.77 per M billable (1,141,836 billable vs 34,248,826 cache-read)
[spend] rep05: $   32.93 / $280.00    11.8%  OK
         cache reads are 58.5% of that; $26.63 per M billable (1,236,505 billable vs 38,547,479 cache-read)
[spend] rep06: $   99.03 / $280.00    35.4%  OK
         cache reads are 62.0% of that; $23.15 per M billable (4,277,733 billable vs 122,780,669 cache-read)
[spend] rep07: $   50.55 / $280.00    18.1%  OK
         cache reads are 54.5% of that; $21.96 per M billable (2,302,436 billable vs 55,077,911 cache-read)
[spend] rep08: $   40.08 / $280.00    14.3%  OK
         cache reads are 60.6% of that; $29.75 per M billable (1,347,489 billable vs 48,580,473 cache-read)
[spend] rep09: $   37.28 / $280.00    13.3%  OK
         cache reads are 57.9% of that; $26.24 per M billable (1,420,900 billable vs 43,196,137 cache-read)
[spend] rep10: $   75.59 / $280.00    27.0%  OK
         cache reads are 65.7% of that; $30.33 per M billable (2,492,029 billable vs 99,298,212 cache-read)
[spend] rep11: $   38.74 / $280.00    13.8%  OK
         cache reads are 57.3% of that; $26.08 per M billable (1,485,396 billable vs 44,417,946 cache-read)
[spend] rep12: $   36.91 / $280.00    13.2%  OK
         cache reads are 59.8% of that; $27.06 per M billable (1,363,857 billable vs 44,170,710 cache-read)
[spend] rep13: $   35.86 / $280.00    12.8%  OK
         cache reads are 64.0% of that; $32.29 per M billable (1,110,321 billable vs 45,876,912 cache-read)
[spend] rep15: $   49.07 / $280.00    17.5%  OK
         cache reads are 54.6% of that; $21.57 per M billable (2,275,306 billable vs 53,557,852 cache-read)
[spend] rep16: $   49.34 / $280.00    17.6%  OK
         cache reads are 51.7% of that; $18.06 per M billable (2,731,571 billable vs 50,984,830 cache-read)
[spend] rep17: $   20.45 / $280.00     7.3%  OK
         cache reads are 54.4% of that; $27.87 per M billable (733,617 billable vs 22,263,594 cache-read)
[spend] rep01: $   65.14 / $280.00    23.3%  OK
         cache reads are 76.2% of that; $61.01 per M billable (1,067,618 billable vs 99,323,960 cache-read)
[spend] rep02: $   40.13 / $280.00    14.3%  OK
         cache reads are 53.7% of that; $24.24 per M billable (1,655,427 billable vs 43,098,276 cache-read)
[spend] rep03: $   23.79 / $280.00     8.5%  OK
         cache reads are 58.0% of that; $35.19 per M billable (676,168 billable vs 27,599,630 cache-read)
[spend] rep04: $   30.57 / $280.00    10.9%  OK
         cache reads are 56.0% of that; $26.77 per M billable (1,141,836 billable vs 34,248,826 cache-read)
[spend] rep05: $   32.93 / $280.00    11.8%  OK
         cache reads are 58.5% of that; $26.63 per M billable (1,236,505 billable vs 38,547,479 cache-read)
[spend] rep06: $   99.03 / $280.00    35.4%  OK
         cache reads are 62.0% of that; $23.15 per M billable (4,277,733 billable vs 122,780,669 cache-read)
[spend] rep07: $   50.55 / $280.00    18.1%  OK
         cache reads are 54.5% of that; $21.96 per M billable (2,302,436 billable vs 55,077,911 cache-read)
[spend] rep08: $   40.08 / $280.00    14.3%  OK
         cache reads are 60.6% of that; $29.75 per M billable (1,347,489 billable vs 48,580,473 cache-read)
[spend] rep09: $   37.28 / $280.00    13.3%  OK
         cache reads are 57.9% of that; $26.24 per M billable (1,420,900 billable vs 43,196,137 cache-read)
[spend] rep10: $   75.59 / $280.00    27.0%  OK
         cache reads are 65.7% of that; $30.33 per M billable (2,492,029 billable vs 99,298,212 cache-read)
[spend] rep11: $   38.74 / $280.00    13.8%  OK
         cache reads are 57.3% of that; $26.08 per M billable (1,485,396 billable vs 44,417,946 cache-read)
[spend] rep12: $   36.91 / $280.00    13.2%  OK
         cache reads are 59.8% of that; $27.06 per M billable (1,363,857 billable vs 44,170,710 cache-read)
[spend] rep13: $   35.86 / $280.00    12.8%  OK
         cache reads are 64.0% of that; $32.29 per M billable (1,110,321 billable vs 45,876,912 cache-read)
[spend] rep15: $   49.07 / $280.00    17.5%  OK
         cache reads are 54.6% of that; $21.57 per M billable (2,275,306 billable vs 53,557,852 cache-read)
[spend] rep16: $   49.34 / $280.00    17.6%  OK
         cache reads are 51.7% of that; $18.06 per M billable (2,731,571 billable vs 50,984,830 cache-read)
[spend] rep17: $   20.45 / $280.00     7.3%  OK
         cache reads are 54.4% of that; $27.87 per M billable (733,617 billable vs 22,263,594 cache-read)
[spend] rep01: $   65.14 / $280.00    23.3%  OK
         cache reads are 76.2% of that; $61.01 per M billable (1,067,618 billable vs 99,323,960 cache-read)
[spend] rep02: $   40.13 / $280.00    14.3%  OK
         cache reads are 53.7% of that; $24.24 per M billable (1,655,427 billable vs 43,098,276 cache-read)
[spend] rep03: $   23.79 / $280.00     8.5%  OK
         cache reads are 58.0% of that; $35.19 per M billable (676,168 billable vs 27,599,630 cache-read)
[spend] rep04: $   30.57 / $280.00    10.9%  OK
         cache reads are 56.0% of that; $26.77 per M billable (1,141,836 billable vs 34,248,826 cache-read)
[spend] rep05: $   32.93 / $280.00    11.8%  OK
         cache reads are 58.5% of that; $26.63 per M billable (1,236,505 billable vs 38,547,479 cache-read)
[spend] rep06: $   99.03 / $280.00    35.4%  OK
         cache reads are 62.0% of that; $23.15 per M billable (4,277,733 billable vs 122,780,669 cache-read)
[spend] rep07: $   50.55 / $280.00    18.1%  OK
         cache reads are 54.5% of that; $21.96 per M billable (2,302,436 billable vs 55,077,911 cache-read)
[spend] rep08: $   40.08 / $280.00    14.3%  OK
         cache reads are 60.6% of that; $29.75 per M billable (1,347,489 billable vs 48,580,473 cache-read)
[spend] rep09: $   37.28 / $280.00    13.3%  OK
         cache reads are 57.9% of that; $26.24 per M billable (1,420,900 billable vs 43,196,137 cache-read)
[spend] rep10: $   75.59 / $280.00    27.0%  OK
         cache reads are 65.7% of that; $30.33 per M billable (2,492,029 billable vs 99,298,212 cache-read)
[spend] rep11: $   38.74 / $280.00    13.8%  OK
         cache reads are 57.3% of that; $26.08 per M billable (1,485,396 billable vs 44,417,946 cache-read)
[spend] rep12: $   36.91 / $280.00    13.2%  OK
         cache reads are 59.8% of that; $27.06 per M billable (1,363,857 billable vs 44,170,710 cache-read)
[spend] rep13: $   35.86 / $280.00    12.8%  OK
         cache reads are 64.0% of that; $32.29 per M billable (1,110,321 billable vs 45,876,912 cache-read)
[spend] rep15: $   49.07 / $280.00    17.5%  OK
         cache reads are 54.6% of that; $21.57 per M billable (2,275,306 billable vs 53,557,852 cache-read)
[spend] rep16: $   49.34 / $280.00    17.6%  OK
         cache reads are 51.7% of that; $18.06 per M billable (2,731,571 billable vs 50,984,830 cache-read)
[spend] rep17: $   20.45 / $280.00     7.3%  OK
         cache reads are 54.4% of that; $27.87 per M billable (733,617 billable vs 22,263,594 cache-read)
[spend] rep01: $   65.14 / $280.00    23.3%  OK
         cache reads are 76.2% of that; $61.01 per M billable (1,067,618 billable vs 99,323,960 cache-read)
[spend] rep02: $   40.13 / $280.00    14.3%  OK
         cache reads are 53.7% of that; $24.24 per M billable (1,655,427 billable vs 43,098,276 cache-read)
[spend] rep03: $   23.79 / $280.00     8.5%  OK
         cache reads are 58.0% of that; $35.19 per M billable (676,168 billable vs 27,599,630 cache-read)
[spend] rep04: $   30.57 / $280.00    10.9%  OK
         cache reads are 56.0% of that; $26.77 per M billable (1,141,836 billable vs 34,248,826 cache-read)
[spend] rep05: $   32.93 / $280.00    11.8%  OK
         cache reads are 58.5% of that; $26.63 per M billable (1,236,505 billable vs 38,547,479 cache-read)
[spend] rep06: $   99.03 / $280.00    35.4%  OK
         cache reads are 62.0% of that; $23.15 per M billable (4,277,733 billable vs 122,780,669 cache-read)
[spend] rep07: $   50.55 / $280.00    18.1%  OK
         cache reads are 54.5% of that; $21.96 per M billable (2,302,436 billable vs 55,077,911 cache-read)
[spend] rep08: $   40.08 / $280.00    14.3%  OK
         cache reads are 60.6% of that; $29.75 per M billable (1,347,489 billable vs 48,580,473 cache-read)
[spend] rep09: $   37.28 / $280.00    13.3%  OK
         cache reads are 57.9% of that; $26.24 per M billable (1,420,900 billable vs 43,196,137 cache-read)
[spend] rep10: $   75.59 / $280.00    27.0%  OK
         cache reads are 65.7% of that; $30.33 per M billable (2,492,029 billable vs 99,298,212 cache-read)
[spend] rep11: $   38.74 / $280.00    13.8%  OK
         cache reads are 57.3% of that; $26.08 per M billable (1,485,396 billable vs 44,417,946 cache-read)
[spend] rep12: $   36.91 / $280.00    13.2%  OK
         cache reads are 59.8% of that; $27.06 per M billable (1,363,857 billable vs 44,170,710 cache-read)
[spend] rep13: $   35.86 / $280.00    12.8%  OK
         cache reads are 64.0% of that; $32.29 per M billable (1,110,321 billable vs 45,876,912 cache-read)
[spend] rep15: $   49.07 / $280.00    17.5%  OK
         cache reads are 54.6% of that; $21.57 per M billable (2,275,306 billable vs 53,557,852 cache-read)
[spend] rep16: $   49.34 / $280.00    17.6%  OK
         cache reads are 51.7% of that; $18.06 per M billable (2,731,571 billable vs 50,984,830 cache-read)
[spend] rep17: $   20.45 / $280.00     7.3%  OK
         cache reads are 54.4% of that; $27.87 per M billable (733,617 billable vs 22,263,594 cache-read)
[spend] rep01: $   65.14 / $280.00    23.3%  OK
         cache reads are 76.2% of that; $61.01 per M billable (1,067,618 billable vs 99,323,960 cache-read)
[spend] rep02: $   40.13 / $280.00    14.3%  OK
         cache reads are 53.7% of that; $24.24 per M billable (1,655,427 billable vs 43,098,276 cache-read)
[spend] rep03: $   23.79 / $280.00     8.5%  OK
         cache reads are 58.0% of that; $35.19 per M billable (676,168 billable vs 27,599,630 cache-read)
[spend] rep04: $   30.57 / $280.00    10.9%  OK
         cache reads are 56.0% of that; $26.77 per M billable (1,141,836 billable vs 34,248,826 cache-read)
[spend] rep05: $   32.93 / $280.00    11.8%  OK
         cache reads are 58.5% of that; $26.63 per M billable (1,236,505 billable vs 38,547,479 cache-read)
[spend] rep06: $   99.03 / $280.00    35.4%  OK
         cache reads are 62.0% of that; $23.15 per M billable (4,277,733 billable vs 122,780,669 cache-read)
[spend] rep07: $   50.55 / $280.00    18.1%  OK
         cache reads are 54.5% of that; $21.96 per M billable (2,302,436 billable vs 55,077,911 cache-read)
[spend] rep08: $   40.08 / $280.00    14.3%  OK
         cache reads are 60.6% of that; $29.75 per M billable (1,347,489 billable vs 48,580,473 cache-read)
[spend] rep09: $   37.28 / $280.00    13.3%  OK
         cache reads are 57.9% of that; $26.24 per M billable (1,420,900 billable vs 43,196,137 cache-read)
[spend] rep10: $   75.59 / $280.00    27.0%  OK
         cache reads are 65.7% of that; $30.33 per M billable (2,492,029 billable vs 99,298,212 cache-read)
[spend] rep11: $   38.74 / $280.00    13.8%  OK
         cache reads are 57.3% of that; $26.08 per M billable (1,485,396 billable vs 44,417,946 cache-read)
[spend] rep12: $   36.91 / $280.00    13.2%  OK
         cache reads are 59.8% of that; $27.06 per M billable (1,363,857 billable vs 44,170,710 cache-read)
[spend] rep13: $   35.86 / $280.00    12.8%  OK
         cache reads are 64.0% of that; $32.29 per M billable (1,110,321 billable vs 45,876,912 cache-read)
[spend] rep15: $   49.07 / $280.00    17.5%  OK
         cache reads are 54.6% of that; $21.57 per M billable (2,275,306 billable vs 53,557,852 cache-read)
[spend] rep16: $   49.34 / $280.00    17.6%  OK
         cache reads are 51.7% of that; $18.06 per M billable (2,731,571 billable vs 50,984,830 cache-read)
[spend] rep17: $   20.45 / $280.00     7.3%  OK
         cache reads are 54.4% of that; $27.87 per M billable (733,617 billable vs 22,263,594 cache-read)
[spend] rep01: $   65.14 / $280.00    23.3%  OK
         $0.00 on this host + $65.14 carried forward from the previous host (spend_baseline.json)
         cache reads are 76.2% of that; $61.01 per M billable (1,067,618 billable vs 99,323,960 cache-read)
[spend] rep02: $   40.13 / $280.00    14.3%  OK
         $0.00 on this host + $40.13 carried forward from the previous host (spend_baseline.json)
         cache reads are 53.7% of that; $24.24 per M billable (1,655,427 billable vs 43,098,276 cache-read)
[spend] rep03: $   23.79 / $280.00     8.5%  OK
         $0.00 on this host + $23.79 carried forward from the previous host (spend_baseline.json)
         cache reads are 58.0% of that; $35.19 per M billable (676,168 billable vs 27,599,630 cache-read)
[spend] rep04: $   30.57 / $280.00    10.9%  OK
         $0.00 on this host + $30.57 carried forward from the previous host (spend_baseline.json)
         cache reads are 56.0% of that; $26.77 per M billable (1,141,836 billable vs 34,248,826 cache-read)
[spend] rep05: $   32.93 / $280.00    11.8%  OK
         $0.00 on this host + $32.93 carried forward from the previous host (spend_baseline.json)
         cache reads are 58.5% of that; $26.63 per M billable (1,236,505 billable vs 38,547,479 cache-read)
[spend] rep06: $   99.03 / $280.00    35.4%  OK
         $0.00 on this host + $99.03 carried forward from the previous host (spend_baseline.json)
         cache reads are 62.0% of that; $23.15 per M billable (4,277,733 billable vs 122,780,669 cache-read)
[spend] rep07: $   50.55 / $280.00    18.1%  OK
         $0.00 on this host + $50.55 carried forward from the previous host (spend_baseline.json)
         cache reads are 54.5% of that; $21.96 per M billable (2,302,436 billable vs 55,077,911 cache-read)
[spend] rep08: $   40.08 / $280.00    14.3%  OK
         $0.00 on this host + $40.08 carried forward from the previous host (spend_baseline.json)
         cache reads are 60.6% of that; $29.75 per M billable (1,347,489 billable vs 48,580,473 cache-read)
[spend] rep09: $   37.28 / $280.00    13.3%  OK
         $0.00 on this host + $37.28 carried forward from the previous host (spend_baseline.json)
         cache reads are 57.9% of that; $26.24 per M billable (1,420,900 billable vs 43,196,137 cache-read)
[spend] rep10: $   75.59 / $280.00    27.0%  OK
         $0.00 on this host + $75.59 carried forward from the previous host (spend_baseline.json)
         cache reads are 65.7% of that; $30.33 per M billable (2,492,029 billable vs 99,298,212 cache-read)
[spend] rep11: $   38.74 / $280.00    13.8%  OK
         $0.00 on this host + $38.74 carried forward from the previous host (spend_baseline.json)
         cache reads are 57.3% of that; $26.08 per M billable (1,485,396 billable vs 44,417,946 cache-read)
[spend] rep12: $   36.91 / $280.00    13.2%  OK
         $0.00 on this host + $36.91 carried forward from the previous host (spend_baseline.json)
         cache reads are 59.8% of that; $27.06 per M billable (1,363,857 billable vs 44,170,710 cache-read)
[spend] rep13: $   35.86 / $280.00    12.8%  OK
         $0.00 on this host + $35.86 carried forward from the previous host (spend_baseline.json)
         cache reads are 64.0% of that; $32.29 per M billable (1,110,321 billable vs 45,876,912 cache-read)
[spend] rep15: $   49.07 / $280.00    17.5%  OK
         $0.00 on this host + $49.07 carried forward from the previous host (spend_baseline.json)
         cache reads are 54.6% of that; $21.57 per M billable (2,275,306 billable vs 53,557,852 cache-read)
[spend] rep16: $   49.34 / $280.00    17.6%  OK
         $0.00 on this host + $49.34 carried forward from the previous host (spend_baseline.json)
         cache reads are 51.7% of that; $18.06 per M billable (2,731,571 billable vs 50,984,830 cache-read)
[spend] rep17: $   20.45 / $280.00     7.3%  OK
         $0.00 on this host + $20.45 carried forward from the previous host (spend_baseline.json)
         cache reads are 54.4% of that; $27.87 per M billable (733,617 billable vs 22,263,594 cache-read)
[spend] rep01: $   65.14 / $280.00    23.3%  OK
         $0.00 on this host + $65.14 carried forward from the previous host (spend_baseline.json)
         cache reads are 76.2% of that; $61.01 per M billable (1,067,618 billable vs 99,323,960 cache-read)
[spend] rep02: $   40.13 / $280.00    14.3%  OK
         $0.00 on this host + $40.13 carried forward from the previous host (spend_baseline.json)
         cache reads are 53.7% of that; $24.24 per M billable (1,655,427 billable vs 43,098,276 cache-read)
[spend] rep03: $   23.79 / $280.00     8.5%  OK
         $0.00 on this host + $23.79 carried forward from the previous host (spend_baseline.json)
         cache reads are 58.0% of that; $35.19 per M billable (676,168 billable vs 27,599,630 cache-read)
[spend] rep04: $   30.57 / $280.00    10.9%  OK
         $0.00 on this host + $30.57 carried forward from the previous host (spend_baseline.json)
         cache reads are 56.0% of that; $26.77 per M billable (1,141,836 billable vs 34,248,826 cache-read)
[spend] rep05: $   32.93 / $280.00    11.8%  OK
         $0.00 on this host + $32.93 carried forward from the previous host (spend_baseline.json)
         cache reads are 58.5% of that; $26.63 per M billable (1,236,505 billable vs 38,547,479 cache-read)
[spend] rep06: $   99.03 / $280.00    35.4%  OK
         $0.00 on this host + $99.03 carried forward from the previous host (spend_baseline.json)
         cache reads are 62.0% of that; $23.15 per M billable (4,277,733 billable vs 122,780,669 cache-read)
[spend] rep07: $   50.55 / $280.00    18.1%  OK
         $0.00 on this host + $50.55 carried forward from the previous host (spend_baseline.json)
         cache reads are 54.5% of that; $21.96 per M billable (2,302,436 billable vs 55,077,911 cache-read)
[spend] rep08: $   40.08 / $280.00    14.3%  OK
         $0.00 on this host + $40.08 carried forward from the previous host (spend_baseline.json)
         cache reads are 60.6% of that; $29.75 per M billable (1,347,489 billable vs 48,580,473 cache-read)
[spend] rep09: $   37.28 / $280.00    13.3%  OK
         $0.00 on this host + $37.28 carried forward from the previous host (spend_baseline.json)
         cache reads are 57.9% of that; $26.24 per M billable (1,420,900 billable vs 43,196,137 cache-read)
[spend] rep10: $   75.59 / $280.00    27.0%  OK
         $0.00 on this host + $75.59 carried forward from the previous host (spend_baseline.json)
         cache reads are 65.7% of that; $30.33 per M billable (2,492,029 billable vs 99,298,212 cache-read)
[spend] rep11: $   38.74 / $280.00    13.8%  OK
         $0.00 on this host + $38.74 carried forward from the previous host (spend_baseline.json)
         cache reads are 57.3% of that; $26.08 per M billable (1,485,396 billable vs 44,417,946 cache-read)
[spend] rep12: $   36.91 / $280.00    13.2%  OK
         $0.00 on this host + $36.91 carried forward from the previous host (spend_baseline.json)
         cache reads are 59.8% of that; $27.06 per M billable (1,363,857 billable vs 44,170,710 cache-read)
[spend] rep13: $   35.86 / $280.00    12.8%  OK
         $0.00 on this host + $35.86 carried forward from the previous host (spend_baseline.json)
         cache reads are 64.0% of that; $32.29 per M billable (1,110,321 billable vs 45,876,912 cache-read)
[spend] rep15: $   49.07 / $280.00    17.5%  OK
         $0.00 on this host + $49.07 carried forward from the previous host (spend_baseline.json)
         cache reads are 54.6% of that; $21.57 per M billable (2,275,306 billable vs 53,557,852 cache-read)
[spend] rep16: $   49.34 / $280.00    17.6%  OK
         $0.00 on this host + $49.34 carried forward from the previous host (spend_baseline.json)
         cache reads are 51.7% of that; $18.06 per M billable (2,731,571 billable vs 50,984,830 cache-read)
[spend] rep17: $   20.45 / $280.00     7.3%  OK
         $0.00 on this host + $20.45 carried forward from the previous host (spend_baseline.json)
         cache reads are 54.4% of that; $27.87 per M billable (733,617 billable vs 22,263,594 cache-read)
[spend] rep01: $   65.14 / $280.00    23.3%  OK
         $0.00 on this host + $65.14 carried forward from the previous host (spend_baseline.json)
         cache reads are 76.2% of that; $61.01 per M billable (1,067,618 billable vs 99,323,960 cache-read)
[spend] rep02: $   40.13 / $280.00    14.3%  OK
         $0.00 on this host + $40.13 carried forward from the previous host (spend_baseline.json)
         cache reads are 53.7% of that; $24.24 per M billable (1,655,427 billable vs 43,098,276 cache-read)
[spend] rep03: $   23.79 / $280.00     8.5%  OK
         $0.00 on this host + $23.79 carried forward from the previous host (spend_baseline.json)
         cache reads are 58.0% of that; $35.19 per M billable (676,168 billable vs 27,599,630 cache-read)
[spend] rep04: $   30.57 / $280.00    10.9%  OK
         $0.00 on this host + $30.57 carried forward from the previous host (spend_baseline.json)
         cache reads are 56.0% of that; $26.77 per M billable (1,141,836 billable vs 34,248,826 cache-read)
[spend] rep05: $   32.93 / $280.00    11.8%  OK
         $0.00 on this host + $32.93 carried forward from the previous host (spend_baseline.json)
         cache reads are 58.5% of that; $26.63 per M billable (1,236,505 billable vs 38,547,479 cache-read)
[spend] rep06: $   99.03 / $280.00    35.4%  OK
         $0.00 on this host + $99.03 carried forward from the previous host (spend_baseline.json)
         cache reads are 62.0% of that; $23.15 per M billable (4,277,733 billable vs 122,780,669 cache-read)
[spend] rep07: $   50.55 / $280.00    18.1%  OK
         $0.00 on this host + $50.55 carried forward from the previous host (spend_baseline.json)
         cache reads are 54.5% of that; $21.96 per M billable (2,302,436 billable vs 55,077,911 cache-read)
[spend] rep08: $   40.08 / $280.00    14.3%  OK
         $0.00 on this host + $40.08 carried forward from the previous host (spend_baseline.json)
         cache reads are 60.6% of that; $29.75 per M billable (1,347,489 billable vs 48,580,473 cache-read)
[spend] rep09: $   37.28 / $280.00    13.3%  OK
         $0.00 on this host + $37.28 carried forward from the previous host (spend_baseline.json)
         cache reads are 57.9% of that; $26.24 per M billable (1,420,900 billable vs 43,196,137 cache-read)
[spend] rep10: $   75.59 / $280.00    27.0%  OK
         $0.00 on this host + $75.59 carried forward from the previous host (spend_baseline.json)
         cache reads are 65.7% of that; $30.33 per M billable (2,492,029 billable vs 99,298,212 cache-read)
[spend] rep11: $   38.74 / $280.00    13.8%  OK
         $0.00 on this host + $38.74 carried forward from the previous host (spend_baseline.json)
         cache reads are 57.3% of that; $26.08 per M billable (1,485,396 billable vs 44,417,946 cache-read)
[spend] rep12: $   36.91 / $280.00    13.2%  OK
         $0.00 on this host + $36.91 carried forward from the previous host (spend_baseline.json)
         cache reads are 59.8% of that; $27.06 per M billable (1,363,857 billable vs 44,170,710 cache-read)
[spend] rep13: $   35.86 / $280.00    12.8%  OK
         $0.00 on this host + $35.86 carried forward from the previous host (spend_baseline.json)
         cache reads are 64.0% of that; $32.29 per M billable (1,110,321 billable vs 45,876,912 cache-read)
[spend] rep15: $   49.07 / $280.00    17.5%  OK
         $0.00 on this host + $49.07 carried forward from the previous host (spend_baseline.json)
         cache reads are 54.6% of that; $21.57 per M billable (2,275,306 billable vs 53,557,852 cache-read)
[spend] rep16: $   49.34 / $280.00    17.6%  OK
         $0.00 on this host + $49.34 carried forward from the previous host (spend_baseline.json)
         cache reads are 51.7% of that; $18.06 per M billable (2,731,571 billable vs 50,984,830 cache-read)
[spend] rep17: $   20.45 / $280.00     7.3%  OK
         $0.00 on this host + $20.45 carried forward from the previous host (spend_baseline.json)
         cache reads are 54.4% of that; $27.87 per M billable (733,617 billable vs 22,263,594 cache-read)
[spend] rep01: $   65.14 / $280.00    23.3%  OK
         $0.00 on this host + $65.14 carried forward from the previous host (spend_baseline.json)
         cache reads are 76.2% of that; $61.01 per M billable (1,067,618 billable vs 99,323,960 cache-read)
[spend] rep02: $   40.13 / $280.00    14.3%  OK
         $0.00 on this host + $40.13 carried forward from the previous host (spend_baseline.json)
         cache reads are 53.7% of that; $24.24 per M billable (1,655,427 billable vs 43,098,276 cache-read)
[spend] rep03: $   23.79 / $280.00     8.5%  OK
         $0.00 on this host + $23.79 carried forward from the previous host (spend_baseline.json)
         cache reads are 58.0% of that; $35.19 per M billable (676,168 billable vs 27,599,630 cache-read)
[spend] rep04: $   30.57 / $280.00    10.9%  OK
         $0.00 on this host + $30.57 carried forward from the previous host (spend_baseline.json)
         cache reads are 56.0% of that; $26.77 per M billable (1,141,836 billable vs 34,248,826 cache-read)
[spend] rep05: $   32.93 / $280.00    11.8%  OK
         $0.00 on this host + $32.93 carried forward from the previous host (spend_baseline.json)
         cache reads are 58.5% of that; $26.63 per M billable (1,236,505 billable vs 38,547,479 cache-read)
[spend] rep06: $   99.03 / $280.00    35.4%  OK
         $0.00 on this host + $99.03 carried forward from the previous host (spend_baseline.json)
         cache reads are 62.0% of that; $23.15 per M billable (4,277,733 billable vs 122,780,669 cache-read)
[spend] rep07: $   50.55 / $280.00    18.1%  OK
         $0.00 on this host + $50.55 carried forward from the previous host (spend_baseline.json)
         cache reads are 54.5% of that; $21.96 per M billable (2,302,436 billable vs 55,077,911 cache-read)
[spend] rep08: $   40.08 / $280.00    14.3%  OK
         $0.00 on this host + $40.08 carried forward from the previous host (spend_baseline.json)
         cache reads are 60.6% of that; $29.75 per M billable (1,347,489 billable vs 48,580,473 cache-read)
[spend] rep09: $   37.28 / $280.00    13.3%  OK
         $0.00 on this host + $37.28 carried forward from the previous host (spend_baseline.json)
         cache reads are 57.9% of that; $26.24 per M billable (1,420,900 billable vs 43,196,137 cache-read)
[spend] rep10: $   75.59 / $280.00    27.0%  OK
         $0.00 on this host + $75.59 carried forward from the previous host (spend_baseline.json)
         cache reads are 65.7% of that; $30.33 per M billable (2,492,029 billable vs 99,298,212 cache-read)
[spend] rep11: $   38.74 / $280.00    13.8%  OK
         $0.00 on this host + $38.74 carried forward from the previous host (spend_baseline.json)
         cache reads are 57.3% of that; $26.08 per M billable (1,485,396 billable vs 44,417,946 cache-read)
[spend] rep12: $   36.91 / $280.00    13.2%  OK
         $0.00 on this host + $36.91 carried forward from the previous host (spend_baseline.json)
         cache reads are 59.8% of that; $27.06 per M billable (1,363,857 billable vs 44,170,710 cache-read)
[spend] rep13: $   35.86 / $280.00    12.8%  OK
         $0.00 on this host + $35.86 carried forward from the previous host (spend_baseline.json)
         cache reads are 64.0% of that; $32.29 per M billable (1,110,321 billable vs 45,876,912 cache-read)
[spend] rep15: $   49.07 / $280.00    17.5%  OK
         $0.00 on this host + $49.07 carried forward from the previous host (spend_baseline.json)
         cache reads are 54.6% of that; $21.57 per M billable (2,275,306 billable vs 53,557,852 cache-read)
[spend] rep16: $   49.34 / $280.00    17.6%  OK
         $0.00 on this host + $49.34 carried forward from the previous host (spend_baseline.json)
         cache reads are 51.7% of that; $18.06 per M billable (2,731,571 billable vs 50,984,830 cache-read)
[spend] rep17: $   20.45 / $280.00     7.3%  OK
         $0.00 on this host + $20.45 carried forward from the previous host (spend_baseline.json)
         cache reads are 54.4% of that; $27.87 per M billable (733,617 billable vs 22,263,594 cache-read)
[spend] rep01: $   65.14 / $280.00    23.3%  OK
         $0.00 on this host + $65.14 carried forward from the previous host (spend_baseline.json)
         cache reads are 76.2% of that; $61.01 per M billable (1,067,618 billable vs 99,323,960 cache-read)
[spend] rep02: $   40.13 / $280.00    14.3%  OK
         $0.00 on this host + $40.13 carried forward from the previous host (spend_baseline.json)
         cache reads are 53.7% of that; $24.24 per M billable (1,655,427 billable vs 43,098,276 cache-read)
[spend] rep03: $   23.79 / $280.00     8.5%  OK
         $0.00 on this host + $23.79 carried forward from the previous host (spend_baseline.json)
         cache reads are 58.0% of that; $35.19 per M billable (676,168 billable vs 27,599,630 cache-read)
[spend] rep04: $   30.57 / $280.00    10.9%  OK
         $0.00 on this host + $30.57 carried forward from the previous host (spend_baseline.json)
         cache reads are 56.0% of that; $26.77 per M billable (1,141,836 billable vs 34,248,826 cache-read)
[spend] rep05: $   32.93 / $280.00    11.8%  OK
         $0.00 on this host + $32.93 carried forward from the previous host (spend_baseline.json)
         cache reads are 58.5% of that; $26.63 per M billable (1,236,505 billable vs 38,547,479 cache-read)
[spend] rep06: $   99.03 / $280.00    35.4%  OK
         $0.00 on this host + $99.03 carried forward from the previous host (spend_baseline.json)
         cache reads are 62.0% of that; $23.15 per M billable (4,277,733 billable vs 122,780,669 cache-read)
[spend] rep07: $   50.55 / $280.00    18.1%  OK
         $0.00 on this host + $50.55 carried forward from the previous host (spend_baseline.json)
         cache reads are 54.5% of that; $21.96 per M billable (2,302,436 billable vs 55,077,911 cache-read)
[spend] rep08: $   40.08 / $280.00    14.3%  OK
         $0.00 on this host + $40.08 carried forward from the previous host (spend_baseline.json)
         cache reads are 60.6% of that; $29.75 per M billable (1,347,489 billable vs 48,580,473 cache-read)
[spend] rep09: $   37.28 / $280.00    13.3%  OK
         $0.00 on this host + $37.28 carried forward from the previous host (spend_baseline.json)
         cache reads are 57.9% of that; $26.24 per M billable (1,420,900 billable vs 43,196,137 cache-read)
[spend] rep10: $   75.59 / $280.00    27.0%  OK
         $0.00 on this host + $75.59 carried forward from the previous host (spend_baseline.json)
         cache reads are 65.7% of that; $30.33 per M billable (2,492,029 billable vs 99,298,212 cache-read)
[spend] rep11: $   38.74 / $280.00    13.8%  OK
         $0.00 on this host + $38.74 carried forward from the previous host (spend_baseline.json)
         cache reads are 57.3% of that; $26.08 per M billable (1,485,396 billable vs 44,417,946 cache-read)
[spend] rep12: $   36.91 / $280.00    13.2%  OK
         $0.00 on this host + $36.91 carried forward from the previous host (spend_baseline.json)
         cache reads are 59.8% of that; $27.06 per M billable (1,363,857 billable vs 44,170,710 cache-read)
[spend] rep13: $   35.86 / $280.00    12.8%  OK
         $0.00 on this host + $35.86 carried forward from the previous host (spend_baseline.json)
         cache reads are 64.0% of that; $32.29 per M billable (1,110,321 billable vs 45,876,912 cache-read)
[spend] rep15: $   49.07 / $280.00    17.5%  OK
         $0.00 on this host + $49.07 carried forward from the previous host (spend_baseline.json)
         cache reads are 54.6% of that; $21.57 per M billable (2,275,306 billable vs 53,557,852 cache-read)
[spend] rep16: $   49.34 / $280.00    17.6%  OK
         $0.00 on this host + $49.34 carried forward from the previous host (spend_baseline.json)
         cache reads are 51.7% of that; $18.06 per M billable (2,731,571 billable vs 50,984,830 cache-read)
[spend] rep17: $   20.45 / $280.00     7.3%  OK
         $0.00 on this host + $20.45 carried forward from the previous host (spend_baseline.json)
         cache reads are 54.4% of that; $27.87 per M billable (733,617 billable vs 22,263,594 cache-read)
[spend] rep01: $   65.14 / $280.00    23.3%  OK
         $0.00 on this host + $65.14 carried forward from the previous host (spend_baseline.json)
         cache reads are 76.2% of that; $61.01 per M billable (1,067,618 billable vs 99,323,960 cache-read)
[spend] rep02: $   40.13 / $280.00    14.3%  OK
         $0.00 on this host + $40.13 carried forward from the previous host (spend_baseline.json)
         cache reads are 53.7% of that; $24.24 per M billable (1,655,427 billable vs 43,098,276 cache-read)
[spend] rep03: $   23.79 / $280.00     8.5%  OK
         $0.00 on this host + $23.79 carried forward from the previous host (spend_baseline.json)
         cache reads are 58.0% of that; $35.19 per M billable (676,168 billable vs 27,599,630 cache-read)
[spend] rep04: $   30.57 / $280.00    10.9%  OK
         $0.00 on this host + $30.57 carried forward from the previous host (spend_baseline.json)
         cache reads are 56.0% of that; $26.77 per M billable (1,141,836 billable vs 34,248,826 cache-read)
[spend] rep05: $   32.93 / $280.00    11.8%  OK
         $0.00 on this host + $32.93 carried forward from the previous host (spend_baseline.json)
         cache reads are 58.5% of that; $26.63 per M billable (1,236,505 billable vs 38,547,479 cache-read)
[spend] rep06: $   99.03 / $280.00    35.4%  OK
         $0.00 on this host + $99.03 carried forward from the previous host (spend_baseline.json)
         cache reads are 62.0% of that; $23.15 per M billable (4,277,733 billable vs 122,780,669 cache-read)
[spend] rep07: $   50.55 / $280.00    18.1%  OK
         $0.00 on this host + $50.55 carried forward from the previous host (spend_baseline.json)
         cache reads are 54.5% of that; $21.96 per M billable (2,302,436 billable vs 55,077,911 cache-read)
[spend] rep08: $   40.08 / $280.00    14.3%  OK
         $0.00 on this host + $40.08 carried forward from the previous host (spend_baseline.json)
         cache reads are 60.6% of that; $29.75 per M billable (1,347,489 billable vs 48,580,473 cache-read)
[spend] rep09: $   37.28 / $280.00    13.3%  OK
         $0.00 on this host + $37.28 carried forward from the previous host (spend_baseline.json)
         cache reads are 57.9% of that; $26.24 per M billable (1,420,900 billable vs 43,196,137 cache-read)
[spend] rep10: $   75.59 / $280.00    27.0%  OK
         $0.00 on this host + $75.59 carried forward from the previous host (spend_baseline.json)
         cache reads are 65.7% of that; $30.33 per M billable (2,492,029 billable vs 99,298,212 cache-read)
[spend] rep11: $   38.74 / $280.00    13.8%  OK
         $0.00 on this host + $38.74 carried forward from the previous host (spend_baseline.json)
         cache reads are 57.3% of that; $26.08 per M billable (1,485,396 billable vs 44,417,946 cache-read)
[spend] rep12: $   36.91 / $280.00    13.2%  OK
         $0.00 on this host + $36.91 carried forward from the previous host (spend_baseline.json)
         cache reads are 59.8% of that; $27.06 per M billable (1,363,857 billable vs 44,170,710 cache-read)
[spend] rep13: $   35.86 / $280.00    12.8%  OK
         $0.00 on this host + $35.86 carried forward from the previous host (spend_baseline.json)
         cache reads are 64.0% of that; $32.29 per M billable (1,110,321 billable vs 45,876,912 cache-read)
[spend] rep15: $   49.07 / $280.00    17.5%  OK
         $0.00 on this host + $49.07 carried forward from the previous host (spend_baseline.json)
         cache reads are 54.6% of that; $21.57 per M billable (2,275,306 billable vs 53,557,852 cache-read)
[spend] rep16: $   49.34 / $280.00    17.6%  OK
         $0.00 on this host + $49.34 carried forward from the previous host (spend_baseline.json)
         cache reads are 51.7% of that; $18.06 per M billable (2,731,571 billable vs 50,984,830 cache-read)
[spend] rep17: $   20.45 / $280.00     7.3%  OK
         $0.00 on this host + $20.45 carried forward from the previous host (spend_baseline.json)
         cache reads are 54.4% of that; $27.87 per M billable (733,617 billable vs 22,263,594 cache-read)
[spend] rep01: $   65.14 / $280.00    23.3%  OK
         $0.00 on this host + $65.14 carried forward from the previous host (spend_baseline.json)
         cache reads are 76.2% of that; $61.01 per M billable (1,067,618 billable vs 99,323,960 cache-read)
[spend] rep02: $   40.13 / $280.00    14.3%  OK
         $0.00 on this host + $40.13 carried forward from the previous host (spend_baseline.json)
         cache reads are 53.7% of that; $24.24 per M billable (1,655,427 billable vs 43,098,276 cache-read)
[spend] rep03: $   23.79 / $280.00     8.5%  OK
         $0.00 on this host + $23.79 carried forward from the previous host (spend_baseline.json)
         cache reads are 58.0% of that; $35.19 per M billable (676,168 billable vs 27,599,630 cache-read)
[spend] rep04: $   30.57 / $280.00    10.9%  OK
         $0.00 on this host + $30.57 carried forward from the previous host (spend_baseline.json)
         cache reads are 56.0% of that; $26.77 per M billable (1,141,836 billable vs 34,248,826 cache-read)
[spend] rep05: $   32.93 / $280.00    11.8%  OK
         $0.00 on this host + $32.93 carried forward from the previous host (spend_baseline.json)
         cache reads are 58.5% of that; $26.63 per M billable (1,236,505 billable vs 38,547,479 cache-read)
[spend] rep06: $   99.03 / $280.00    35.4%  OK
         $0.00 on this host + $99.03 carried forward from the previous host (spend_baseline.json)
         cache reads are 62.0% of that; $23.15 per M billable (4,277,733 billable vs 122,780,669 cache-read)
[spend] rep07: $   50.55 / $280.00    18.1%  OK
         $0.00 on this host + $50.55 carried forward from the previous host (spend_baseline.json)
         cache reads are 54.5% of that; $21.96 per M billable (2,302,436 billable vs 55,077,911 cache-read)
[spend] rep08: $   40.08 / $280.00    14.3%  OK
         $0.00 on this host + $40.08 carried forward from the previous host (spend_baseline.json)
         cache reads are 60.6% of that; $29.75 per M billable (1,347,489 billable vs 48,580,473 cache-read)
[spend] rep09: $   37.28 / $280.00    13.3%  OK
         $0.00 on this host + $37.28 carried forward from the previous host (spend_baseline.json)
         cache reads are 57.9% of that; $26.24 per M billable (1,420,900 billable vs 43,196,137 cache-read)
[spend] rep10: $   75.59 / $280.00    27.0%  OK
         $0.00 on this host + $75.59 carried forward from the previous host (spend_baseline.json)
         cache reads are 65.7% of that; $30.33 per M billable (2,492,029 billable vs 99,298,212 cache-read)
[spend] rep11: $   38.74 / $280.00    13.8%  OK
         $0.00 on this host + $38.74 carried forward from the previous host (spend_baseline.json)
         cache reads are 57.3% of that; $26.08 per M billable (1,485,396 billable vs 44,417,946 cache-read)
[spend] rep12: $   36.91 / $280.00    13.2%  OK
         $0.00 on this host + $36.91 carried forward from the previous host (spend_baseline.json)
         cache reads are 59.8% of that; $27.06 per M billable (1,363,857 billable vs 44,170,710 cache-read)
[spend] rep13: $   35.86 / $280.00    12.8%  OK
         $0.00 on this host + $35.86 carried forward from the previous host (spend_baseline.json)
         cache reads are 64.0% of that; $32.29 per M billable (1,110,321 billable vs 45,876,912 cache-read)
[spend] rep15: $   49.07 / $280.00    17.5%  OK
         $0.00 on this host + $49.07 carried forward from the previous host (spend_baseline.json)
         cache reads are 54.6% of that; $21.57 per M billable (2,275,306 billable vs 53,557,852 cache-read)
[spend] rep16: $   49.34 / $280.00    17.6%  OK
         $0.00 on this host + $49.34 carried forward from the previous host (spend_baseline.json)
         cache reads are 51.7% of that; $18.06 per M billable (2,731,571 billable vs 50,984,830 cache-read)
[spend] rep17: $   20.45 / $280.00     7.3%  OK
         $0.00 on this host + $20.45 carried forward from the previous host (spend_baseline.json)
         cache reads are 54.4% of that; $27.87 per M billable (733,617 billable vs 22,263,594 cache-read)
[spend] rep01: $   65.14 / $280.00    23.3%  OK
         $0.00 on this host + $65.14 carried forward from the previous host (spend_baseline.json)
         cache reads are 76.2% of that; $61.01 per M billable (1,067,618 billable vs 99,323,960 cache-read)
[spend] rep02: $   40.13 / $280.00    14.3%  OK
         $0.00 on this host + $40.13 carried forward from the previous host (spend_baseline.json)
         cache reads are 53.7% of that; $24.24 per M billable (1,655,427 billable vs 43,098,276 cache-read)
[spend] rep03: $   23.79 / $280.00     8.5%  OK
         $0.00 on this host + $23.79 carried forward from the previous host (spend_baseline.json)
         cache reads are 58.0% of that; $35.19 per M billable (676,168 billable vs 27,599,630 cache-read)
[spend] rep04: $   30.57 / $280.00    10.9%  OK
         $0.00 on this host + $30.57 carried forward from the previous host (spend_baseline.json)
         cache reads are 56.0% of that; $26.77 per M billable (1,141,836 billable vs 34,248,826 cache-read)
[spend] rep05: $   32.93 / $280.00    11.8%  OK
         $0.00 on this host + $32.93 carried forward from the previous host (spend_baseline.json)
         cache reads are 58.5% of that; $26.63 per M billable (1,236,505 billable vs 38,547,479 cache-read)
[spend] rep06: $   99.03 / $280.00    35.4%  OK
         $0.00 on this host + $99.03 carried forward from the previous host (spend_baseline.json)
         cache reads are 62.0% of that; $23.15 per M billable (4,277,733 billable vs 122,780,669 cache-read)
[spend] rep07: $   50.55 / $280.00    18.1%  OK
         $0.00 on this host + $50.55 carried forward from the previous host (spend_baseline.json)
         cache reads are 54.5% of that; $21.96 per M billable (2,302,436 billable vs 55,077,911 cache-read)
[spend] rep08: $   40.08 / $280.00    14.3%  OK
         $0.00 on this host + $40.08 carried forward from the previous host (spend_baseline.json)
         cache reads are 60.6% of that; $29.75 per M billable (1,347,489 billable vs 48,580,473 cache-read)
[spend] rep09: $   37.28 / $280.00    13.3%  OK
         $0.00 on this host + $37.28 carried forward from the previous host (spend_baseline.json)
         cache reads are 57.9% of that; $26.24 per M billable (1,420,900 billable vs 43,196,137 cache-read)
[spend] rep10: $   75.59 / $280.00    27.0%  OK
         $0.00 on this host + $75.59 carried forward from the previous host (spend_baseline.json)
         cache reads are 65.7% of that; $30.33 per M billable (2,492,029 billable vs 99,298,212 cache-read)
[spend] rep11: $   38.74 / $280.00    13.8%  OK
         $0.00 on this host + $38.74 carried forward from the previous host (spend_baseline.json)
         cache reads are 57.3% of that; $26.08 per M billable (1,485,396 billable vs 44,417,946 cache-read)
[spend] rep12: $   36.91 / $280.00    13.2%  OK
         $0.00 on this host + $36.91 carried forward from the previous host (spend_baseline.json)
         cache reads are 59.8% of that; $27.06 per M billable (1,363,857 billable vs 44,170,710 cache-read)
[spend] rep13: $   35.86 / $280.00    12.8%  OK
         $0.00 on this host + $35.86 carried forward from the previous host (spend_baseline.json)
         cache reads are 64.0% of that; $32.29 per M billable (1,110,321 billable vs 45,876,912 cache-read)
[spend] rep15: $   49.07 / $280.00    17.5%  OK
         $0.00 on this host + $49.07 carried forward from the previous host (spend_baseline.json)
         cache reads are 54.6% of that; $21.57 per M billable (2,275,306 billable vs 53,557,852 cache-read)
[spend] rep16: $   49.34 / $280.00    17.6%  OK
         $0.00 on this host + $49.34 carried forward from the previous host (spend_baseline.json)
         cache reads are 51.7% of that; $18.06 per M billable (2,731,571 billable vs 50,984,830 cache-read)
[spend] rep17: $   20.45 / $280.00     7.3%  OK
         $0.00 on this host + $20.45 carried forward from the previous host (spend_baseline.json)
         cache reads are 54.4% of that; $27.87 per M billable (733,617 billable vs 22,263,594 cache-read)
[spend] rep01: $   65.14 / $280.00    23.3%  OK
         $0.00 on this host + $65.14 carried forward from the previous host (spend_baseline.json)
         cache reads are 76.2% of that; $61.01 per M billable (1,067,618 billable vs 99,323,960 cache-read)
[spend] rep02: $   40.13 / $280.00    14.3%  OK
         $0.00 on this host + $40.13 carried forward from the previous host (spend_baseline.json)
         cache reads are 53.7% of that; $24.24 per M billable (1,655,427 billable vs 43,098,276 cache-read)
[spend] rep03: $   23.79 / $280.00     8.5%  OK
         $0.00 on this host + $23.79 carried forward from the previous host (spend_baseline.json)
         cache reads are 58.0% of that; $35.19 per M billable (676,168 billable vs 27,599,630 cache-read)
[spend] rep04: $   30.57 / $280.00    10.9%  OK
         $0.00 on this host + $30.57 carried forward from the previous host (spend_baseline.json)
         cache reads are 56.0% of that; $26.77 per M billable (1,141,836 billable vs 34,248,826 cache-read)
[spend] rep05: $   32.93 / $280.00    11.8%  OK
         $0.00 on this host + $32.93 carried forward from the previous host (spend_baseline.json)
         cache reads are 58.5% of that; $26.63 per M billable (1,236,505 billable vs 38,547,479 cache-read)
[spend] rep06: $   99.03 / $280.00    35.4%  OK
         $0.00 on this host + $99.03 carried forward from the previous host (spend_baseline.json)
         cache reads are 62.0% of that; $23.15 per M billable (4,277,733 billable vs 122,780,669 cache-read)
[spend] rep07: $   50.55 / $280.00    18.1%  OK
         $0.00 on this host + $50.55 carried forward from the previous host (spend_baseline.json)
         cache reads are 54.5% of that; $21.96 per M billable (2,302,436 billable vs 55,077,911 cache-read)
[spend] rep08: $   40.08 / $280.00    14.3%  OK
         $0.00 on this host + $40.08 carried forward from the previous host (spend_baseline.json)
         cache reads are 60.6% of that; $29.75 per M billable (1,347,489 billable vs 48,580,473 cache-read)
[spend] rep09: $   37.28 / $280.00    13.3%  OK
         $0.00 on this host + $37.28 carried forward from the previous host (spend_baseline.json)
         cache reads are 57.9% of that; $26.24 per M billable (1,420,900 billable vs 43,196,137 cache-read)
[spend] rep10: $   75.59 / $280.00    27.0%  OK
         $0.00 on this host + $75.59 carried forward from the previous host (spend_baseline.json)
         cache reads are 65.7% of that; $30.33 per M billable (2,492,029 billable vs 99,298,212 cache-read)
[spend] rep11: $   38.74 / $280.00    13.8%  OK
         $0.00 on this host + $38.74 carried forward from the previous host (spend_baseline.json)
         cache reads are 57.3% of that; $26.08 per M billable (1,485,396 billable vs 44,417,946 cache-read)
[spend] rep12: $   36.91 / $280.00    13.2%  OK
         $0.00 on this host + $36.91 carried forward from the previous host (spend_baseline.json)
         cache reads are 59.8% of that; $27.06 per M billable (1,363,857 billable vs 44,170,710 cache-read)
[spend] rep13: $   35.86 / $280.00    12.8%  OK
         $0.00 on this host + $35.86 carried forward from the previous host (spend_baseline.json)
         cache reads are 64.0% of that; $32.29 per M billable (1,110,321 billable vs 45,876,912 cache-read)
[spend] rep15: $   49.07 / $280.00    17.5%  OK
         $0.00 on this host + $49.07 carried forward from the previous host (spend_baseline.json)
         cache reads are 54.6% of that; $21.57 per M billable (2,275,306 billable vs 53,557,852 cache-read)
[spend] rep16: $   49.34 / $280.00    17.6%  OK
         $0.00 on this host + $49.34 carried forward from the previous host (spend_baseline.json)
         cache reads are 51.7% of that; $18.06 per M billable (2,731,571 billable vs 50,984,830 cache-read)
[spend] rep17: $   20.45 / $280.00     7.3%  OK
         $0.00 on this host + $20.45 carried forward from the previous host (spend_baseline.json)
         cache reads are 54.4% of that; $27.87 per M billable (733,617 billable vs 22,263,594 cache-read)
[spend] rep01: $   65.14 / $280.00    23.3%  OK
         $0.00 on this host + $65.14 carried forward from the previous host (spend_baseline.json)
         cache reads are 76.2% of that; $61.01 per M billable (1,067,618 billable vs 99,323,960 cache-read)
[spend] rep02: $   40.13 / $280.00    14.3%  OK
         $0.00 on this host + $40.13 carried forward from the previous host (spend_baseline.json)
         cache reads are 53.7% of that; $24.24 per M billable (1,655,427 billable vs 43,098,276 cache-read)
[spend] rep03: $   23.79 / $280.00     8.5%  OK
         $0.00 on this host + $23.79 carried forward from the previous host (spend_baseline.json)
         cache reads are 58.0% of that; $35.19 per M billable (676,168 billable vs 27,599,630 cache-read)
[spend] rep04: $   30.57 / $280.00    10.9%  OK
         $0.00 on this host + $30.57 carried forward from the previous host (spend_baseline.json)
         cache reads are 56.0% of that; $26.77 per M billable (1,141,836 billable vs 34,248,826 cache-read)
[spend] rep05: $   32.93 / $280.00    11.8%  OK
         $0.00 on this host + $32.93 carried forward from the previous host (spend_baseline.json)
         cache reads are 58.5% of that; $26.63 per M billable (1,236,505 billable vs 38,547,479 cache-read)
[spend] rep06: $   99.03 / $280.00    35.4%  OK
         $0.00 on this host + $99.03 carried forward from the previous host (spend_baseline.json)
         cache reads are 62.0% of that; $23.15 per M billable (4,277,733 billable vs 122,780,669 cache-read)
[spend] rep07: $   50.55 / $280.00    18.1%  OK
         $0.00 on this host + $50.55 carried forward from the previous host (spend_baseline.json)
         cache reads are 54.5% of that; $21.96 per M billable (2,302,436 billable vs 55,077,911 cache-read)
[spend] rep08: $   40.08 / $280.00    14.3%  OK
         $0.00 on this host + $40.08 carried forward from the previous host (spend_baseline.json)
         cache reads are 60.6% of that; $29.75 per M billable (1,347,489 billable vs 48,580,473 cache-read)
[spend] rep09: $   37.28 / $280.00    13.3%  OK
         $0.00 on this host + $37.28 carried forward from the previous host (spend_baseline.json)
         cache reads are 57.9% of that; $26.24 per M billable (1,420,900 billable vs 43,196,137 cache-read)
[spend] rep10: $   75.59 / $280.00    27.0%  OK
         $0.00 on this host + $75.59 carried forward from the previous host (spend_baseline.json)
         cache reads are 65.7% of that; $30.33 per M billable (2,492,029 billable vs 99,298,212 cache-read)
[spend] rep11: $   38.74 / $280.00    13.8%  OK
         $0.00 on this host + $38.74 carried forward from the previous host (spend_baseline.json)
         cache reads are 57.3% of that; $26.08 per M billable (1,485,396 billable vs 44,417,946 cache-read)
[spend] rep12: $   36.91 / $280.00    13.2%  OK
         $0.00 on this host + $36.91 carried forward from the previous host (spend_baseline.json)
         cache reads are 59.8% of that; $27.06 per M billable (1,363,857 billable vs 44,170,710 cache-read)
[spend] rep13: $   35.86 / $280.00    12.8%  OK
         $0.00 on this host + $35.86 carried forward from the previous host (spend_baseline.json)
         cache reads are 64.0% of that; $32.29 per M billable (1,110,321 billable vs 45,876,912 cache-read)
[spend] rep15: $   49.07 / $280.00    17.5%  OK
         $0.00 on this host + $49.07 carried forward from the previous host (spend_baseline.json)
         cache reads are 54.6% of that; $21.57 per M billable (2,275,306 billable vs 53,557,852 cache-read)
[spend] rep16: $   49.34 / $280.00    17.6%  OK
         $0.00 on this host + $49.34 carried forward from the previous host (spend_baseline.json)
         cache reads are 51.7% of that; $18.06 per M billable (2,731,571 billable vs 50,984,830 cache-read)
[spend] rep17: $   20.45 / $280.00     7.3%  OK
         $0.00 on this host + $20.45 carried forward from the previous host (spend_baseline.json)
         cache reads are 54.4% of that; $27.87 per M billable (733,617 billable vs 22,263,594 cache-read)
[spend] rep01: $   65.14 / $280.00    23.3%  OK
         $0.00 on this host + $65.14 carried forward from the previous host (spend_baseline.json)
         cache reads are 76.2% of that; $61.01 per M billable (1,067,618 billable vs 99,323,960 cache-read)
[spend] rep02: $   40.13 / $280.00    14.3%  OK
         $0.00 on this host + $40.13 carried forward from the previous host (spend_baseline.json)
         cache reads are 53.7% of that; $24.24 per M billable (1,655,427 billable vs 43,098,276 cache-read)
[spend] rep03: $   23.79 / $280.00     8.5%  OK
         $0.00 on this host + $23.79 carried forward from the previous host (spend_baseline.json)
         cache reads are 58.0% of that; $35.19 per M billable (676,168 billable vs 27,599,630 cache-read)
[spend] rep04: $   30.57 / $280.00    10.9%  OK
         $0.00 on this host + $30.57 carried forward from the previous host (spend_baseline.json)
         cache reads are 56.0% of that; $26.77 per M billable (1,141,836 billable vs 34,248,826 cache-read)
[spend] rep05: $   32.93 / $280.00    11.8%  OK
         $0.00 on this host + $32.93 carried forward from the previous host (spend_baseline.json)
         cache reads are 58.5% of that; $26.63 per M billable (1,236,505 billable vs 38,547,479 cache-read)
[spend] rep06: $   99.03 / $280.00    35.4%  OK
         $0.00 on this host + $99.03 carried forward from the previous host (spend_baseline.json)
         cache reads are 62.0% of that; $23.15 per M billable (4,277,733 billable vs 122,780,669 cache-read)
[spend] rep07: $   50.55 / $280.00    18.1%  OK
         $0.00 on this host + $50.55 carried forward from the previous host (spend_baseline.json)
         cache reads are 54.5% of that; $21.96 per M billable (2,302,436 billable vs 55,077,911 cache-read)
[spend] rep08: $   40.08 / $280.00    14.3%  OK
         $0.00 on this host + $40.08 carried forward from the previous host (spend_baseline.json)
         cache reads are 60.6% of that; $29.75 per M billable (1,347,489 billable vs 48,580,473 cache-read)
[spend] rep09: $   37.28 / $280.00    13.3%  OK
         $0.00 on this host + $37.28 carried forward from the previous host (spend_baseline.json)
         cache reads are 57.9% of that; $26.24 per M billable (1,420,900 billable vs 43,196,137 cache-read)
[spend] rep10: $   75.59 / $280.00    27.0%  OK
         $0.00 on this host + $75.59 carried forward from the previous host (spend_baseline.json)
         cache reads are 65.7% of that; $30.33 per M billable (2,492,029 billable vs 99,298,212 cache-read)
[spend] rep11: $   38.74 / $280.00    13.8%  OK
         $0.00 on this host + $38.74 carried forward from the previous host (spend_baseline.json)
         cache reads are 57.3% of that; $26.08 per M billable (1,485,396 billable vs 44,417,946 cache-read)
[spend] rep12: $   36.91 / $280.00    13.2%  OK
         $0.00 on this host + $36.91 carried forward from the previous host (spend_baseline.json)
         cache reads are 59.8% of that; $27.06 per M billable (1,363,857 billable vs 44,170,710 cache-read)
[spend] rep13: $   35.86 / $280.00    12.8%  OK
         $0.00 on this host + $35.86 carried forward from the previous host (spend_baseline.json)
         cache reads are 64.0% of that; $32.29 per M billable (1,110,321 billable vs 45,876,912 cache-read)
[spend] rep15: $   49.07 / $280.00    17.5%  OK
         $0.00 on this host + $49.07 carried forward from the previous host (spend_baseline.json)
         cache reads are 54.6% of that; $21.57 per M billable (2,275,306 billable vs 53,557,852 cache-read)
[spend] rep16: $   49.34 / $280.00    17.6%  OK
         $0.00 on this host + $49.34 carried forward from the previous host (spend_baseline.json)
         cache reads are 51.7% of that; $18.06 per M billable (2,731,571 billable vs 50,984,830 cache-read)
[spend] rep17: $   20.45 / $280.00     7.3%  OK
         $0.00 on this host + $20.45 carried forward from the previous host (spend_baseline.json)
         cache reads are 54.4% of that; $27.87 per M billable (733,617 billable vs 22,263,594 cache-read)
[spend] rep01: $   65.14 / $280.00    23.3%  OK
         $0.00 on this host + $65.14 carried forward from the previous host (spend_baseline.json)
         cache reads are 76.2% of that; $61.01 per M billable (1,067,618 billable vs 99,323,960 cache-read)
[spend] rep02: $   40.13 / $280.00    14.3%  OK
         $0.00 on this host + $40.13 carried forward from the previous host (spend_baseline.json)
         cache reads are 53.7% of that; $24.24 per M billable (1,655,427 billable vs 43,098,276 cache-read)
[spend] rep03: $   23.79 / $280.00     8.5%  OK
         $0.00 on this host + $23.79 carried forward from the previous host (spend_baseline.json)
         cache reads are 58.0% of that; $35.19 per M billable (676,168 billable vs 27,599,630 cache-read)
[spend] rep04: $   30.57 / $280.00    10.9%  OK
         $0.00 on this host + $30.57 carried forward from the previous host (spend_baseline.json)
         cache reads are 56.0% of that; $26.77 per M billable (1,141,836 billable vs 34,248,826 cache-read)
[spend] rep05: $   32.93 / $280.00    11.8%  OK
         $0.00 on this host + $32.93 carried forward from the previous host (spend_baseline.json)
         cache reads are 58.5% of that; $26.63 per M billable (1,236,505 billable vs 38,547,479 cache-read)
[spend] rep06: $   99.03 / $280.00    35.4%  OK
         $0.00 on this host + $99.03 carried forward from the previous host (spend_baseline.json)
         cache reads are 62.0% of that; $23.15 per M billable (4,277,733 billable vs 122,780,669 cache-read)
[spend] rep07: $   50.55 / $280.00    18.1%  OK
         $0.00 on this host + $50.55 carried forward from the previous host (spend_baseline.json)
         cache reads are 54.5% of that; $21.96 per M billable (2,302,436 billable vs 55,077,911 cache-read)
[spend] rep08: $   40.08 / $280.00    14.3%  OK
         $0.00 on this host + $40.08 carried forward from the previous host (spend_baseline.json)
         cache reads are 60.6% of that; $29.75 per M billable (1,347,489 billable vs 48,580,473 cache-read)
[spend] rep09: $   37.28 / $280.00    13.3%  OK
         $0.00 on this host + $37.28 carried forward from the previous host (spend_baseline.json)
         cache reads are 57.9% of that; $26.24 per M billable (1,420,900 billable vs 43,196,137 cache-read)
[spend] rep10: $   75.59 / $280.00    27.0%  OK
         $0.00 on this host + $75.59 carried forward from the previous host (spend_baseline.json)
         cache reads are 65.7% of that; $30.33 per M billable (2,492,029 billable vs 99,298,212 cache-read)
[spend] rep11: $   38.74 / $280.00    13.8%  OK
         $0.00 on this host + $38.74 carried forward from the previous host (spend_baseline.json)
         cache reads are 57.3% of that; $26.08 per M billable (1,485,396 billable vs 44,417,946 cache-read)
[spend] rep12: $   36.91 / $280.00    13.2%  OK
         $0.00 on this host + $36.91 carried forward from the previous host (spend_baseline.json)
         cache reads are 59.8% of that; $27.06 per M billable (1,363,857 billable vs 44,170,710 cache-read)
[spend] rep13: $   35.86 / $280.00    12.8%  OK
         $0.00 on this host + $35.86 carried forward from the previous host (spend_baseline.json)
         cache reads are 64.0% of that; $32.29 per M billable (1,110,321 billable vs 45,876,912 cache-read)
[spend] rep15: $   49.07 / $280.00    17.5%  OK
         $0.00 on this host + $49.07 carried forward from the previous host (spend_baseline.json)
         cache reads are 54.6% of that; $21.57 per M billable (2,275,306 billable vs 53,557,852 cache-read)
[spend] rep16: $   49.34 / $280.00    17.6%  OK
         $0.00 on this host + $49.34 carried forward from the previous host (spend_baseline.json)
         cache reads are 51.7% of that; $18.06 per M billable (2,731,571 billable vs 50,984,830 cache-read)
[spend] rep17: $   20.45 / $280.00     7.3%  OK
         $0.00 on this host + $20.45 carried forward from the previous host (spend_baseline.json)
         cache reads are 54.4% of that; $27.87 per M billable (733,617 billable vs 22,263,594 cache-read)
[spend] rep01: $   65.14 / $280.00    23.3%  OK
         $0.00 on this host + $65.14 carried forward from the previous host (spend_baseline.json)
         cache reads are 76.2% of that; $61.01 per M billable (1,067,618 billable vs 99,323,960 cache-read)
[spend] rep02: $   40.13 / $280.00    14.3%  OK
         $0.00 on this host + $40.13 carried forward from the previous host (spend_baseline.json)
         cache reads are 53.7% of that; $24.24 per M billable (1,655,427 billable vs 43,098,276 cache-read)
[spend] rep03: $   23.79 / $280.00     8.5%  OK
         $0.00 on this host + $23.79 carried forward from the previous host (spend_baseline.json)
         cache reads are 58.0% of that; $35.19 per M billable (676,168 billable vs 27,599,630 cache-read)
[spend] rep04: $   30.57 / $280.00    10.9%  OK
         $0.00 on this host + $30.57 carried forward from the previous host (spend_baseline.json)
         cache reads are 56.0% of that; $26.77 per M billable (1,141,836 billable vs 34,248,826 cache-read)
[spend] rep05: $   32.93 / $280.00    11.8%  OK
         $0.00 on this host + $32.93 carried forward from the previous host (spend_baseline.json)
         cache reads are 58.5% of that; $26.63 per M billable (1,236,505 billable vs 38,547,479 cache-read)
[spend] rep06: $   99.03 / $280.00    35.4%  OK
         $0.00 on this host + $99.03 carried forward from the previous host (spend_baseline.json)
         cache reads are 62.0% of that; $23.15 per M billable (4,277,733 billable vs 122,780,669 cache-read)
[spend] rep07: $   50.55 / $280.00    18.1%  OK
         $0.00 on this host + $50.55 carried forward from the previous host (spend_baseline.json)
         cache reads are 54.5% of that; $21.96 per M billable (2,302,436 billable vs 55,077,911 cache-read)
[spend] rep08: $   40.08 / $280.00    14.3%  OK
         $0.00 on this host + $40.08 carried forward from the previous host (spend_baseline.json)
         cache reads are 60.6% of that; $29.75 per M billable (1,347,489 billable vs 48,580,473 cache-read)
[spend] rep09: $   37.28 / $280.00    13.3%  OK
         $0.00 on this host + $37.28 carried forward from the previous host (spend_baseline.json)
         cache reads are 57.9% of that; $26.24 per M billable (1,420,900 billable vs 43,196,137 cache-read)
[spend] rep10: $   75.59 / $280.00    27.0%  OK
         $0.00 on this host + $75.59 carried forward from the previous host (spend_baseline.json)
         cache reads are 65.7% of that; $30.33 per M billable (2,492,029 billable vs 99,298,212 cache-read)
[spend] rep11: $   38.74 / $280.00    13.8%  OK
         $0.00 on this host + $38.74 carried forward from the previous host (spend_baseline.json)
         cache reads are 57.3% of that; $26.08 per M billable (1,485,396 billable vs 44,417,946 cache-read)
[spend] rep12: $   36.91 / $280.00    13.2%  OK
         $0.00 on this host + $36.91 carried forward from the previous host (spend_baseline.json)
         cache reads are 59.8% of that; $27.06 per M billable (1,363,857 billable vs 44,170,710 cache-read)
[spend] rep13: $   35.86 / $280.00    12.8%  OK
         $0.00 on this host + $35.86 carried forward from the previous host (spend_baseline.json)
         cache reads are 64.0% of that; $32.29 per M billable (1,110,321 billable vs 45,876,912 cache-read)
[spend] rep15: $   49.07 / $280.00    17.5%  OK
         $0.00 on this host + $49.07 carried forward from the previous host (spend_baseline.json)
         cache reads are 54.6% of that; $21.57 per M billable (2,275,306 billable vs 53,557,852 cache-read)
[spend] rep16: $   49.34 / $280.00    17.6%  OK
         $0.00 on this host + $49.34 carried forward from the previous host (spend_baseline.json)
         cache reads are 51.7% of that; $18.06 per M billable (2,731,571 billable vs 50,984,830 cache-read)
[spend] rep17: $   20.45 / $280.00     7.3%  OK
         $0.00 on this host + $20.45 carried forward from the previous host (spend_baseline.json)
         cache reads are 54.4% of that; $27.87 per M billable (733,617 billable vs 22,263,594 cache-read)
[spend] rep01: $   65.14 / $280.00    23.3%  OK
         $0.00 on this host + $65.14 carried forward from the previous host (spend_baseline.json)
         cache reads are 76.2% of that; $61.01 per M billable (1,067,618 billable vs 99,323,960 cache-read)
[spend] rep02: $   40.13 / $280.00    14.3%  OK
         $0.00 on this host + $40.13 carried forward from the previous host (spend_baseline.json)
         cache reads are 53.7% of that; $24.24 per M billable (1,655,427 billable vs 43,098,276 cache-read)
[spend] rep03: $   23.79 / $280.00     8.5%  OK
         $0.00 on this host + $23.79 carried forward from the previous host (spend_baseline.json)
         cache reads are 58.0% of that; $35.19 per M billable (676,168 billable vs 27,599,630 cache-read)
[spend] rep04: $   30.57 / $280.00    10.9%  OK
         $0.00 on this host + $30.57 carried forward from the previous host (spend_baseline.json)
         cache reads are 56.0% of that; $26.77 per M billable (1,141,836 billable vs 34,248,826 cache-read)
[spend] rep05: $   32.93 / $280.00    11.8%  OK
         $0.00 on this host + $32.93 carried forward from the previous host (spend_baseline.json)
         cache reads are 58.5% of that; $26.63 per M billable (1,236,505 billable vs 38,547,479 cache-read)
[spend] rep06: $   99.03 / $280.00    35.4%  OK
         $0.00 on this host + $99.03 carried forward from the previous host (spend_baseline.json)
         cache reads are 62.0% of that; $23.15 per M billable (4,277,733 billable vs 122,780,669 cache-read)
[spend] rep07: $   50.55 / $280.00    18.1%  OK
         $0.00 on this host + $50.55 carried forward from the previous host (spend_baseline.json)
         cache reads are 54.5% of that; $21.96 per M billable (2,302,436 billable vs 55,077,911 cache-read)
[spend] rep08: $   40.08 / $280.00    14.3%  OK
         $0.00 on this host + $40.08 carried forward from the previous host (spend_baseline.json)
         cache reads are 60.6% of that; $29.75 per M billable (1,347,489 billable vs 48,580,473 cache-read)
[spend] rep09: $   37.28 / $280.00    13.3%  OK
         $0.00 on this host + $37.28 carried forward from the previous host (spend_baseline.json)
         cache reads are 57.9% of that; $26.24 per M billable (1,420,900 billable vs 43,196,137 cache-read)
[spend] rep10: $   75.59 / $280.00    27.0%  OK
         $0.00 on this host + $75.59 carried forward from the previous host (spend_baseline.json)
         cache reads are 65.7% of that; $30.33 per M billable (2,492,029 billable vs 99,298,212 cache-read)
[spend] rep11: $   38.74 / $280.00    13.8%  OK
         $0.00 on this host + $38.74 carried forward from the previous host (spend_baseline.json)
         cache reads are 57.3% of that; $26.08 per M billable (1,485,396 billable vs 44,417,946 cache-read)
[spend] rep12: $   36.91 / $280.00    13.2%  OK
         $0.00 on this host + $36.91 carried forward from the previous host (spend_baseline.json)
         cache reads are 59.8% of that; $27.06 per M billable (1,363,857 billable vs 44,170,710 cache-read)
[spend] rep13: $   35.86 / $280.00    12.8%  OK
         $0.00 on this host + $35.86 carried forward from the previous host (spend_baseline.json)
         cache reads are 64.0% of that; $32.29 per M billable (1,110,321 billable vs 45,876,912 cache-read)
[spend] rep15: $   49.07 / $280.00    17.5%  OK
         $0.00 on this host + $49.07 carried forward from the previous host (spend_baseline.json)
         cache reads are 54.6% of that; $21.57 per M billable (2,275,306 billable vs 53,557,852 cache-read)
[spend] rep16: $   49.34 / $280.00    17.6%  OK
         $0.00 on this host + $49.34 carried forward from the previous host (spend_baseline.json)
         cache reads are 51.7% of that; $18.06 per M billable (2,731,571 billable vs 50,984,830 cache-read)
[spend] rep17: $   20.45 / $280.00     7.3%  OK
         $0.00 on this host + $20.45 carried forward from the previous host (spend_baseline.json)
         cache reads are 54.4% of that; $27.87 per M billable (733,617 billable vs 22,263,594 cache-read)
[spend] rep01: $   65.14 / $280.00    23.3%  OK
         $0.00 on this host + $65.14 carried forward from the previous host (spend_baseline.json)
         cache reads are 76.2% of that; $61.01 per M billable (1,067,618 billable vs 99,323,960 cache-read)
[spend] rep02: $   40.13 / $280.00    14.3%  OK
         $0.00 on this host + $40.13 carried forward from the previous host (spend_baseline.json)
         cache reads are 53.7% of that; $24.24 per M billable (1,655,427 billable vs 43,098,276 cache-read)
[spend] rep03: $   23.79 / $280.00     8.5%  OK
         $0.00 on this host + $23.79 carried forward from the previous host (spend_baseline.json)
         cache reads are 58.0% of that; $35.19 per M billable (676,168 billable vs 27,599,630 cache-read)
[spend] rep04: $   30.57 / $280.00    10.9%  OK
         $0.00 on this host + $30.57 carried forward from the previous host (spend_baseline.json)
         cache reads are 56.0% of that; $26.77 per M billable (1,141,836 billable vs 34,248,826 cache-read)
[spend] rep05: $   32.93 / $280.00    11.8%  OK
         $0.00 on this host + $32.93 carried forward from the previous host (spend_baseline.json)
         cache reads are 58.5% of that; $26.63 per M billable (1,236,505 billable vs 38,547,479 cache-read)
[spend] rep06: $   99.03 / $280.00    35.4%  OK
         $0.00 on this host + $99.03 carried forward from the previous host (spend_baseline.json)
         cache reads are 62.0% of that; $23.15 per M billable (4,277,733 billable vs 122,780,669 cache-read)
[spend] rep07: $   50.55 / $280.00    18.1%  OK
         $0.00 on this host + $50.55 carried forward from the previous host (spend_baseline.json)
         cache reads are 54.5% of that; $21.96 per M billable (2,302,436 billable vs 55,077,911 cache-read)
[spend] rep08: $   40.08 / $280.00    14.3%  OK
         $0.00 on this host + $40.08 carried forward from the previous host (spend_baseline.json)
         cache reads are 60.6% of that; $29.75 per M billable (1,347,489 billable vs 48,580,473 cache-read)
[spend] rep09: $   37.28 / $280.00    13.3%  OK
         $0.00 on this host + $37.28 carried forward from the previous host (spend_baseline.json)
         cache reads are 57.9% of that; $26.24 per M billable (1,420,900 billable vs 43,196,137 cache-read)
[spend] rep10: $   75.59 / $280.00    27.0%  OK
         $0.00 on this host + $75.59 carried forward from the previous host (spend_baseline.json)
         cache reads are 65.7% of that; $30.33 per M billable (2,492,029 billable vs 99,298,212 cache-read)
[spend] rep11: $   38.74 / $280.00    13.8%  OK
         $0.00 on this host + $38.74 carried forward from the previous host (spend_baseline.json)
         cache reads are 57.3% of that; $26.08 per M billable (1,485,396 billable vs 44,417,946 cache-read)
[spend] rep12: $   36.91 / $280.00    13.2%  OK
         $0.00 on this host + $36.91 carried forward from the previous host (spend_baseline.json)
         cache reads are 59.8% of that; $27.06 per M billable (1,363,857 billable vs 44,170,710 cache-read)
[spend] rep13: $   35.86 / $280.00    12.8%  OK
         $0.00 on this host + $35.86 carried forward from the previous host (spend_baseline.json)
         cache reads are 64.0% of that; $32.29 per M billable (1,110,321 billable vs 45,876,912 cache-read)
[spend] rep15: $   49.07 / $280.00    17.5%  OK
         $0.00 on this host + $49.07 carried forward from the previous host (spend_baseline.json)
         cache reads are 54.6% of that; $21.57 per M billable (2,275,306 billable vs 53,557,852 cache-read)
[spend] rep16: $   49.34 / $280.00    17.6%  OK
         $0.00 on this host + $49.34 carried forward from the previous host (spend_baseline.json)
         cache reads are 51.7% of that; $18.06 per M billable (2,731,571 billable vs 50,984,830 cache-read)
[spend] rep17: $   20.45 / $280.00     7.3%  OK
         $0.00 on this host + $20.45 carried forward from the previous host (spend_baseline.json)
         cache reads are 54.4% of that; $27.87 per M billable (733,617 billable vs 22,263,594 cache-read)
[spend] rep01: $   65.14 / $280.00    23.3%  OK
         $0.00 on this host + $65.14 carried forward from the previous host (spend_baseline.json)
         cache reads are 76.2% of that; $61.01 per M billable (1,067,618 billable vs 99,323,960 cache-read)
[spend] rep02: $   40.13 / $280.00    14.3%  OK
         $0.00 on this host + $40.13 carried forward from the previous host (spend_baseline.json)
         cache reads are 53.7% of that; $24.24 per M billable (1,655,427 billable vs 43,098,276 cache-read)
[spend] rep03: $   23.79 / $280.00     8.5%  OK
         $0.00 on this host + $23.79 carried forward from the previous host (spend_baseline.json)
         cache reads are 58.0% of that; $35.19 per M billable (676,168 billable vs 27,599,630 cache-read)
[spend] rep04: $   30.57 / $280.00    10.9%  OK
         $0.00 on this host + $30.57 carried forward from the previous host (spend_baseline.json)
         cache reads are 56.0% of that; $26.77 per M billable (1,141,836 billable vs 34,248,826 cache-read)
[spend] rep05: $   32.93 / $280.00    11.8%  OK
         $0.00 on this host + $32.93 carried forward from the previous host (spend_baseline.json)
         cache reads are 58.5% of that; $26.63 per M billable (1,236,505 billable vs 38,547,479 cache-read)
[spend] rep06: $   99.03 / $280.00    35.4%  OK
         $0.00 on this host + $99.03 carried forward from the previous host (spend_baseline.json)
         cache reads are 62.0% of that; $23.15 per M billable (4,277,733 billable vs 122,780,669 cache-read)
[spend] rep07: $   50.55 / $280.00    18.1%  OK
         $0.00 on this host + $50.55 carried forward from the previous host (spend_baseline.json)
         cache reads are 54.5% of that; $21.96 per M billable (2,302,436 billable vs 55,077,911 cache-read)
[spend] rep08: $   40.08 / $280.00    14.3%  OK
         $0.00 on this host + $40.08 carried forward from the previous host (spend_baseline.json)
         cache reads are 60.6% of that; $29.75 per M billable (1,347,489 billable vs 48,580,473 cache-read)
[spend] rep09: $   37.28 / $280.00    13.3%  OK
         $0.00 on this host + $37.28 carried forward from the previous host (spend_baseline.json)
         cache reads are 57.9% of that; $26.24 per M billable (1,420,900 billable vs 43,196,137 cache-read)
[spend] rep10: $   75.59 / $280.00    27.0%  OK
         $0.00 on this host + $75.59 carried forward from the previous host (spend_baseline.json)
         cache reads are 65.7% of that; $30.33 per M billable (2,492,029 billable vs 99,298,212 cache-read)
[spend] rep11: $   38.74 / $280.00    13.8%  OK
         $0.00 on this host + $38.74 carried forward from the previous host (spend_baseline.json)
         cache reads are 57.3% of that; $26.08 per M billable (1,485,396 billable vs 44,417,946 cache-read)
[spend] rep12: $   36.91 / $280.00    13.2%  OK
         $0.00 on this host + $36.91 carried forward from the previous host (spend_baseline.json)
         cache reads are 59.8% of that; $27.06 per M billable (1,363,857 billable vs 44,170,710 cache-read)
[spend] rep13: $   35.86 / $280.00    12.8%  OK
         $0.00 on this host + $35.86 carried forward from the previous host (spend_baseline.json)
         cache reads are 64.0% of that; $32.29 per M billable (1,110,321 billable vs 45,876,912 cache-read)
[spend] rep15: $   49.07 / $280.00    17.5%  OK
         $0.00 on this host + $49.07 carried forward from the previous host (spend_baseline.json)
         cache reads are 54.6% of that; $21.57 per M billable (2,275,306 billable vs 53,557,852 cache-read)
[spend] rep16: $   49.34 / $280.00    17.6%  OK
         $0.00 on this host + $49.34 carried forward from the previous host (spend_baseline.json)
         cache reads are 51.7% of that; $18.06 per M billable (2,731,571 billable vs 50,984,830 cache-read)
[spend] rep17: $   20.45 / $280.00     7.3%  OK
         $0.00 on this host + $20.45 carried forward from the previous host (spend_baseline.json)
         cache reads are 54.4% of that; $27.87 per M billable (733,617 billable vs 22,263,594 cache-read)
[spend] rep01: $   65.14 / $280.00    23.3%  OK
         $0.00 on this host + $65.14 carried forward from the previous host (spend_baseline.json)
         cache reads are 76.2% of that; $61.01 per M billable (1,067,618 billable vs 99,323,960 cache-read)
[spend] rep02: $   40.13 / $280.00    14.3%  OK
         $0.00 on this host + $40.13 carried forward from the previous host (spend_baseline.json)
         cache reads are 53.7% of that; $24.24 per M billable (1,655,427 billable vs 43,098,276 cache-read)
[spend] rep03: $   23.79 / $280.00     8.5%  OK
         $0.00 on this host + $23.79 carried forward from the previous host (spend_baseline.json)
         cache reads are 58.0% of that; $35.19 per M billable (676,168 billable vs 27,599,630 cache-read)
[spend] rep04: $   30.57 / $280.00    10.9%  OK
         $0.00 on this host + $30.57 carried forward from the previous host (spend_baseline.json)
         cache reads are 56.0% of that; $26.77 per M billable (1,141,836 billable vs 34,248,826 cache-read)
[spend] rep05: $   32.93 / $280.00    11.8%  OK
         $0.00 on this host + $32.93 carried forward from the previous host (spend_baseline.json)
         cache reads are 58.5% of that; $26.63 per M billable (1,236,505 billable vs 38,547,479 cache-read)
[spend] rep06: $   99.03 / $280.00    35.4%  OK
         $0.00 on this host + $99.03 carried forward from the previous host (spend_baseline.json)
         cache reads are 62.0% of that; $23.15 per M billable (4,277,733 billable vs 122,780,669 cache-read)
[spend] rep07: $   50.55 / $280.00    18.1%  OK
         $0.00 on this host + $50.55 carried forward from the previous host (spend_baseline.json)
         cache reads are 54.5% of that; $21.96 per M billable (2,302,436 billable vs 55,077,911 cache-read)
[spend] rep08: $   40.08 / $280.00    14.3%  OK
         $0.00 on this host + $40.08 carried forward from the previous host (spend_baseline.json)
         cache reads are 60.6% of that; $29.75 per M billable (1,347,489 billable vs 48,580,473 cache-read)
[spend] rep09: $   37.28 / $280.00    13.3%  OK
         $0.00 on this host + $37.28 carried forward from the previous host (spend_baseline.json)
         cache reads are 57.9% of that; $26.24 per M billable (1,420,900 billable vs 43,196,137 cache-read)
[spend] rep10: $   75.59 / $280.00    27.0%  OK
         $0.00 on this host + $75.59 carried forward from the previous host (spend_baseline.json)
         cache reads are 65.7% of that; $30.33 per M billable (2,492,029 billable vs 99,298,212 cache-read)
[spend] rep11: $   38.74 / $280.00    13.8%  OK
         $0.00 on this host + $38.74 carried forward from the previous host (spend_baseline.json)
         cache reads are 57.3% of that; $26.08 per M billable (1,485,396 billable vs 44,417,946 cache-read)
[spend] rep12: $   36.91 / $280.00    13.2%  OK
         $0.00 on this host + $36.91 carried forward from the previous host (spend_baseline.json)
         cache reads are 59.8% of that; $27.06 per M billable (1,363,857 billable vs 44,170,710 cache-read)
[spend] rep13: $   35.86 / $280.00    12.8%  OK
         $0.00 on this host + $35.86 carried forward from the previous host (spend_baseline.json)
         cache reads are 64.0% of that; $32.29 per M billable (1,110,321 billable vs 45,876,912 cache-read)
[spend] rep15: $   49.07 / $280.00    17.5%  OK
         $0.00 on this host + $49.07 carried forward from the previous host (spend_baseline.json)
         cache reads are 54.6% of that; $21.57 per M billable (2,275,306 billable vs 53,557,852 cache-read)
[spend] rep16: $   49.34 / $280.00    17.6%  OK
         $0.00 on this host + $49.34 carried forward from the previous host (spend_baseline.json)
         cache reads are 51.7% of that; $18.06 per M billable (2,731,571 billable vs 50,984,830 cache-read)
[spend] rep17: $   20.45 / $280.00     7.3%  OK
         $0.00 on this host + $20.45 carried forward from the previous host (spend_baseline.json)
         cache reads are 54.4% of that; $27.87 per M billable (733,617 billable vs 22,263,594 cache-read)
[spend] rep01: $   65.14 / $280.00    23.3%  OK
         $0.00 on this host + $65.14 carried forward from the previous host (spend_baseline.json)
         cache reads are 76.2% of that; $61.01 per M billable (1,067,618 billable vs 99,323,960 cache-read)
[spend] rep02: $   40.13 / $280.00    14.3%  OK
         $0.00 on this host + $40.13 carried forward from the previous host (spend_baseline.json)
         cache reads are 53.7% of that; $24.24 per M billable (1,655,427 billable vs 43,098,276 cache-read)
[spend] rep03: $   23.79 / $280.00     8.5%  OK
         $0.00 on this host + $23.79 carried forward from the previous host (spend_baseline.json)
         cache reads are 58.0% of that; $35.19 per M billable (676,168 billable vs 27,599,630 cache-read)
[spend] rep04: $   30.57 / $280.00    10.9%  OK
         $0.00 on this host + $30.57 carried forward from the previous host (spend_baseline.json)
         cache reads are 56.0% of that; $26.77 per M billable (1,141,836 billable vs 34,248,826 cache-read)
[spend] rep05: $   32.93 / $280.00    11.8%  OK
         $0.00 on this host + $32.93 carried forward from the previous host (spend_baseline.json)
         cache reads are 58.5% of that; $26.63 per M billable (1,236,505 billable vs 38,547,479 cache-read)
[spend] rep06: $   99.03 / $280.00    35.4%  OK
         $0.00 on this host + $99.03 carried forward from the previous host (spend_baseline.json)
         cache reads are 62.0% of that; $23.15 per M billable (4,277,733 billable vs 122,780,669 cache-read)
[spend] rep07: $   50.55 / $280.00    18.1%  OK
         $0.00 on this host + $50.55 carried forward from the previous host (spend_baseline.json)
         cache reads are 54.5% of that; $21.96 per M billable (2,302,436 billable vs 55,077,911 cache-read)
[spend] rep08: $   40.08 / $280.00    14.3%  OK
         $0.00 on this host + $40.08 carried forward from the previous host (spend_baseline.json)
         cache reads are 60.6% of that; $29.75 per M billable (1,347,489 billable vs 48,580,473 cache-read)
[spend] rep09: $   37.28 / $280.00    13.3%  OK
         $0.00 on this host + $37.28 carried forward from the previous host (spend_baseline.json)
         cache reads are 57.9% of that; $26.24 per M billable (1,420,900 billable vs 43,196,137 cache-read)
[spend] rep10: $   75.59 / $280.00    27.0%  OK
         $0.00 on this host + $75.59 carried forward from the previous host (spend_baseline.json)
         cache reads are 65.7% of that; $30.33 per M billable (2,492,029 billable vs 99,298,212 cache-read)
[spend] rep11: $   38.74 / $280.00    13.8%  OK
         $0.00 on this host + $38.74 carried forward from the previous host (spend_baseline.json)
         cache reads are 57.3% of that; $26.08 per M billable (1,485,396 billable vs 44,417,946 cache-read)
[spend] rep12: $   36.91 / $280.00    13.2%  OK
         $0.00 on this host + $36.91 carried forward from the previous host (spend_baseline.json)
         cache reads are 59.8% of that; $27.06 per M billable (1,363,857 billable vs 44,170,710 cache-read)
[spend] rep13: $   35.86 / $280.00    12.8%  OK
         $0.00 on this host + $35.86 carried forward from the previous host (spend_baseline.json)
         cache reads are 64.0% of that; $32.29 per M billable (1,110,321 billable vs 45,876,912 cache-read)
[spend] rep15: $   49.07 / $280.00    17.5%  OK
         $0.00 on this host + $49.07 carried forward from the previous host (spend_baseline.json)
         cache reads are 54.6% of that; $21.57 per M billable (2,275,306 billable vs 53,557,852 cache-read)
[spend] rep16: $   49.34 / $280.00    17.6%  OK
         $0.00 on this host + $49.34 carried forward from the previous host (spend_baseline.json)
         cache reads are 51.7% of that; $18.06 per M billable (2,731,571 billable vs 50,984,830 cache-read)
[spend] rep17: $   20.45 / $280.00     7.3%  OK
         $0.00 on this host + $20.45 carried forward from the previous host (spend_baseline.json)
         cache reads are 54.4% of that; $27.87 per M billable (733,617 billable vs 22,263,594 cache-read)
[spend] rep01: $   65.14 / $280.00    23.3%  OK
         $0.00 on this host + $65.14 carried forward from the previous host (spend_baseline.json)
         cache reads are 76.2% of that; $61.01 per M billable (1,067,618 billable vs 99,323,960 cache-read)
[spend] rep02: $   40.13 / $280.00    14.3%  OK
         $0.00 on this host + $40.13 carried forward from the previous host (spend_baseline.json)
         cache reads are 53.7% of that; $24.24 per M billable (1,655,427 billable vs 43,098,276 cache-read)
[spend] rep03: $   23.79 / $280.00     8.5%  OK
         $0.00 on this host + $23.79 carried forward from the previous host (spend_baseline.json)
         cache reads are 58.0% of that; $35.19 per M billable (676,168 billable vs 27,599,630 cache-read)
[spend] rep04: $   30.57 / $280.00    10.9%  OK
         $0.00 on this host + $30.57 carried forward from the previous host (spend_baseline.json)
         cache reads are 56.0% of that; $26.77 per M billable (1,141,836 billable vs 34,248,826 cache-read)
[spend] rep05: $   32.93 / $280.00    11.8%  OK
         $0.00 on this host + $32.93 carried forward from the previous host (spend_baseline.json)
         cache reads are 58.5% of that; $26.63 per M billable (1,236,505 billable vs 38,547,479 cache-read)
[spend] rep06: $   99.03 / $280.00    35.4%  OK
         $0.00 on this host + $99.03 carried forward from the previous host (spend_baseline.json)
         cache reads are 62.0% of that; $23.15 per M billable (4,277,733 billable vs 122,780,669 cache-read)
[spend] rep07: $   50.55 / $280.00    18.1%  OK
         $0.00 on this host + $50.55 carried forward from the previous host (spend_baseline.json)
         cache reads are 54.5% of that; $21.96 per M billable (2,302,436 billable vs 55,077,911 cache-read)
[spend] rep08: $   40.08 / $280.00    14.3%  OK
         $0.00 on this host + $40.08 carried forward from the previous host (spend_baseline.json)
         cache reads are 60.6% of that; $29.75 per M billable (1,347,489 billable vs 48,580,473 cache-read)
[spend] rep09: $   37.28 / $280.00    13.3%  OK
         $0.00 on this host + $37.28 carried forward from the previous host (spend_baseline.json)
         cache reads are 57.9% of that; $26.24 per M billable (1,420,900 billable vs 43,196,137 cache-read)
[spend] rep10: $   75.59 / $280.00    27.0%  OK
         $0.00 on this host + $75.59 carried forward from the previous host (spend_baseline.json)
         cache reads are 65.7% of that; $30.33 per M billable (2,492,029 billable vs 99,298,212 cache-read)
[spend] rep11: $   38.74 / $280.00    13.8%  OK
         $0.00 on this host + $38.74 carried forward from the previous host (spend_baseline.json)
         cache reads are 57.3% of that; $26.08 per M billable (1,485,396 billable vs 44,417,946 cache-read)
[spend] rep12: $   36.91 / $280.00    13.2%  OK
         $0.00 on this host + $36.91 carried forward from the previous host (spend_baseline.json)
         cache reads are 59.8% of that; $27.06 per M billable (1,363,857 billable vs 44,170,710 cache-read)
[spend] rep13: $   35.86 / $280.00    12.8%  OK
         $0.00 on this host + $35.86 carried forward from the previous host (spend_baseline.json)
         cache reads are 64.0% of that; $32.29 per M billable (1,110,321 billable vs 45,876,912 cache-read)
[spend] rep15: $   49.07 / $280.00    17.5%  OK
         $0.00 on this host + $49.07 carried forward from the previous host (spend_baseline.json)
         cache reads are 54.6% of that; $21.57 per M billable (2,275,306 billable vs 53,557,852 cache-read)
[spend] rep16: $   49.34 / $280.00    17.6%  OK
         $0.00 on this host + $49.34 carried forward from the previous host (spend_baseline.json)
         cache reads are 51.7% of that; $18.06 per M billable (2,731,571 billable vs 50,984,830 cache-read)
[spend] rep17: $   20.45 / $280.00     7.3%  OK
         $0.00 on this host + $20.45 carried forward from the previous host (spend_baseline.json)
         cache reads are 54.4% of that; $27.87 per M billable (733,617 billable vs 22,263,594 cache-read)
[spend] rep01: $   65.14 / $280.00    23.3%  OK
         $0.00 on this host + $65.14 carried forward from the previous host (spend_baseline.json)
         cache reads are 76.2% of that; $61.01 per M billable (1,067,618 billable vs 99,323,960 cache-read)
[spend] rep02: $   40.13 / $280.00    14.3%  OK
         $0.00 on this host + $40.13 carried forward from the previous host (spend_baseline.json)
         cache reads are 53.7% of that; $24.24 per M billable (1,655,427 billable vs 43,098,276 cache-read)
[spend] rep03: $   23.79 / $280.00     8.5%  OK
         $0.00 on this host + $23.79 carried forward from the previous host (spend_baseline.json)
         cache reads are 58.0% of that; $35.19 per M billable (676,168 billable vs 27,599,630 cache-read)
[spend] rep04: $   30.57 / $280.00    10.9%  OK
         $0.00 on this host + $30.57 carried forward from the previous host (spend_baseline.json)
         cache reads are 56.0% of that; $26.77 per M billable (1,141,836 billable vs 34,248,826 cache-read)
[spend] rep05: $   32.93 / $280.00    11.8%  OK
         $0.00 on this host + $32.93 carried forward from the previous host (spend_baseline.json)
         cache reads are 58.5% of that; $26.63 per M billable (1,236,505 billable vs 38,547,479 cache-read)
[spend] rep06: $   99.03 / $280.00    35.4%  OK
         $0.00 on this host + $99.03 carried forward from the previous host (spend_baseline.json)
         cache reads are 62.0% of that; $23.15 per M billable (4,277,733 billable vs 122,780,669 cache-read)
[spend] rep07: $   50.55 / $280.00    18.1%  OK
         $0.00 on this host + $50.55 carried forward from the previous host (spend_baseline.json)
         cache reads are 54.5% of that; $21.96 per M billable (2,302,436 billable vs 55,077,911 cache-read)
[spend] rep08: $   40.08 / $280.00    14.3%  OK
         $0.00 on this host + $40.08 carried forward from the previous host (spend_baseline.json)
         cache reads are 60.6% of that; $29.75 per M billable (1,347,489 billable vs 48,580,473 cache-read)
[spend] rep09: $   37.28 / $280.00    13.3%  OK
         $0.00 on this host + $37.28 carried forward from the previous host (spend_baseline.json)
         cache reads are 57.9% of that; $26.24 per M billable (1,420,900 billable vs 43,196,137 cache-read)
[spend] rep10: $   75.59 / $280.00    27.0%  OK
         $0.00 on this host + $75.59 carried forward from the previous host (spend_baseline.json)
         cache reads are 65.7% of that; $30.33 per M billable (2,492,029 billable vs 99,298,212 cache-read)
[spend] rep11: $   38.74 / $280.00    13.8%  OK
         $0.00 on this host + $38.74 carried forward from the previous host (spend_baseline.json)
         cache reads are 57.3% of that; $26.08 per M billable (1,485,396 billable vs 44,417,946 cache-read)
[spend] rep12: $   36.91 / $280.00    13.2%  OK
         $0.00 on this host + $36.91 carried forward from the previous host (spend_baseline.json)
         cache reads are 59.8% of that; $27.06 per M billable (1,363,857 billable vs 44,170,710 cache-read)
[spend] rep13: $   35.86 / $280.00    12.8%  OK
         $0.00 on this host + $35.86 carried forward from the previous host (spend_baseline.json)
         cache reads are 64.0% of that; $32.29 per M billable (1,110,321 billable vs 45,876,912 cache-read)
[spend] rep15: $   49.07 / $280.00    17.5%  OK
         $0.00 on this host + $49.07 carried forward from the previous host (spend_baseline.json)
         cache reads are 54.6% of that; $21.57 per M billable (2,275,306 billable vs 53,557,852 cache-read)
[spend] rep16: $   49.34 / $280.00    17.6%  OK
         $0.00 on this host + $49.34 carried forward from the previous host (spend_baseline.json)
         cache reads are 51.7% of that; $18.06 per M billable (2,731,571 billable vs 50,984,830 cache-read)
[spend] rep17: $   20.45 / $280.00     7.3%  OK
         $0.00 on this host + $20.45 carried forward from the previous host (spend_baseline.json)
         cache reads are 54.4% of that; $27.87 per M billable (733,617 billable vs 22,263,594 cache-read)
[spend] rep01: $   65.14 / $280.00    23.3%  OK
         $0.00 on this host + $65.14 carried forward from the previous host (spend_baseline.json)
         cache reads are 76.2% of that; $61.01 per M billable (1,067,618 billable vs 99,323,960 cache-read)
[spend] rep02: $   40.13 / $280.00    14.3%  OK
         $0.00 on this host + $40.13 carried forward from the previous host (spend_baseline.json)
         cache reads are 53.7% of that; $24.24 per M billable (1,655,427 billable vs 43,098,276 cache-read)
[spend] rep03: $   23.79 / $280.00     8.5%  OK
         $0.00 on this host + $23.79 carried forward from the previous host (spend_baseline.json)
         cache reads are 58.0% of that; $35.19 per M billable (676,168 billable vs 27,599,630 cache-read)
[spend] rep04: $   30.57 / $280.00    10.9%  OK
         $0.00 on this host + $30.57 carried forward from the previous host (spend_baseline.json)
         cache reads are 56.0% of that; $26.77 per M billable (1,141,836 billable vs 34,248,826 cache-read)
[spend] rep05: $   32.93 / $280.00    11.8%  OK
         $0.00 on this host + $32.93 carried forward from the previous host (spend_baseline.json)
         cache reads are 58.5% of that; $26.63 per M billable (1,236,505 billable vs 38,547,479 cache-read)
[spend] rep06: $   99.03 / $280.00    35.4%  OK
         $0.00 on this host + $99.03 carried forward from the previous host (spend_baseline.json)
         cache reads are 62.0% of that; $23.15 per M billable (4,277,733 billable vs 122,780,669 cache-read)
[spend] rep07: $   50.55 / $280.00    18.1%  OK
         $0.00 on this host + $50.55 carried forward from the previous host (spend_baseline.json)
         cache reads are 54.5% of that; $21.96 per M billable (2,302,436 billable vs 55,077,911 cache-read)
[spend] rep08: $   40.08 / $280.00    14.3%  OK
         $0.00 on this host + $40.08 carried forward from the previous host (spend_baseline.json)
         cache reads are 60.6% of that; $29.75 per M billable (1,347,489 billable vs 48,580,473 cache-read)
[spend] rep09: $   37.28 / $280.00    13.3%  OK
         $0.00 on this host + $37.28 carried forward from the previous host (spend_baseline.json)
         cache reads are 57.9% of that; $26.24 per M billable (1,420,900 billable vs 43,196,137 cache-read)
[spend] rep10: $   75.59 / $280.00    27.0%  OK
         $0.00 on this host + $75.59 carried forward from the previous host (spend_baseline.json)
         cache reads are 65.7% of that; $30.33 per M billable (2,492,029 billable vs 99,298,212 cache-read)
[spend] rep11: $   38.74 / $280.00    13.8%  OK
         $0.00 on this host + $38.74 carried forward from the previous host (spend_baseline.json)
         cache reads are 57.3% of that; $26.08 per M billable (1,485,396 billable vs 44,417,946 cache-read)
[spend] rep12: $   36.91 / $280.00    13.2%  OK
         $0.00 on this host + $36.91 carried forward from the previous host (spend_baseline.json)
         cache reads are 59.8% of that; $27.06 per M billable (1,363,857 billable vs 44,170,710 cache-read)
[spend] rep13: $   35.86 / $280.00    12.8%  OK
         $0.00 on this host + $35.86 carried forward from the previous host (spend_baseline.json)
         cache reads are 64.0% of that; $32.29 per M billable (1,110,321 billable vs 45,876,912 cache-read)
[spend] rep15: $   49.07 / $280.00    17.5%  OK
         $0.00 on this host + $49.07 carried forward from the previous host (spend_baseline.json)
         cache reads are 54.6% of that; $21.57 per M billable (2,275,306 billable vs 53,557,852 cache-read)
[spend] rep16: $   49.34 / $280.00    17.6%  OK
         $0.00 on this host + $49.34 carried forward from the previous host (spend_baseline.json)
         cache reads are 51.7% of that; $18.06 per M billable (2,731,571 billable vs 50,984,830 cache-read)
[spend] rep17: $   20.45 / $280.00     7.3%  OK
         $0.00 on this host + $20.45 carried forward from the previous host (spend_baseline.json)
         cache reads are 54.4% of that; $27.87 per M billable (733,617 billable vs 22,263,594 cache-read)
[spend] rep01: $   65.14 / $280.00    23.3%  OK
         $0.00 on this host + $65.14 carried forward from the previous host (spend_baseline.json)
         cache reads are 76.2% of that; $61.01 per M billable (1,067,618 billable vs 99,323,960 cache-read)
[spend] rep02: $   40.13 / $280.00    14.3%  OK
         $0.00 on this host + $40.13 carried forward from the previous host (spend_baseline.json)
         cache reads are 53.7% of that; $24.24 per M billable (1,655,427 billable vs 43,098,276 cache-read)
[spend] rep03: $   23.79 / $280.00     8.5%  OK
         $0.00 on this host + $23.79 carried forward from the previous host (spend_baseline.json)
         cache reads are 58.0% of that; $35.19 per M billable (676,168 billable vs 27,599,630 cache-read)
[spend] rep04: $   30.57 / $280.00    10.9%  OK
         $0.00 on this host + $30.57 carried forward from the previous host (spend_baseline.json)
         cache reads are 56.0% of that; $26.77 per M billable (1,141,836 billable vs 34,248,826 cache-read)
[spend] rep05: $   32.93 / $280.00    11.8%  OK
         $0.00 on this host + $32.93 carried forward from the previous host (spend_baseline.json)
         cache reads are 58.5% of that; $26.63 per M billable (1,236,505 billable vs 38,547,479 cache-read)
[spend] rep06: $   99.03 / $280.00    35.4%  OK
         $0.00 on this host + $99.03 carried forward from the previous host (spend_baseline.json)
         cache reads are 62.0% of that; $23.15 per M billable (4,277,733 billable vs 122,780,669 cache-read)
[spend] rep07: $   50.55 / $280.00    18.1%  OK
         $0.00 on this host + $50.55 carried forward from the previous host (spend_baseline.json)
         cache reads are 54.5% of that; $21.96 per M billable (2,302,436 billable vs 55,077,911 cache-read)
[spend] rep08: $   40.08 / $280.00    14.3%  OK
         $0.00 on this host + $40.08 carried forward from the previous host (spend_baseline.json)
         cache reads are 60.6% of that; $29.75 per M billable (1,347,489 billable vs 48,580,473 cache-read)
[spend] rep09: $   37.28 / $280.00    13.3%  OK
         $0.00 on this host + $37.28 carried forward from the previous host (spend_baseline.json)
         cache reads are 57.9% of that; $26.24 per M billable (1,420,900 billable vs 43,196,137 cache-read)
[spend] rep10: $   75.59 / $280.00    27.0%  OK
         $0.00 on this host + $75.59 carried forward from the previous host (spend_baseline.json)
         cache reads are 65.7% of that; $30.33 per M billable (2,492,029 billable vs 99,298,212 cache-read)
[spend] rep11: $   38.74 / $280.00    13.8%  OK
         $0.00 on this host + $38.74 carried forward from the previous host (spend_baseline.json)
         cache reads are 57.3% of that; $26.08 per M billable (1,485,396 billable vs 44,417,946 cache-read)
[spend] rep12: $   36.91 / $280.00    13.2%  OK
         $0.00 on this host + $36.91 carried forward from the previous host (spend_baseline.json)
         cache reads are 59.8% of that; $27.06 per M billable (1,363,857 billable vs 44,170,710 cache-read)
[spend] rep13: $   35.86 / $280.00    12.8%  OK
         $0.00 on this host + $35.86 carried forward from the previous host (spend_baseline.json)
         cache reads are 64.0% of that; $32.29 per M billable (1,110,321 billable vs 45,876,912 cache-read)
[spend] rep15: $   49.07 / $280.00    17.5%  OK
         $0.00 on this host + $49.07 carried forward from the previous host (spend_baseline.json)
         cache reads are 54.6% of that; $21.57 per M billable (2,275,306 billable vs 53,557,852 cache-read)
[spend] rep16: $   49.34 / $280.00    17.6%  OK
         $0.00 on this host + $49.34 carried forward from the previous host (spend_baseline.json)
         cache reads are 51.7% of that; $18.06 per M billable (2,731,571 billable vs 50,984,830 cache-read)
[spend] rep17: $   20.45 / $280.00     7.3%  OK
         $0.00 on this host + $20.45 carried forward from the previous host (spend_baseline.json)
         cache reads are 54.4% of that; $27.87 per M billable (733,617 billable vs 22,263,594 cache-read)
[spend] rep01: $   65.14 / $280.00    23.3%  OK
         $0.00 on this host + $65.14 carried forward from the previous host (spend_baseline.json)
         cache reads are 76.2% of that; $61.01 per M billable (1,067,618 billable vs 99,323,960 cache-read)
[spend] rep02: $   40.13 / $280.00    14.3%  OK
         $0.00 on this host + $40.13 carried forward from the previous host (spend_baseline.json)
         cache reads are 53.7% of that; $24.24 per M billable (1,655,427 billable vs 43,098,276 cache-read)
[spend] rep03: $   23.79 / $280.00     8.5%  OK
         $0.00 on this host + $23.79 carried forward from the previous host (spend_baseline.json)
         cache reads are 58.0% of that; $35.19 per M billable (676,168 billable vs 27,599,630 cache-read)
[spend] rep04: $   30.57 / $280.00    10.9%  OK
         $0.00 on this host + $30.57 carried forward from the previous host (spend_baseline.json)
         cache reads are 56.0% of that; $26.77 per M billable (1,141,836 billable vs 34,248,826 cache-read)
[spend] rep05: $   32.93 / $280.00    11.8%  OK
         $0.00 on this host + $32.93 carried forward from the previous host (spend_baseline.json)
         cache reads are 58.5% of that; $26.63 per M billable (1,236,505 billable vs 38,547,479 cache-read)
[spend] rep06: $   99.03 / $280.00    35.4%  OK
         $0.00 on this host + $99.03 carried forward from the previous host (spend_baseline.json)
         cache reads are 62.0% of that; $23.15 per M billable (4,277,733 billable vs 122,780,669 cache-read)
[spend] rep07: $   50.55 / $280.00    18.1%  OK
         $0.00 on this host + $50.55 carried forward from the previous host (spend_baseline.json)
         cache reads are 54.5% of that; $21.96 per M billable (2,302,436 billable vs 55,077,911 cache-read)
[spend] rep08: $   40.08 / $280.00    14.3%  OK
         $0.00 on this host + $40.08 carried forward from the previous host (spend_baseline.json)
         cache reads are 60.6% of that; $29.75 per M billable (1,347,489 billable vs 48,580,473 cache-read)
[spend] rep09: $   37.28 / $280.00    13.3%  OK
         $0.00 on this host + $37.28 carried forward from the previous host (spend_baseline.json)
         cache reads are 57.9% of that; $26.24 per M billable (1,420,900 billable vs 43,196,137 cache-read)
[spend] rep10: $   75.59 / $280.00    27.0%  OK
         $0.00 on this host + $75.59 carried forward from the previous host (spend_baseline.json)
         cache reads are 65.7% of that; $30.33 per M billable (2,492,029 billable vs 99,298,212 cache-read)
[spend] rep11: $   38.74 / $280.00    13.8%  OK
         $0.00 on this host + $38.74 carried forward from the previous host (spend_baseline.json)
         cache reads are 57.3% of that; $26.08 per M billable (1,485,396 billable vs 44,417,946 cache-read)
[spend] rep12: $   36.91 / $280.00    13.2%  OK
         $0.00 on this host + $36.91 carried forward from the previous host (spend_baseline.json)
         cache reads are 59.8% of that; $27.06 per M billable (1,363,857 billable vs 44,170,710 cache-read)
[spend] rep13: $   35.86 / $280.00    12.8%  OK
         $0.00 on this host + $35.86 carried forward from the previous host (spend_baseline.json)
         cache reads are 64.0% of that; $32.29 per M billable (1,110,321 billable vs 45,876,912 cache-read)
[spend] rep15: $   49.07 / $280.00    17.5%  OK
         $0.00 on this host + $49.07 carried forward from the previous host (spend_baseline.json)
         cache reads are 54.6% of that; $21.57 per M billable (2,275,306 billable vs 53,557,852 cache-read)
[spend] rep16: $   49.34 / $280.00    17.6%  OK
         $0.00 on this host + $49.34 carried forward from the previous host (spend_baseline.json)
         cache reads are 51.7% of that; $18.06 per M billable (2,731,571 billable vs 50,984,830 cache-read)
[spend] rep17: $   20.45 / $280.00     7.3%  OK
         $0.00 on this host + $20.45 carried forward from the previous host (spend_baseline.json)
         cache reads are 54.4% of that; $27.87 per M billable (733,617 billable vs 22,263,594 cache-read)
[spend] rep01: $   65.14 / $280.00    23.3%  OK
         $0.00 on this host + $65.14 carried forward from the previous host (spend_baseline.json)
         cache reads are 76.2% of that; $61.01 per M billable (1,067,618 billable vs 99,323,960 cache-read)
[spend] rep02: $   40.13 / $280.00    14.3%  OK
         $0.00 on this host + $40.13 carried forward from the previous host (spend_baseline.json)
         cache reads are 53.7% of that; $24.24 per M billable (1,655,427 billable vs 43,098,276 cache-read)
[spend] rep03: $   23.79 / $280.00     8.5%  OK
         $0.00 on this host + $23.79 carried forward from the previous host (spend_baseline.json)
         cache reads are 58.0% of that; $35.19 per M billable (676,168 billable vs 27,599,630 cache-read)
[spend] rep04: $   30.57 / $280.00    10.9%  OK
         $0.00 on this host + $30.57 carried forward from the previous host (spend_baseline.json)
         cache reads are 56.0% of that; $26.77 per M billable (1,141,836 billable vs 34,248,826 cache-read)
[spend] rep05: $   32.93 / $280.00    11.8%  OK
         $0.00 on this host + $32.93 carried forward from the previous host (spend_baseline.json)
         cache reads are 58.5% of that; $26.63 per M billable (1,236,505 billable vs 38,547,479 cache-read)
[spend] rep06: $   99.03 / $280.00    35.4%  OK
         $0.00 on this host + $99.03 carried forward from the previous host (spend_baseline.json)
         cache reads are 62.0% of that; $23.15 per M billable (4,277,733 billable vs 122,780,669 cache-read)
[spend] rep07: $   50.55 / $280.00    18.1%  OK
         $0.00 on this host + $50.55 carried forward from the previous host (spend_baseline.json)
         cache reads are 54.5% of that; $21.96 per M billable (2,302,436 billable vs 55,077,911 cache-read)
[spend] rep08: $   40.08 / $280.00    14.3%  OK
         $0.00 on this host + $40.08 carried forward from the previous host (spend_baseline.json)
         cache reads are 60.6% of that; $29.75 per M billable (1,347,489 billable vs 48,580,473 cache-read)
[spend] rep09: $   37.28 / $280.00    13.3%  OK
         $0.00 on this host + $37.28 carried forward from the previous host (spend_baseline.json)
         cache reads are 57.9% of that; $26.24 per M billable (1,420,900 billable vs 43,196,137 cache-read)
[spend] rep10: $   75.59 / $280.00    27.0%  OK
         $0.00 on this host + $75.59 carried forward from the previous host (spend_baseline.json)
         cache reads are 65.7% of that; $30.33 per M billable (2,492,029 billable vs 99,298,212 cache-read)
[spend] rep11: $   38.74 / $280.00    13.8%  OK
         $0.00 on this host + $38.74 carried forward from the previous host (spend_baseline.json)
         cache reads are 57.3% of that; $26.08 per M billable (1,485,396 billable vs 44,417,946 cache-read)
[spend] rep12: $   36.91 / $280.00    13.2%  OK
         $0.00 on this host + $36.91 carried forward from the previous host (spend_baseline.json)
         cache reads are 59.8% of that; $27.06 per M billable (1,363,857 billable vs 44,170,710 cache-read)
[spend] rep13: $   35.86 / $280.00    12.8%  OK
         $0.00 on this host + $35.86 carried forward from the previous host (spend_baseline.json)
         cache reads are 64.0% of that; $32.29 per M billable (1,110,321 billable vs 45,876,912 cache-read)
[spend] rep15: $   49.07 / $280.00    17.5%  OK
         $0.00 on this host + $49.07 carried forward from the previous host (spend_baseline.json)
         cache reads are 54.6% of that; $21.57 per M billable (2,275,306 billable vs 53,557,852 cache-read)
[spend] rep16: $   49.34 / $280.00    17.6%  OK
         $0.00 on this host + $49.34 carried forward from the previous host (spend_baseline.json)
         cache reads are 51.7% of that; $18.06 per M billable (2,731,571 billable vs 50,984,830 cache-read)
[spend] rep17: $   20.45 / $280.00     7.3%  OK
         $0.00 on this host + $20.45 carried forward from the previous host (spend_baseline.json)
         cache reads are 54.4% of that; $27.87 per M billable (733,617 billable vs 22,263,594 cache-read)
[spend] rep01: $   65.14 / $280.00    23.3%  OK
         $0.00 on this host + $65.14 carried forward from the previous host (spend_baseline.json)
         cache reads are 76.2% of that; $61.01 per M billable (1,067,618 billable vs 99,323,960 cache-read)
[spend] rep02: $   40.13 / $280.00    14.3%  OK
         $0.00 on this host + $40.13 carried forward from the previous host (spend_baseline.json)
         cache reads are 53.7% of that; $24.24 per M billable (1,655,427 billable vs 43,098,276 cache-read)
[spend] rep03: $   23.79 / $280.00     8.5%  OK
         $0.00 on this host + $23.79 carried forward from the previous host (spend_baseline.json)
         cache reads are 58.0% of that; $35.19 per M billable (676,168 billable vs 27,599,630 cache-read)
[spend] rep04: $   30.57 / $280.00    10.9%  OK
         $0.00 on this host + $30.57 carried forward from the previous host (spend_baseline.json)
         cache reads are 56.0% of that; $26.77 per M billable (1,141,836 billable vs 34,248,826 cache-read)
[spend] rep05: $   32.93 / $280.00    11.8%  OK
         $0.00 on this host + $32.93 carried forward from the previous host (spend_baseline.json)
         cache reads are 58.5% of that; $26.63 per M billable (1,236,505 billable vs 38,547,479 cache-read)
[spend] rep06: $   99.03 / $280.00    35.4%  OK
         $0.00 on this host + $99.03 carried forward from the previous host (spend_baseline.json)
         cache reads are 62.0% of that; $23.15 per M billable (4,277,733 billable vs 122,780,669 cache-read)
[spend] rep07: $   50.55 / $280.00    18.1%  OK
         $0.00 on this host + $50.55 carried forward from the previous host (spend_baseline.json)
         cache reads are 54.5% of that; $21.96 per M billable (2,302,436 billable vs 55,077,911 cache-read)
[spend] rep08: $   40.08 / $280.00    14.3%  OK
         $0.00 on this host + $40.08 carried forward from the previous host (spend_baseline.json)
         cache reads are 60.6% of that; $29.75 per M billable (1,347,489 billable vs 48,580,473 cache-read)
[spend] rep09: $   37.28 / $280.00    13.3%  OK
         $0.00 on this host + $37.28 carried forward from the previous host (spend_baseline.json)
         cache reads are 57.9% of that; $26.24 per M billable (1,420,900 billable vs 43,196,137 cache-read)
[spend] rep10: $   75.59 / $280.00    27.0%  OK
         $0.00 on this host + $75.59 carried forward from the previous host (spend_baseline.json)
         cache reads are 65.7% of that; $30.33 per M billable (2,492,029 billable vs 99,298,212 cache-read)
[spend] rep11: $   38.74 / $280.00    13.8%  OK
         $0.00 on this host + $38.74 carried forward from the previous host (spend_baseline.json)
         cache reads are 57.3% of that; $26.08 per M billable (1,485,396 billable vs 44,417,946 cache-read)
[spend] rep12: $   36.91 / $280.00    13.2%  OK
         $0.00 on this host + $36.91 carried forward from the previous host (spend_baseline.json)
         cache reads are 59.8% of that; $27.06 per M billable (1,363,857 billable vs 44,170,710 cache-read)
[spend] rep13: $   35.86 / $280.00    12.8%  OK
         $0.00 on this host + $35.86 carried forward from the previous host (spend_baseline.json)
         cache reads are 64.0% of that; $32.29 per M billable (1,110,321 billable vs 45,876,912 cache-read)
[spend] rep15: $   49.07 / $280.00    17.5%  OK
         $0.00 on this host + $49.07 carried forward from the previous host (spend_baseline.json)
         cache reads are 54.6% of that; $21.57 per M billable (2,275,306 billable vs 53,557,852 cache-read)
[spend] rep16: $   49.34 / $280.00    17.6%  OK
         $0.00 on this host + $49.34 carried forward from the previous host (spend_baseline.json)
         cache reads are 51.7% of that; $18.06 per M billable (2,731,571 billable vs 50,984,830 cache-read)
[spend] rep17: $   20.45 / $280.00     7.3%  OK
         $0.00 on this host + $20.45 carried forward from the previous host (spend_baseline.json)
         cache reads are 54.4% of that; $27.87 per M billable (733,617 billable vs 22,263,594 cache-read)
[spend] rep01: $   65.14 / $280.00    23.3%  OK
         $0.00 on this host + $65.14 carried forward from the previous host (spend_baseline.json)
         cache reads are 76.2% of that; $61.01 per M billable (1,067,618 billable vs 99,323,960 cache-read)
[spend] rep02: $   40.13 / $280.00    14.3%  OK
         $0.00 on this host + $40.13 carried forward from the previous host (spend_baseline.json)
         cache reads are 53.7% of that; $24.24 per M billable (1,655,427 billable vs 43,098,276 cache-read)
[spend] rep03: $   23.79 / $280.00     8.5%  OK
         $0.00 on this host + $23.79 carried forward from the previous host (spend_baseline.json)
         cache reads are 58.0% of that; $35.19 per M billable (676,168 billable vs 27,599,630 cache-read)
[spend] rep04: $   30.57 / $280.00    10.9%  OK
         $0.00 on this host + $30.57 carried forward from the previous host (spend_baseline.json)
         cache reads are 56.0% of that; $26.77 per M billable (1,141,836 billable vs 34,248,826 cache-read)
[spend] rep05: $   32.93 / $280.00    11.8%  OK
         $0.00 on this host + $32.93 carried forward from the previous host (spend_baseline.json)
         cache reads are 58.5% of that; $26.63 per M billable (1,236,505 billable vs 38,547,479 cache-read)
[spend] rep06: $   99.03 / $280.00    35.4%  OK
         $0.00 on this host + $99.03 carried forward from the previous host (spend_baseline.json)
         cache reads are 62.0% of that; $23.15 per M billable (4,277,733 billable vs 122,780,669 cache-read)
[spend] rep07: $   50.55 / $280.00    18.1%  OK
         $0.00 on this host + $50.55 carried forward from the previous host (spend_baseline.json)
         cache reads are 54.5% of that; $21.96 per M billable (2,302,436 billable vs 55,077,911 cache-read)
[spend] rep08: $   40.08 / $280.00    14.3%  OK
         $0.00 on this host + $40.08 carried forward from the previous host (spend_baseline.json)
         cache reads are 60.6% of that; $29.75 per M billable (1,347,489 billable vs 48,580,473 cache-read)
[spend] rep09: $   37.28 / $280.00    13.3%  OK
         $0.00 on this host + $37.28 carried forward from the previous host (spend_baseline.json)
         cache reads are 57.9% of that; $26.24 per M billable (1,420,900 billable vs 43,196,137 cache-read)
[spend] rep10: $   75.59 / $280.00    27.0%  OK
         $0.00 on this host + $75.59 carried forward from the previous host (spend_baseline.json)
         cache reads are 65.7% of that; $30.33 per M billable (2,492,029 billable vs 99,298,212 cache-read)
[spend] rep11: $   38.74 / $280.00    13.8%  OK
         $0.00 on this host + $38.74 carried forward from the previous host (spend_baseline.json)
         cache reads are 57.3% of that; $26.08 per M billable (1,485,396 billable vs 44,417,946 cache-read)
[spend] rep12: $   36.91 / $280.00    13.2%  OK
         $0.00 on this host + $36.91 carried forward from the previous host (spend_baseline.json)
         cache reads are 59.8% of that; $27.06 per M billable (1,363,857 billable vs 44,170,710 cache-read)
[spend] rep13: $   35.86 / $280.00    12.8%  OK
         $0.00 on this host + $35.86 carried forward from the previous host (spend_baseline.json)
         cache reads are 64.0% of that; $32.29 per M billable (1,110,321 billable vs 45,876,912 cache-read)
[spend] rep15: $   49.07 / $280.00    17.5%  OK
         $0.00 on this host + $49.07 carried forward from the previous host (spend_baseline.json)
         cache reads are 54.6% of that; $21.57 per M billable (2,275,306 billable vs 53,557,852 cache-read)
[spend] rep16: $   49.34 / $280.00    17.6%  OK
         $0.00 on this host + $49.34 carried forward from the previous host (spend_baseline.json)
         cache reads are 51.7% of that; $18.06 per M billable (2,731,571 billable vs 50,984,830 cache-read)
[spend] rep17: $   20.45 / $280.00     7.3%  OK
         $0.00 on this host + $20.45 carried forward from the previous host (spend_baseline.json)
         cache reads are 54.4% of that; $27.87 per M billable (733,617 billable vs 22,263,594 cache-read)
[spend] rep01: $   65.14 / $280.00    23.3%  OK
         $0.00 on this host + $65.14 carried forward from the previous host (spend_baseline.json)
         cache reads are 76.2% of that; $61.01 per M billable (1,067,618 billable vs 99,323,960 cache-read)
[spend] rep02: $   40.13 / $280.00    14.3%  OK
         $0.00 on this host + $40.13 carried forward from the previous host (spend_baseline.json)
         cache reads are 53.7% of that; $24.24 per M billable (1,655,427 billable vs 43,098,276 cache-read)
[spend] rep03: $   23.79 / $280.00     8.5%  OK
         $0.00 on this host + $23.79 carried forward from the previous host (spend_baseline.json)
         cache reads are 58.0% of that; $35.19 per M billable (676,168 billable vs 27,599,630 cache-read)
[spend] rep04: $   30.57 / $280.00    10.9%  OK
         $0.00 on this host + $30.57 carried forward from the previous host (spend_baseline.json)
         cache reads are 56.0% of that; $26.77 per M billable (1,141,836 billable vs 34,248,826 cache-read)
[spend] rep05: $   32.93 / $280.00    11.8%  OK
         $0.00 on this host + $32.93 carried forward from the previous host (spend_baseline.json)
         cache reads are 58.5% of that; $26.63 per M billable (1,236,505 billable vs 38,547,479 cache-read)
[spend] rep06: $   99.03 / $280.00    35.4%  OK
         $0.00 on this host + $99.03 carried forward from the previous host (spend_baseline.json)
         cache reads are 62.0% of that; $23.15 per M billable (4,277,733 billable vs 122,780,669 cache-read)
[spend] rep07: $   50.55 / $280.00    18.1%  OK
         $0.00 on this host + $50.55 carried forward from the previous host (spend_baseline.json)
         cache reads are 54.5% of that; $21.96 per M billable (2,302,436 billable vs 55,077,911 cache-read)
[spend] rep08: $   40.08 / $280.00    14.3%  OK
         $0.00 on this host + $40.08 carried forward from the previous host (spend_baseline.json)
         cache reads are 60.6% of that; $29.75 per M billable (1,347,489 billable vs 48,580,473 cache-read)
[spend] rep09: $   37.28 / $280.00    13.3%  OK
         $0.00 on this host + $37.28 carried forward from the previous host (spend_baseline.json)
         cache reads are 57.9% of that; $26.24 per M billable (1,420,900 billable vs 43,196,137 cache-read)
[spend] rep10: $   75.59 / $280.00    27.0%  OK
         $0.00 on this host + $75.59 carried forward from the previous host (spend_baseline.json)
         cache reads are 65.7% of that; $30.33 per M billable (2,492,029 billable vs 99,298,212 cache-read)
[spend] rep11: $   38.74 / $280.00    13.8%  OK
         $0.00 on this host + $38.74 carried forward from the previous host (spend_baseline.json)
         cache reads are 57.3% of that; $26.08 per M billable (1,485,396 billable vs 44,417,946 cache-read)
[spend] rep12: $   36.91 / $280.00    13.2%  OK
         $0.00 on this host + $36.91 carried forward from the previous host (spend_baseline.json)
         cache reads are 59.8% of that; $27.06 per M billable (1,363,857 billable vs 44,170,710 cache-read)
[spend] rep13: $   35.86 / $280.00    12.8%  OK
         $0.00 on this host + $35.86 carried forward from the previous host (spend_baseline.json)
         cache reads are 64.0% of that; $32.29 per M billable (1,110,321 billable vs 45,876,912 cache-read)
[spend] rep15: $   49.07 / $280.00    17.5%  OK
         $0.00 on this host + $49.07 carried forward from the previous host (spend_baseline.json)
         cache reads are 54.6% of that; $21.57 per M billable (2,275,306 billable vs 53,557,852 cache-read)
[spend] rep16: $   49.34 / $280.00    17.6%  OK
         $0.00 on this host + $49.34 carried forward from the previous host (spend_baseline.json)
         cache reads are 51.7% of that; $18.06 per M billable (2,731,571 billable vs 50,984,830 cache-read)
[spend] rep17: $   20.45 / $280.00     7.3%  OK
         $0.00 on this host + $20.45 carried forward from the previous host (spend_baseline.json)
         cache reads are 54.4% of that; $27.87 per M billable (733,617 billable vs 22,263,594 cache-read)
[spend] rep01: $   65.14 / $280.00    23.3%  OK
         $0.00 on this host + $65.14 carried forward from the previous host (spend_baseline.json)
         cache reads are 76.2% of that; $61.01 per M billable (1,067,618 billable vs 99,323,960 cache-read)
[spend] rep02: $   40.13 / $280.00    14.3%  OK
         $0.00 on this host + $40.13 carried forward from the previous host (spend_baseline.json)
         cache reads are 53.7% of that; $24.24 per M billable (1,655,427 billable vs 43,098,276 cache-read)
[spend] rep03: $   23.79 / $280.00     8.5%  OK
         $0.00 on this host + $23.79 carried forward from the previous host (spend_baseline.json)
         cache reads are 58.0% of that; $35.19 per M billable (676,168 billable vs 27,599,630 cache-read)
[spend] rep04: $   30.57 / $280.00    10.9%  OK
         $0.00 on this host + $30.57 carried forward from the previous host (spend_baseline.json)
         cache reads are 56.0% of that; $26.77 per M billable (1,141,836 billable vs 34,248,826 cache-read)
[spend] rep05: $   32.93 / $280.00    11.8%  OK
         $0.00 on this host + $32.93 carried forward from the previous host (spend_baseline.json)
         cache reads are 58.5% of that; $26.63 per M billable (1,236,505 billable vs 38,547,479 cache-read)
[spend] rep06: $   99.03 / $280.00    35.4%  OK
         $0.00 on this host + $99.03 carried forward from the previous host (spend_baseline.json)
         cache reads are 62.0% of that; $23.15 per M billable (4,277,733 billable vs 122,780,669 cache-read)
[spend] rep07: $   50.55 / $280.00    18.1%  OK
         $0.00 on this host + $50.55 carried forward from the previous host (spend_baseline.json)
         cache reads are 54.5% of that; $21.96 per M billable (2,302,436 billable vs 55,077,911 cache-read)
[spend] rep08: $   40.08 / $280.00    14.3%  OK
         $0.00 on this host + $40.08 carried forward from the previous host (spend_baseline.json)
         cache reads are 60.6% of that; $29.75 per M billable (1,347,489 billable vs 48,580,473 cache-read)
[spend] rep09: $   37.28 / $280.00    13.3%  OK
         $0.00 on this host + $37.28 carried forward from the previous host (spend_baseline.json)
         cache reads are 57.9% of that; $26.24 per M billable (1,420,900 billable vs 43,196,137 cache-read)
[spend] rep10: $   75.59 / $280.00    27.0%  OK
         $0.00 on this host + $75.59 carried forward from the previous host (spend_baseline.json)
         cache reads are 65.7% of that; $30.33 per M billable (2,492,029 billable vs 99,298,212 cache-read)
[spend] rep11: $   38.74 / $280.00    13.8%  OK
         $0.00 on this host + $38.74 carried forward from the previous host (spend_baseline.json)
         cache reads are 57.3% of that; $26.08 per M billable (1,485,396 billable vs 44,417,946 cache-read)
[spend] rep12: $   36.91 / $280.00    13.2%  OK
         $0.00 on this host + $36.91 carried forward from the previous host (spend_baseline.json)
         cache reads are 59.8% of that; $27.06 per M billable (1,363,857 billable vs 44,170,710 cache-read)
[spend] rep13: $   35.86 / $280.00    12.8%  OK
         $0.00 on this host + $35.86 carried forward from the previous host (spend_baseline.json)
         cache reads are 64.0% of that; $32.29 per M billable (1,110,321 billable vs 45,876,912 cache-read)
[spend] rep15: $   49.07 / $280.00    17.5%  OK
         $0.00 on this host + $49.07 carried forward from the previous host (spend_baseline.json)
         cache reads are 54.6% of that; $21.57 per M billable (2,275,306 billable vs 53,557,852 cache-read)
[spend] rep16: $   49.34 / $280.00    17.6%  OK
         $0.00 on this host + $49.34 carried forward from the previous host (spend_baseline.json)
         cache reads are 51.7% of that; $18.06 per M billable (2,731,571 billable vs 50,984,830 cache-read)
[spend] rep17: $   20.45 / $280.00     7.3%  OK
         $0.00 on this host + $20.45 carried forward from the previous host (spend_baseline.json)
         cache reads are 54.4% of that; $27.87 per M billable (733,617 billable vs 22,263,594 cache-read)
[spend] rep01: $   65.14 / $280.00    23.3%  OK
         $0.00 on this host + $65.14 carried forward from the previous host (spend_baseline.json)
         cache reads are 76.2% of that; $61.01 per M billable (1,067,618 billable vs 99,323,960 cache-read)
[spend] rep02: $   40.13 / $280.00    14.3%  OK
         $0.00 on this host + $40.13 carried forward from the previous host (spend_baseline.json)
         cache reads are 53.7% of that; $24.24 per M billable (1,655,427 billable vs 43,098,276 cache-read)
[spend] rep03: $   23.79 / $280.00     8.5%  OK
         $0.00 on this host + $23.79 carried forward from the previous host (spend_baseline.json)
         cache reads are 58.0% of that; $35.19 per M billable (676,168 billable vs 27,599,630 cache-read)
[spend] rep04: $   30.57 / $280.00    10.9%  OK
         $0.00 on this host + $30.57 carried forward from the previous host (spend_baseline.json)
         cache reads are 56.0% of that; $26.77 per M billable (1,141,836 billable vs 34,248,826 cache-read)
[spend] rep05: $   32.93 / $280.00    11.8%  OK
         $0.00 on this host + $32.93 carried forward from the previous host (spend_baseline.json)
         cache reads are 58.5% of that; $26.63 per M billable (1,236,505 billable vs 38,547,479 cache-read)
[spend] rep06: $   99.03 / $280.00    35.4%  OK
         $0.00 on this host + $99.03 carried forward from the previous host (spend_baseline.json)
         cache reads are 62.0% of that; $23.15 per M billable (4,277,733 billable vs 122,780,669 cache-read)
[spend] rep07: $   50.55 / $280.00    18.1%  OK
         $0.00 on this host + $50.55 carried forward from the previous host (spend_baseline.json)
         cache reads are 54.5% of that; $21.96 per M billable (2,302,436 billable vs 55,077,911 cache-read)
[spend] rep08: $   40.08 / $280.00    14.3%  OK
         $0.00 on this host + $40.08 carried forward from the previous host (spend_baseline.json)
         cache reads are 60.6% of that; $29.75 per M billable (1,347,489 billable vs 48,580,473 cache-read)
[spend] rep09: $   37.28 / $280.00    13.3%  OK
         $0.00 on this host + $37.28 carried forward from the previous host (spend_baseline.json)
         cache reads are 57.9% of that; $26.24 per M billable (1,420,900 billable vs 43,196,137 cache-read)
[spend] rep10: $   75.59 / $280.00    27.0%  OK
         $0.00 on this host + $75.59 carried forward from the previous host (spend_baseline.json)
         cache reads are 65.7% of that; $30.33 per M billable (2,492,029 billable vs 99,298,212 cache-read)
[spend] rep11: $   38.74 / $280.00    13.8%  OK
         $0.00 on this host + $38.74 carried forward from the previous host (spend_baseline.json)
         cache reads are 57.3% of that; $26.08 per M billable (1,485,396 billable vs 44,417,946 cache-read)
[spend] rep12: $   36.91 / $280.00    13.2%  OK
         $0.00 on this host + $36.91 carried forward from the previous host (spend_baseline.json)
         cache reads are 59.8% of that; $27.06 per M billable (1,363,857 billable vs 44,170,710 cache-read)
[spend] rep13: $   35.86 / $280.00    12.8%  OK
         $0.00 on this host + $35.86 carried forward from the previous host (spend_baseline.json)
         cache reads are 64.0% of that; $32.29 per M billable (1,110,321 billable vs 45,876,912 cache-read)
[spend] rep15: $   49.07 / $280.00    17.5%  OK
         $0.00 on this host + $49.07 carried forward from the previous host (spend_baseline.json)
         cache reads are 54.6% of that; $21.57 per M billable (2,275,306 billable vs 53,557,852 cache-read)
[spend] rep16: $   49.34 / $280.00    17.6%  OK
         $0.00 on this host + $49.34 carried forward from the previous host (spend_baseline.json)
         cache reads are 51.7% of that; $18.06 per M billable (2,731,571 billable vs 50,984,830 cache-read)
[spend] rep17: $   20.45 / $280.00     7.3%  OK
         $0.00 on this host + $20.45 carried forward from the previous host (spend_baseline.json)
         cache reads are 54.4% of that; $27.87 per M billable (733,617 billable vs 22,263,594 cache-read)
[spend] rep01: $   65.14 / $280.00    23.3%  OK
         $0.00 on this host + $65.14 carried forward from the previous host (spend_baseline.json)
         cache reads are 76.2% of that; $61.01 per M billable (1,067,618 billable vs 99,323,960 cache-read)
[spend] rep02: $   40.13 / $280.00    14.3%  OK
         $0.00 on this host + $40.13 carried forward from the previous host (spend_baseline.json)
         cache reads are 53.7% of that; $24.24 per M billable (1,655,427 billable vs 43,098,276 cache-read)
[spend] rep03: $   23.79 / $280.00     8.5%  OK
         $0.00 on this host + $23.79 carried forward from the previous host (spend_baseline.json)
         cache reads are 58.0% of that; $35.19 per M billable (676,168 billable vs 27,599,630 cache-read)
[spend] rep04: $   30.57 / $280.00    10.9%  OK
         $0.00 on this host + $30.57 carried forward from the previous host (spend_baseline.json)
         cache reads are 56.0% of that; $26.77 per M billable (1,141,836 billable vs 34,248,826 cache-read)
[spend] rep05: $   32.93 / $280.00    11.8%  OK
         $0.00 on this host + $32.93 carried forward from the previous host (spend_baseline.json)
         cache reads are 58.5% of that; $26.63 per M billable (1,236,505 billable vs 38,547,479 cache-read)
[spend] rep06: $   99.03 / $280.00    35.4%  OK
         $0.00 on this host + $99.03 carried forward from the previous host (spend_baseline.json)
         cache reads are 62.0% of that; $23.15 per M billable (4,277,733 billable vs 122,780,669 cache-read)
[spend] rep07: $   50.55 / $280.00    18.1%  OK
         $0.00 on this host + $50.55 carried forward from the previous host (spend_baseline.json)
         cache reads are 54.5% of that; $21.96 per M billable (2,302,436 billable vs 55,077,911 cache-read)
[spend] rep08: $   40.08 / $280.00    14.3%  OK
         $0.00 on this host + $40.08 carried forward from the previous host (spend_baseline.json)
         cache reads are 60.6% of that; $29.75 per M billable (1,347,489 billable vs 48,580,473 cache-read)
[spend] rep09: $   37.28 / $280.00    13.3%  OK
         $0.00 on this host + $37.28 carried forward from the previous host (spend_baseline.json)
         cache reads are 57.9% of that; $26.24 per M billable (1,420,900 billable vs 43,196,137 cache-read)
[spend] rep10: $   75.59 / $280.00    27.0%  OK
         $0.00 on this host + $75.59 carried forward from the previous host (spend_baseline.json)
         cache reads are 65.7% of that; $30.33 per M billable (2,492,029 billable vs 99,298,212 cache-read)
[spend] rep11: $   38.74 / $280.00    13.8%  OK
         $0.00 on this host + $38.74 carried forward from the previous host (spend_baseline.json)
         cache reads are 57.3% of that; $26.08 per M billable (1,485,396 billable vs 44,417,946 cache-read)
[spend] rep12: $   36.91 / $280.00    13.2%  OK
         $0.00 on this host + $36.91 carried forward from the previous host (spend_baseline.json)
         cache reads are 59.8% of that; $27.06 per M billable (1,363,857 billable vs 44,170,710 cache-read)
[spend] rep13: $   35.86 / $280.00    12.8%  OK
         $0.00 on this host + $35.86 carried forward from the previous host (spend_baseline.json)
         cache reads are 64.0% of that; $32.29 per M billable (1,110,321 billable vs 45,876,912 cache-read)
[spend] rep15: $   49.07 / $280.00    17.5%  OK
         $0.00 on this host + $49.07 carried forward from the previous host (spend_baseline.json)
         cache reads are 54.6% of that; $21.57 per M billable (2,275,306 billable vs 53,557,852 cache-read)
[spend] rep16: $   49.34 / $280.00    17.6%  OK
         $0.00 on this host + $49.34 carried forward from the previous host (spend_baseline.json)
         cache reads are 51.7% of that; $18.06 per M billable (2,731,571 billable vs 50,984,830 cache-read)
[spend] rep17: $   20.45 / $280.00     7.3%  OK
         $0.00 on this host + $20.45 carried forward from the previous host (spend_baseline.json)
         cache reads are 54.4% of that; $27.87 per M billable (733,617 billable vs 22,263,594 cache-read)
[spend] rep01: $   65.14 / $280.00    23.3%  OK
         $0.00 on this host + $65.14 carried forward from the previous host (spend_baseline.json)
         cache reads are 76.2% of that; $61.01 per M billable (1,067,618 billable vs 99,323,960 cache-read)
[spend] rep02: $   40.13 / $280.00    14.3%  OK
         $0.00 on this host + $40.13 carried forward from the previous host (spend_baseline.json)
         cache reads are 53.7% of that; $24.24 per M billable (1,655,427 billable vs 43,098,276 cache-read)
[spend] rep03: $   23.79 / $280.00     8.5%  OK
         $0.00 on this host + $23.79 carried forward from the previous host (spend_baseline.json)
         cache reads are 58.0% of that; $35.19 per M billable (676,168 billable vs 27,599,630 cache-read)
[spend] rep04: $   30.57 / $280.00    10.9%  OK
         $0.00 on this host + $30.57 carried forward from the previous host (spend_baseline.json)
         cache reads are 56.0% of that; $26.77 per M billable (1,141,836 billable vs 34,248,826 cache-read)
[spend] rep05: $   32.93 / $280.00    11.8%  OK
         $0.00 on this host + $32.93 carried forward from the previous host (spend_baseline.json)
         cache reads are 58.5% of that; $26.63 per M billable (1,236,505 billable vs 38,547,479 cache-read)
[spend] rep06: $   99.03 / $280.00    35.4%  OK
         $0.00 on this host + $99.03 carried forward from the previous host (spend_baseline.json)
         cache reads are 62.0% of that; $23.15 per M billable (4,277,733 billable vs 122,780,669 cache-read)
[spend] rep07: $   50.55 / $280.00    18.1%  OK
         $0.00 on this host + $50.55 carried forward from the previous host (spend_baseline.json)
         cache reads are 54.5% of that; $21.96 per M billable (2,302,436 billable vs 55,077,911 cache-read)
[spend] rep08: $   40.08 / $280.00    14.3%  OK
         $0.00 on this host + $40.08 carried forward from the previous host (spend_baseline.json)
         cache reads are 60.6% of that; $29.75 per M billable (1,347,489 billable vs 48,580,473 cache-read)
[spend] rep09: $   37.28 / $280.00    13.3%  OK
         $0.00 on this host + $37.28 carried forward from the previous host (spend_baseline.json)
         cache reads are 57.9% of that; $26.24 per M billable (1,420,900 billable vs 43,196,137 cache-read)
[spend] rep10: $   75.59 / $280.00    27.0%  OK
         $0.00 on this host + $75.59 carried forward from the previous host (spend_baseline.json)
         cache reads are 65.7% of that; $30.33 per M billable (2,492,029 billable vs 99,298,212 cache-read)
[spend] rep11: $   38.74 / $280.00    13.8%  OK
         $0.00 on this host + $38.74 carried forward from the previous host (spend_baseline.json)
         cache reads are 57.3% of that; $26.08 per M billable (1,485,396 billable vs 44,417,946 cache-read)
[spend] rep12: $   36.91 / $280.00    13.2%  OK
         $0.00 on this host + $36.91 carried forward from the previous host (spend_baseline.json)
         cache reads are 59.8% of that; $27.06 per M billable (1,363,857 billable vs 44,170,710 cache-read)
[spend] rep13: $   35.86 / $280.00    12.8%  OK
         $0.00 on this host + $35.86 carried forward from the previous host (spend_baseline.json)
         cache reads are 64.0% of that; $32.29 per M billable (1,110,321 billable vs 45,876,912 cache-read)
[spend] rep15: $   49.07 / $280.00    17.5%  OK
         $0.00 on this host + $49.07 carried forward from the previous host (spend_baseline.json)
         cache reads are 54.6% of that; $21.57 per M billable (2,275,306 billable vs 53,557,852 cache-read)
[spend] rep16: $   49.34 / $280.00    17.6%  OK
         $0.00 on this host + $49.34 carried forward from the previous host (spend_baseline.json)
         cache reads are 51.7% of that; $18.06 per M billable (2,731,571 billable vs 50,984,830 cache-read)
[spend] rep17: $   20.45 / $280.00     7.3%  OK
         $0.00 on this host + $20.45 carried forward from the previous host (spend_baseline.json)
         cache reads are 54.4% of that; $27.87 per M billable (733,617 billable vs 22,263,594 cache-read)
[spend] rep01: $   65.14 / $280.00    23.3%  OK
         $0.00 on this host + $65.14 carried forward from the previous host (spend_baseline.json)
         cache reads are 76.2% of that; $61.01 per M billable (1,067,618 billable vs 99,323,960 cache-read)
[spend] rep02: $   40.13 / $280.00    14.3%  OK
         $0.00 on this host + $40.13 carried forward from the previous host (spend_baseline.json)
         cache reads are 53.7% of that; $24.24 per M billable (1,655,427 billable vs 43,098,276 cache-read)
[spend] rep03: $   23.79 / $280.00     8.5%  OK
         $0.00 on this host + $23.79 carried forward from the previous host (spend_baseline.json)
         cache reads are 58.0% of that; $35.19 per M billable (676,168 billable vs 27,599,630 cache-read)
[spend] rep04: $   30.57 / $280.00    10.9%  OK
         $0.00 on this host + $30.57 carried forward from the previous host (spend_baseline.json)
         cache reads are 56.0% of that; $26.77 per M billable (1,141,836 billable vs 34,248,826 cache-read)
[spend] rep05: $   32.93 / $280.00    11.8%  OK
         $0.00 on this host + $32.93 carried forward from the previous host (spend_baseline.json)
         cache reads are 58.5% of that; $26.63 per M billable (1,236,505 billable vs 38,547,479 cache-read)
[spend] rep06: $   99.03 / $280.00    35.4%  OK
         $0.00 on this host + $99.03 carried forward from the previous host (spend_baseline.json)
         cache reads are 62.0% of that; $23.15 per M billable (4,277,733 billable vs 122,780,669 cache-read)
[spend] rep07: $   50.55 / $280.00    18.1%  OK
         $0.00 on this host + $50.55 carried forward from the previous host (spend_baseline.json)
         cache reads are 54.5% of that; $21.96 per M billable (2,302,436 billable vs 55,077,911 cache-read)
[spend] rep08: $   40.08 / $280.00    14.3%  OK
         $0.00 on this host + $40.08 carried forward from the previous host (spend_baseline.json)
         cache reads are 60.6% of that; $29.75 per M billable (1,347,489 billable vs 48,580,473 cache-read)
[spend] rep09: $   37.28 / $280.00    13.3%  OK
         $0.00 on this host + $37.28 carried forward from the previous host (spend_baseline.json)
         cache reads are 57.9% of that; $26.24 per M billable (1,420,900 billable vs 43,196,137 cache-read)
[spend] rep10: $   75.59 / $280.00    27.0%  OK
         $0.00 on this host + $75.59 carried forward from the previous host (spend_baseline.json)
         cache reads are 65.7% of that; $30.33 per M billable (2,492,029 billable vs 99,298,212 cache-read)
[spend] rep11: $   38.74 / $280.00    13.8%  OK
         $0.00 on this host + $38.74 carried forward from the previous host (spend_baseline.json)
         cache reads are 57.3% of that; $26.08 per M billable (1,485,396 billable vs 44,417,946 cache-read)
[spend] rep12: $   36.91 / $280.00    13.2%  OK
         $0.00 on this host + $36.91 carried forward from the previous host (spend_baseline.json)
         cache reads are 59.8% of that; $27.06 per M billable (1,363,857 billable vs 44,170,710 cache-read)
[spend] rep13: $   35.86 / $280.00    12.8%  OK
         $0.00 on this host + $35.86 carried forward from the previous host (spend_baseline.json)
         cache reads are 64.0% of that; $32.29 per M billable (1,110,321 billable vs 45,876,912 cache-read)
[spend] rep15: $   49.07 / $280.00    17.5%  OK
         $0.00 on this host + $49.07 carried forward from the previous host (spend_baseline.json)
         cache reads are 54.6% of that; $21.57 per M billable (2,275,306 billable vs 53,557,852 cache-read)
[spend] rep16: $   49.34 / $280.00    17.6%  OK
         $0.00 on this host + $49.34 carried forward from the previous host (spend_baseline.json)
         cache reads are 51.7% of that; $18.06 per M billable (2,731,571 billable vs 50,984,830 cache-read)
[spend] rep17: $   20.45 / $280.00     7.3%  OK
         $0.00 on this host + $20.45 carried forward from the previous host (spend_baseline.json)
         cache reads are 54.4% of that; $27.87 per M billable (733,617 billable vs 22,263,594 cache-read)
[spend] rep01: $   65.14 / $280.00    23.3%  OK
         $0.00 on this host + $65.14 carried forward from the previous host (spend_baseline.json)
         cache reads are 76.2% of that; $61.01 per M billable (1,067,618 billable vs 99,323,960 cache-read)
[spend] rep02: $   40.13 / $280.00    14.3%  OK
         $0.00 on this host + $40.13 carried forward from the previous host (spend_baseline.json)
         cache reads are 53.7% of that; $24.24 per M billable (1,655,427 billable vs 43,098,276 cache-read)
[spend] rep03: $   23.79 / $280.00     8.5%  OK
         $0.00 on this host + $23.79 carried forward from the previous host (spend_baseline.json)
         cache reads are 58.0% of that; $35.19 per M billable (676,168 billable vs 27,599,630 cache-read)
[spend] rep04: $   30.57 / $280.00    10.9%  OK
         $0.00 on this host + $30.57 carried forward from the previous host (spend_baseline.json)
         cache reads are 56.0% of that; $26.77 per M billable (1,141,836 billable vs 34,248,826 cache-read)
[spend] rep05: $   32.93 / $280.00    11.8%  OK
         $0.00 on this host + $32.93 carried forward from the previous host (spend_baseline.json)
         cache reads are 58.5% of that; $26.63 per M billable (1,236,505 billable vs 38,547,479 cache-read)
[spend] rep06: $   99.03 / $280.00    35.4%  OK
         $0.00 on this host + $99.03 carried forward from the previous host (spend_baseline.json)
         cache reads are 62.0% of that; $23.15 per M billable (4,277,733 billable vs 122,780,669 cache-read)
[spend] rep07: $   50.55 / $280.00    18.1%  OK
         $0.00 on this host + $50.55 carried forward from the previous host (spend_baseline.json)
         cache reads are 54.5% of that; $21.96 per M billable (2,302,436 billable vs 55,077,911 cache-read)
[spend] rep08: $   40.08 / $280.00    14.3%  OK
         $0.00 on this host + $40.08 carried forward from the previous host (spend_baseline.json)
         cache reads are 60.6% of that; $29.75 per M billable (1,347,489 billable vs 48,580,473 cache-read)
[spend] rep09: $   37.28 / $280.00    13.3%  OK
         $0.00 on this host + $37.28 carried forward from the previous host (spend_baseline.json)
         cache reads are 57.9% of that; $26.24 per M billable (1,420,900 billable vs 43,196,137 cache-read)
[spend] rep10: $   75.59 / $280.00    27.0%  OK
         $0.00 on this host + $75.59 carried forward from the previous host (spend_baseline.json)
         cache reads are 65.7% of that; $30.33 per M billable (2,492,029 billable vs 99,298,212 cache-read)
[spend] rep11: $   38.74 / $280.00    13.8%  OK
         $0.00 on this host + $38.74 carried forward from the previous host (spend_baseline.json)
         cache reads are 57.3% of that; $26.08 per M billable (1,485,396 billable vs 44,417,946 cache-read)
[spend] rep12: $   36.91 / $280.00    13.2%  OK
         $0.00 on this host + $36.91 carried forward from the previous host (spend_baseline.json)
         cache reads are 59.8% of that; $27.06 per M billable (1,363,857 billable vs 44,170,710 cache-read)
[spend] rep13: $   35.86 / $280.00    12.8%  OK
         $0.00 on this host + $35.86 carried forward from the previous host (spend_baseline.json)
         cache reads are 64.0% of that; $32.29 per M billable (1,110,321 billable vs 45,876,912 cache-read)
[spend] rep15: $   49.07 / $280.00    17.5%  OK
         $0.00 on this host + $49.07 carried forward from the previous host (spend_baseline.json)
         cache reads are 54.6% of that; $21.57 per M billable (2,275,306 billable vs 53,557,852 cache-read)
[spend] rep16: $   49.34 / $280.00    17.6%  OK
         $0.00 on this host + $49.34 carried forward from the previous host (spend_baseline.json)
         cache reads are 51.7% of that; $18.06 per M billable (2,731,571 billable vs 50,984,830 cache-read)
[spend] rep17: $   20.45 / $280.00     7.3%  OK
         $0.00 on this host + $20.45 carried forward from the previous host (spend_baseline.json)
         cache reads are 54.4% of that; $27.87 per M billable (733,617 billable vs 22,263,594 cache-read)
[spend] rep01: $   65.14 / $280.00    23.3%  OK
         $0.00 on this host + $65.14 carried forward from the previous host (spend_baseline.json)
         cache reads are 76.2% of that; $61.01 per M billable (1,067,618 billable vs 99,323,960 cache-read)
[spend] rep02: $   40.13 / $280.00    14.3%  OK
         $0.00 on this host + $40.13 carried forward from the previous host (spend_baseline.json)
         cache reads are 53.7% of that; $24.24 per M billable (1,655,427 billable vs 43,098,276 cache-read)
[spend] rep03: $   23.79 / $280.00     8.5%  OK
         $0.00 on this host + $23.79 carried forward from the previous host (spend_baseline.json)
         cache reads are 58.0% of that; $35.19 per M billable (676,168 billable vs 27,599,630 cache-read)
[spend] rep04: $   30.57 / $280.00    10.9%  OK
         $0.00 on this host + $30.57 carried forward from the previous host (spend_baseline.json)
         cache reads are 56.0% of that; $26.77 per M billable (1,141,836 billable vs 34,248,826 cache-read)
[spend] rep05: $   32.93 / $280.00    11.8%  OK
         $0.00 on this host + $32.93 carried forward from the previous host (spend_baseline.json)
         cache reads are 58.5% of that; $26.63 per M billable (1,236,505 billable vs 38,547,479 cache-read)
[spend] rep06: $   99.03 / $280.00    35.4%  OK
         $0.00 on this host + $99.03 carried forward from the previous host (spend_baseline.json)
         cache reads are 62.0% of that; $23.15 per M billable (4,277,733 billable vs 122,780,669 cache-read)
[spend] rep07: $   50.55 / $280.00    18.1%  OK
         $0.00 on this host + $50.55 carried forward from the previous host (spend_baseline.json)
         cache reads are 54.5% of that; $21.96 per M billable (2,302,436 billable vs 55,077,911 cache-read)
[spend] rep08: $   40.08 / $280.00    14.3%  OK
         $0.00 on this host + $40.08 carried forward from the previous host (spend_baseline.json)
         cache reads are 60.6% of that; $29.75 per M billable (1,347,489 billable vs 48,580,473 cache-read)
[spend] rep09: $   37.28 / $280.00    13.3%  OK
         $0.00 on this host + $37.28 carried forward from the previous host (spend_baseline.json)
         cache reads are 57.9% of that; $26.24 per M billable (1,420,900 billable vs 43,196,137 cache-read)
[spend] rep10: $   75.59 / $280.00    27.0%  OK
         $0.00 on this host + $75.59 carried forward from the previous host (spend_baseline.json)
         cache reads are 65.7% of that; $30.33 per M billable (2,492,029 billable vs 99,298,212 cache-read)
[spend] rep11: $   38.74 / $280.00    13.8%  OK
         $0.00 on this host + $38.74 carried forward from the previous host (spend_baseline.json)
         cache reads are 57.3% of that; $26.08 per M billable (1,485,396 billable vs 44,417,946 cache-read)
[spend] rep12: $   36.91 / $280.00    13.2%  OK
         $0.00 on this host + $36.91 carried forward from the previous host (spend_baseline.json)
         cache reads are 59.8% of that; $27.06 per M billable (1,363,857 billable vs 44,170,710 cache-read)
[spend] rep13: $   35.86 / $280.00    12.8%  OK
         $0.00 on this host + $35.86 carried forward from the previous host (spend_baseline.json)
         cache reads are 64.0% of that; $32.29 per M billable (1,110,321 billable vs 45,876,912 cache-read)
[spend] rep15: $   49.07 / $280.00    17.5%  OK
         $0.00 on this host + $49.07 carried forward from the previous host (spend_baseline.json)
         cache reads are 54.6% of that; $21.57 per M billable (2,275,306 billable vs 53,557,852 cache-read)
[spend] rep16: $   49.34 / $280.00    17.6%  OK
         $0.00 on this host + $49.34 carried forward from the previous host (spend_baseline.json)
         cache reads are 51.7% of that; $18.06 per M billable (2,731,571 billable vs 50,984,830 cache-read)
[spend] rep17: $   20.45 / $280.00     7.3%  OK
         $0.00 on this host + $20.45 carried forward from the previous host (spend_baseline.json)
         cache reads are 54.4% of that; $27.87 per M billable (733,617 billable vs 22,263,594 cache-read)
[spend] rep01: $   66.37 / $280.00    23.7%  OK
         $1.23 on this host + $65.14 carried forward from the previous host (spend_baseline.json)
         cache reads are 75.4% of that; $56.17 per M billable (1,181,687 billable vs 100,068,976 cache-read)
[spend] rep02: $   40.81 / $280.00    14.6%  OK
         $0.67 on this host + $40.13 carried forward from the previous host (spend_baseline.json)
         cache reads are 53.4% of that; $23.86 per M billable (1,710,505 billable vs 43,548,626 cache-read)
[spend] rep03: $   24.55 / $280.00     8.8%  OK
         $0.75 on this host + $23.79 carried forward from the previous host (spend_baseline.json)
         cache reads are 57.2% of that; $33.13 per M billable (740,806 billable vs 28,104,719 cache-read)
[spend] rep04: $   31.43 / $280.00    11.2%  OK
         $0.86 on this host + $30.57 carried forward from the previous host (spend_baseline.json)
         cache reads are 55.0% of that; $25.48 per M billable (1,233,728 billable vs 34,580,639 cache-read)
[spend] rep05: $   33.60 / $280.00    12.0%  OK
         $0.67 on this host + $32.93 carried forward from the previous host (spend_baseline.json)
         cache reads are 57.8% of that; $25.70 per M billable (1,307,621 billable vs 38,859,145 cache-read)
[spend] rep06: $   99.67 / $280.00    35.6%  OK
         $0.63 on this host + $99.03 carried forward from the previous host (spend_baseline.json)
         cache reads are 61.7% of that; $22.91 per M billable (4,351,109 billable vs 123,031,161 cache-read)
[spend] rep07: $   51.45 / $280.00    18.4%  OK
         $0.90 on this host + $50.55 carried forward from the previous host (spend_baseline.json)
         cache reads are 53.8% of that; $21.32 per M billable (2,413,445 billable vs 55,311,926 cache-read)
[spend] rep08: $   40.81 / $280.00    14.6%  OK
         $0.72 on this host + $40.08 carried forward from the previous host (spend_baseline.json)
         cache reads are 59.8% of that; $28.38 per M billable (1,438,119 billable vs 48,763,740 cache-read)
[spend] rep09: $   37.66 / $280.00    13.5%  OK
         $0.39 on this host + $37.28 carried forward from the previous host (spend_baseline.json)
         cache reads are 57.5% of that; $25.64 per M billable (1,469,152 billable vs 43,285,375 cache-read)
[spend] rep10: $   75.77 / $280.00    27.1%  OK
         $0.18 on this host + $75.59 carried forward from the previous host (spend_baseline.json)
         cache reads are 65.6% of that; $30.14 per M billable (2,513,851 billable vs 99,357,730 cache-read)
[spend] rep11: $   38.87 / $280.00    13.9%  OK
         $0.14 on this host + $38.74 carried forward from the previous host (spend_baseline.json)
         cache reads are 57.2% of that; $25.83 per M billable (1,504,702 billable vs 44,438,188 cache-read)
[spend] rep12: $   36.91 / $280.00    13.2%  OK
         $0.00 on this host + $36.91 carried forward from the previous host (spend_baseline.json)
         cache reads are 59.8% of that; $27.06 per M billable (1,363,857 billable vs 44,170,710 cache-read)
[spend] rep13: $   35.86 / $280.00    12.8%  OK
         $0.00 on this host + $35.86 carried forward from the previous host (spend_baseline.json)
         cache reads are 64.0% of that; $32.29 per M billable (1,110,321 billable vs 45,876,912 cache-read)
[spend] rep15: $   49.07 / $280.00    17.5%  OK
         $0.00 on this host + $49.07 carried forward from the previous host (spend_baseline.json)
         cache reads are 54.6% of that; $21.57 per M billable (2,275,306 billable vs 53,557,852 cache-read)
[spend] rep16: $   49.34 / $280.00    17.6%  OK
         $0.00 on this host + $49.34 carried forward from the previous host (spend_baseline.json)
         cache reads are 51.7% of that; $18.06 per M billable (2,731,571 billable vs 50,984,830 cache-read)
[spend] rep17: $   20.45 / $280.00     7.3%  OK
         $0.00 on this host + $20.45 carried forward from the previous host (spend_baseline.json)
         cache reads are 54.4% of that; $27.87 per M billable (733,617 billable vs 22,263,594 cache-read)
[spend] rep01: $   67.59 / $280.00    24.1%  OK
         $2.45 on this host + $65.14 carried forward from the previous host (spend_baseline.json)
         cache reads are 75.0% of that; $55.18 per M billable (1,224,835 billable vs 101,428,159 cache-read)
[spend] rep02: $   41.78 / $280.00    14.9%  OK
         $1.65 on this host + $40.13 carried forward from the previous host (spend_baseline.json)
         cache reads are 53.1% of that; $23.80 per M billable (1,755,511 billable vs 44,354,286 cache-read)
[spend] rep03: $   25.42 / $280.00     9.1%  OK
         $1.63 on this host + $23.79 carried forward from the previous host (spend_baseline.json)
         cache reads are 56.5% of that; $32.52 per M billable (781,649 billable vs 28,747,564 cache-read)
[spend] rep04: $   32.18 / $280.00    11.5%  OK
         $1.61 on this host + $30.57 carried forward from the previous host (spend_baseline.json)
         cache reads are 54.3% of that; $25.09 per M billable (1,282,368 billable vs 34,965,469 cache-read)
[spend] rep05: $   34.57 / $280.00    12.3%  OK
         $1.64 on this host + $32.93 carried forward from the previous host (spend_baseline.json)
         cache reads are 57.4% of that; $25.60 per M billable (1,350,246 billable vs 39,709,794 cache-read)
[spend] rep06: $  100.64 / $280.00    35.9%  OK
         $1.61 on this host + $99.03 carried forward from the previous host (spend_baseline.json)
         cache reads are 61.6% of that; $22.91 per M billable (4,393,833 billable vs 123,891,221 cache-read)
[spend] rep07: $   52.40 / $280.00    18.7%  OK
         $1.85 on this host + $50.55 carried forward from the previous host (spend_baseline.json)
         cache reads are 53.5% of that; $21.32 per M billable (2,457,599 billable vs 56,086,868 cache-read)
[spend] rep08: $   41.69 / $280.00    14.9%  OK
         $1.61 on this host + $40.08 carried forward from the previous host (spend_baseline.json)
         cache reads are 59.5% of that; $28.10 per M billable (1,483,598 billable vs 49,588,952 cache-read)
[spend] rep09: $   38.96 / $280.00    13.9%  OK
         $1.68 on this host + $37.28 carried forward from the previous host (spend_baseline.json)
         cache reads are 56.6% of that; $25.08 per M billable (1,553,402 billable vs 44,100,593 cache-read)
[spend] rep10: $   76.81 / $280.00    27.4%  OK
         $1.21 on this host + $75.59 carried forward from the previous host (spend_baseline.json)
         cache reads are 65.2% of that; $29.86 per M billable (2,571,841 billable vs 100,088,029 cache-read)
[spend] rep11: $   40.28 / $280.00    14.4%  OK
         $1.54 on this host + $38.74 carried forward from the previous host (spend_baseline.json)
         cache reads are 56.6% of that; $25.23 per M billable (1,596,468 billable vs 45,580,194 cache-read)
[spend] rep12: $   39.09 / $280.00    14.0%  OK
         $2.18 on this host + $36.91 carried forward from the previous host (spend_baseline.json)
         cache reads are 57.8% of that; $25.39 per M billable (1,539,363 billable vs 45,220,856 cache-read)
[spend] rep13: $   37.27 / $280.00    13.3%  OK
         $1.41 on this host + $35.86 carried forward from the previous host (spend_baseline.json)
         cache reads are 63.0% of that; $30.74 per M billable (1,212,325 billable vs 46,943,589 cache-read)
[spend] rep15: $   50.21 / $280.00    17.9%  OK
         $1.14 on this host + $49.07 carried forward from the previous host (spend_baseline.json)
         cache reads are 54.0% of that; $21.21 per M billable (2,367,680 billable vs 54,208,489 cache-read)
[spend] rep16: $   50.45 / $280.00    18.0%  OK
         $1.11 on this host + $49.34 carried forward from the previous host (spend_baseline.json)
         cache reads are 51.3% of that; $17.94 per M billable (2,812,299 billable vs 51,759,774 cache-read)
[spend] rep17: $   21.64 / $280.00     7.7%  OK
         $1.19 on this host + $20.45 carried forward from the previous host (spend_baseline.json)
         cache reads are 52.8% of that; $25.71 per M billable (841,718 billable vs 22,835,050 cache-read)
[spend] rep01: $   68.51 / $280.00    24.5%  OK
         $3.37 on this host + $65.14 carried forward from the previous host (spend_baseline.json)
         cache reads are 74.6% of that; $54.15 per M billable (1,265,194 billable vs 102,181,096 cache-read)
[spend] rep02: $   42.49 / $280.00    15.2%  OK
         $2.35 on this host + $40.13 carried forward from the previous host (spend_baseline.json)
         cache reads are 52.9% of that; $23.86 per M billable (1,780,420 billable vs 44,945,336 cache-read)
[spend] rep03: $   26.01 / $280.00     9.3%  OK
         $2.22 on this host + $23.79 carried forward from the previous host (spend_baseline.json)
         cache reads are 56.1% of that; $32.08 per M billable (810,808 billable vs 29,213,560 cache-read)
[spend] rep04: $   33.72 / $280.00    12.0%  OK
         $3.14 on this host + $30.57 carried forward from the previous host (spend_baseline.json)
         cache reads are 54.0% of that; $25.07 per M billable (1,344,584 billable vs 36,395,524 cache-read)
[spend] rep05: $   35.01 / $280.00    12.5%  OK
         $2.07 on this host + $32.93 carried forward from the previous host (spend_baseline.json)
         cache reads are 57.4% of that; $25.61 per M billable (1,366,830 billable vs 40,195,242 cache-read)
[spend] rep06: $  102.12 / $280.00    36.5%  OK
         $3.09 on this host + $99.03 carried forward from the previous host (spend_baseline.json)
         cache reads are 61.5% of that; $23.00 per M billable (4,440,209 billable vs 125,578,770 cache-read)
[spend] rep07: $   53.62 / $280.00    19.1%  OK
         $3.07 on this host + $50.55 carried forward from the previous host (spend_baseline.json)
         cache reads are 53.1% of that; $21.35 per M billable (2,512,016 billable vs 56,923,993 cache-read)
[spend] rep08: $   43.12 / $280.00    15.4%  OK
         $3.03 on this host + $40.08 carried forward from the previous host (spend_baseline.json)
         cache reads are 58.7% of that; $27.89 per M billable (1,545,995 billable vs 50,627,959 cache-read)
[spend] rep09: $   39.87 / $280.00    14.2%  OK
         $2.59 on this host + $37.28 carried forward from the previous host (spend_baseline.json)
         cache reads are 56.4% of that; $25.03 per M billable (1,592,726 billable vs 44,948,410 cache-read)
[spend] rep10: $   77.86 / $280.00    27.8%  OK
         $2.27 on this host + $75.59 carried forward from the previous host (spend_baseline.json)
         cache reads are 64.9% of that; $29.79 per M billable (2,613,444 billable vs 101,031,019 cache-read)
[spend] rep11: $   41.05 / $280.00    14.7%  OK
         $2.32 on this host + $38.74 carried forward from the previous host (spend_baseline.json)
         cache reads are 56.6% of that; $25.32 per M billable (1,621,717 billable vs 46,445,899 cache-read)
[spend] rep12: $   40.68 / $280.00    14.5%  OK
         $3.77 on this host + $36.91 carried forward from the previous host (spend_baseline.json)
         cache reads are 57.3% of that; $25.37 per M billable (1,603,609 billable vs 46,589,941 cache-read)
[spend] rep13: $   38.17 / $280.00    13.6%  OK
         $2.32 on this host + $35.86 carried forward from the previous host (spend_baseline.json)
         cache reads are 62.6% of that; $30.58 per M billable (1,248,459 billable vs 47,796,385 cache-read)
[spend] rep15: $   51.26 / $280.00    18.3%  OK
         $2.19 on this host + $49.07 carried forward from the previous host (spend_baseline.json)
         cache reads are 53.5% of that; $21.18 per M billable (2,419,807 billable vs 54,804,682 cache-read)
[spend] rep16: $   51.04 / $280.00    18.2%  OK
         $1.70 on this host + $49.34 carried forward from the previous host (spend_baseline.json)
         cache reads are 51.1% of that; $17.99 per M billable (2,837,022 billable vs 52,220,779 cache-read)
[spend] rep17: $   22.47 / $280.00     8.0%  OK
         $2.02 on this host + $20.45 carried forward from the previous host (spend_baseline.json)
         cache reads are 52.1% of that; $25.48 per M billable (881,908 billable vs 23,400,383 cache-read)
[spend] rep01: $   69.27 / $280.00    24.7%  OK
         $4.13 on this host + $65.14 carried forward from the previous host (spend_baseline.json)
         cache reads are 74.3% of that; $53.80 per M billable (1,287,470 billable vs 102,960,693 cache-read)
[spend] rep02: $   43.44 / $280.00    15.5%  OK
         $3.30 on this host + $40.13 carried forward from the previous host (spend_baseline.json)
         cache reads are 52.8% of that; $23.92 per M billable (1,816,194 billable vs 45,854,417 cache-read)
[spend] rep03: $   26.18 / $280.00     9.3%  OK
         $2.39 on this host + $23.79 carried forward from the previous host (spend_baseline.json)
         cache reads are 56.2% of that; $32.06 per M billable (816,746 billable vs 29,410,218 cache-read)
[spend] rep04: $   34.40 / $280.00    12.3%  OK
         $3.83 on this host + $30.57 carried forward from the previous host (spend_baseline.json)
         cache reads are 53.8% of that; $25.11 per M billable (1,369,748 billable vs 37,011,330 cache-read)
[spend] rep05: $   35.84 / $280.00    12.8%  OK
         $2.90 on this host + $32.93 carried forward from the previous host (spend_baseline.json)
         cache reads are 57.4% of that; $25.73 per M billable (1,392,923 billable vs 41,131,605 cache-read)
[spend] rep06: $  102.82 / $280.00    36.7%  OK
         $3.79 on this host + $99.03 carried forward from the previous host (spend_baseline.json)
         cache reads are 61.4% of that; $23.03 per M billable (4,464,827 billable vs 126,334,160 cache-read)
[spend] rep07: $   54.72 / $280.00    19.5%  OK
         $4.17 on this host + $50.55 carried forward from the previous host (spend_baseline.json)
         cache reads are 53.0% of that; $21.42 per M billable (2,555,121 billable vs 58,000,005 cache-read)
[spend] rep08: $   44.01 / $280.00    15.7%  OK
         $3.93 on this host + $40.08 carried forward from the previous host (spend_baseline.json)
         cache reads are 58.6% of that; $27.90 per M billable (1,577,414 billable vs 51,548,589 cache-read)
[spend] rep09: $   40.53 / $280.00    14.5%  OK
         $3.25 on this host + $37.28 carried forward from the previous host (spend_baseline.json)
         cache reads are 56.2% of that; $25.10 per M billable (1,614,874 billable vs 45,540,891 cache-read)
[spend] rep10: $   78.81 / $280.00    28.1%  OK
         $3.22 on this host + $75.59 carried forward from the previous host (spend_baseline.json)
         cache reads are 64.4% of that; $29.65 per M billable (2,657,821 billable vs 101,513,186 cache-read)
[spend] rep11: $   42.21 / $280.00    15.1%  OK
         $3.48 on this host + $38.74 carried forward from the previous host (spend_baseline.json)
         cache reads are 56.4% of that; $25.46 per M billable (1,657,780 billable vs 47,620,883 cache-read)
[spend] rep12: $   41.54 / $280.00    14.8%  OK
         $4.63 on this host + $36.91 carried forward from the previous host (spend_baseline.json)
         cache reads are 56.9% of that; $25.40 per M billable (1,635,692 billable vs 47,255,636 cache-read)
[spend] rep13: $   38.95 / $280.00    13.9%  OK
         $3.09 on this host + $35.86 carried forward from the previous host (spend_baseline.json)
         cache reads are 62.2% of that; $30.47 per M billable (1,278,160 billable vs 48,439,688 cache-read)
[spend] rep15: $   51.57 / $280.00    18.4%  OK
         $2.50 on this host + $49.07 carried forward from the previous host (spend_baseline.json)
         cache reads are 53.4% of that; $21.22 per M billable (2,430,873 billable vs 55,100,312 cache-read)
[spend] rep16: $   51.89 / $280.00    18.5%  OK
         $2.55 on this host + $49.34 carried forward from the previous host (spend_baseline.json)
         cache reads are 50.8% of that; $18.00 per M billable (2,882,836 billable vs 52,709,929 cache-read)
[spend] rep17: $   23.61 / $280.00     8.4%  OK
         $3.17 on this host + $20.45 carried forward from the previous host (spend_baseline.json)
         cache reads are 51.3% of that; $25.57 per M billable (923,668 billable vs 24,230,772 cache-read)
[spend] rep01: $   70.63 / $280.00    25.2%  OK
         $5.49 on this host + $65.14 carried forward from the previous host (spend_baseline.json)
         cache reads are 74.0% of that; $53.04 per M billable (1,331,691 billable vs 104,521,093 cache-read)
[spend] rep02: $   44.36 / $280.00    15.8%  OK
         $4.22 on this host + $40.13 carried forward from the previous host (spend_baseline.json)
         cache reads are 52.5% of that; $23.97 per M billable (1,850,803 billable vs 46,619,250 cache-read)
[spend] rep03: $   27.41 / $280.00     9.8%  OK
         $3.62 on this host + $23.79 carried forward from the previous host (spend_baseline.json)
         cache reads are 55.6% of that; $32.00 per M billable (856,831 billable vs 30,506,897 cache-read)
[spend] rep04: $   37.13 / $280.00    13.3%  OK
         $6.56 on this host + $30.57 carried forward from the previous host (spend_baseline.json)
         cache reads are 51.5% of that; $22.42 per M billable (1,656,164 billable vs 38,280,010 cache-read)
[spend] rep05: $   37.12 / $280.00    13.3%  OK
         $4.19 on this host + $32.93 carried forward from the previous host (spend_baseline.json)
         cache reads are 57.0% of that; $25.81 per M billable (1,438,607 billable vs 42,349,698 cache-read)
[spend] rep06: $  103.77 / $280.00    37.1%  OK
         $4.74 on this host + $99.03 carried forward from the previous host (spend_baseline.json)
         cache reads are 61.5% of that; $23.14 per M billable (4,485,034 billable vs 127,684,075 cache-read)
[spend] rep07: $   55.77 / $280.00    19.9%  OK
         $5.21 on this host + $50.55 carried forward from the previous host (spend_baseline.json)
         cache reads are 52.6% of that; $21.45 per M billable (2,600,127 billable vs 58,643,623 cache-read)
[spend] rep08: $   45.31 / $280.00    16.2%  OK
         $5.22 on this host + $40.08 carried forward from the previous host (spend_baseline.json)
         cache reads are 58.6% of that; $28.12 per M billable (1,611,410 billable vs 53,064,742 cache-read)
[spend] rep09: $   41.45 / $280.00    14.8%  OK
         $4.17 on this host + $37.28 carried forward from the previous host (spend_baseline.json)
         cache reads are 55.8% of that; $25.07 per M billable (1,653,041 billable vs 46,229,398 cache-read)
[spend] rep10: $   79.72 / $280.00    28.5%  OK
         $4.13 on this host + $75.59 carried forward from the previous host (spend_baseline.json)
         cache reads are 64.2% of that; $29.64 per M billable (2,689,385 billable vs 102,361,720 cache-read)
[spend] rep11: $   43.37 / $280.00    15.5%  OK
         $4.63 on this host + $38.74 carried forward from the previous host (spend_baseline.json)
         cache reads are 56.0% of that; $25.47 per M billable (1,702,382 billable vs 48,542,350 cache-read)
[spend] rep12: $   43.12 / $280.00    15.4%  OK
         $6.21 on this host + $36.91 carried forward from the previous host (spend_baseline.json)
         cache reads are 56.9% of that; $25.69 per M billable (1,678,172 billable vs 49,045,500 cache-read)
[spend] rep13: $   39.90 / $280.00    14.2%  OK
         $4.05 on this host + $35.86 carried forward from the previous host (spend_baseline.json)
         cache reads are 62.0% of that; $30.49 per M billable (1,308,776 billable vs 49,502,269 cache-read)
[spend] rep15: $   52.40 / $280.00    18.7%  OK
         $3.33 on this host + $49.07 carried forward from the previous host (spend_baseline.json)
         cache reads are 53.4% of that; $21.35 per M billable (2,454,365 billable vs 55,988,637 cache-read)
[spend] rep16: $   52.95 / $280.00    18.9%  OK
         $3.61 on this host + $49.34 carried forward from the previous host (spend_baseline.json)
         cache reads are 50.6% of that; $18.11 per M billable (2,923,986 billable vs 53,608,527 cache-read)
[spend] rep17: $   24.27 / $280.00     8.7%  OK
         $3.82 on this host + $20.45 carried forward from the previous host (spend_baseline.json)
         cache reads are 51.0% of that; $25.43 per M billable (954,276 billable vs 24,737,177 cache-read)
[spend] rep01: $   71.55 / $280.00    25.6%  OK
         $6.41 on this host + $65.14 carried forward from the previous host (spend_baseline.json)
         cache reads are 73.6% of that; $52.14 per M billable (1,372,415 billable vs 105,372,806 cache-read)
[spend] rep02: $   44.84 / $280.00    16.0%  OK
         $4.71 on this host + $40.13 carried forward from the previous host (spend_baseline.json)
         cache reads are 52.7% of that; $24.09 per M billable (1,861,770 billable vs 47,301,029 cache-read)
[spend] rep03: $   28.38 / $280.00    10.1%  OK
         $4.58 on this host + $23.79 carried forward from the previous host (spend_baseline.json)
         cache reads are 55.5% of that; $32.01 per M billable (886,603 billable vs 31,516,198 cache-read)
[spend] rep04: $   38.65 / $280.00    13.8%  OK
         $8.08 on this host + $30.57 carried forward from the previous host (spend_baseline.json)
         cache reads are 51.3% of that; $22.63 per M billable (1,708,011 billable vs 39,689,662 cache-read)
[spend] rep05: $   38.33 / $280.00    13.7%  OK
         $5.40 on this host + $32.93 carried forward from the previous host (spend_baseline.json)
         cache reads are 57.0% of that; $25.95 per M billable (1,476,918 billable vs 43,693,695 cache-read)
[spend] rep06: $  104.28 / $280.00    37.2%  OK
         $5.24 on this host + $99.03 carried forward from the previous host (spend_baseline.json)
         cache reads are 61.5% of that; $23.19 per M billable (4,496,321 billable vs 128,310,556 cache-read)
[spend] rep07: $   56.48 / $280.00    20.2%  OK
         $5.93 on this host + $50.55 carried forward from the previous host (spend_baseline.json)
         cache reads are 52.7% of that; $21.55 per M billable (2,620,481 billable vs 59,538,756 cache-read)
[spend] rep08: $   46.34 / $280.00    16.6%  OK
         $6.26 on this host + $40.08 carried forward from the previous host (spend_baseline.json)
         cache reads are 58.5% of that; $28.24 per M billable (1,641,205 billable vs 54,260,111 cache-read)
[spend] rep09: $   42.90 / $280.00    15.3%  OK
         $5.62 on this host + $37.28 carried forward from the previous host (spend_baseline.json)
         cache reads are 55.9% of that; $25.33 per M billable (1,693,243 billable vs 47,960,567 cache-read)
[spend] rep10: $   80.05 / $280.00    28.6%  OK
         $4.46 on this host + $75.59 carried forward from the previous host (spend_baseline.json)
         cache reads are 64.2% of that; $29.69 per M billable (2,695,864 billable vs 102,819,100 cache-read)
[spend] rep11: $   44.41 / $280.00    15.9%  OK
         $5.68 on this host + $38.74 carried forward from the previous host (spend_baseline.json)
         cache reads are 55.9% of that; $25.66 per M billable (1,730,900 billable vs 49,688,982 cache-read)
[spend] rep12: $   44.04 / $280.00    15.7%  OK
         $7.14 on this host + $36.91 carried forward from the previous host (spend_baseline.json)
         cache reads are 56.5% of that; $25.74 per M billable (1,711,272 billable vs 49,727,428 cache-read)
[spend] rep13: $   41.62 / $280.00    14.9%  OK
         $5.76 on this host + $35.86 carried forward from the previous host (spend_baseline.json)
         cache reads are 60.3% of that; $27.79 per M billable (1,497,876 billable vs 50,162,365 cache-read)
[spend] rep15: $   53.20 / $280.00    19.0%  OK
         $4.13 on this host + $49.07 carried forward from the previous host (spend_baseline.json)
         cache reads are 53.1% of that; $21.40 per M billable (2,486,357 billable vs 56,547,781 cache-read)
[spend] rep16: $   54.09 / $280.00    19.3%  OK
         $4.75 on this host + $49.34 carried forward from the previous host (spend_baseline.json)
         cache reads are 50.6% of that; $18.27 per M billable (2,960,882 billable vs 54,720,646 cache-read)
[spend] rep17: $   25.08 / $280.00     9.0%  OK
         $4.63 on this host + $20.45 carried forward from the previous host (spend_baseline.json)
         cache reads are 50.6% of that; $25.40 per M billable (987,288 billable vs 25,376,095 cache-read)
[spend] rep01: $   72.50 / $280.00    25.9%  OK
         $7.36 on this host + $65.14 carried forward from the previous host (spend_baseline.json)
         cache reads are 73.4% of that; $51.85 per M billable (1,398,179 billable vs 106,352,595 cache-read)
[spend] rep02: $   45.34 / $280.00    16.2%  OK
         $5.21 on this host + $40.13 carried forward from the previous host (spend_baseline.json)
         cache reads are 52.7% of that; $24.16 per M billable (1,876,664 billable vs 47,832,705 cache-read)
[spend] rep03: $   28.59 / $280.00    10.2%  OK
         $4.79 on this host + $23.79 carried forward from the previous host (spend_baseline.json)
         cache reads are 55.6% of that; $32.04 per M billable (892,140 billable vs 31,785,561 cache-read)
[spend] rep04: $   40.09 / $280.00    14.3%  OK
         $9.52 on this host + $30.57 carried forward from the previous host (spend_baseline.json)
         cache reads are 50.9% of that; $22.76 per M billable (1,761,261 billable vs 40,820,826 cache-read)
[spend] rep05: $   38.87 / $280.00    13.9%  OK
         $5.94 on this host + $32.93 carried forward from the previous host (spend_baseline.json)
         cache reads are 56.9% of that; $26.01 per M billable (1,494,368 billable vs 44,197,450 cache-read)
[spend] rep06: $  104.69 / $280.00    37.4%  OK
         $5.66 on this host + $99.03 carried forward from the previous host (spend_baseline.json)
         cache reads are 61.6% of that; $23.24 per M billable (4,503,892 billable vs 128,868,774 cache-read)
[spend] rep07: $   57.52 / $280.00    20.5%  OK
         $6.97 on this host + $50.55 carried forward from the previous host (spend_baseline.json)
         cache reads are 52.9% of that; $21.74 per M billable (2,645,920 billable vs 60,868,063 cache-read)
[spend] rep08: $   47.91 / $280.00    17.1%  OK
         $7.83 on this host + $40.08 carried forward from the previous host (spend_baseline.json)
         cache reads are 58.7% of that; $28.53 per M billable (1,679,268 billable vs 56,227,174 cache-read)
[spend] rep09: $   43.56 / $280.00    15.6%  OK
         $6.28 on this host + $37.28 carried forward from the previous host (spend_baseline.json)
         cache reads are 56.2% of that; $25.52 per M billable (1,707,033 billable vs 48,965,037 cache-read)
[spend] rep10: $   81.31 / $280.00    29.0%  OK
         $5.71 on this host + $75.59 carried forward from the previous host (spend_baseline.json)
         cache reads are 64.1% of that; $29.75 per M billable (2,733,263 billable vs 104,227,849 cache-read)
[spend] rep11: $   45.58 / $280.00    16.3%  OK
         $6.84 on this host + $38.74 carried forward from the previous host (spend_baseline.json)
         cache reads are 56.0% of that; $25.91 per M billable (1,758,834 billable vs 51,057,523 cache-read)
[spend] rep12: $   45.70 / $280.00    16.3%  OK
         $8.80 on this host + $36.91 carried forward from the previous host (spend_baseline.json)
         cache reads are 56.4% of that; $25.93 per M billable (1,762,681 billable vs 51,582,669 cache-read)
[spend] rep13: $   42.71 / $280.00    15.2%  OK
         $6.85 on this host + $35.86 carried forward from the previous host (spend_baseline.json)
         cache reads are 59.9% of that; $27.79 per M billable (1,536,868 billable vs 51,202,369 cache-read)
[spend] rep15: $   54.02 / $280.00    19.3%  OK
         $4.95 on this host + $49.07 carried forward from the previous host (spend_baseline.json)
         cache reads are 53.1% of that; $21.49 per M billable (2,513,384 billable vs 57,321,685 cache-read)
[spend] rep16: $   55.03 / $280.00    19.7%  OK
         $5.69 on this host + $49.34 carried forward from the previous host (spend_baseline.json)
         cache reads are 50.6% of that; $18.39 per M billable (2,992,213 billable vs 55,703,174 cache-read)
[spend] rep17: $   26.24 / $280.00     9.4%  OK
         $5.79 on this host + $20.45 carried forward from the previous host (spend_baseline.json)
         cache reads are 50.5% of that; $25.48 per M billable (1,030,046 billable vs 26,485,369 cache-read)
[spend] rep01: $   74.53 / $280.00    26.6%  OK
         $9.39 on this host + $65.14 carried forward from the previous host (spend_baseline.json)
         cache reads are 73.2% of that; $51.68 per M billable (1,442,056 billable vs 109,137,478 cache-read)
[spend] rep02: $   46.34 / $280.00    16.6%  OK
         $6.21 on this host + $40.13 carried forward from the previous host (spend_baseline.json)
         cache reads are 52.8% of that; $24.35 per M billable (1,902,972 billable vs 48,978,469 cache-read)
[spend] rep03: $   29.75 / $280.00    10.6%  OK
         $5.96 on this host + $23.79 carried forward from the previous host (spend_baseline.json)
         cache reads are 55.8% of that; $32.30 per M billable (921,203 billable vs 33,229,715 cache-read)
[spend] rep04: $   41.04 / $280.00    14.7%  OK
         $10.47 on this host + $30.57 carried forward from the previous host (spend_baseline.json)
         cache reads are 51.1% of that; $22.95 per M billable (1,788,399 billable vs 41,940,827 cache-read)
[spend] rep05: $   39.85 / $280.00    14.2%  OK
         $6.91 on this host + $32.93 carried forward from the previous host (spend_baseline.json)
         cache reads are 57.2% of that; $26.34 per M billable (1,512,950 billable vs 45,596,293 cache-read)
[spend] rep06: $  105.07 / $280.00    37.5%  OK
         $6.04 on this host + $99.03 carried forward from the previous host (spend_baseline.json)
         cache reads are 61.5% of that; $23.26 per M billable (4,517,591 billable vs 129,254,213 cache-read)
[spend] rep07: $   58.38 / $280.00    20.8%  OK
         $7.83 on this host + $50.55 carried forward from the previous host (spend_baseline.json)
         cache reads are 52.9% of that; $21.86 per M billable (2,670,187 billable vs 61,769,731 cache-read)
[spend] rep08: $   50.31 / $280.00    18.0%  OK
         $10.22 on this host + $40.08 carried forward from the previous host (spend_baseline.json)
         cache reads are 57.2% of that; $26.21 per M billable (1,919,154 billable vs 57,548,018 cache-read)
[spend] rep09: $   44.09 / $280.00    15.8%  OK
         $6.81 on this host + $37.28 carried forward from the previous host (spend_baseline.json)
         cache reads are 56.4% of that; $25.67 per M billable (1,717,379 billable vs 49,710,171 cache-read)
[spend] rep10: $   82.00 / $280.00    29.3%  OK
         $6.41 on this host + $75.59 carried forward from the previous host (spend_baseline.json)
         cache reads are 64.0% of that; $29.79 per M billable (2,752,627 billable vs 104,948,008 cache-read)
[spend] rep11: $   46.77 / $280.00    16.7%  OK
         $8.03 on this host + $38.74 carried forward from the previous host (spend_baseline.json)
         cache reads are 56.4% of that; $26.28 per M billable (1,779,820 billable vs 52,771,259 cache-read)
[spend] rep12: $   47.36 / $280.00    16.9%  OK
         $10.45 on this host + $36.91 carried forward from the previous host (spend_baseline.json)
         cache reads are 56.6% of that; $26.30 per M billable (1,800,771 billable vs 53,657,963 cache-read)
[spend] rep13: $   45.10 / $280.00    16.1%  OK
         $9.25 on this host + $35.86 carried forward from the previous host (spend_baseline.json)
         cache reads are 58.2% of that; $25.34 per M billable (1,780,138 billable vs 52,485,248 cache-read)
[spend] rep15: $   54.24 / $280.00    19.4%  OK
         $5.17 on this host + $49.07 carried forward from the previous host (spend_baseline.json)
         cache reads are 53.1% of that; $21.55 per M billable (2,517,582 billable vs 57,648,877 cache-read)
[spend] rep16: $   56.22 / $280.00    20.1%  OK
         $6.88 on this host + $49.34 carried forward from the previous host (spend_baseline.json)
         cache reads are 50.8% of that; $18.58 per M billable (3,026,402 billable vs 57,087,954 cache-read)
[spend] rep17: $   26.90 / $280.00     9.6%  OK
         $6.46 on this host + $20.45 carried forward from the previous host (spend_baseline.json)
         cache reads are 50.5% of that; $25.61 per M billable (1,050,619 billable vs 27,186,282 cache-read)
[spend] rep01: $   78.72 / $280.00    28.1%  OK
         $13.58 on this host + $65.14 carried forward from the previous host (spend_baseline.json)
         cache reads are 70.6% of that; $41.47 per M billable (1,898,280 billable vs 111,197,630 cache-read)
[spend] rep02: $   48.51 / $280.00    17.3%  OK
         $8.37 on this host + $40.13 carried forward from the previous host (spend_baseline.json)
         cache reads are 51.9% of that; $22.97 per M billable (2,111,355 billable vs 50,366,394 cache-read)
[spend] rep03: $   30.19 / $280.00    10.8%  OK
         $6.39 on this host + $23.79 carried forward from the previous host (spend_baseline.json)
         cache reads are 55.9% of that; $32.28 per M billable (935,222 billable vs 33,746,358 cache-read)
[spend] rep04: $   41.20 / $280.00    14.7%  OK
         $10.63 on this host + $30.57 carried forward from the previous host (spend_baseline.json)
         cache reads are 51.2% of that; $23.01 per M billable (1,790,857 billable vs 42,199,177 cache-read)
[spend] rep05: $   42.17 / $280.00    15.1%  OK
         $9.24 on this host + $32.93 carried forward from the previous host (spend_baseline.json)
         cache reads are 55.6% of that; $24.08 per M billable (1,751,418 billable vs 46,865,063 cache-read)
[spend] rep06: $  106.37 / $280.00    38.0%  OK
         $7.33 on this host + $99.03 carried forward from the previous host (spend_baseline.json)
         cache reads are 61.6% of that; $23.40 per M billable (4,544,787 billable vs 131,041,225 cache-read)
[spend] rep07: $   59.55 / $280.00    21.3%  OK
         $8.99 on this host + $50.55 carried forward from the previous host (spend_baseline.json)
         cache reads are 52.8% of that; $21.97 per M billable (2,709,960 billable vs 62,944,360 cache-read)
[spend] rep08: $   50.63 / $280.00    18.1%  OK
         $10.55 on this host + $40.08 carried forward from the previous host (spend_baseline.json)
         cache reads are 57.3% of that; $26.32 per M billable (1,923,450 billable vs 58,045,202 cache-read)
[spend] rep09: $   46.89 / $280.00    16.8%  OK
         $9.61 on this host + $37.28 carried forward from the previous host (spend_baseline.json)
         cache reads are 53.9% of that; $22.72 per M billable (2,063,880 billable vs 50,516,132 cache-read)
[spend] rep10: $   82.34 / $280.00    29.4%  OK
         $6.75 on this host + $75.59 carried forward from the previous host (spend_baseline.json)
         cache reads are 64.0% of that; $29.81 per M billable (2,761,703 billable vs 105,321,386 cache-read)
[spend] rep11: $   48.34 / $280.00    17.3%  OK
         $9.60 on this host + $38.74 carried forward from the previous host (spend_baseline.json)
         cache reads are 56.6% of that; $26.59 per M billable (1,817,819 billable vs 54,724,219 cache-read)
[spend] rep12: $   51.12 / $280.00    18.3%  OK
         $14.21 on this host + $36.91 carried forward from the previous host (spend_baseline.json)
         cache reads are 53.7% of that; $22.57 per M billable (2,264,804 billable vs 54,879,151 cache-read)
[spend] rep13: $   46.29 / $280.00    16.5%  OK
         $10.44 on this host + $35.86 carried forward from the previous host (spend_baseline.json)
         cache reads are 58.4% of that; $25.62 per M billable (1,807,271 billable vs 54,105,926 cache-read)
[spend] rep15: $   54.84 / $280.00    19.6%  OK
         $5.77 on this host + $49.07 carried forward from the previous host (spend_baseline.json)
         cache reads are 52.9% of that; $21.56 per M billable (2,543,503 billable vs 57,985,709 cache-read)
[spend] rep16: $   56.35 / $280.00    20.1%  OK
         $7.01 on this host + $49.34 carried forward from the previous host (spend_baseline.json)
         cache reads are 50.9% of that; $18.61 per M billable (3,028,174 billable vs 57,316,502 cache-read)
[spend] rep17: $   27.45 / $280.00     9.8%  OK
         $7.01 on this host + $20.45 carried forward from the previous host (spend_baseline.json)
         cache reads are 50.9% of that; $25.75 per M billable (1,066,029 billable vs 27,927,284 cache-read)
[spend] rep01: $   80.25 / $280.00    28.7%  OK
         $15.11 on this host + $65.14 carried forward from the previous host (spend_baseline.json)
         cache reads are 70.8% of that; $41.75 per M billable (1,921,956 billable vs 113,579,012 cache-read)
[spend] rep02: $   48.80 / $280.00    17.4%  OK
         $8.67 on this host + $40.13 carried forward from the previous host (spend_baseline.json)
         cache reads are 51.9% of that; $23.03 per M billable (2,119,185 billable vs 50,701,449 cache-read)
[spend] rep03: $   31.14 / $280.00    11.1%  OK
         $7.34 on this host + $23.79 carried forward from the previous host (spend_baseline.json)
         cache reads are 56.1% of that; $32.54 per M billable (957,074 billable vs 34,959,106 cache-read)
[spend] rep04: $   42.46 / $280.00    15.2%  OK
         $11.89 on this host + $30.57 carried forward from the previous host (spend_baseline.json)
         cache reads are 50.9% of that; $23.20 per M billable (1,829,967 billable vs 43,256,342 cache-read)
[spend] rep05: $   43.34 / $280.00    15.5%  OK
         $10.41 on this host + $32.93 carried forward from the previous host (spend_baseline.json)
         cache reads are 55.6% of that; $24.25 per M billable (1,787,248 billable vs 48,218,904 cache-read)
[spend] rep06: $  106.76 / $280.00    38.1%  OK
         $7.72 on this host + $99.03 carried forward from the previous host (spend_baseline.json)
         cache reads are 61.6% of that; $23.45 per M billable (4,551,981 billable vs 131,590,925 cache-read)
[spend] rep07: $   61.98 / $280.00    22.1%  OK
         $11.42 on this host + $50.55 carried forward from the previous host (spend_baseline.json)
         cache reads are 51.6% of that; $20.91 per M billable (2,963,646 billable vs 63,997,991 cache-read)
[spend] rep08: $   52.08 / $280.00    18.6%  OK
         $11.99 on this host + $40.08 carried forward from the previous host (spend_baseline.json)
         cache reads are 57.6% of that; $26.61 per M billable (1,956,949 billable vs 59,974,287 cache-read)
[spend] rep09: $   47.08 / $280.00    16.8%  OK
         $9.81 on this host + $37.28 carried forward from the previous host (spend_baseline.json)
         cache reads are 53.9% of that; $22.75 per M billable (2,069,882 billable vs 50,751,288 cache-read)
[spend] rep10: $   83.88 / $280.00    30.0%  OK
         $8.29 on this host + $75.59 carried forward from the previous host (spend_baseline.json)
         cache reads are 63.7% of that; $29.82 per M billable (2,812,370 billable vs 106,914,506 cache-read)
[spend] rep11: $   50.93 / $280.00    18.2%  OK
         $12.19 on this host + $38.74 carried forward from the previous host (spend_baseline.json)
         cache reads are 55.0% of that; $24.43 per M billable (2,084,519 billable vs 56,047,761 cache-read)
[spend] rep12: $   53.21 / $280.00    19.0%  OK
         $16.30 on this host + $36.91 carried forward from the previous host (spend_baseline.json)
         cache reads are 54.2% of that; $23.01 per M billable (2,312,663 billable vs 57,723,399 cache-read)
[spend] rep13: $   48.04 / $280.00    17.2%  OK
         $12.18 on this host + $35.86 carried forward from the previous host (spend_baseline.json)
         cache reads are 58.9% of that; $26.07 per M billable (1,842,628 billable vs 56,555,125 cache-read)
[spend] rep15: $   55.56 / $280.00    19.8%  OK
         $6.49 on this host + $49.07 carried forward from the previous host (spend_baseline.json)
         cache reads are 52.9% of that; $21.65 per M billable (2,566,217 billable vs 58,747,046 cache-read)
[spend] rep16: $   57.65 / $280.00    20.6%  OK
         $8.32 on this host + $49.34 carried forward from the previous host (spend_baseline.json)
         cache reads are 51.3% of that; $18.89 per M billable (3,052,388 billable vs 59,216,046 cache-read)
[spend] rep17: $   28.47 / $280.00    10.2%  OK
         $8.02 on this host + $20.45 carried forward from the previous host (spend_baseline.json)
         cache reads are 51.3% of that; $26.13 per M billable (1,089,783 billable vs 29,187,457 cache-read)
