# Figure-4 interim queue ledger. One row per RUN, one run per pressure leg.
# Separate from screen_ledger.csv on purpose: that file is the sealed section 9
# ledger of the reference screen, and these runs belong to the Figure-4
# pre-analysis amendment, not to the sealed screen. `pressure` and `segment`
# are columns here that section 9 does not have -- section 9's column set is
# sealed and its two pressure legs are therefore two identical-looking rows.
# This file is mine, so it records the leg and the segment that produced it.
stem,stage,grade,pressure,segment,init_cycles,prod_cycles,job,walltime,nsim,group,attempt,status,submitted_at
0000[AsCd][cds]3[ASR]1,stage1,floor,p65,sample,2000,10000,f4_0_p65,15:56:00,3528,ac,1,submitted,2026-09-02T21:19:57Z
0000[Cd][fsc]3[ASR]1,stage1,floor,p05,sample,2000,10000,f4_1_p05,09:36:00,2124,aa,1,submitted,2026-09-02T21:19:57Z
0000[Cd][fsc]3[ASR]1,stage1,floor,p65,sample,2000,10000,f4_1_p65,09:36:00,2124,amd,1,submitted,2026-09-02T21:19:57Z
0000[Cd][nan]2[ASR]2,stage1,floor,p05,sample,2000,10000,f4_2_p05,18:13:00,4032,ac,1,submitted,2026-09-02T21:19:57Z
0000[Cd][nan]2[ASR]2,stage1,floor,p65,sample,2000,10000,f4_2_p65,18:13:00,4032,aa,1,submitted,2026-09-02T21:19:57Z
0000[Cd][nan]3[ASR]10,stage1,floor,p05,sample,2000,10000,f4_3_p05,18:39:00,4128,amd,1,submitted,2026-09-02T21:19:57Z
0000[Cd][nan]3[ASR]10,stage1,floor,p65,sample,2000,10000,f4_3_p65,18:39:00,4128,ac,1,submitted,2026-09-02T21:19:57Z
0000[Cd][nan]3[ASR]13,stage1,floor,p05,sample,2000,10000,f4_4_p05,13:59:00,3096,aa,1,submitted,2026-09-02T21:19:57Z
0000[Cd][nan]3[ASR]13,stage1,floor,p65,sample,2000,10000,f4_4_p65,13:59:00,3096,amd,1,submitted,2026-09-02T21:19:57Z
0000[Cd][nan]3[ASR]8,stage1,floor,p05,sample,2000,10000,f4_5_p05,11:49:00,2616,ac,1,submitted,2026-09-02T21:19:57Z
0000[Cd][nan]3[ASR]8,stage1,floor,p65,sample,2000,10000,f4_5_p65,11:49:00,2616,aa,1,submitted,2026-09-02T21:19:57Z
0000[Cd][nbo]3[ASR]1,stage1,floor,p05,sample,2000,10000,f4_6_p05,05:44:00,1272,amd,1,submitted,2026-09-02T21:19:57Z
0000[Cd][nbo]3[ASR]1,stage1,floor,p65,sample,2000,10000,f4_6_p65,05:44:00,1272,ac,1,submitted,2026-09-02T21:19:57Z
0000[Cd][sql]2[ASR]4,stage1,floor,p05,sample,2000,10000,f4_7_p05,07:48:00,1728,aa,1,submitted,2026-09-02T21:19:57Z
0000[AsCd][cds]3[ASR]1,stage1,floor,p65,sample,2000,10000,f4_0_p65,15:56:00,3528,ac,1,submitted,2026-09-02T21:32:35Z
0000[Cd][fsc]3[ASR]1,stage1,floor,p05,sample,2000,10000,f4_1_p05,09:36:00,2124,aa,1,submitted,2026-09-02T21:32:35Z
0000[Cd][fsc]3[ASR]1,stage1,floor,p65,sample,2000,10000,f4_1_p65,09:36:00,2124,amd,1,submitted,2026-09-02T21:32:35Z
0000[Cd][nan]2[ASR]2,stage1,floor,p05,sample,2000,10000,f4_2_p05,18:13:00,4032,ac,1,submitted,2026-09-02T21:32:35Z
0000[Cd][nan]2[ASR]2,stage1,floor,p65,sample,2000,10000,f4_2_p65,18:13:00,4032,aa,1,submitted,2026-09-02T21:32:35Z
0000[Cd][nan]3[ASR]10,stage1,floor,p05,sample,2000,10000,f4_3_p05,18:39:00,4128,amd,1,submitted,2026-09-02T21:32:35Z
0000[Cd][nan]3[ASR]10,stage1,floor,p65,sample,2000,10000,f4_3_p65,18:39:00,4128,ac,1,submitted,2026-09-02T21:32:35Z
0000[Cd][nan]3[ASR]13,stage1,floor,p05,sample,2000,10000,f4_4_p05,13:59:00,3096,aa,1,submitted,2026-09-02T21:32:35Z
0000[Cd][nan]3[ASR]13,stage1,floor,p65,sample,2000,10000,f4_4_p65,13:59:00,3096,amd,1,submitted,2026-09-02T21:32:35Z
0000[Cd][nan]3[ASR]8,stage1,floor,p05,sample,2000,10000,f4_5_p05,11:49:00,2616,ac,1,submitted,2026-09-02T21:32:35Z
0000[Cd][nan]3[ASR]8,stage1,floor,p65,sample,2000,10000,f4_5_p65,11:49:00,2616,aa,1,submitted,2026-09-02T21:32:35Z
0000[Cd][nbo]3[ASR]1,stage1,floor,p05,sample,2000,10000,f4_6_p05,05:44:00,1272,amd,1,submitted,2026-09-02T21:32:35Z
0000[Cd][nbo]3[ASR]1,stage1,floor,p65,sample,2000,10000,f4_6_p65,05:44:00,1272,ac,1,submitted,2026-09-02T21:32:35Z
0000[Cd][sql]2[ASR]4,stage1,floor,p05,sample,2000,10000,f4_7_p05,07:48:00,1728,aa,1,submitted,2026-09-02T21:32:35Z
0000[Cd][sql]2[ASR]4,stage1,floor,p65,sample,2000,10000,f4_7_p65,07:48:00,1728,amd,1,submitted,2026-09-02T21:32:35Z
0000[Ce][ant]3[ASR]1,stage1,floor,p05,sample,2000,10000,f4_8_p05,12:02:00,2664,ac,1,submitted,2026-09-02T21:32:35Z
0000[Ce][ant]3[ASR]1,stage1,floor,p65,sample,2000,10000,f4_8_p65,12:02:00,2664,aa,1,submitted,2026-09-02T21:32:35Z
0000[Co][ins]3[ASR]3,stage1,floor,p05,sample,2000,10000,f4_9_p05,18:03:00,3996,amd,1,submitted,2026-09-02T21:32:35Z
0000[Co][ins]3[ASR]3,stage1,floor,p65,sample,2000,10000,f4_9_p65,18:03:00,3996,ac,1,submitted,2026-09-02T21:32:35Z
0000[Co][nan]2[ASR]3,stage1,floor,p05,sample,2000,10000,f4_10_p05,23:25:00,5184,aa,1,submitted,2026-09-02T21:32:35Z
0000[Co][nan]2[ASR]3,stage1,floor,p65,sample,2000,10000,f4_10_p65,23:25:00,5184,amd,1,submitted,2026-09-02T21:32:35Z
0000[Co][nan]2[ASR]4,stage1,floor,p05,sample,2000,10000,f4_11_p05,08:37:00,1908,ac,1,submitted,2026-09-02T21:32:35Z
0000[Co][nan]2[ASR]4,stage1,floor,p65,sample,2000,10000,f4_11_p65,08:37:00,1908,aa,1,submitted,2026-09-02T21:32:35Z
0000[Co][nan]3[ASR]13,stage1,floor,p05,sample,2000,10000,f4_12_p05,10:07:00,2240,amd,1,submitted,2026-09-02T21:32:35Z
0000[Co][nan]3[ASR]13,stage1,floor,p65,sample,2000,10000,f4_12_p65,10:07:00,2240,ac,1,submitted,2026-09-02T21:32:35Z
0000[Co][nan]3[ASR]15,stage1,floor,p05,sample,2000,10000,f4_13_p05,11:55:00,2640,aa,1,submitted,2026-09-02T21:32:35Z
0000[Co][nan]3[ASR]15,stage1,floor,p65,sample,2000,10000,f4_13_p65,11:55:00,2640,amd,1,submitted,2026-09-02T21:32:35Z
0000[Co][nan]3[ASR]3,stage1,floor,p05,sample,2000,10000,f4_14_p05,11:23:00,2520,ac,1,submitted,2026-09-02T21:32:35Z
0000[Co][nan]3[ASR]3,stage1,floor,p65,sample,2000,10000,f4_14_p65,11:23:00,2520,aa,1,submitted,2026-09-02T21:32:35Z
0000[Co][nan]3[ASR]6,stage1,floor,p05,sample,2000,10000,f4_15_p05,11:52:00,2628,amd,1,submitted,2026-09-02T21:32:35Z
0000[Co][nan]3[ASR]6,stage1,floor,p65,sample,2000,10000,f4_15_p65,11:52:00,2628,ac,1,submitted,2026-09-02T21:32:35Z
0000[Co][pcu]3[ASR]2,stage1,floor,p05,sample,2000,10000,f4_16_p05,09:50:00,2176,aa,1,submitted,2026-09-02T21:32:35Z
0000[Co][pcu]3[ASR]2,stage1,floor,p65,sample,2000,10000,f4_16_p65,09:50:00,2176,amd,1,submitted,2026-09-02T21:32:35Z
0000[Co][rho]3[ASR]1,stage1,floor,p05,sample,2000,10000,f4_17_p05,18:13:00,4032,ac,1,submitted,2026-09-02T21:32:35Z
0000[Co][rho]3[ASR]1,stage1,floor,p65,sample,2000,10000,f4_17_p65,18:13:00,4032,aa,1,submitted,2026-09-02T21:32:35Z
0000[Co][sit]3[ASR]1,stage1,floor,p05,sample,2000,10000,f4_18_p05,07:13:00,1600,amd,1,submitted,2026-09-02T21:32:35Z
0000[Co][sit]3[ASR]1,stage1,floor,p65,sample,2000,10000,f4_18_p65,07:13:00,1600,ac,1,submitted,2026-09-02T21:32:35Z
0000[Co][sql]2[ASR]3,stage1,floor,p05,sample,2000,10000,f4_19_p05,08:17:00,1836,aa,1,submitted,2026-09-02T21:32:35Z
0000[Co][sql]2[ASR]3,stage1,floor,p65,sample,2000,10000,f4_19_p65,08:17:00,1836,amd,1,submitted,2026-09-02T21:32:35Z
0000[Co][sxb]3[ASR]1,stage1,floor,p05,sample,2000,10000,f4_20_p05,09:32:00,2112,ac,1,submitted,2026-09-02T21:32:35Z
0000[Co][sxb]3[ASR]1,stage1,floor,p65,sample,2000,10000,f4_20_p65,09:32:00,2112,aa,1,submitted,2026-09-02T21:32:35Z
0000[CuNd][jaj]3[ASR]1,stage1,floor,p05,sample,2000,10000,f4_21_p05,13:40:00,3024,amd,1,submitted,2026-09-02T21:32:35Z
0000[CuNd][jaj]3[ASR]1,stage1,floor,p65,sample,2000,10000,f4_21_p65,13:40:00,3024,ac,1,submitted,2026-09-02T21:32:35Z
0000[CuZr][flu]3[ASR]1,stage1,floor,p05,sample,2000,10000,f4_22_p05,04:33:00,1008,aa,1,submitted,2026-09-02T21:32:35Z
0000[CuZr][flu]3[ASR]1,stage1,floor,p65,sample,2000,10000,f4_22_p65,04:33:00,1008,amd,1,submitted,2026-09-02T21:32:35Z
0000[Cu][tbo]3[ASR]1,stage1,floor,p05,sample,2000,10000,f4_23_p05,03:00:00,572,ac,1,submitted,2026-09-02T21:32:35Z
0000[Cu][tbo]3[ASR]1,stage1,floor,p65,sample,2000,10000,f4_23_p65,03:00:00,572,aa,1,submitted,2026-09-02T21:32:35Z
0000[Cu][ths]3[ASR]2,stage1,floor,p05,sample,2000,10000,f4_24_p05,05:47:00,1280,amd,1,submitted,2026-09-02T21:32:35Z
0000[Cu][ths]3[ASR]2,stage1,floor,p65,sample,2000,10000,f4_24_p65,05:47:00,1280,ac,1,submitted,2026-09-02T21:32:35Z
0000[DyCu][sqc]3[ASR]1,stage1,floor,p05,sample,2000,10000,f4_25_p05,07:35:00,1680,aa,1,submitted,2026-09-02T21:32:35Z
0000[DyCu][sqc]3[ASR]1,stage1,floor,p65,sample,2000,10000,f4_25_p65,07:35:00,1680,amd,1,submitted,2026-09-02T21:32:35Z
0000[Dy][sqc]3[ASR]1,stage1,floor,p05,sample,2000,10000,f4_26_p05,13:35:00,3008,ac,1,submitted,2026-09-02T21:32:35Z
0000[Dy][sqc]3[ASR]1,stage1,floor,p65,sample,2000,10000,f4_26_p65,13:35:00,3008,aa,1,submitted,2026-09-02T21:32:35Z
0000[Eu][hcb]2[ASR]1,stage1,floor,p05,sample,2000,10000,f4_27_p05,07:42:00,1704,amd,1,submitted,2026-09-02T21:32:35Z
0000[Eu][hcb]2[ASR]1,stage1,floor,p65,sample,2000,10000,f4_27_p65,07:42:00,1704,ac,1,submitted,2026-09-02T21:32:35Z
0000[Eu][sqc]3[ASR]1,stage1,floor,p05,sample,2000,10000,f4_28_p05,06:56:00,1536,aa,1,submitted,2026-09-02T21:32:35Z
0000[Eu][sqc]3[ASR]1,stage1,floor,p65,sample,2000,10000,f4_28_p65,06:56:00,1536,amd,1,submitted,2026-09-02T21:32:35Z
0000[Fe][acs]3[ASR]1,stage1,floor,p05,sample,2000,10000,f4_29_p05,11:51:00,2624,ac,1,submitted,2026-09-02T21:32:35Z
0000[Fe][acs]3[ASR]1,stage1,floor,p65,sample,2000,10000,f4_29_p65,11:51:00,2624,aa,1,submitted,2026-09-02T21:32:35Z
0000[Ho][dia]3[FSR]1,stage1,floor,p05,sample,2000,10000,f4_30_p05,10:07:00,2240,amd,1,submitted,2026-09-02T21:32:35Z
0000[Ho][dia]3[FSR]1,stage1,floor,p65,sample,2000,10000,f4_30_p65,10:07:00,2240,ac,1,submitted,2026-09-02T21:32:35Z
0000[La][nan]3[FSR]1,stage1,floor,p05,sample,2000,10000,f4_31_p05,13:44:00,3040,aa,1,submitted,2026-09-02T21:32:35Z
0000[La][nan]3[FSR]1,stage1,floor,p65,sample,2000,10000,f4_31_p65,13:44:00,3040,amd,1,submitted,2026-09-02T21:32:35Z
0000[Mg][sra]3[ASR]1,stage1,floor,p05,sample,2000,10000,f4_32_p05,09:06:00,2016,ac,1,submitted,2026-09-02T21:32:35Z
0000[Mg][sra]3[ASR]1,stage1,floor,p65,sample,2000,10000,f4_32_p65,09:06:00,2016,aa,1,submitted,2026-09-02T21:32:35Z
0000[Sm][bcu]3[ASR]1,stage1,floor,p05,sample,2000,10000,f4_33_p05,09:39:00,2136,amd,1,submitted,2026-09-02T21:32:35Z
0000[Sm][bcu]3[ASR]1,stage1,floor,p65,sample,2000,10000,f4_33_p65,09:39:00,2136,ac,1,submitted,2026-09-02T21:32:35Z
0000[Tb][nan]2[ASR]1,stage1,floor,p05,sample,2000,10000,f4_34_p05,14:10:00,3136,aa,1,submitted,2026-09-02T21:32:35Z
0000[Tb][nan]2[ASR]1,stage1,floor,p65,sample,2000,10000,f4_34_p65,14:10:00,3136,amd,1,submitted,2026-09-02T21:32:35Z
0000[Tb][pcu]3[ASR]1,stage1,floor,p05,sample,2000,10000,f4_35_p05,09:06:00,2016,ac,1,submitted,2026-09-02T21:32:35Z
0000[Tb][pcu]3[ASR]1,stage1,floor,p65,sample,2000,10000,f4_35_p65,09:06:00,2016,aa,1,submitted,2026-09-02T21:32:35Z
0000[Tb][rtl]3[ASR]1,stage1,floor,p05,sample,2000,10000,f4_36_p05,07:13:00,1600,amd,1,submitted,2026-09-02T21:32:35Z
0000[Tb][rtl]3[ASR]1,stage1,floor,p65,sample,2000,10000,f4_36_p65,07:13:00,1600,ac,1,submitted,2026-09-02T21:32:35Z
0000[Tb][tcs]3[ASR]1,stage1,floor,p05,sample,2000,10000,f4_37_p05,06:56:00,1536,aa,1,submitted,2026-09-02T21:32:35Z
0000[Tb][tcs]3[ASR]1,stage1,floor,p65,sample,2000,10000,f4_37_p65,06:56:00,1536,amd,1,submitted,2026-09-02T21:32:35Z
0000[U][pcu]3[ASR]1,stage1,floor,p05,sample,2000,10000,f4_38_p05,09:32:00,2112,ac,1,submitted,2026-09-02T21:32:35Z
0000[U][pcu]3[ASR]1,stage1,floor,p65,sample,2000,10000,f4_38_p65,09:32:00,2112,aa,1,submitted,2026-09-02T21:32:35Z
0000[Zn][hcb]2[ASR]2,stage1,floor,p05,sample,2000,10000,f4_39_p05,09:02:00,2000,amd,1,submitted,2026-09-02T21:32:35Z
0000[Zn][hcb]2[ASR]2,stage1,floor,p65,sample,2000,10000,f4_39_p65,09:02:00,2000,ac,1,submitted,2026-09-02T21:32:35Z
0000[Zn][ith]3[ASR]1,stage1,floor,p05,sample,2000,10000,f4_40_p05,04:30:00,996,aa,1,submitted,2026-09-02T21:32:35Z
0000[Zn][ith]3[ASR]1,stage1,floor,p65,sample,2000,10000,f4_40_p65,04:30:00,996,amd,1,submitted,2026-09-02T21:32:35Z
0000[Zn][kgd]2[ASR]1,stage1,floor,p05,sample,2000,10000,f4_41_p05,11:23:00,2520,ac,1,submitted,2026-09-02T21:32:35Z
0000[Zn][kgd]2[ASR]1,stage1,floor,p65,sample,2000,10000,f4_41_p65,11:23:00,2520,aa,1,submitted,2026-09-02T21:32:35Z
0000[Zn][nan]2[ASR]2,stage1,floor,p05,sample,2000,10000,f4_42_p05,14:27:00,3200,amd,1,submitted,2026-09-02T21:32:35Z
0000[Zn][nan]2[ASR]2,stage1,floor,p65,sample,2000,10000,f4_42_p65,14:27:00,3200,ac,1,submitted,2026-09-02T21:32:35Z
0000[Zn][nan]3[ASR]4,stage1,floor,p05,sample,2000,10000,f4_43_p05,25:27:00,5632,aa,1,submitted,2026-09-02T21:32:35Z
0000[Zn][nan]3[ASR]4,stage1,floor,p65,sample,2000,10000,f4_43_p65,25:27:00,5632,amd,1,submitted,2026-09-02T21:32:35Z
0000[Zn][nan]3[ASR]9,stage1,floor,p05,sample,2000,10000,f4_44_p05,12:08:00,2688,ac,1,submitted,2026-09-02T21:32:35Z
0000[Zn][nan]3[ASR]9,stage1,floor,p65,sample,2000,10000,f4_44_p65,12:08:00,2688,aa,1,submitted,2026-09-02T21:32:35Z
0000[Zn][pcu]3[ASR]3,stage1,floor,p05,sample,2000,10000,f4_45_p05,15:37:00,3456,amd,1,submitted,2026-09-02T21:32:35Z
0000[Zn][pcu]3[ASR]3,stage1,floor,p65,sample,2000,10000,f4_45_p65,15:37:00,3456,ac,1,submitted,2026-09-02T21:32:35Z
0000[Zn][sql]2[ASR]1,stage1,floor,p05,sample,2000,10000,f4_46_p05,13:59:00,3096,aa,1,submitted,2026-09-02T21:32:35Z
0000[Zn][sql]2[ASR]1,stage1,floor,p65,sample,2000,10000,f4_46_p65,13:59:00,3096,amd,1,submitted,2026-09-02T21:32:35Z
0000[Zn][sra]3[ASR]1,stage1,floor,p05,sample,2000,10000,f4_47_p05,08:23:00,1856,ac,1,submitted,2026-09-02T21:32:35Z
0000[Zn][sra]3[ASR]1,stage1,floor,p65,sample,2000,10000,f4_47_p65,08:23:00,1856,aa,1,submitted,2026-09-02T21:32:35Z
1993[CoCu][tfk]3[FSR]1,stage1,floor,p05,sample,2000,10000,f4_48_p05,13:27:00,2976,amd,1,submitted,2026-09-02T21:32:35Z
1993[CoCu][tfk]3[FSR]1,stage1,floor,p65,sample,2000,10000,f4_48_p65,13:27:00,2976,ac,1,submitted,2026-09-02T21:32:35Z
1998[In][nan]3[ASR]1,stage1,floor,p05,sample,2000,10000,f4_49_p05,08:18:00,1840,aa,1,submitted,2026-09-02T21:32:35Z
1998[In][nan]3[ASR]1,stage1,floor,p65,sample,2000,10000,f4_49_p65,08:18:00,1840,amd,1,submitted,2026-09-02T21:32:35Z
1998[La][nan]3[ASR]1,stage1,floor,p05,sample,2000,10000,f4_50_p05,12:08:00,2688,ac,1,submitted,2026-09-02T21:32:35Z
1998[La][nan]3[ASR]1,stage1,floor,p65,sample,2000,10000,f4_50_p65,12:08:00,2688,aa,1,submitted,2026-09-02T21:32:35Z
1998[MoCu][nan]3[FSR]1,stage1,floor,p05,sample,2000,10000,f4_51_p05,07:22:00,1632,amd,1,submitted,2026-09-02T21:32:35Z
1998[MoCu][nan]3[FSR]1,stage1,floor,p65,sample,2000,10000,f4_51_p65,07:22:00,1632,ac,1,submitted,2026-09-02T21:32:35Z
1998[Nd][sqc]3[ASR]1,stage1,floor,p05,sample,2000,10000,f4_52_p05,13:35:00,3008,aa,1,submitted,2026-09-02T21:32:35Z
1998[Nd][sqc]3[ASR]1,stage1,floor,p65,sample,2000,10000,f4_52_p65,13:35:00,3008,amd,1,submitted,2026-09-02T21:32:35Z
1998[Ni][pcu]3[ASR]1,stage1,floor,p05,sample,2000,10000,f4_53_p05,06:08:00,1360,ac,1,submitted,2026-09-02T21:32:35Z
1998[Ni][pcu]3[ASR]1,stage1,floor,p65,sample,2000,10000,f4_53_p65,06:08:00,1360,aa,1,submitted,2026-09-02T21:32:35Z
1999[Mn][pcu]3[ASR]1,stage1,floor,p05,sample,2000,10000,f4_54_p05,16:45:00,3708,amd,1,submitted,2026-09-02T21:32:35Z
1999[Mn][pcu]3[ASR]1,stage1,floor,p65,sample,2000,10000,f4_54_p65,16:45:00,3708,ac,1,submitted,2026-09-02T21:32:35Z
1999[Zn][nan]3[ION]1,stage1,floor,p05,sample,2000,10000,f4_55_p05,31:29:00,6966,aa,1,submitted,2026-09-02T21:32:35Z
1999[Zn][nan]3[ION]1,stage1,floor,p65,sample,2000,10000,f4_55_p65,31:29:00,6966,amd,1,submitted,2026-09-02T21:32:35Z
2000[Al][nan]3[ASR]1,stage1,floor,p05,sample,2000,10000,f4_56_p05,08:47:00,1944,ac,1,submitted,2026-09-02T21:32:35Z
2000[Al][nan]3[ASR]1,stage1,floor,p65,sample,2000,10000,f4_56_p65,08:47:00,1944,aa,1,submitted,2026-09-02T21:32:35Z
2000[Cu][dia]3[ION]1,stage1,floor,p05,sample,2000,10000,f4_57_p05,13:01:00,2880,amd,1,submitted,2026-09-02T21:32:35Z
2000[Cu][dia]3[ION]1,stage1,floor,p65,sample,2000,10000,f4_57_p65,13:01:00,2880,ac,1,submitted,2026-09-02T21:32:35Z
2000[Mn][lvt]2[FSR]1,stage1,floor,p05,sample,2000,10000,f4_58_p05,15:02:00,3328,aa,1,submitted,2026-09-02T21:32:35Z
2000[Mn][lvt]2[FSR]1,stage1,floor,p65,sample,2000,10000,f4_58_p65,15:02:00,3328,amd,1,submitted,2026-09-02T21:32:35Z
2001[Cd][nan]3[ASR]1,stage1,floor,p05,sample,2000,10000,f4_59_p05,09:26:00,2088,ac,1,submitted,2026-09-02T21:32:35Z
2001[Cd][nan]3[ASR]1,stage1,floor,p65,sample,2000,10000,f4_59_p65,09:26:00,2088,aa,1,submitted,2026-09-02T21:32:35Z
2001[La][nan]3[FSR]1,stage1,floor,p05,sample,2000,10000,f4_60_p05,14:45:00,3264,amd,1,submitted,2026-09-02T21:32:35Z
2001[La][nan]3[FSR]1,stage1,floor,p65,sample,2000,10000,f4_60_p65,14:45:00,3264,ac,1,submitted,2026-09-02T21:32:35Z
2001[Zn][nan]3[ASR]1,stage1,floor,p05,sample,2000,10000,f4_61_p05,10:24:00,2304,aa,1,submitted,2026-09-02T21:32:35Z
2001[Zn][nan]3[ASR]1,stage1,floor,p65,sample,2000,10000,f4_61_p65,10:24:00,2304,amd,1,submitted,2026-09-02T21:32:35Z
2001[Zn][sab]3[ASR]1,stage1,floor,p05,sample,2000,10000,f4_62_p05,06:13:00,1376,ac,1,submitted,2026-09-02T21:32:35Z
2001[Zn][sab]3[ASR]1,stage1,floor,p65,sample,2000,10000,f4_62_p65,06:13:00,1376,aa,1,submitted,2026-09-02T21:32:35Z
2001[Zn][sit]3[ASR]1,stage1,floor,p05,sample,2000,10000,f4_63_p05,14:45:00,3264,amd,1,submitted,2026-09-02T21:32:35Z
2001[Zn][sit]3[ASR]1,stage1,floor,p65,sample,2000,10000,f4_63_p65,14:45:00,3264,ac,1,submitted,2026-09-02T21:32:35Z
2002[Cd][nan]3[ION]1,stage1,floor,p05,sample,2000,10000,f4_64_p05,04:29:00,992,aa,1,submitted,2026-09-02T21:32:35Z
2002[Cd][nan]3[ION]1,stage1,floor,p65,sample,2000,10000,f4_64_p65,04:29:00,992,amd,1,submitted,2026-09-02T21:32:35Z
2002[Cd][scu]3[ASR]1,stage1,floor,p05,sample,2000,10000,f4_65_p05,09:17:00,2056,ac,1,submitted,2026-09-02T21:32:35Z
2002[Cd][scu]3[ASR]1,stage1,floor,p65,sample,2000,10000,f4_65_p65,09:17:00,2056,aa,1,submitted,2026-09-02T21:32:35Z
2002[Ga][nan]3[ION]1,stage1,floor,p05,sample,2000,10000,f4_66_p05,15:24:00,3408,amd,1,submitted,2026-09-02T21:32:35Z
2002[Ga][nan]3[ION]1,stage1,floor,p65,sample,2000,10000,f4_66_p65,15:24:00,3408,ac,1,submitted,2026-09-02T21:32:35Z
2002[Lu][ins]3[FSR]1,stage1,floor,p05,sample,2000,10000,f4_67_p05,06:46:00,1500,aa,1,submitted,2026-09-02T21:32:35Z
2002[Lu][ins]3[FSR]1,stage1,floor,p65,sample,2000,10000,f4_67_p65,06:46:00,1500,amd,1,submitted,2026-09-02T21:32:35Z
2002[MoNi][nan]3[FSR]1,stage1,floor,p05,sample,2000,10000,f4_68_p05,06:39:00,1472,ac,1,submitted,2026-09-02T21:32:35Z
2002[MoNi][nan]3[FSR]1,stage1,floor,p65,sample,2000,10000,f4_68_p65,06:39:00,1472,aa,1,submitted,2026-09-02T21:32:35Z
2003[Co][pts]3[ASR]1,stage1,floor,p05,sample,2000,10000,f4_69_p05,04:55:00,1088,amd,1,submitted,2026-09-02T21:32:35Z
2003[Co][pts]3[ASR]1,stage1,floor,p65,sample,2000,10000,f4_69_p65,04:55:00,1088,ac,1,submitted,2026-09-02T21:32:35Z
2003[Cu][rob]3[ASR]6,stage1,floor,p05,sample,2000,10000,f4_70_p05,14:09:00,3132,aa,1,submitted,2026-09-02T21:32:35Z
2003[Cu][rob]3[ASR]6,stage1,floor,p65,sample,2000,10000,f4_70_p65,14:09:00,3132,amd,1,submitted,2026-09-02T21:32:35Z
2003[V][fsc]3[ASR]1,stage1,floor,p05,sample,2000,10000,f4_71_p05,07:09:00,1584,ac,1,submitted,2026-09-02T21:32:35Z
2003[V][fsc]3[ASR]1,stage1,floor,p65,sample,2000,10000,f4_71_p65,07:09:00,1584,aa,1,submitted,2026-09-02T21:32:35Z
2003[V][sea]3[ASR]1,stage1,floor,p05,sample,2000,10000,f4_72_p05,11:45:00,2600,amd,1,submitted,2026-09-02T21:32:35Z
2003[V][sea]3[ASR]1,stage1,floor,p65,sample,2000,10000,f4_72_p65,11:45:00,2600,ac,1,submitted,2026-09-02T21:32:35Z
2003[Zn][nan]3[ASR]2,stage1,floor,p05,sample,2000,10000,f4_73_p05,15:11:00,3360,aa,1,submitted,2026-09-02T21:32:35Z
2003[Zn][nan]3[ASR]2,stage1,floor,p65,sample,2000,10000,f4_73_p65,15:11:00,3360,amd,1,submitted,2026-09-02T21:32:35Z
2004[Ag][pts]3[ASR]1,stage1,floor,p05,sample,2000,10000,f4_74_p05,13:18:00,2944,ac,1,submitted,2026-09-02T21:32:35Z
2004[Ag][pts]3[ASR]1,stage1,floor,p65,sample,2000,10000,f4_74_p65,13:18:00,2944,aa,1,submitted,2026-09-02T21:32:35Z
2004[Cd][dia]3[FSR]1,stage1,floor,p05,sample,2000,10000,f4_75_p05,16:55:00,3744,amd,1,submitted,2026-09-02T21:32:35Z
2004[Cd][dia]3[FSR]1,stage1,floor,p65,sample,2000,10000,f4_75_p65,16:55:00,3744,ac,1,submitted,2026-09-02T21:32:35Z
2004[Cd][nan]3[FSR]1,stage1,floor,p05,sample,2000,10000,f4_76_p05,14:16:00,3159,aa,1,submitted,2026-09-02T21:32:35Z
2004[Cd][nan]3[FSR]1,stage1,floor,p65,sample,2000,10000,f4_76_p65,14:16:00,3159,amd,1,submitted,2026-09-02T21:32:35Z
2004[Cr][reo]3[ASR]1,stage1,floor,p05,sample,2000,10000,f4_77_p05,03:00:00,624,ac,1,submitted,2026-09-02T21:32:35Z
2004[Cr][reo]3[ASR]1,stage1,floor,p65,sample,2000,10000,f4_77_p65,03:00:00,624,aa,1,submitted,2026-09-02T21:32:35Z
2004[Cu][asf]3[ASR]2,stage1,floor,p05,sample,2000,10000,f4_78_p05,15:37:00,3456,amd,1,submitted,2026-09-02T21:32:35Z
2004[Cu][asf]3[ASR]2,stage1,floor,p65,sample,2000,10000,f4_78_p65,15:37:00,3456,ac,1,submitted,2026-09-02T21:32:35Z
2004[Ho][pcu]3[ASR]1,stage1,floor,p05,sample,2000,10000,f4_79_p05,22:33:00,4992,aa,1,submitted,2026-09-02T21:32:35Z
2004[Ho][pcu]3[ASR]1,stage1,floor,p65,sample,2000,10000,f4_79_p65,22:33:00,4992,amd,1,submitted,2026-09-02T21:32:35Z
2004[In][tcs]3[ASR]1,stage1,floor,p05,sample,2000,10000,f4_80_p05,06:06:00,1350,ac,1,submitted,2026-09-02T21:32:35Z
2004[In][tcs]3[ASR]1,stage1,floor,p65,sample,2000,10000,f4_80_p65,06:06:00,1350,aa,1,submitted,2026-09-02T21:32:35Z
2004[La][lhb]3[ION]1,stage1,floor,p05,sample,2000,10000,f4_81_p05,16:06:00,3564,amd,1,submitted,2026-09-02T21:32:35Z
2004[La][lhb]3[ION]1,stage1,floor,p65,sample,2000,10000,f4_81_p65,16:06:00,3564,ac,1,submitted,2026-09-02T21:32:35Z
2004[La][nan]3[ASR]1,stage1,floor,p05,sample,2000,10000,f4_82_p05,27:49:00,6156,aa,1,submitted,2026-09-02T21:32:35Z
2004[La][nan]3[ASR]1,stage1,floor,p65,sample,2000,10000,f4_82_p65,27:49:00,6156,amd,1,submitted,2026-09-02T21:32:35Z
2004[Mn][dia]3[ASR]2,stage1,floor,p05,sample,2000,10000,f4_83_p05,08:47:00,1944,ac,1,submitted,2026-09-02T21:32:35Z
2004[Mn][dia]3[ASR]2,stage1,floor,p65,sample,2000,10000,f4_83_p65,08:47:00,1944,aa,1,submitted,2026-09-02T21:32:35Z
2004[Mn][dia]3[ASR]4,stage1,floor,p05,sample,2000,10000,f4_84_p05,08:47:00,1944,amd,1,submitted,2026-09-02T21:32:35Z
2004[Mn][dia]3[ASR]4,stage1,floor,p65,sample,2000,10000,f4_84_p65,08:47:00,1944,ac,1,submitted,2026-09-02T21:32:35Z
2004[Mn][fet]3[ASR]2,stage1,floor,p05,sample,2000,10000,f4_85_p05,10:44:00,2376,aa,1,submitted,2026-09-02T21:32:35Z
2004[Mn][fet]3[ASR]2,stage1,floor,p65,sample,2000,10000,f4_85_p65,10:44:00,2376,amd,1,submitted,2026-09-02T21:32:35Z
2004[Pr][nan]3[ASR]1,stage1,floor,p05,sample,2000,10000,f4_86_p05,16:11:00,3584,ac,1,submitted,2026-09-02T21:32:35Z
2004[Pr][nan]3[ASR]1,stage1,floor,p65,sample,2000,10000,f4_86_p65,16:11:00,3584,aa,1,submitted,2026-09-02T21:32:35Z
2004[Tb][mog]3[ASR]1,stage1,floor,p05,sample,2000,10000,f4_87_p05,13:40:00,3024,amd,1,submitted,2026-09-02T21:32:35Z
2004[Tb][mog]3[ASR]1,stage1,floor,p65,sample,2000,10000,f4_87_p65,13:40:00,3024,ac,1,submitted,2026-09-02T21:32:35Z
2005[Co][dia]3[ASR]3,stage1,floor,p05,sample,2000,10000,f4_88_p05,08:47:00,1944,aa,1,submitted,2026-09-02T21:32:35Z
2005[Co][dia]3[ASR]3,stage1,floor,p65,sample,2000,10000,f4_88_p65,08:47:00,1944,amd,1,submitted,2026-09-02T21:32:35Z
2005[Co][nan]3[ASR]5,stage1,floor,p05,sample,2000,10000,f4_89_p05,08:18:00,1840,ac,1,submitted,2026-09-02T21:32:35Z
2005[Co][nan]3[ASR]5,stage1,floor,p65,sample,2000,10000,f4_89_p65,08:18:00,1840,aa,1,submitted,2026-09-02T21:32:35Z
2005[Cu][eta]3[ASR]1,stage1,floor,p05,sample,2000,10000,f4_90_p05,08:47:00,1944,amd,1,submitted,2026-09-02T21:32:35Z
2005[Cu][eta]3[ASR]1,stage1,floor,p65,sample,2000,10000,f4_90_p65,08:47:00,1944,ac,1,submitted,2026-09-02T21:32:35Z
2005[Cu][sxd]3[ASR]1,stage1,floor,p05,sample,2000,10000,f4_91_p05,09:15:00,2048,aa,1,submitted,2026-09-02T21:32:35Z
2005[Cu][sxd]3[ASR]1,stage1,floor,p65,sample,2000,10000,f4_91_p65,09:15:00,2048,amd,1,submitted,2026-09-02T21:32:35Z
2005[Er][nan]3[ASR]1,stage1,floor,p05,sample,2000,10000,f4_92_p05,09:32:00,2112,ac,1,submitted,2026-09-02T21:32:35Z
2005[Er][nan]3[ASR]1,stage1,floor,p65,sample,2000,10000,f4_92_p65,09:32:00,2112,aa,1,submitted,2026-09-02T21:32:35Z
2005[Fe][bpq]3[ASR]1,stage1,floor,p05,sample,2000,10000,f4_93_p05,08:14:00,1824,amd,1,submitted,2026-09-02T21:32:35Z
2005[Fe][bpq]3[ASR]1,stage1,floor,p65,sample,2000,10000,f4_93_p65,08:14:00,1824,ac,1,submitted,2026-09-02T21:32:35Z
2005[Fe][nan]3[ASR]1,stage1,floor,p05,sample,2000,10000,f4_94_p05,09:15:00,2048,aa,1,submitted,2026-09-02T21:32:35Z
2005[Fe][nan]3[ASR]1,stage1,floor,p65,sample,2000,10000,f4_94_p65,09:15:00,2048,amd,1,submitted,2026-09-02T21:32:35Z
2005[Mn][lvt]2[ASR]10,stage1,floor,p05,sample,2000,10000,f4_95_p05,18:30:00,4096,ac,1,submitted,2026-09-02T21:32:35Z
2005[Mn][lvt]2[ASR]10,stage1,floor,p65,sample,2000,10000,f4_95_p65,18:30:00,4096,aa,1,submitted,2026-09-02T21:32:35Z
2005[Mn][lvt]2[ASR]2,stage1,floor,p05,sample,2000,10000,f4_96_p05,13:18:00,2944,amd,1,submitted,2026-09-02T21:32:35Z
2005[Mn][lvt]2[ASR]2,stage1,floor,p65,sample,2000,10000,f4_96_p65,13:18:00,2944,ac,1,submitted,2026-09-02T21:32:35Z
2005[Mn][lvt]2[ASR]6,stage1,floor,p05,sample,2000,10000,f4_97_p05,14:36:00,3232,aa,1,submitted,2026-09-02T21:32:35Z
2005[Mn][lvt]2[ASR]6,stage1,floor,p65,sample,2000,10000,f4_97_p65,14:36:00,3232,amd,1,submitted,2026-09-02T21:32:35Z
2005[Mn][lvt]2[ASR]8,stage1,floor,p05,sample,2000,10000,f4_98_p05,14:36:00,3232,ac,1,submitted,2026-09-02T21:32:35Z
2005[Mn][lvt]2[ASR]8,stage1,floor,p65,sample,2000,10000,f4_98_p65,14:36:00,3232,aa,1,submitted,2026-09-02T21:32:35Z
2005[Mn][lvt]3[FSR]4,stage1,floor,p05,sample,2000,10000,f4_99_p05,20:14:00,4480,amd,1,submitted,2026-09-02T21:32:35Z
2005[Mn][lvt]3[FSR]4,stage1,floor,p65,sample,2000,10000,f4_99_p65,20:14:00,4480,ac,1,submitted,2026-09-02T21:32:35Z
2005[Nd][sqc]3[FSR]1,stage1,floor,p05,sample,2000,10000,f4_100_p05,09:45:00,2160,aa,1,submitted,2026-09-02T21:32:35Z
2005[Nd][sqc]3[FSR]1,stage1,floor,p65,sample,2000,10000,f4_100_p65,09:45:00,2160,amd,1,submitted,2026-09-02T21:32:35Z
2005[Pr][noy]3[ASR]1,stage1,floor,p05,sample,2000,10000,f4_101_p05,07:48:00,1728,ac,1,submitted,2026-09-02T21:32:35Z
2005[Pr][noy]3[ASR]1,stage1,floor,p65,sample,2000,10000,f4_101_p65,07:48:00,1728,aa,1,submitted,2026-09-02T21:32:35Z
2005[Sc][rob]3[ION]1,stage1,floor,p05,sample,2000,10000,f4_102_p05,13:09:00,2912,amd,1,submitted,2026-09-02T21:32:35Z
2005[Sc][rob]3[ION]1,stage1,floor,p65,sample,2000,10000,f4_102_p65,13:09:00,2912,ac,1,submitted,2026-09-02T21:32:35Z
2005[ZnU][nan]3[ASR]1,stage1,floor,p05,sample,2000,10000,f4_103_p05,11:16:00,2496,aa,1,submitted,2026-09-02T21:32:35Z
2005[ZnU][nan]3[ASR]1,stage1,floor,p65,sample,2000,10000,f4_103_p65,11:16:00,2496,amd,1,submitted,2026-09-02T21:32:35Z
2005[ZnU][nan]3[FSR]1,stage1,floor,p05,sample,2000,10000,f4_104_p05,13:27:00,2976,ac,1,submitted,2026-09-02T21:32:35Z
2005[ZnU][nan]3[FSR]1,stage1,floor,p65,sample,2000,10000,f4_104_p65,13:27:00,2976,aa,1,submitted,2026-09-02T21:32:35Z
2005[Zn][dia]3[ASR]1,stage1,floor,p05,sample,2000,10000,f4_105_p05,08:47:00,1944,amd,1,submitted,2026-09-02T21:32:35Z
2005[Zn][dia]3[ASR]1,stage1,floor,p65,sample,2000,10000,f4_105_p65,08:47:00,1944,ac,1,submitted,2026-09-02T21:32:35Z
2005[Zn][nan]3[ASR]1,stage1,floor,p05,sample,2000,10000,f4_106_p05,08:27:00,1872,aa,1,submitted,2026-09-02T21:32:35Z
2005[Zn][nan]3[ASR]1,stage1,floor,p65,sample,2000,10000,f4_106_p65,08:27:00,1872,amd,1,submitted,2026-09-02T21:32:35Z
2005[Zn][nan]3[ASR]2,stage1,floor,p05,sample,2000,10000,f4_107_p05,08:27:00,1872,ac,1,submitted,2026-09-02T21:32:35Z
2005[Zn][nan]3[ASR]2,stage1,floor,p65,sample,2000,10000,f4_107_p65,08:27:00,1872,aa,1,submitted,2026-09-02T21:32:35Z
2005[Zn][nan]3[ASR]6,stage1,floor,p05,sample,2000,10000,f4_108_p05,10:37:00,2349,amd,1,submitted,2026-09-02T21:32:35Z
2005[Zn][nan]3[ASR]6,stage1,floor,p65,sample,2000,10000,f4_108_p65,10:37:00,2349,ac,1,submitted,2026-09-02T21:32:35Z
2005[Zn][rtl]3[ION]1,stage1,floor,p05,sample,2000,10000,f4_109_p05,13:01:00,2880,aa,1,submitted,2026-09-02T21:32:35Z
2005[Zn][rtl]3[ION]1,stage1,floor,p65,sample,2000,10000,f4_109_p65,13:01:00,2880,amd,1,submitted,2026-09-02T21:32:35Z
2005[Zn][srs]3[ASR]6,stage1,floor,p05,sample,2000,10000,f4_110_p05,05:51:00,1296,ac,1,submitted,2026-09-02T21:32:35Z
2005[Zn][srs]3[ASR]6,stage1,floor,p65,sample,2000,10000,f4_110_p65,05:51:00,1296,aa,1,submitted,2026-09-02T21:32:35Z
2005[Zn][srs]3[ASR]8,stage1,floor,p05,sample,2000,10000,f4_111_p05,05:51:00,1296,amd,1,submitted,2026-09-02T21:32:35Z
2005[Zn][srs]3[ASR]8,stage1,floor,p65,sample,2000,10000,f4_111_p65,05:51:00,1296,ac,1,submitted,2026-09-02T21:32:35Z
2006[CoAg][utp]3[ASR]1,stage1,floor,p05,sample,2000,10000,f4_112_p05,09:00:00,1992,aa,1,submitted,2026-09-02T21:32:35Z
2006[CoAg][utp]3[ASR]1,stage1,floor,p65,sample,2000,10000,f4_112_p65,09:00:00,1992,amd,1,submitted,2026-09-02T21:32:35Z
2006[Co][mot]3[FSR]1,stage1,floor,p05,sample,2000,10000,f4_113_p05,17:08:00,3792,ac,1,submitted,2026-09-02T21:32:35Z
2006[Co][mot]3[FSR]1,stage1,floor,p65,sample,2000,10000,f4_113_p65,17:08:00,3792,aa,1,submitted,2026-09-02T21:32:35Z
2006[Co][nan]3[ASR]7,stage1,floor,p05,sample,2000,10000,f4_114_p05,11:03:00,2448,amd,1,submitted,2026-09-02T21:32:35Z
2006[Co][nan]3[ASR]7,stage1,floor,p65,sample,2000,10000,f4_114_p65,11:03:00,2448,ac,1,submitted,2026-09-02T21:32:35Z
2006[Cu][bcu]3[ASR]1,stage1,floor,p05,sample,2000,10000,f4_115_p05,09:26:00,2088,aa,1,submitted,2026-09-02T21:32:35Z
2006[Cu][bcu]3[ASR]1,stage1,floor,p65,sample,2000,10000,f4_115_p65,09:26:00,2088,amd,1,submitted,2026-09-02T21:32:35Z
2006[Cu][nan]2[ASR]1,stage1,floor,p05,sample,2000,10000,f4_116_p05,13:40:00,3024,ac,1,submitted,2026-09-02T21:32:35Z
2006[Cu][nan]2[ASR]1,stage1,floor,p65,sample,2000,10000,f4_116_p65,13:40:00,3024,aa,1,submitted,2026-09-02T21:32:35Z
2006[Cu][sra]3[ASR]1,stage1,floor,p05,sample,2000,10000,f4_117_p05,10:44:00,2376,amd,1,submitted,2026-09-02T21:32:35Z
2006[Cu][sra]3[ASR]1,stage1,floor,p65,sample,2000,10000,f4_117_p65,10:44:00,2376,ac,1,submitted,2026-09-02T21:32:35Z
2006[Cu][sra]3[ION]1,stage1,floor,p05,sample,2000,10000,f4_118_p05,09:45:00,2160,aa,1,submitted,2026-09-02T21:32:35Z
2006[Cu][sra]3[ION]1,stage1,floor,p65,sample,2000,10000,f4_118_p65,09:45:00,2160,amd,1,submitted,2026-09-02T21:32:35Z
2006[Dy][nan]3[ASR]1,stage1,floor,p05,sample,2000,10000,f4_119_p05,09:21:00,2072,ac,1,submitted,2026-09-02T21:32:35Z
2006[Dy][nan]3[ASR]1,stage1,floor,p65,sample,2000,10000,f4_119_p65,09:21:00,2072,aa,1,submitted,2026-09-02T21:32:35Z
2006[Er][tfz]3[ASR]1,stage1,floor,p05,sample,2000,10000,f4_120_p05,08:08:00,1800,amd,1,submitted,2026-09-02T21:32:35Z
2006[Er][tfz]3[ASR]1,stage1,floor,p65,sample,2000,10000,f4_120_p65,08:08:00,1800,ac,1,submitted,2026-09-02T21:32:35Z
2006[Fe][nan]3[ASR]2,stage1,floor,p05,sample,2000,10000,f4_121_p05,09:15:00,2048,aa,1,submitted,2026-09-02T21:32:35Z
2006[Fe][nan]3[ASR]2,stage1,floor,p65,sample,2000,10000,f4_121_p65,09:15:00,2048,amd,1,submitted,2026-09-02T21:32:35Z
2006[La][bnn]3[ASR]1,stage1,floor,p05,sample,2000,10000,f4_122_p05,07:48:00,1728,ac,1,submitted,2026-09-02T21:32:35Z
2006[La][bnn]3[ASR]1,stage1,floor,p65,sample,2000,10000,f4_122_p65,07:48:00,1728,aa,1,submitted,2026-09-02T21:32:35Z
2006[Mn][dia]3[ASR]2,stage1,floor,p05,sample,2000,10000,f4_123_p05,08:47:00,1944,amd,1,submitted,2026-09-02T21:32:35Z
2006[Mn][dia]3[ASR]2,stage1,floor,p65,sample,2000,10000,f4_123_p65,08:47:00,1944,ac,1,submitted,2026-09-02T21:32:35Z
2006[Mn][dia]3[ASR]3,stage1,floor,p05,sample,2000,10000,f4_124_p05,08:47:00,1944,aa,1,submitted,2026-09-02T21:32:35Z
2006[Mn][dia]3[ASR]3,stage1,floor,p65,sample,2000,10000,f4_124_p65,08:47:00,1944,amd,1,submitted,2026-09-02T21:32:35Z
2006[Mn][fsc]3[ASR]1,stage1,floor,p05,sample,2000,10000,f4_125_p05,07:48:00,1728,ac,1,submitted,2026-09-02T21:32:35Z
2006[Mn][fsc]3[ASR]1,stage1,floor,p65,sample,2000,10000,f4_125_p65,07:48:00,1728,aa,1,submitted,2026-09-02T21:32:35Z
2006[NiMo][nan]3[ASR]1,stage1,floor,p05,sample,2000,10000,f4_126_p05,08:10:00,1808,amd,1,submitted,2026-09-02T21:32:35Z
2006[NiMo][nan]3[ASR]1,stage1,floor,p65,sample,2000,10000,f4_126_p65,08:10:00,1808,ac,1,submitted,2026-09-02T21:32:35Z
2006[Ni][ins]3[ASR]1,stage1,floor,p05,sample,2000,10000,f4_127_p05,21:41:00,4800,aa,1,submitted,2026-09-02T21:32:35Z
2006[Ni][ins]3[ASR]1,stage1,floor,p65,sample,2000,10000,f4_127_p65,21:41:00,4800,amd,1,submitted,2026-09-02T21:32:35Z
2006[Pr][fsc]3[ASR]1,stage1,floor,p05,sample,2000,10000,f4_128_p05,05:05:00,1128,ac,1,submitted,2026-09-02T21:32:35Z
2006[Pr][fsc]3[ASR]1,stage1,floor,p65,sample,2000,10000,f4_128_p65,05:05:00,1128,aa,1,submitted,2026-09-02T21:32:35Z
2006[V][nan]3[ASR]4,stage1,floor,p05,sample,2000,10000,f4_129_p05,11:34:00,2560,amd,1,submitted,2026-09-02T21:32:35Z
2006[V][nan]3[ASR]4,stage1,floor,p65,sample,2000,10000,f4_129_p65,11:34:00,2560,ac,1,submitted,2026-09-02T21:32:35Z
2006[V][nan]3[FSR]4,stage1,floor,p05,sample,2000,10000,f4_130_p05,12:43:00,2816,aa,1,submitted,2026-09-02T21:32:35Z
2006[V][nan]3[FSR]4,stage1,floor,p65,sample,2000,10000,f4_130_p65,12:43:00,2816,amd,1,submitted,2026-09-02T21:32:35Z
2006[Zn][dia]3[ASR]7,stage1,floor,p05,sample,2000,10000,f4_131_p05,08:47:00,1944,ac,1,submitted,2026-09-02T21:32:35Z
2006[Zn][dia]3[ASR]7,stage1,floor,p65,sample,2000,10000,f4_131_p65,08:47:00,1944,aa,1,submitted,2026-09-02T21:32:35Z
2006[Zn][nan]3[ASR]5,stage1,floor,p05,sample,2000,10000,f4_132_p05,13:20:00,2952,amd,1,submitted,2026-09-02T21:32:35Z
2006[Zn][nan]3[ASR]5,stage1,floor,p65,sample,2000,10000,f4_132_p65,13:20:00,2952,ac,1,submitted,2026-09-02T21:32:35Z
2007[AgGa][ths]3[ION]2,stage1,floor,p05,sample,2000,10000,f4_133_p05,09:52:00,2184,aa,1,submitted,2026-09-02T21:32:35Z
2007[AgGa][ths]3[ION]2,stage1,floor,p65,sample,2000,10000,f4_133_p65,09:52:00,2184,amd,1,submitted,2026-09-02T21:32:35Z
2007[AgIn][ths]3[ION]1,stage1,floor,p05,sample,2000,10000,f4_134_p05,14:38:00,3240,ac,1,submitted,2026-09-02T21:32:35Z
2007[AgIn][ths]3[ION]1,stage1,floor,p65,sample,2000,10000,f4_134_p65,14:38:00,3240,aa,1,submitted,2026-09-02T21:32:35Z
2007[CdFe][pcu]3[ASR]1,stage1,floor,p05,sample,2000,10000,f4_135_p05,11:03:00,2448,amd,1,submitted,2026-09-02T21:32:35Z
2007[CdFe][pcu]3[ASR]1,stage1,floor,p65,sample,2000,10000,f4_135_p65,11:03:00,2448,ac,1,submitted,2026-09-02T21:32:35Z
2007[Cd][dia]3[ASR]2,stage1,floor,p05,sample,2000,10000,f4_136_p05,10:33:00,2336,aa,1,submitted,2026-09-02T21:32:35Z
2007[Cd][dia]3[ASR]2,stage1,floor,p65,sample,2000,10000,f4_136_p65,10:33:00,2336,amd,1,submitted,2026-09-02T21:32:35Z
2007[Cd][dia]3[ASR]6,stage1,floor,p05,sample,2000,10000,f4_137_p05,11:52:00,2628,ac,1,submitted,2026-09-02T21:32:35Z
2007[Cd][dia]3[ASR]6,stage1,floor,p65,sample,2000,10000,f4_137_p65,11:52:00,2628,aa,1,submitted,2026-09-02T21:32:35Z
2007[CeZr][pth]3[FSR]1,stage1,floor,p05,sample,2000,10000,f4_138_p05,12:08:00,2688,amd,1,submitted,2026-09-02T21:32:35Z
2007[CeZr][pth]3[FSR]1,stage1,floor,p65,sample,2000,10000,f4_138_p65,12:08:00,2688,ac,1,submitted,2026-09-02T21:32:35Z
2007[Co][nou]3[FSR]1,stage1,floor,p05,sample,2000,10000,f4_139_p05,12:08:00,2688,aa,1,submitted,2026-09-02T21:32:35Z
2007[Co][nou]3[FSR]1,stage1,floor,p65,sample,2000,10000,f4_139_p65,12:08:00,2688,amd,1,submitted,2026-09-02T21:32:35Z
2007[CuEu][nan]3[FSR]1,stage1,floor,p05,sample,2000,10000,f4_140_p05,11:23:00,2520,ac,1,submitted,2026-09-02T21:32:35Z
2007[CuEu][nan]3[FSR]1,stage1,floor,p65,sample,2000,10000,f4_140_p65,11:23:00,2520,aa,1,submitted,2026-09-02T21:32:35Z
2007[CuMn][pcu]3[ASR]1,stage1,floor,p05,sample,2000,10000,f4_141_p05,03:34:00,792,amd,1,submitted,2026-09-02T21:32:35Z
2007[CuMn][pcu]3[ASR]1,stage1,floor,p65,sample,2000,10000,f4_141_p65,03:34:00,792,ac,1,submitted,2026-09-02T21:32:35Z
2007[CuNd][stp]3[ASR]1,stage1,floor,p05,sample,2000,10000,f4_142_p05,14:28:00,3204,aa,1,submitted,2026-09-02T21:32:35Z
2007[CuNd][stp]3[ASR]1,stage1,floor,p65,sample,2000,10000,f4_142_p65,14:28:00,3204,amd,1,submitted,2026-09-02T21:32:35Z
2007[CuPr][nan]3[FSR]1,stage1,floor,p05,sample,2000,10000,f4_143_p05,19:40:00,4352,ac,1,submitted,2026-09-02T21:32:35Z
2007[CuPr][nan]3[FSR]1,stage1,floor,p65,sample,2000,10000,f4_143_p65,19:40:00,4352,aa,1,submitted,2026-09-02T21:32:35Z
2007[Cu][dia]3[ASR]2,stage1,floor,p05,sample,2000,10000,f4_144_p05,10:31:00,2328,amd,1,submitted,2026-09-02T21:32:35Z
2007[Cu][dia]3[ASR]2,stage1,floor,p65,sample,2000,10000,f4_144_p65,10:31:00,2328,ac,1,submitted,2026-09-02T21:32:35Z
2007[Cu][nan]3[ASR]2,stage1,floor,p05,sample,2000,10000,f4_145_p05,12:28:00,2760,aa,1,submitted,2026-09-02T21:32:35Z
2007[Cu][nan]3[ASR]2,stage1,floor,p65,sample,2000,10000,f4_145_p65,12:28:00,2760,amd,1,submitted,2026-09-02T21:32:35Z
2007[Cu][nbo]3[ASR]2,stage1,floor,p05,sample,2000,10000,f4_146_p05,11:42:00,2592,ac,1,submitted,2026-09-02T21:32:35Z
2007[Cu][nbo]3[ASR]2,stage1,floor,p65,sample,2000,10000,f4_146_p65,11:42:00,2592,aa,1,submitted,2026-09-02T21:32:35Z
2007[DyCu][nan]3[ASR]1,stage1,floor,p05,sample,2000,10000,f4_147_p05,09:21:00,2072,amd,1,submitted,2026-09-02T21:32:35Z
2007[DyCu][nan]3[ASR]1,stage1,floor,p65,sample,2000,10000,f4_147_p65,09:21:00,2072,ac,1,submitted,2026-09-02T21:32:35Z
2007[ErRu][tfi]3[ASR]1,stage1,floor,p05,sample,2000,10000,f4_148_p05,05:22:00,1188,aa,1,submitted,2026-09-02T21:32:35Z
2007[ErRu][tfi]3[ASR]1,stage1,floor,p65,sample,2000,10000,f4_148_p65,05:22:00,1188,amd,1,submitted,2026-09-02T21:32:35Z
2007[EuCu][nan]3[ASR]1,stage1,floor,p05,sample,2000,10000,f4_149_p05,18:43:00,4144,ac,1,submitted,2026-09-02T21:32:35Z
2007[EuCu][nan]3[ASR]1,stage1,floor,p65,sample,2000,10000,f4_149_p65,18:43:00,4144,aa,1,submitted,2026-09-02T21:32:35Z
2007[Fe][dia]3[ASR]12,stage1,floor,p05,sample,2000,10000,f4_150_p05,08:47:00,1944,amd,1,submitted,2026-09-02T21:32:35Z
2007[Fe][dia]3[ASR]12,stage1,floor,p65,sample,2000,10000,f4_150_p65,08:47:00,1944,ac,1,submitted,2026-09-02T21:32:35Z
2007[Fe][dia]3[ASR]21,stage1,floor,p05,sample,2000,10000,f4_151_p05,08:47:00,1944,aa,1,submitted,2026-09-02T21:32:35Z
2007[Fe][dia]3[ASR]21,stage1,floor,p65,sample,2000,10000,f4_151_p65,08:47:00,1944,amd,1,submitted,2026-09-02T21:32:35Z
2007[KCu][nan]3[ION]1,stage1,floor,p05,sample,2000,10000,f4_152_p05,46:51:00,10368,ac,1,submitted,2026-09-02T21:32:35Z
2007[KCu][nan]3[ION]1,stage1,floor,p65,sample,2000,10000,f4_152_p65,46:51:00,10368,aa,1,submitted,2026-09-02T21:32:35Z
2007[Mn][dia]3[ASR]1,stage1,floor,p05,sample,2000,10000,f4_153_p05,08:47:00,1944,amd,1,submitted,2026-09-02T21:32:35Z
2007[Mn][dia]3[ASR]1,stage1,floor,p65,sample,2000,10000,f4_153_p65,08:47:00,1944,ac,1,submitted,2026-09-02T21:32:35Z
2007[Mn][nan]3[ASR]1,stage1,floor,p05,sample,2000,10000,f4_154_p05,07:19:00,1620,aa,1,submitted,2026-09-02T21:32:35Z
2007[Mn][nan]3[ASR]1,stage1,floor,p65,sample,2000,10000,f4_154_p65,07:19:00,1620,amd,1,submitted,2026-09-02T21:32:35Z
2007[Nd][bcu]3[ASR]1,stage1,floor,p05,sample,2000,10000,f4_155_p05,16:03:00,3552,ac,1,submitted,2026-09-02T21:32:35Z
2007[Nd][bcu]3[ASR]1,stage1,floor,p65,sample,2000,10000,f4_155_p65,16:03:00,3552,aa,1,submitted,2026-09-02T21:32:35Z
2007[Nd][nan]3[ASR]3,stage1,floor,p05,sample,2000,10000,f4_156_p05,32:56:00,7290,amd,1,submitted,2026-09-02T21:32:35Z
2007[Nd][nan]3[ASR]3,stage1,floor,p65,sample,2000,10000,f4_156_p65,32:56:00,7290,ac,1,submitted,2026-09-02T21:32:35Z
2007[Ni][dia]3[ASR]1,stage1,floor,p05,sample,2000,10000,f4_157_p05,06:20:00,1404,aa,1,submitted,2026-09-02T21:32:35Z
2007[Ni][dia]3[ASR]1,stage1,floor,p65,sample,2000,10000,f4_157_p65,06:20:00,1404,amd,1,submitted,2026-09-02T21:32:35Z
2007[Ni][dia]3[ASR]2,stage1,floor,p05,sample,2000,10000,f4_158_p05,06:01:00,1332,ac,1,submitted,2026-09-02T21:32:35Z
2007[Ni][dia]3[ASR]2,stage1,floor,p65,sample,2000,10000,f4_158_p65,06:01:00,1332,aa,1,submitted,2026-09-02T21:32:35Z
2007[Ni][pcu]3[ASR]3,stage1,floor,p05,sample,2000,10000,f4_159_p05,08:23:00,1856,amd,1,submitted,2026-09-02T21:32:35Z
2007[Ni][pcu]3[ASR]3,stage1,floor,p65,sample,2000,10000,f4_159_p65,08:23:00,1856,ac,1,submitted,2026-09-02T21:32:35Z
2007[PrSb][dia]3[FSR]1,stage1,floor,p05,sample,2000,10000,f4_160_p05,16:03:00,3552,aa,1,submitted,2026-09-02T21:32:35Z
2007[PrSb][dia]3[FSR]1,stage1,floor,p65,sample,2000,10000,f4_160_p65,16:03:00,3552,amd,1,submitted,2026-09-02T21:32:35Z
2007[Pr][bnn]3[ASR]1,stage1,floor,p05,sample,2000,10000,f4_161_p05,09:45:00,2160,ac,1,submitted,2026-09-02T21:32:35Z
2007[Pr][bnn]3[ASR]1,stage1,floor,p65,sample,2000,10000,f4_161_p65,09:45:00,2160,aa,1,submitted,2026-09-02T21:32:35Z
2007[WCu][pcu]3[FSR]1,stage1,floor,p05,sample,2000,10000,f4_162_p05,07:09:00,1584,amd,1,submitted,2026-09-02T21:32:35Z
2007[WCu][pcu]3[FSR]1,stage1,floor,p65,sample,2000,10000,f4_162_p65,07:09:00,1584,ac,1,submitted,2026-09-02T21:32:35Z
2007[ZnSm][stp]3[FSR]1,stage1,floor,p05,sample,2000,10000,f4_163_p05,07:18:00,1616,aa,1,submitted,2026-09-02T21:32:35Z
2007[ZnSm][stp]3[FSR]1,stage1,floor,p65,sample,2000,10000,f4_163_p65,07:18:00,1616,amd,1,submitted,2026-09-02T21:32:35Z
2007[Zn][nan]3[ASR]2,stage1,floor,p05,sample,2000,10000,f4_164_p05,08:14:00,1824,ac,1,submitted,2026-09-02T21:32:35Z
2007[Zn][nan]3[ASR]2,stage1,floor,p65,sample,2000,10000,f4_164_p65,08:14:00,1824,aa,1,submitted,2026-09-02T21:32:35Z
2007[Zn][nan]3[ASR]9,stage1,floor,p05,sample,2000,10000,f4_165_p05,07:05:00,1568,amd,1,submitted,2026-09-02T21:32:35Z
2007[Zn][nan]3[ASR]9,stage1,floor,p65,sample,2000,10000,f4_165_p65,07:05:00,1568,ac,1,submitted,2026-09-02T21:32:35Z
2007[Zn][nan]3[FSR]7,stage1,floor,p05,sample,2000,10000,f4_166_p05,13:05:00,2896,aa,1,submitted,2026-09-02T21:32:35Z
2007[Zn][nan]3[FSR]7,stage1,floor,p65,sample,2000,10000,f4_166_p65,13:05:00,2896,amd,1,submitted,2026-09-02T21:32:35Z
2007[Zn][ths]3[ASR]1,stage1,floor,p05,sample,2000,10000,f4_167_p05,05:51:00,1296,ac,1,submitted,2026-09-02T21:32:35Z
2007[Zn][ths]3[ASR]1,stage1,floor,p65,sample,2000,10000,f4_167_p65,05:51:00,1296,aa,1,submitted,2026-09-02T21:32:35Z
2008[Ag][nan]3[FSR]1,stage1,floor,p05,sample,2000,10000,f4_168_p05,60:44:00,13440,amd,1,submitted,2026-09-02T21:32:35Z
2008[Ag][nan]3[FSR]1,stage1,floor,p65,sample,2000,10000,f4_168_p65,60:44:00,13440,ac,1,submitted,2026-09-02T21:32:35Z
2008[BiPr][sra]3[ION]1,stage1,floor,p05,sample,2000,10000,f4_169_p05,21:15:00,4704,aa,1,submitted,2026-09-02T21:32:35Z
2008[BiPr][sra]3[ION]1,stage1,floor,p65,sample,2000,10000,f4_169_p65,21:15:00,4704,amd,1,submitted,2026-09-02T21:32:35Z
2008[Cd][nan]3[ASR]2,stage1,floor,p05,sample,2000,10000,f4_170_p05,10:07:00,2240,ac,1,submitted,2026-09-02T21:32:35Z
2008[Cd][nan]3[ASR]2,stage1,floor,p65,sample,2000,10000,f4_170_p65,10:07:00,2240,aa,1,submitted,2026-09-02T21:32:35Z
2008[Cd][rho]3[ASR]1,stage1,floor,p05,sample,2000,10000,f4_171_p05,21:41:00,4800,amd,1,submitted,2026-09-02T21:32:35Z
2008[Cd][rho]3[ASR]1,stage1,floor,p65,sample,2000,10000,f4_171_p65,21:41:00,4800,ac,1,submitted,2026-09-02T21:32:35Z
2008[Cd][rho]3[ASR]2,stage1,floor,p05,sample,2000,10000,f4_172_p05,21:41:00,4800,aa,1,submitted,2026-09-02T21:32:35Z
2008[Cd][rho]3[ASR]2,stage1,floor,p65,sample,2000,10000,f4_172_p65,21:41:00,4800,amd,1,submitted,2026-09-02T21:32:35Z
2008[Cd][rho]3[FSR]2,stage1,floor,p05,sample,2000,10000,f4_173_p05,21:41:00,4800,ac,1,submitted,2026-09-02T21:32:35Z
2008[Cd][rho]3[FSR]2,stage1,floor,p65,sample,2000,10000,f4_173_p65,21:41:00,4800,aa,1,submitted,2026-09-02T21:32:35Z
2008[Cd][sxd]3[ASR]1,stage1,floor,p05,sample,2000,10000,f4_174_p05,10:05:00,2232,amd,1,submitted,2026-09-02T21:32:35Z
2008[Cd][sxd]3[ASR]1,stage1,floor,p65,sample,2000,10000,f4_174_p65,10:05:00,2232,ac,1,submitted,2026-09-02T21:32:35Z
2008[Co][dia]3[ASR]2,stage1,floor,p05,sample,2000,10000,f4_175_p05,08:47:00,1944,aa,1,submitted,2026-09-02T21:32:35Z
2008[Co][dia]3[ASR]2,stage1,floor,p65,sample,2000,10000,f4_175_p65,08:47:00,1944,amd,1,submitted,2026-09-02T21:32:35Z
2008[Co][mog]3[ASR]1,stage1,floor,p05,sample,2000,10000,f4_176_p05,08:27:00,1872,ac,1,submitted,2026-09-02T21:32:35Z
2008[Co][mog]3[ASR]1,stage1,floor,p65,sample,2000,10000,f4_176_p65,08:27:00,1872,aa,1,submitted,2026-09-02T21:32:35Z
2008[Co][pcu]3[ASR]1,stage1,floor,p05,sample,2000,10000,f4_177_p05,11:16:00,2496,amd,1,submitted,2026-09-02T21:32:35Z
2008[Co][pcu]3[ASR]1,stage1,floor,p65,sample,2000,10000,f4_177_p65,11:16:00,2496,ac,1,submitted,2026-09-02T21:32:35Z
2008[CuLa][nan]3[ASR]2,stage1,floor,p05,sample,2000,10000,f4_178_p05,14:45:00,3264,aa,1,submitted,2026-09-02T21:32:35Z
2008[CuLa][nan]3[ASR]2,stage1,floor,p65,sample,2000,10000,f4_178_p65,14:45:00,3264,amd,1,submitted,2026-09-02T21:32:35Z
2008[CuW][acs]3[ASR]1,stage1,floor,p05,sample,2000,10000,f4_179_p05,03:25:00,756,ac,1,submitted,2026-09-02T21:32:35Z
2008[CuW][acs]3[ASR]1,stage1,floor,p65,sample,2000,10000,f4_179_p65,03:25:00,756,aa,1,submitted,2026-09-02T21:32:35Z
2008[Cu][dia]3[FSR]3,stage1,floor,p05,sample,2000,10000,f4_180_p05,11:10:00,2472,amd,1,submitted,2026-09-02T21:32:35Z
2008[Cu][dia]3[FSR]3,stage1,floor,p65,sample,2000,10000,f4_180_p65,11:10:00,2472,ac,1,submitted,2026-09-02T21:32:35Z
2008[Cu][nan]3[ASR]3,stage1,floor,p05,sample,2000,10000,f4_181_p05,08:47:00,1944,aa,1,submitted,2026-09-02T21:32:35Z
2008[Cu][nan]3[ASR]3,stage1,floor,p65,sample,2000,10000,f4_181_p65,08:47:00,1944,amd,1,submitted,2026-09-02T21:32:35Z
2008[Cu][nan]3[ASR]4,stage1,floor,p05,sample,2000,10000,f4_182_p05,08:18:00,1840,ac,1,submitted,2026-09-02T21:32:35Z
2008[Cu][nan]3[ASR]4,stage1,floor,p65,sample,2000,10000,f4_182_p65,08:18:00,1840,aa,1,submitted,2026-09-02T21:32:35Z
2008[Cu][pcu]3[ASR]1,stage1,floor,p05,sample,2000,10000,f4_183_p05,10:29:00,2322,amd,1,submitted,2026-09-02T21:32:35Z
2008[Cu][pcu]3[ASR]1,stage1,floor,p65,sample,2000,10000,f4_183_p65,10:29:00,2322,ac,1,submitted,2026-09-02T21:32:35Z
2008[Gd][nan]3[ASR]3,stage1,floor,p05,sample,2000,10000,f4_184_p05,08:40:00,1920,aa,1,submitted,2026-09-02T21:32:35Z
2008[Gd][nan]3[ASR]3,stage1,floor,p65,sample,2000,10000,f4_184_p65,08:40:00,1920,amd,1,submitted,2026-09-02T21:32:35Z
2008[Gd][pcu]3[ASR]1,stage1,floor,p05,sample,2000,10000,f4_185_p05,06:50:00,1512,ac,1,submitted,2026-09-02T21:32:35Z
2008[Gd][pcu]3[ASR]1,stage1,floor,p65,sample,2000,10000,f4_185_p65,06:50:00,1512,aa,1,submitted,2026-09-02T21:32:35Z
2008[In][dia]3[ASR]5,stage1,floor,p05,sample,2000,10000,f4_186_p05,03:54:00,864,amd,1,submitted,2026-09-02T21:32:35Z
2008[In][dia]3[ASR]5,stage1,floor,p65,sample,2000,10000,f4_186_p65,03:54:00,864,ac,1,submitted,2026-09-02T21:32:35Z
2008[In][dia]3[ION]1,stage1,floor,p05,sample,2000,10000,f4_187_p05,06:21:00,1408,aa,1,submitted,2026-09-02T21:32:35Z
2008[In][dia]3[ION]1,stage1,floor,p65,sample,2000,10000,f4_187_p65,06:21:00,1408,amd,1,submitted,2026-09-02T21:32:35Z
2008[Mn][etd]3[ION]1,stage1,floor,p05,sample,2000,10000,f4_188_p05,12:26:00,2754,ac,1,submitted,2026-09-02T21:32:35Z
2008[Mn][etd]3[ION]1,stage1,floor,p65,sample,2000,10000,f4_188_p65,12:26:00,2754,aa,1,submitted,2026-09-02T21:32:35Z
2008[Mn][fet]3[FSR]1,stage1,floor,p05,sample,2000,10000,f4_189_p05,07:48:00,1728,amd,1,submitted,2026-09-02T21:32:35Z
2008[Mn][fet]3[FSR]1,stage1,floor,p65,sample,2000,10000,f4_189_p65,07:48:00,1728,ac,1,submitted,2026-09-02T21:32:35Z
2008[Mn][nan]3[ASR]2,stage1,floor,p05,sample,2000,10000,f4_190_p05,06:38:00,1470,aa,1,submitted,2026-09-02T21:32:35Z
2008[Mn][nan]3[ASR]2,stage1,floor,p65,sample,2000,10000,f4_190_p65,06:38:00,1470,amd,1,submitted,2026-09-02T21:32:35Z
2008[Mn][nan]3[FSR]2,stage1,floor,p05,sample,2000,10000,f4_191_p05,07:27:00,1650,ac,1,submitted,2026-09-02T21:32:35Z
2008[Mn][nan]3[FSR]2,stage1,floor,p65,sample,2000,10000,f4_191_p65,07:27:00,1650,aa,1,submitted,2026-09-02T21:32:35Z
2008[Nd][nan]3[ASR]2,stage1,floor,p05,sample,2000,10000,f4_192_p05,16:11:00,3584,amd,1,submitted,2026-09-02T21:32:35Z
2008[Nd][nan]3[ASR]2,stage1,floor,p65,sample,2000,10000,f4_192_p65,16:11:00,3584,ac,1,submitted,2026-09-02T21:32:35Z
2008[Nd][nan]3[FSR]2,stage1,floor,p05,sample,2000,10000,f4_193_p05,18:30:00,4096,aa,1,submitted,2026-09-02T21:32:35Z
2008[Nd][nan]3[FSR]2,stage1,floor,p65,sample,2000,10000,f4_193_p65,18:30:00,4096,amd,1,submitted,2026-09-02T21:32:35Z
2008[NiMo][nan]3[ASR]1,stage1,floor,p05,sample,2000,10000,f4_194_p05,21:15:00,4704,ac,1,submitted,2026-09-02T21:32:35Z
2008[NiMo][nan]3[ASR]1,stage1,floor,p65,sample,2000,10000,f4_194_p65,21:15:00,4704,aa,1,submitted,2026-09-02T21:32:35Z
2008[Ni][ins]3[ASR]1,stage1,floor,p05,sample,2000,10000,f4_195_p05,15:37:00,3456,amd,1,submitted,2026-09-02T21:32:35Z
2008[Ni][ins]3[ASR]1,stage1,floor,p65,sample,2000,10000,f4_195_p65,15:37:00,3456,ac,1,submitted,2026-09-02T21:32:35Z
2008[Ni][mot]3[FSR]1,stage1,floor,p05,sample,2000,10000,f4_196_p05,18:52:00,4176,aa,1,submitted,2026-09-02T21:32:35Z
2008[Ni][mot]3[FSR]1,stage1,floor,p65,sample,2000,10000,f4_196_p65,18:52:00,4176,amd,1,submitted,2026-09-02T21:32:35Z
2008[Ni][nan]3[ASR]3,stage1,floor,p05,sample,2000,10000,f4_197_p05,15:37:00,3456,ac,1,submitted,2026-09-02T21:32:35Z
2008[Ni][nan]3[ASR]3,stage1,floor,p65,sample,2000,10000,f4_197_p65,15:37:00,3456,aa,1,submitted,2026-09-02T21:32:35Z
2008[Ni][tfz]3[ASR]1,stage1,floor,p05,sample,2000,10000,f4_198_p05,13:40:00,3024,amd,1,submitted,2026-09-02T21:32:35Z
2008[Ni][tfz]3[ASR]1,stage1,floor,p65,sample,2000,10000,f4_198_p65,13:40:00,3024,ac,1,submitted,2026-09-02T21:32:35Z
2008[Sm][nan]3[ASR]1,stage1,floor,p05,sample,2000,10000,f4_199_p05,17:21:00,3840,aa,1,submitted,2026-09-02T21:32:35Z
2008[Sm][nan]3[ASR]1,stage1,floor,p65,sample,2000,10000,f4_199_p65,17:21:00,3840,amd,1,submitted,2026-09-02T21:32:35Z
2008[UZn][nan]3[ION]1,stage1,floor,p05,sample,2000,10000,f4_200_p05,12:41:00,2808,ac,1,submitted,2026-09-02T21:32:35Z
2008[UZn][nan]3[ION]1,stage1,floor,p65,sample,2000,10000,f4_200_p65,12:41:00,2808,aa,1,submitted,2026-09-02T21:32:35Z
2008[ZnMn][nan]3[ASR]1,stage1,floor,p05,sample,2000,10000,f4_201_p05,12:05:00,2676,amd,1,submitted,2026-09-02T21:32:35Z
2008[ZnMn][nan]3[ASR]1,stage1,floor,p65,sample,2000,10000,f4_201_p65,12:05:00,2676,ac,1,submitted,2026-09-02T21:32:35Z
2008[ZnSi][cds]3[ASR]1,stage1,floor,p05,sample,2000,10000,f4_202_p05,12:26:00,2754,aa,1,submitted,2026-09-02T21:32:35Z
2008[ZnSi][cds]3[ASR]1,stage1,floor,p65,sample,2000,10000,f4_202_p65,12:26:00,2754,amd,1,submitted,2026-09-02T21:32:35Z
2008[ZnSm][nan]3[ASR]1,stage1,floor,p05,sample,2000,10000,f4_203_p05,09:06:00,2016,ac,1,submitted,2026-09-02T21:32:35Z
2008[ZnSm][nan]3[ASR]1,stage1,floor,p65,sample,2000,10000,f4_203_p65,09:06:00,2016,aa,1,submitted,2026-09-02T21:32:35Z
2008[Zn][ant]3[ASR]1,stage1,floor,p05,sample,2000,10000,f4_204_p05,07:18:00,1616,amd,1,submitted,2026-09-02T21:32:35Z
2008[Zn][ant]3[ASR]1,stage1,floor,p65,sample,2000,10000,f4_204_p65,07:18:00,1616,ac,1,submitted,2026-09-02T21:32:35Z
2008[Zn][nan]3[ASR]1,stage1,floor,p05,sample,2000,10000,f4_205_p05,14:58:00,3312,aa,1,submitted,2026-09-02T21:32:35Z
2008[Zn][nan]3[ASR]1,stage1,floor,p65,sample,2000,10000,f4_205_p65,14:58:00,3312,amd,1,submitted,2026-09-02T21:32:35Z
2008[Zn][nan]3[ASR]7,stage1,floor,p05,sample,2000,10000,f4_206_p05,10:44:00,2376,ac,1,submitted,2026-09-02T21:32:35Z
2008[Zn][nan]3[ASR]7,stage1,floor,p65,sample,2000,10000,f4_206_p65,10:44:00,2376,aa,1,submitted,2026-09-02T21:32:35Z
2008[Zn][nan]3[ASR]8,stage1,floor,p05,sample,2000,10000,f4_207_p05,07:13:00,1600,amd,1,submitted,2026-09-02T21:32:35Z
2008[Zn][nan]3[ASR]8,stage1,floor,p65,sample,2000,10000,f4_207_p65,07:13:00,1600,ac,1,submitted,2026-09-02T21:32:35Z
2008[Zn][nan]3[FSR]9,stage1,floor,p05,sample,2000,10000,f4_208_p05,10:44:00,2376,aa,1,submitted,2026-09-02T21:32:35Z
2008[Zn][nan]3[FSR]9,stage1,floor,p65,sample,2000,10000,f4_208_p65,10:44:00,2376,amd,1,submitted,2026-09-02T21:32:35Z
2008[Zn][pcu]3[ASR]4,stage1,floor,p05,sample,2000,10000,f4_209_p05,17:05:00,3780,ac,1,submitted,2026-09-02T21:32:35Z
2008[Zn][pcu]3[ASR]4,stage1,floor,p65,sample,2000,10000,f4_209_p65,17:05:00,3780,aa,1,submitted,2026-09-02T21:32:35Z
2008[Zn][pcu]3[ASR]7,stage1,floor,p05,sample,2000,10000,f4_210_p05,05:56:00,1314,amd,1,submitted,2026-09-02T21:32:35Z
2008[Zn][pcu]3[ASR]7,stage1,floor,p65,sample,2000,10000,f4_210_p65,05:56:00,1314,ac,1,submitted,2026-09-02T21:32:35Z
2008[Zn][pcu]3[FSR]8,stage1,floor,p05,sample,2000,10000,f4_211_p05,19:31:00,4320,aa,1,submitted,2026-09-02T21:32:35Z
2008[Zn][pcu]3[FSR]8,stage1,floor,p65,sample,2000,10000,f4_211_p65,19:31:00,4320,amd,1,submitted,2026-09-02T21:32:35Z
2008[Zn][sqc]3[ASR]1,stage1,floor,p05,sample,2000,10000,f4_212_p05,16:16:00,3600,ac,1,submitted,2026-09-02T21:32:35Z
2008[Zn][sqc]3[ASR]1,stage1,floor,p65,sample,2000,10000,f4_212_p65,16:16:00,3600,aa,1,submitted,2026-09-02T21:32:35Z
2008[Zn][srs]3[ASR]1,stage1,floor,p05,sample,2000,10000,f4_213_p05,05:51:00,1296,amd,1,submitted,2026-09-02T21:32:35Z
2008[Zn][srs]3[ASR]1,stage1,floor,p65,sample,2000,10000,f4_213_p65,05:51:00,1296,ac,1,submitted,2026-09-02T21:32:35Z
2008[Zn][srs]3[ASR]6,stage1,floor,p05,sample,2000,10000,f4_214_p05,05:51:00,1296,aa,1,submitted,2026-09-02T21:32:35Z
2008[Zn][srs]3[ASR]6,stage1,floor,p65,sample,2000,10000,f4_214_p65,05:51:00,1296,amd,1,submitted,2026-09-02T21:32:35Z
2008[Zn][srs]3[ASR]8,stage1,floor,p05,sample,2000,10000,f4_215_p05,05:51:00,1296,ac,1,submitted,2026-09-02T21:32:35Z
2008[Zn][srs]3[ASR]8,stage1,floor,p65,sample,2000,10000,f4_215_p65,05:51:00,1296,aa,1,submitted,2026-09-02T21:32:35Z
2008[Zn][ths]3[ASR]1,stage1,floor,p05,sample,2000,10000,f4_216_p05,22:07:00,4896,amd,1,submitted,2026-09-02T21:32:35Z
2008[Zn][ths]3[ASR]1,stage1,floor,p65,sample,2000,10000,f4_216_p65,22:07:00,4896,ac,1,submitted,2026-09-02T21:32:35Z
2009[AgHo][nan]3[ASR]1,stage1,floor,p05,sample,2000,10000,f4_217_p05,10:07:00,2240,aa,1,submitted,2026-09-02T21:32:35Z
2009[AgHo][nan]3[ASR]1,stage1,floor,p65,sample,2000,10000,f4_217_p65,10:07:00,2240,amd,1,submitted,2026-09-02T21:32:35Z
2009[Ag][nbo]3[ION]4,stage1,floor,p05,sample,2000,10000,f4_218_p05,10:44:00,2376,ac,1,submitted,2026-09-02T21:32:35Z
2009[Ag][nbo]3[ION]4,stage1,floor,p65,sample,2000,10000,f4_218_p65,10:44:00,2376,aa,1,submitted,2026-09-02T21:32:35Z
2009[Al][bpq]3[ASR]1,stage1,floor,p05,sample,2000,10000,f4_219_p05,05:29:00,1216,amd,1,submitted,2026-09-02T21:32:35Z
2009[Al][bpq]3[ASR]1,stage1,floor,p65,sample,2000,10000,f4_219_p65,05:29:00,1216,ac,1,submitted,2026-09-02T21:32:35Z
2009[Cd][dia]3[ASR]4,stage1,floor,p05,sample,2000,10000,f4_220_p05,10:54:00,2412,aa,1,submitted,2026-09-02T21:32:35Z
2009[Cd][dia]3[ASR]4,stage1,floor,p65,sample,2000,10000,f4_220_p65,10:54:00,2412,amd,1,submitted,2026-09-02T21:32:35Z
2009[Cd][gpu]3[ASR]1,stage1,floor,p05,sample,2000,10000,f4_221_p05,07:52:00,1744,ac,1,submitted,2026-09-02T21:32:35Z
2009[Cd][gpu]3[ASR]1,stage1,floor,p65,sample,2000,10000,f4_221_p65,07:52:00,1744,aa,1,submitted,2026-09-02T21:32:35Z
2009[Cd][met]3[ASR]1,stage1,floor,p05,sample,2000,10000,f4_222_p05,10:58:00,2430,amd,1,submitted,2026-09-02T21:32:35Z
2009[Cd][met]3[ASR]1,stage1,floor,p65,sample,2000,10000,f4_222_p65,10:58:00,2430,ac,1,submitted,2026-09-02T21:32:35Z
2009[Cd][nan]3[ASR]1,stage1,floor,p05,sample,2000,10000,f4_223_p05,10:11:00,2256,aa,1,submitted,2026-09-02T21:32:35Z
2009[Cd][nan]3[ASR]1,stage1,floor,p65,sample,2000,10000,f4_223_p65,10:11:00,2256,amd,1,submitted,2026-09-02T21:32:35Z
2009[Cd][nan]3[ASR]3,stage1,floor,p05,sample,2000,10000,f4_224_p05,03:45:00,832,ac,1,submitted,2026-09-02T21:32:35Z
2009[Cd][nan]3[ASR]3,stage1,floor,p65,sample,2000,10000,f4_224_p65,03:45:00,832,aa,1,submitted,2026-09-02T21:32:35Z
2009[Cd][nuc]3[ASR]2,stage1,floor,p05,sample,2000,10000,f4_225_p05,14:01:00,3104,amd,1,submitted,2026-09-02T21:32:35Z
2009[Cd][nuc]3[ASR]2,stage1,floor,p65,sample,2000,10000,f4_225_p65,14:01:00,3104,ac,1,submitted,2026-09-02T21:32:35Z
2009[Cd][pts]3[ASR]1,stage1,floor,p05,sample,2000,10000,f4_226_p05,09:15:00,2048,aa,1,submitted,2026-09-02T21:32:35Z
2009[Cd][pts]3[ASR]1,stage1,floor,p65,sample,2000,10000,f4_226_p65,09:15:00,2048,amd,1,submitted,2026-09-02T21:32:35Z
2009[Cd][rho]3[ASR]1,stage1,floor,p05,sample,2000,10000,f4_227_p05,18:13:00,4032,ac,1,submitted,2026-09-02T21:32:35Z
2009[Cd][rho]3[ASR]1,stage1,floor,p65,sample,2000,10000,f4_227_p65,18:13:00,4032,aa,1,submitted,2026-09-02T21:32:35Z
2009[Co][dia]3[ASR]1,stage1,floor,p05,sample,2000,10000,f4_228_p05,19:46:00,4374,amd,1,submitted,2026-09-02T21:32:35Z
2009[Co][dia]3[ASR]1,stage1,floor,p65,sample,2000,10000,f4_228_p65,19:46:00,4374,ac,1,submitted,2026-09-02T21:32:35Z
2009[Co][pcu]3[ASR]3,stage1,floor,p05,sample,2000,10000,f4_229_p05,11:25:00,2528,aa,1,submitted,2026-09-02T21:32:35Z
2009[Co][pcu]3[ASR]3,stage1,floor,p65,sample,2000,10000,f4_229_p65,11:25:00,2528,amd,1,submitted,2026-09-02T21:32:35Z
2009[Cu][hex]3[ASR]1,stage1,floor,p05,sample,2000,10000,f4_230_p05,09:06:00,2016,ac,1,submitted,2026-09-02T21:32:35Z
2009[Cu][hex]3[ASR]1,stage1,floor,p65,sample,2000,10000,f4_230_p65,09:06:00,2016,aa,1,submitted,2026-09-02T21:32:35Z
2009[Cu][tbo]3[ASR]2,stage1,floor,p05,sample,2000,10000,f4_231_p05,30:05:00,6656,amd,1,submitted,2026-09-02T21:32:35Z
2009[Cu][tbo]3[ASR]2,stage1,floor,p65,sample,2000,10000,f4_231_p65,30:05:00,6656,ac,1,submitted,2026-09-02T21:32:35Z
2009[Cu][tbo]3[ASR]4,stage1,floor,p05,sample,2000,10000,f4_232_p05,05:38:00,1248,aa,1,submitted,2026-09-02T21:32:35Z
2009[Cu][tbo]3[ASR]4,stage1,floor,p65,sample,2000,10000,f4_232_p65,05:38:00,1248,amd,1,submitted,2026-09-02T21:32:35Z
2009[Cu][tbo]3[ASR]7,stage1,floor,p05,sample,2000,10000,f4_233_p05,05:38:00,1248,ac,1,submitted,2026-09-02T21:32:35Z
2009[Cu][tbo]3[ASR]7,stage1,floor,p65,sample,2000,10000,f4_233_p65,05:38:00,1248,aa,1,submitted,2026-09-02T21:32:35Z
2009[ErAg][nan]3[ASR]1,stage1,floor,p05,sample,2000,10000,f4_234_p05,10:59:00,2432,amd,1,submitted,2026-09-02T21:32:35Z
2009[ErAg][nan]3[ASR]1,stage1,floor,p65,sample,2000,10000,f4_234_p65,10:59:00,2432,ac,1,submitted,2026-09-02T21:32:35Z
2009[Eu][pts]3[FSR]1,stage1,floor,p05,sample,2000,10000,f4_235_p05,08:17:00,1836,aa,1,submitted,2026-09-02T21:32:35Z
2009[Eu][pts]3[FSR]1,stage1,floor,p65,sample,2000,10000,f4_235_p65,08:17:00,1836,amd,1,submitted,2026-09-02T21:32:35Z
2009[HoAg][nan]3[ASR]1,stage1,floor,p05,sample,2000,10000,f4_236_p05,14:45:00,3264,ac,1,submitted,2026-09-02T21:32:35Z
2009[HoAg][nan]3[ASR]1,stage1,floor,p65,sample,2000,10000,f4_236_p65,14:45:00,3264,,1,submitted_reconciled,2026-09-02T21:38:28Z
2009[LaAg][nan]3[ASR]1,stage1,floor,p05,sample,2000,10000,f4_237_p05,14:45:00,3264,,1,submitted_reconciled,2026-09-02T21:38:28Z
2009[LaAg][nan]3[ASR]1,stage1,floor,p65,sample,2000,10000,f4_237_p65,14:45:00,3264,,1,submitted_reconciled,2026-09-02T21:38:28Z
2009[La][nan]3[ASR]1,stage1,floor,p05,sample,2000,10000,f4_238_p05,12:12:00,2700,,1,submitted_reconciled,2026-09-02T21:38:28Z
2009[La][nan]3[ASR]1,stage1,floor,p65,sample,2000,10000,f4_238_p65,12:12:00,2700,,1,submitted_reconciled,2026-09-02T21:38:28Z
2009[La][nan]3[ION]1,stage1,floor,p05,sample,2000,10000,f4_239_p05,15:56:00,3528,,1,submitted_reconciled,2026-09-02T21:38:28Z
2009[La][nan]3[ION]1,stage1,floor,p65,sample,2000,10000,f4_239_p65,15:56:00,3528,,1,submitted_reconciled,2026-09-02T21:38:28Z
2009[MgIn][rho]3[ION]1,stage1,floor,p05,sample,2000,10000,f4_240_p05,07:29:00,1656,,1,submitted_reconciled,2026-09-02T21:38:28Z
2009[MgIn][rho]3[ION]1,stage1,floor,p65,sample,2000,10000,f4_240_p65,07:29:00,1656,,1,submitted_reconciled,2026-09-02T21:38:28Z
2009[Ni][acs]3[ASR]1,stage1,floor,p05,sample,2000,10000,f4_241_p05,06:21:00,1408,,1,submitted_reconciled,2026-09-02T21:38:28Z
2009[Ni][acs]3[ASR]1,stage1,floor,p65,sample,2000,10000,f4_241_p65,06:21:00,1408,,1,submitted_reconciled,2026-09-02T21:38:28Z
2009[Ni][pyr]3[ASR]1,stage1,floor,p05,sample,2000,10000,f4_242_p05,07:39:00,1696,,1,submitted_reconciled,2026-09-02T21:38:28Z
2009[Ni][pyr]3[ASR]1,stage1,floor,p65,sample,2000,10000,f4_242_p65,07:39:00,1696,,1,submitted_reconciled,2026-09-02T21:38:28Z
2009[Ni][tfz]3[ASR]1,stage1,floor,p05,sample,2000,10000,f4_243_p05,08:21:00,1848,,1,submitted_reconciled,2026-09-02T21:38:28Z
2009[Ni][tfz]3[ASR]1,stage1,floor,p65,sample,2000,10000,f4_243_p65,08:21:00,1848,,1,submitted_reconciled,2026-09-02T21:38:28Z
2009[Sm][pcu]3[ASR]1,stage1,floor,p05,sample,2000,10000,f4_244_p05,08:32:00,1890,,1,submitted_reconciled,2026-09-02T21:38:28Z
2009[Sm][pcu]3[ASR]1,stage1,floor,p65,sample,2000,10000,f4_244_p65,08:32:00,1890,,1,submitted_reconciled,2026-09-02T21:38:28Z
2009[U][nan]3[FSR]1,stage1,floor,p05,sample,2000,10000,f4_245_p05,09:45:00,2160,,1,submitted_reconciled,2026-09-02T21:38:28Z
2009[U][nan]3[FSR]1,stage1,floor,p65,sample,2000,10000,f4_245_p65,09:45:00,2160,,1,submitted_reconciled,2026-09-02T21:38:28Z
2009[Yb][rtl]3[ASR]1,stage1,floor,p05,sample,2000,10000,f4_246_p05,10:50:00,2400,,1,submitted_reconciled,2026-09-02T21:38:28Z
2009[Yb][rtl]3[ASR]1,stage1,floor,p65,sample,2000,10000,f4_246_p65,10:50:00,2400,,1,submitted_reconciled,2026-09-02T21:38:28Z
2009[ZnCd][nan]3[ASR]1,stage1,floor,p05,sample,2000,10000,f4_247_p05,22:56:00,5076,,1,submitted_reconciled,2026-09-02T21:38:28Z
2009[ZnCd][nan]3[ASR]1,stage1,floor,p65,sample,2000,10000,f4_247_p65,22:56:00,5076,,1,submitted_reconciled,2026-09-02T21:38:28Z
2009[ZnPtAu][pth]3[ASR]1,stage1,floor,p05,sample,2000,10000,f4_248_p05,18:47:00,4158,,1,submitted_reconciled,2026-09-02T21:38:28Z
2009[ZnPtAu][pth]3[ASR]1,stage1,floor,p65,sample,2000,10000,f4_248_p65,18:47:00,4158,,1,submitted_reconciled,2026-09-02T21:38:28Z
2009[Zn][dia]3[ASR]4,stage1,floor,p05,sample,2000,10000,f4_249_p05,23:03:00,5100,,1,submitted_reconciled,2026-09-02T21:38:28Z
2009[Zn][dia]3[ASR]4,stage1,floor,p65,sample,2000,10000,f4_249_p65,23:03:00,5100,,1,submitted_reconciled,2026-09-02T21:38:28Z
2009[Zn][dia]3[FSR]2,stage1,floor,p05,sample,2000,10000,f4_250_p05,10:05:00,2232,,1,submitted_reconciled,2026-09-02T21:38:28Z
2009[Zn][dia]3[FSR]2,stage1,floor,p65,sample,2000,10000,f4_250_p65,10:05:00,2232,,1,submitted_reconciled,2026-09-02T21:38:28Z
2009[Zn][nan]3[ASR]3,stage1,floor,p05,sample,2000,10000,f4_251_p05,09:19:00,2064,,1,submitted_reconciled,2026-09-02T21:38:28Z
2009[Zn][nan]3[ASR]3,stage1,floor,p65,sample,2000,10000,f4_251_p65,09:19:00,2064,,1,submitted_reconciled,2026-09-02T21:38:28Z
2009[Zn][nan]3[ASR]5,stage1,floor,p05,sample,2000,10000,f4_252_p05,33:15:00,7360,,1,submitted_reconciled,2026-09-02T21:38:28Z
2009[Zn][nan]3[ASR]5,stage1,floor,p65,sample,2000,10000,f4_252_p65,33:15:00,7360,,1,submitted_reconciled,2026-09-02T21:38:28Z
2009[Zn][npo]3[ASR]1,stage1,floor,p05,sample,2000,10000,f4_253_p05,16:29:00,3648,,1,submitted_reconciled,2026-09-02T21:38:28Z
2009[Zn][npo]3[ASR]1,stage1,floor,p65,sample,2000,10000,f4_253_p65,16:29:00,3648,,1,submitted_reconciled,2026-09-02T21:38:28Z
2009[Zn][pcu]3[ASR]6,stage1,floor,p05,sample,2000,10000,f4_254_p05,11:16:00,2496,,1,submitted_reconciled,2026-09-02T21:38:28Z
2009[Zn][pcu]3[ASR]6,stage1,floor,p65,sample,2000,10000,f4_254_p65,11:16:00,2496,,1,submitted_reconciled,2026-09-02T21:38:28Z
2009[Zn][srs]3[FSR]1,stage1,floor,p05,sample,2000,10000,f4_255_p05,10:05:00,2232,,1,submitted_reconciled,2026-09-02T21:38:28Z
2009[Zn][srs]3[FSR]1,stage1,floor,p65,sample,2000,10000,f4_255_p65,10:05:00,2232,,1,submitted_reconciled,2026-09-02T21:38:28Z
2010[AgTb][nan]3[ASR]2,stage1,floor,p05,sample,2000,10000,f4_256_p05,10:07:00,2240,,1,submitted_reconciled,2026-09-02T21:38:28Z
2010[AgTb][nan]3[ASR]2,stage1,floor,p65,sample,2000,10000,f4_256_p65,10:07:00,2240,,1,submitted_reconciled,2026-09-02T21:38:28Z
2010[Ag][nan]3[ION]1,stage1,floor,p05,sample,2000,10000,f4_257_p05,30:05:00,6656,,1,submitted_reconciled,2026-09-02T21:38:28Z
2010[Ag][nan]3[ION]1,stage1,floor,p65,sample,2000,10000,f4_257_p65,30:05:00,6656,,1,submitted_reconciled,2026-09-02T21:38:28Z
2010[Ag][pts]3[ASR]1,stage1,floor,p05,sample,2000,10000,f4_258_p05,12:08:00,2688,,1,submitted_reconciled,2026-09-02T21:38:28Z
2010[Ag][pts]3[ASR]1,stage1,floor,p65,sample,2000,10000,f4_258_p65,12:08:00,2688,ac,1,submitted,2026-09-02T21:41:02Z
2010[Bi][dia]3[ASR]1,stage1,floor,p05,sample,2000,10000,f4_259_p05,05:22:00,1188,aa,1,submitted,2026-09-02T21:41:02Z
2010[Bi][dia]3[ASR]1,stage1,floor,p65,sample,2000,10000,f4_259_p65,05:22:00,1188,amd,1,submitted,2026-09-02T21:41:02Z
2010[Cd][dia]3[ASR]5,stage1,floor,p05,sample,2000,10000,f4_260_p05,13:10:00,2916,ac,1,submitted,2026-09-02T21:41:02Z
2010[Cd][dia]3[ASR]5,stage1,floor,p65,sample,2000,10000,f4_260_p65,13:10:00,2916,aa,1,submitted,2026-09-02T21:41:02Z
2010[Cd][dia]3[FSR]4,stage1,floor,p05,sample,2000,10000,f4_261_p05,17:04:00,3776,amd,1,submitted,2026-09-02T21:41:02Z
2010[Cd][dia]3[FSR]4,stage1,floor,p65,sample,2000,10000,f4_261_p65,17:04:00,3776,ac,1,submitted,2026-09-02T21:41:02Z
2010[Cd][nan]3[ASR]13,stage1,floor,p05,sample,2000,10000,f4_262_p05,06:30:00,1440,aa,1,submitted,2026-09-02T21:41:02Z
2010[Cd][nan]3[ASR]13,stage1,floor,p65,sample,2000,10000,f4_262_p65,06:30:00,1440,amd,1,submitted,2026-09-02T21:41:02Z
2010[Cd][nan]3[ASR]8,stage1,floor,p05,sample,2000,10000,f4_263_p05,31:14:00,6912,ac,1,submitted,2026-09-02T21:41:02Z
2010[Cd][nan]3[ASR]8,stage1,floor,p65,sample,2000,10000,f4_263_p65,31:14:00,6912,aa,1,submitted,2026-09-02T21:41:02Z
2010[Cd][nan]3[FSR]1,stage1,floor,p05,sample,2000,10000,f4_264_p05,72:00:00,16896,amd,1,submitted,2026-09-02T21:41:02Z
2010[Cd][nan]3[FSR]1,stage1,floor,p65,sample,2000,10000,f4_264_p65,72:00:00,16896,ac,1,submitted,2026-09-02T21:41:02Z
2010[Cd][nuc]3[ASR]5,stage1,floor,p05,sample,2000,10000,f4_265_p05,14:01:00,3104,aa,1,submitted,2026-09-02T21:41:02Z
2010[Cd][nuc]3[ASR]5,stage1,floor,p65,sample,2000,10000,f4_265_p65,14:01:00,3104,amd,1,submitted,2026-09-02T21:41:02Z
2010[Cd][nuc]3[ASR]6,stage1,floor,p05,sample,2000,10000,f4_266_p05,14:01:00,3104,ac,1,submitted,2026-09-02T21:41:02Z
2010[Cd][nuc]3[ASR]6,stage1,floor,p65,sample,2000,10000,f4_266_p65,14:01:00,3104,aa,1,submitted,2026-09-02T21:41:02Z
2010[Cd][nuc]3[ASR]7,stage1,floor,p05,sample,2000,10000,f4_267_p05,14:01:00,3104,amd,1,submitted,2026-09-02T21:41:02Z
2010[Cd][nuc]3[ASR]7,stage1,floor,p65,sample,2000,10000,f4_267_p65,14:01:00,3104,ac,1,submitted,2026-09-02T21:41:02Z
2010[Cd][nuc]3[ION]13,stage1,floor,p05,sample,2000,10000,f4_268_p05,14:45:00,3264,aa,1,submitted,2026-09-02T21:41:02Z
2010[Cd][nuc]3[ION]13,stage1,floor,p65,sample,2000,10000,f4_268_p65,14:45:00,3264,amd,1,submitted,2026-09-02T21:41:02Z
2010[Cd][nuc]3[ION]7,stage1,floor,p05,sample,2000,10000,f4_269_p05,14:45:00,3264,ac,1,submitted,2026-09-02T21:41:02Z
2010[Cd][nuc]3[ION]7,stage1,floor,p65,sample,2000,10000,f4_269_p65,14:45:00,3264,aa,1,submitted,2026-09-02T21:41:02Z
2010[Cd][nuc]3[ION]9,stage1,floor,p05,sample,2000,10000,f4_270_p05,14:45:00,3264,amd,1,submitted,2026-09-02T21:41:02Z
2010[Cd][nuc]3[ION]9,stage1,floor,p65,sample,2000,10000,f4_270_p65,14:45:00,3264,ac,1,submitted,2026-09-02T21:41:02Z
2010[Cd][pcu]3[ASR]1,stage1,floor,p05,sample,2000,10000,f4_271_p05,11:25:00,2528,aa,1,submitted,2026-09-02T21:41:02Z
2010[Cd][pcu]3[ASR]1,stage1,floor,p65,sample,2000,10000,f4_271_p65,11:25:00,2528,amd,1,submitted,2026-09-02T21:41:02Z
2010[Cd][pts]3[ASR]1,stage1,floor,p05,sample,2000,10000,f4_272_p05,20:10:00,4464,ac,1,submitted,2026-09-02T21:41:02Z
2010[Cd][pts]3[ASR]1,stage1,floor,p65,sample,2000,10000,f4_272_p65,20:10:00,4464,aa,1,submitted,2026-09-02T21:41:02Z
2010[Cd][sqc]3[ASR]1,stage1,floor,p05,sample,2000,10000,f4_273_p05,19:02:00,4212,amd,1,submitted,2026-09-02T21:41:02Z
2010[Cd][sqc]3[ASR]1,stage1,floor,p65,sample,2000,10000,f4_273_p65,19:02:00,4212,ac,1,submitted,2026-09-02T21:41:02Z
2010[CoLa][pcu]3[ASR]1,stage1,floor,p05,sample,2000,10000,f4_274_p05,09:16:00,2052,aa,1,submitted,2026-09-02T21:41:02Z
2010[CoLa][pcu]3[ASR]1,stage1,floor,p65,sample,2000,10000,f4_274_p65,09:16:00,2052,amd,1,submitted,2026-09-02T21:41:02Z
2010[Co][lvt]3[ASR]1,stage1,floor,p05,sample,2000,10000,f4_275_p05,05:29:00,1216,ac,1,submitted,2026-09-02T21:41:02Z
2010[Co][lvt]3[ASR]1,stage1,floor,p65,sample,2000,10000,f4_275_p65,05:29:00,1216,aa,1,submitted,2026-09-02T21:41:02Z
2010[Co][nan]3[ASR]4,stage1,floor,p05,sample,2000,10000,f4_276_p05,11:08:00,2464,amd,1,submitted,2026-09-02T21:41:02Z
2010[Co][nan]3[ASR]4,stage1,floor,p65,sample,2000,10000,f4_276_p65,11:08:00,2464,ac,1,submitted,2026-09-02T21:41:02Z
2010[Co][nan]3[ASR]6,stage1,floor,p05,sample,2000,10000,f4_277_p05,08:14:00,1824,aa,1,submitted,2026-09-02T21:41:02Z
2010[Co][nan]3[ASR]6,stage1,floor,p65,sample,2000,10000,f4_277_p65,08:14:00,1824,amd,1,submitted,2026-09-02T21:41:02Z
2010[Co][pcu]3[ASR]3,stage1,floor,p05,sample,2000,10000,f4_278_p05,09:45:00,2160,ac,1,submitted,2026-09-02T21:53:55Z
2010[Co][pcu]3[ASR]3,stage1,floor,p65,sample,2000,10000,f4_278_p65,09:45:00,2160,aa,1,submitted,2026-09-02T22:04:46Z
2010[Co][tfz]3[ASR]1,stage1,floor,p05,sample,2000,10000,f4_279_p05,12:12:00,2700,aa,1,submitted,2026-09-02T22:07:34Z
2010[Co][tfz]3[ASR]1,stage1,floor,p65,sample,2000,10000,f4_279_p65,12:12:00,2700,aa,1,submitted,2026-09-02T22:10:24Z
2010[Cr][bpq]3[ASR]1,stage1,floor,p05,sample,2000,10000,f4_280_p05,12:12:00,2700,ac,1,submitted,2026-09-02T22:10:24Z
2010[Cr][bpq]3[ASR]1,stage1,floor,p65,sample,2000,10000,f4_280_p65,12:12:00,2700,aa,1,submitted,2026-09-02T22:23:16Z
2010[CuLa][nan]3[ASR]1,stage1,floor,p05,sample,2000,10000,f4_281_p05,14:53:00,3294,aa,1,submitted,2026-09-02T22:46:12Z
2010[CuLa][nan]3[ASR]1,stage1,floor,p65,sample,2000,10000,f4_281_p65,14:53:00,3294,aa,1,submitted,2026-09-02T22:49:00Z
2010[Cu][bor]3[ION]2,stage1,floor,p05,sample,2000,10000,f4_282_p05,21:20:00,4720,aa,1,submitted,2026-09-02T22:51:50Z
2010[Cu][bor]3[ION]2,stage1,floor,p65,sample,2000,10000,f4_282_p65,21:20:00,4720,ac,1,submitted,2026-09-02T22:51:50Z
2010[Cu][nan]3[ASR]15,stage1,floor,p05,sample,2000,10000,f4_283_p05,11:55:00,2640,ac,1,submitted,2026-09-02T22:54:38Z
2010[Cu][nan]3[ASR]15,stage1,floor,p65,sample,2000,10000,f4_283_p65,11:55:00,2640,ac,1,submitted,2026-09-02T22:57:28Z
2010[Cu][nan]3[ASR]20,stage1,floor,p05,sample,2000,10000,f4_284_p05,11:55:00,2640,aa,1,submitted,2026-09-02T22:57:28Z
2010[Cu][nan]3[ASR]20,stage1,floor,p65,sample,2000,10000,f4_284_p65,11:55:00,2640,ac,1,submitted,2026-09-02T23:00:16Z
2010[Cu][nan]3[ASR]25,stage1,floor,p05,sample,2000,10000,f4_285_p05,11:55:00,2640,ac,1,submitted,2026-09-02T23:03:04Z
2010[Cu][nan]3[ASR]25,stage1,floor,p65,sample,2000,10000,f4_285_p65,11:55:00,2640,ac,1,submitted,2026-09-02T23:07:54Z
2010[Cu][nan]3[ASR]28,stage1,floor,p05,sample,2000,10000,f4_286_p05,11:55:00,2640,aa,1,submitted,2026-09-02T23:07:54Z
2010[Cu][nan]3[ASR]28,stage1,floor,p65,sample,2000,10000,f4_286_p65,11:55:00,2640,ac,1,submitted,2026-09-02T23:10:43Z
2010[Cu][nts]3[ASR]1,stage1,floor,p05,sample,2000,10000,f4_287_p05,03:34:00,792,ac,1,submitted,2026-09-02T23:13:37Z
2010[Cu][nts]3[ASR]1,stage1,floor,p65,sample,2000,10000,f4_287_p65,03:34:00,792,aa,1,submitted,2026-09-02T23:13:37Z
2010[Cu][nts]3[ASR]2,stage1,floor,p05,sample,2000,10000,f4_288_p05,03:21:00,744,amd,1,submitted,2026-09-02T23:13:37Z
2010[Cu][nts]3[ASR]2,stage1,floor,p65,sample,2000,10000,f4_288_p65,03:21:00,744,ac,1,submitted,2026-09-02T23:13:37Z
2010[Dy][pcu]3[ASR]1,stage1,floor,p05,sample,2000,10000,f4_289_p05,09:00:00,1992,aa,1,submitted,2026-09-02T23:13:37Z
2010[Dy][pcu]3[ASR]1,stage1,floor,p65,sample,2000,10000,f4_289_p65,09:00:00,1992,ac,1,submitted,2026-09-02T23:18:28Z
2010[Eu][flu]3[ASR]1,stage1,floor,p05,sample,2000,10000,f4_290_p05,06:50:00,1512,aa,1,submitted,2026-09-02T23:18:28Z
2010[Eu][flu]3[ASR]1,stage1,floor,p65,sample,2000,10000,f4_290_p65,06:50:00,1512,ac,1,submitted,2026-09-02T23:21:22Z
2010[Eu][rtl]3[FSR]1,stage1,floor,p05,sample,2000,10000,f4_291_p05,11:34:00,2560,aa,1,submitted,2026-09-02T23:21:22Z
2010[Eu][rtl]3[FSR]1,stage1,floor,p65,sample,2000,10000,f4_291_p65,11:34:00,2560,amd,1,submitted,2026-09-02T23:21:22Z
2010[Fe][bpq]3[FSR]3,stage1,floor,p05,sample,2000,10000,f4_292_p05,12:12:00,2700,ac,1,submitted,2026-09-02T23:21:22Z
2010[Fe][bpq]3[FSR]3,stage1,floor,p65,sample,2000,10000,f4_292_p65,12:12:00,2700,aa,1,submitted,2026-09-02T23:21:22Z
2010[Gd][rtl]3[ASR]1,stage1,floor,p05,sample,2000,10000,f4_293_p05,09:24:00,2080,ac,1,submitted,2026-09-02T23:24:13Z
2010[Gd][rtl]3[ASR]1,stage1,floor,p65,sample,2000,10000,f4_293_p65,09:24:00,2080,aa,1,submitted,2026-09-02T23:24:13Z
2010[La][flu]3[ASR]1,stage1,floor,p05,sample,2000,10000,f4_294_p05,07:19:00,1620,amd,1,submitted,2026-09-02T23:24:13Z
2010[La][flu]3[ASR]1,stage1,floor,p65,sample,2000,10000,f4_294_p65,07:19:00,1620,ac,1,submitted,2026-09-02T23:27:06Z
2010[La][flu]3[FSR]2,stage1,floor,p05,sample,2000,10000,f4_295_p05,08:47:00,1944,aa,1,submitted,2026-09-02T23:27:06Z
2010[La][flu]3[FSR]2,stage1,floor,p65,sample,2000,10000,f4_295_p65,08:47:00,1944,amd,1,submitted,2026-09-02T23:27:06Z
2010[La][flu]3[FSR]3,stage1,floor,p05,sample,2000,10000,f4_296_p05,08:47:00,1944,ac,1,submitted,2026-09-02T23:27:06Z
2010[La][flu]3[FSR]3,stage1,floor,p65,sample,2000,10000,f4_296_p65,08:47:00,1944,ac,1,submitted,2026-09-02T23:29:59Z
2010[La][nan]3[FSR]1,stage1,floor,p05,sample,2000,10000,f4_297_p05,13:01:00,2880,aa,1,submitted,2026-09-02T23:29:59Z
2010[La][nan]3[FSR]1,stage1,floor,p65,sample,2000,10000,f4_297_p65,13:01:00,2880,amd,1,submitted,2026-09-02T23:29:59Z
2010[Mn][nan]3[ASR]2,stage1,floor,p05,sample,2000,10000,f4_298_p05,12:48:00,2832,ac,1,submitted,2026-09-02T23:29:59Z
2010[Mn][nan]3[ASR]2,stage1,floor,p65,sample,2000,10000,f4_298_p65,12:48:00,2832,ac,1,submitted,2026-09-02T23:32:53Z
2010[Mn][pts]3[ASR]1,stage1,floor,p05,sample,2000,10000,f4_299_p05,20:10:00,4464,aa,1,submitted,2026-09-02T23:32:53Z
2010[Mn][pts]3[ASR]1,stage1,floor,p65,sample,2000,10000,f4_299_p65,20:10:00,4464,amd,1,submitted,2026-09-02T23:32:53Z
2010[Mn][ths]3[ASR]1,stage1,floor,p05,sample,2000,10000,f4_300_p05,07:29:00,1656,ac,1,submitted,2026-09-02T23:32:53Z
2010[Mn][ths]3[ASR]1,stage1,floor,p65,sample,2000,10000,f4_300_p65,07:29:00,1656,aa,1,submitted,2026-09-02T23:32:53Z
2010[Mo][nan]3[ASR]1,stage1,floor,p05,sample,2000,10000,f4_301_p05,13:40:00,3024,ac,1,submitted,2026-09-02T23:35:50Z
2010[Mo][nan]3[ASR]1,stage1,floor,p65,sample,2000,10000,f4_301_p65,13:40:00,3024,aa,1,submitted,2026-09-02T23:35:50Z
2010[Nd][nan]3[ASR]3,stage1,floor,p05,sample,2000,10000,f4_302_p05,13:53:00,3072,amd,1,submitted,2026-09-02T23:35:50Z
2010[Nd][nan]3[ASR]3,stage1,floor,p65,sample,2000,10000,f4_302_p65,13:53:00,3072,ac,1,submitted,2026-09-02T23:35:50Z
2010[Nd][nan]3[FSR]3,stage1,floor,p05,sample,2000,10000,f4_303_p05,17:21:00,3840,aa,1,submitted,2026-09-02T23:35:50Z
2010[Nd][nan]3[FSR]3,stage1,floor,p65,sample,2000,10000,f4_303_p65,17:21:00,3840,amd,1,submitted,2026-09-02T23:35:50Z
2010[Nd][rtl]3[FSR]1,stage1,floor,p05,sample,2000,10000,f4_304_p05,11:34:00,2560,ac,1,submitted,2026-09-02T23:35:50Z
2010[Nd][rtl]3[FSR]1,stage1,floor,p65,sample,2000,10000,f4_304_p65,11:34:00,2560,aa,1,submitted,2026-09-02T23:35:50Z
2010[Ni][nan]3[ASR]2,stage1,floor,p05,sample,2000,10000,f4_305_p05,08:56:00,1980,ac,1,submitted,2026-09-02T23:38:41Z
2010[Ni][nan]3[ASR]2,stage1,floor,p65,sample,2000,10000,f4_305_p65,08:56:00,1980,aa,1,submitted,2026-09-02T23:38:41Z
2010[Pr][sxb]3[ASR]1,stage1,floor,p05,sample,2000,10000,f4_306_p05,06:00:00,1328,amd,1,submitted,2026-09-02T23:38:41Z
2010[Pr][sxb]3[ASR]1,stage1,floor,p65,sample,2000,10000,f4_306_p65,06:00:00,1328,ac,1,submitted,2026-09-02T23:41:35Z
2010[Sm][flu]3[ASR]1,stage1,floor,p05,sample,2000,10000,f4_307_p05,06:50:00,1512,aa,1,submitted,2026-09-02T23:41:35Z
2010[Sm][flu]3[ASR]1,stage1,floor,p65,sample,2000,10000,f4_307_p65,06:50:00,1512,amd,1,submitted,2026-09-02T23:41:35Z
2010[Sm][rtl]3[ASR]1,stage1,floor,p05,sample,2000,10000,f4_308_p05,09:24:00,2080,ac,1,submitted,2026-09-02T23:41:35Z
2010[Sm][rtl]3[ASR]1,stage1,floor,p65,sample,2000,10000,f4_308_p65,09:24:00,2080,aa,1,submitted,2026-09-02T23:41:35Z
2010[Sm][rtl]3[FSR]1,stage1,floor,p05,sample,2000,10000,f4_309_p05,11:34:00,2560,ac,1,submitted,2026-09-02T23:44:23Z
2010[Sm][rtl]3[FSR]1,stage1,floor,p65,sample,2000,10000,f4_309_p65,11:34:00,2560,ac,1,submitted,2026-09-02T23:47:16Z
2010[Tb][nan]3[ASR]1,stage1,floor,p05,sample,2000,10000,f4_310_p05,06:10:00,1368,aa,1,submitted,2026-09-02T23:47:16Z
2010[Tb][nan]3[ASR]1,stage1,floor,p65,sample,2000,10000,f4_310_p65,06:10:00,1368,amd,1,submitted,2026-09-02T23:47:16Z
2010[U][pts]3[ASR]1,stage1,floor,p05,sample,2000,10000,f4_311_p05,06:50:00,1512,ac,1,submitted,2026-09-02T23:47:16Z
2010[U][pts]3[ASR]1,stage1,floor,p65,sample,2000,10000,f4_311_p65,06:50:00,1512,ac,1,submitted,2026-09-02T23:50:08Z
2010[Y][rtl]3[ASR]1,stage1,floor,p05,sample,2000,10000,f4_312_p05,09:24:00,2080,aa,1,submitted,2026-09-02T23:50:08Z
2010[Y][rtl]3[ASR]1,stage1,floor,p65,sample,2000,10000,f4_312_p65,09:24:00,2080,amd,1,submitted,2026-09-02T23:50:08Z
2010[YbCo][pth]3[FSR]1,stage1,floor,p05,sample,2000,10000,f4_313_p05,19:31:00,4320,ac,1,submitted,2026-09-02T23:50:08Z
2010[YbCo][pth]3[FSR]1,stage1,floor,p65,sample,2000,10000,f4_313_p65,19:31:00,4320,ac,1,submitted,2026-09-02T23:52:56Z
2010[Zn][ins]3[ASR]1,stage1,floor,p05,sample,2000,10000,f4_314_p05,14:58:00,3312,ac,1,submitted,2026-09-02T23:55:47Z
2010[Zn][ins]3[ASR]1,stage1,floor,p65,sample,2000,10000,f4_314_p65,14:58:00,3312,aa,1,submitted,2026-09-02T23:55:47Z
2010[Zn][jeb]3[FSR]1,stage1,floor,p05,sample,2000,10000,f4_315_p05,20:59:00,4644,amd,1,submitted,2026-09-02T23:55:47Z
2010[Zn][jeb]3[FSR]1,stage1,floor,p65,sample,2000,10000,f4_315_p65,20:59:00,4644,ac,1,submitted,2026-09-02T23:58:42Z
2010[Zn][lcy]3[ASR]1,stage1,floor,p05,sample,2000,10000,f4_316_p05,10:16:00,2272,aa,1,submitted,2026-09-02T23:58:42Z
2010[Zn][lcy]3[ASR]1,stage1,floor,p65,sample,2000,10000,f4_316_p65,10:16:00,2272,amd,1,submitted,2026-09-02T23:58:42Z
2010[Zn][nan]3[ASR]2,stage1,floor,p05,sample,2000,10000,f4_317_p05,21:48:00,4824,ac,1,submitted,2026-09-02T23:58:42Z
2010[Zn][nan]3[ASR]2,stage1,floor,p65,sample,2000,10000,f4_317_p65,21:48:00,4824,aa,1,submitted,2026-09-02T23:58:42Z
2010[Zn][nan]3[ASR]22,stage1,floor,p05,sample,2000,10000,f4_318_p05,14:48:00,3276,amd,1,submitted,2026-09-02T23:58:42Z
2010[Zn][nan]3[ASR]22,stage1,floor,p65,sample,2000,10000,f4_318_p65,14:48:00,3276,ac,1,submitted,2026-09-03T00:01:33Z
2010[Zn][nan]3[ASR]8,stage1,floor,p05,sample,2000,10000,f4_319_p05,18:00:00,3984,aa,1,submitted,2026-09-03T00:01:33Z
2010[Zn][nan]3[ASR]8,stage1,floor,p65,sample,2000,10000,f4_319_p65,18:00:00,3984,amd,1,submitted,2026-09-03T00:01:33Z
2010[Zn][neb]3[ASR]1,stage1,floor,p05,sample,2000,10000,f4_320_p05,11:33:00,2556,ac,1,submitted,2026-09-03T00:04:26Z
2010[Zn][neb]3[ASR]1,stage1,floor,p65,sample,2000,10000,f4_320_p65,11:33:00,2556,aa,1,submitted,2026-09-03T00:04:26Z
2010[Zn][neb]3[ASR]2,stage1,floor,p05,sample,2000,10000,f4_321_p05,14:45:00,3264,amd,1,submitted,2026-09-03T00:04:26Z
2010[Zn][neb]3[ASR]2,stage1,floor,p65,sample,2000,10000,f4_321_p65,14:45:00,3264,ac,1,submitted,2026-09-03T00:04:26Z
2010[Zn][pcu]3[FSR]3,stage1,floor,p05,sample,2000,10000,f4_322_p05,19:31:00,4320,aa,1,submitted,2026-09-03T00:04:26Z
2010[Zn][pcu]3[FSR]3,stage1,floor,p65,sample,2000,10000,f4_322_p65,19:31:00,4320,ac,1,submitted,2026-09-03T00:07:21Z
2010[Zn][pyr]3[ASR]1,stage1,floor,p05,sample,2000,10000,f4_323_p05,03:00:00,428,aa,1,submitted,2026-09-03T00:07:21Z
2010[Zn][pyr]3[ASR]1,stage1,floor,p65,sample,2000,10000,f4_323_p65,03:00:00,428,amd,1,submitted,2026-09-03T00:07:21Z
2010[Zn][srs]3[ASR]2,stage1,floor,p05,sample,2000,10000,f4_324_p05,05:51:00,1296,ac,1,submitted,2026-09-03T00:07:21Z
2010[Zn][srs]3[ASR]2,stage1,floor,p65,sample,2000,10000,f4_324_p65,05:51:00,1296,aa,1,submitted,2026-09-03T00:07:21Z
2010[Zn][srs]3[ASR]3,stage1,floor,p05,sample,2000,10000,f4_325_p05,05:51:00,1296,amd,1,submitted,2026-09-03T00:07:21Z
2010[Zn][srs]3[ASR]3,stage1,floor,p65,sample,2000,10000,f4_325_p65,05:51:00,1296,ac,1,submitted,2026-09-03T00:10:16Z
2010[Zn][ttt]3[ASR]1,stage1,floor,p05,sample,2000,10000,f4_326_p05,18:47:00,4158,aa,1,submitted,2026-09-03T00:10:16Z
2010[Zn][ttt]3[ASR]1,stage1,floor,p65,sample,2000,10000,f4_326_p65,18:47:00,4158,amd,1,submitted,2026-09-03T00:10:16Z
2011[Ag][nan]3[ASR]4,stage1,floor,p05,sample,2000,10000,f4_327_p05,13:40:00,3024,ac,1,submitted,2026-09-03T00:10:16Z
2011[Ag][nan]3[ASR]4,stage1,floor,p65,sample,2000,10000,f4_327_p65,13:40:00,3024,aa,1,submitted,2026-09-03T00:10:16Z
2011[Cd][dmp]3[ION]1,stage1,floor,p05,sample,2000,10000,f4_328_p05,29:04:00,6432,amd,1,submitted,2026-09-03T00:10:16Z
2011[Cd][dmp]3[ION]1,stage1,floor,p65,sample,2000,10000,f4_328_p65,29:04:00,6432,ac,1,submitted,2026-09-03T00:13:11Z
2011[Cd][flu]3[ASR]1,stage1,floor,p05,sample,2000,10000,f4_329_p05,19:22:00,4288,aa,1,submitted,2026-09-03T00:13:11Z
2011[Cd][flu]3[ASR]1,stage1,floor,p65,sample,2000,10000,f4_329_p65,19:22:00,4288,amd,1,submitted,2026-09-03T00:13:11Z
2011[Cd][nan]3[FSR]1,stage1,floor,p05,sample,2000,10000,f4_330_p05,22:16:00,4928,ac,1,submitted,2026-09-03T00:13:11Z
2011[Cd][nan]3[FSR]1,stage1,floor,p65,sample,2000,10000,f4_330_p65,22:16:00,4928,aa,1,submitted,2026-09-03T00:13:11Z
2011[Cd][scu]3[ASR]1,stage1,floor,p05,sample,2000,10000,f4_331_p05,08:47:00,1944,amd,1,submitted,2026-09-03T00:13:11Z
2011[Cd][scu]3[ASR]1,stage1,floor,p65,sample,2000,10000,f4_331_p65,08:47:00,1944,ac,1,submitted,2026-09-03T00:16:07Z
2011[Cd][sql]2[FSR]1,stage1,floor,p05,sample,2000,10000,f4_332_p05,08:40:00,1920,aa,1,submitted,2026-09-03T00:16:07Z
2011[Cd][sql]2[FSR]1,stage1,floor,p65,sample,2000,10000,f4_332_p65,08:40:00,1920,amd,1,submitted,2026-09-03T00:16:07Z
2011[Cd][zzz]3[ASR]1,stage1,floor,p05,sample,2000,10000,f4_333_p05,03:18:00,732,ac,1,submitted,2026-09-03T00:16:07Z
2011[Cd][zzz]3[ASR]1,stage1,floor,p65,sample,2000,10000,f4_333_p65,03:18:00,732,aa,1,submitted,2026-09-03T00:16:07Z
2011[CeCu][stp]3[ASR]1,stage1,floor,p05,sample,2000,10000,f4_334_p05,14:28:00,3204,amd,1,submitted,2026-09-03T00:16:07Z
2011[CeCu][stp]3[ASR]1,stage1,floor,p65,sample,2000,10000,f4_334_p65,14:28:00,3204,ac,1,submitted,2026-09-03T00:16:07Z
2011[Ce][nan]3[ASR]1,stage1,floor,p05,sample,2000,10000,f4_335_p05,11:42:00,2592,ac,1,submitted,2026-09-03T00:19:05Z
2011[Ce][nan]3[ASR]1,stage1,floor,p65,sample,2000,10000,f4_335_p65,11:42:00,2592,aa,1,submitted,2026-09-03T00:19:05Z
2011[Co][dia]3[ASR]4,stage1,floor,p05,sample,2000,10000,f4_336_p05,09:34:00,2120,amd,1,submitted,2026-09-03T00:19:05Z
2011[Co][dia]3[ASR]4,stage1,floor,p65,sample,2000,10000,f4_336_p65,09:34:00,2120,ac,1,submitted,2026-09-03T00:19:05Z
2011[Co][hex]3[ASR]2,stage1,floor,p05,sample,2000,10000,f4_337_p05,19:25:00,4296,aa,1,submitted,2026-09-03T00:19:05Z
2011[Co][hex]3[ASR]2,stage1,floor,p65,sample,2000,10000,f4_337_p65,19:25:00,4296,amd,1,submitted,2026-09-03T00:19:05Z
2011[Co][mok]3[ASR]1,stage1,floor,p05,sample,2000,10000,f4_338_p05,08:49:00,1952,ac,1,submitted,2026-09-03T00:19:05Z
2011[Co][mok]3[ASR]1,stage1,floor,p65,sample,2000,10000,f4_338_p65,08:49:00,1952,aa,1,submitted,2026-09-03T00:19:05Z
2011[Co][nan]3[ASR]10,stage1,floor,p05,sample,2000,10000,f4_339_p05,19:05:00,4224,ac,1,submitted,2026-09-03T00:21:57Z
2011[Co][nan]3[ASR]10,stage1,floor,p65,sample,2000,10000,f4_339_p65,19:05:00,4224,aa,1,submitted,2026-09-03T00:21:57Z
2011[Co][nan]3[ASR]8,stage1,floor,p05,sample,2000,10000,f4_340_p05,20:10:00,4464,amd,1,submitted,2026-09-03T00:21:57Z
2011[Co][nan]3[ASR]8,stage1,floor,p65,sample,2000,10000,f4_340_p65,20:10:00,4464,ac,1,submitted,2026-09-03T00:21:57Z
2011[Co][nan]3[FSR]11,stage1,floor,p05,sample,2000,10000,f4_341_p05,11:42:00,2592,ac,1,submitted,2026-09-03T00:24:52Z
2011[Co][nan]3[FSR]11,stage1,floor,p65,sample,2000,10000,f4_341_p65,11:42:00,2592,aa,1,submitted,2026-09-03T00:24:52Z
2011[Co][rtl]3[ASR]3,stage1,floor,p05,sample,2000,10000,f4_342_p05,06:10:00,1368,amd,1,submitted,2026-09-03T00:24:52Z
2011[Co][rtl]3[ASR]3,stage1,floor,p65,sample,2000,10000,f4_342_p65,06:10:00,1368,ac,1,submitted,2026-09-03T00:24:52Z
2011[CuNd][stp]3[ASR]1,stage1,floor,p05,sample,2000,10000,f4_343_p05,14:28:00,3204,aa,1,submitted,2026-09-03T00:24:52Z
2011[CuNd][stp]3[ASR]1,stage1,floor,p65,sample,2000,10000,f4_343_p65,14:28:00,3204,ac,1,submitted,2026-09-03T00:27:44Z
2011[CuW][ths]3[ASR]2,stage1,floor,p05,sample,2000,10000,f4_344_p05,20:30:00,4536,aa,1,submitted,2026-09-03T00:27:44Z
2011[CuW][ths]3[ASR]2,stage1,floor,p65,sample,2000,10000,f4_344_p65,20:30:00,4536,amd,1,submitted,2026-09-03T00:27:44Z
2011[Cu][bcu]3[ASR]1,stage1,floor,p05,sample,2000,10000,f4_345_p05,08:01:00,1776,ac,1,submitted,2026-09-03T00:27:44Z
2011[Cu][bcu]3[ASR]1,stage1,floor,p65,sample,2000,10000,f4_345_p65,08:01:00,1776,ac,1,submitted,2026-09-03T00:30:33Z
2011[Cu][dia]3[ASR]1,stage1,floor,p05,sample,2000,10000,f4_346_p05,12:56:00,2862,aa,1,submitted,2026-09-03T00:30:33Z
2011[Cu][dia]3[ASR]1,stage1,floor,p65,sample,2000,10000,f4_346_p65,12:56:00,2862,ac,1,submitted,2026-09-03T00:33:24Z
2011[Cu][lvt]3[ASR]3,stage1,floor,p05,sample,2000,10000,f4_347_p05,11:51:00,2624,aa,1,submitted,2026-09-03T00:33:24Z
2011[Cu][lvt]3[ASR]3,stage1,floor,p65,sample,2000,10000,f4_347_p65,11:51:00,2624,amd,1,submitted,2026-09-03T00:33:24Z
2011[Cu][nan]3[ASR]4,stage1,floor,p05,sample,2000,10000,f4_348_p05,13:01:00,2880,ac,1,submitted,2026-09-03T00:36:15Z
2011[Cu][nan]3[ASR]4,stage1,floor,p65,sample,2000,10000,f4_348_p65,13:01:00,2880,aa,1,submitted,2026-09-03T00:36:15Z
2011[Cu][nan]3[ASR]6,stage1,floor,p05,sample,2000,10000,f4_349_p05,08:40:00,1920,amd,1,submitted,2026-09-03T00:36:15Z
2011[Cu][nan]3[ASR]6,stage1,floor,p65,sample,2000,10000,f4_349_p65,08:40:00,1920,ac,1,submitted,2026-09-03T00:36:15Z
2011[Cu][nan]3[ASR]7,stage1,floor,p05,sample,2000,10000,f4_350_p05,13:01:00,2880,ac,1,submitted,2026-09-03T00:39:06Z
2011[Cu][nan]3[ASR]7,stage1,floor,p65,sample,2000,10000,f4_350_p65,13:01:00,2880,aa,1,submitted,2026-09-03T00:39:06Z
2011[Cu][nts]3[ASR]1,stage1,floor,p05,sample,2000,10000,f4_351_p05,19:57:00,4416,amd,1,submitted,2026-09-03T00:39:06Z
2011[Cu][nts]3[ASR]1,stage1,floor,p65,sample,2000,10000,f4_351_p65,19:57:00,4416,ac,1,submitted,2026-09-03T00:43:57Z
2011[Cu][pto]3[ASR]1,stage1,floor,p05,sample,2000,10000,f4_352_p05,03:00:00,396,aa,1,submitted,2026-09-03T00:43:57Z
2011[Cu][pto]3[ASR]1,stage1,floor,p65,sample,2000,10000,f4_352_p65,03:00:00,396,ac,1,submitted,2026-09-03T00:48:46Z
2011[Cu][pts]3[ASR]3,stage1,floor,p05,sample,2000,10000,f4_353_p05,08:05:00,1792,ac,1,submitted,2026-09-03T00:51:37Z
2011[Cu][pts]3[ASR]3,stage1,floor,p65,sample,2000,10000,f4_353_p65,08:05:00,1792,aa,1,submitted,2026-09-03T00:51:37Z
2011[Er][bnn]3[ASR]1,stage1,floor,p05,sample,2000,10000,f4_354_p05,09:45:00,2160,amd,1,submitted,2026-09-03T00:51:37Z
2011[Er][bnn]3[ASR]1,stage1,floor,p65,sample,2000,10000,f4_354_p65,09:45:00,2160,ac,1,submitted,2026-09-03T00:54:27Z
2011[Er][ecu]3[ASR]2,stage1,floor,p05,sample,2000,10000,f4_355_p05,07:22:00,1632,aa,1,submitted,2026-09-03T00:54:27Z
2011[Er][ecu]3[ASR]2,stage1,floor,p65,sample,2000,10000,f4_355_p65,07:22:00,1632,ac,1,submitted,2026-09-03T00:57:15Z
2011[Er][nan]3[ASR]1,stage1,floor,p05,sample,2000,10000,f4_356_p05,09:13:00,2040,aa,1,submitted,2026-09-03T01:00:03Z
2011[Er][nan]3[ASR]1,stage1,floor,p65,sample,2000,10000,f4_356_p65,09:13:00,2040,aa,1,submitted,2026-09-03T01:02:53Z
2011[EuCo][nan]3[ION]1,stage1,floor,p05,sample,2000,10000,f4_357_p05,17:05:00,3780,ac,1,submitted,2026-09-03T01:02:53Z
2011[EuCo][nan]3[ION]1,stage1,floor,p65,sample,2000,10000,f4_357_p65,17:05:00,3780,aa,1,submitted,2026-09-03T01:05:47Z
2011[Eu][cds]3[FSR]1,stage1,floor,p05,sample,2000,10000,f4_358_p05,12:21:00,2736,ac,1,submitted,2026-09-03T01:05:47Z
2011[Eu][cds]3[FSR]1,stage1,floor,p65,sample,2000,10000,f4_358_p65,12:21:00,2736,amd,1,submitted,2026-09-03T01:05:47Z
2011[Eu][flu]3[ASR]1,stage1,floor,p05,sample,2000,10000,f4_359_p05,07:19:00,1620,aa,1,submitted,2026-09-03T01:05:47Z
2011[Eu][flu]3[ASR]1,stage1,floor,p65,sample,2000,10000,f4_359_p65,07:19:00,1620,ac,1,submitted,2026-09-03T01:05:47Z
2011[Eu][flu]3[FSR]1,stage1,floor,p05,sample,2000,10000,f4_360_p05,07:48:00,1728,aa,1,submitted,2026-09-03T01:08:35Z
2011[Eu][flu]3[FSR]1,stage1,floor,p65,sample,2000,10000,f4_360_p65,07:48:00,1728,aa,1,submitted,2026-09-03T01:11:24Z
2011[FeAg][nan]3[ION]1,stage1,floor,p05,sample,2000,10000,f4_361_p05,20:06:00,4448,aa,1,submitted,2026-09-03T01:14:15Z
2011[FeAg][nan]3[ION]1,stage1,floor,p65,sample,2000,10000,f4_361_p65,20:06:00,4448,ac,1,submitted,2026-09-03T01:14:15Z
2011[FeHo][nan]3[FSR]1,stage1,floor,p05,sample,2000,10000,f4_362_p05,08:10:00,1808,amd,1,submitted,2026-09-03T01:14:15Z
2011[FeHo][nan]3[FSR]1,stage1,floor,p65,sample,2000,10000,f4_362_p65,08:10:00,1808,aa,1,submitted,2026-09-03T01:17:04Z
2011[Gd][llj]3[ION]1,stage1,floor,p05,sample,2000,10000,f4_363_p05,10:29:00,2320,ac,1,submitted,2026-09-03T01:17:04Z
2011[Gd][llj]3[ION]1,stage1,floor,p65,sample,2000,10000,f4_363_p65,10:29:00,2320,aa,1,submitted,2026-09-03T01:19:53Z
2011[Gd][nan]3[ASR]7,stage1,floor,p05,sample,2000,10000,f4_364_p05,06:10:00,1368,aa,1,submitted,2026-09-03T01:22:41Z
2011[Gd][nan]3[ASR]7,stage1,floor,p65,sample,2000,10000,f4_364_p65,06:10:00,1368,aa,1,submitted,2026-09-03T01:25:31Z
2011[Gd][sra]3[ASR]1,stage1,floor,p05,sample,2000,10000,f4_365_p05,11:03:00,2448,ac,1,submitted,2026-09-03T01:25:31Z
2011[Gd][sra]3[ASR]1,stage1,floor,p65,sample,2000,10000,f4_365_p65,11:03:00,2448,aa,1,submitted,2026-09-03T01:28:21Z
2011[HoCu][stp]3[ASR]2,stage1,floor,p05,sample,2000,10000,f4_366_p05,14:28:00,3204,ac,1,submitted,2026-09-03T01:28:21Z
2011[HoCu][stp]3[ASR]2,stage1,floor,p65,sample,2000,10000,f4_366_p65,14:28:00,3204,amd,1,submitted,2026-09-03T01:28:21Z
2011[La][cds]3[FSR]1,stage1,floor,p05,sample,2000,10000,f4_367_p05,12:21:00,2736,aa,1,submitted,2026-09-03T01:33:12Z
2011[La][cds]3[FSR]1,stage1,floor,p65,sample,2000,10000,f4_367_p65,12:21:00,2736,ac,1,submitted,2026-09-03T01:33:12Z
2011[La][nan]3[ASR]2,stage1,floor,p05,sample,2000,10000,f4_368_p05,04:37:00,1024,aa,1,submitted,2026-09-03T01:36:01Z
2011[La][nan]3[ASR]2,stage1,floor,p65,sample,2000,10000,f4_368_p65,04:37:00,1024,ac,1,submitted,2026-09-03T01:36:01Z
2011[La][nan]3[FSR]1,stage1,floor,p05,sample,2000,10000,f4_369_p05,14:38:00,3240,aa,1,submitted,2026-09-03T01:38:51Z
2011[La][nan]3[FSR]1,stage1,floor,p65,sample,2000,10000,f4_369_p65,14:38:00,3240,ac,1,submitted,2026-09-03T01:38:51Z
2011[Mg][nan]3[ASR]3,stage1,floor,p05,sample,2000,10000,f4_370_p05,08:14:00,1824,aa,1,submitted,2026-09-03T01:41:39Z
2011[Mg][nan]3[ASR]3,stage1,floor,p65,sample,2000,10000,f4_370_p65,08:14:00,1824,aa,1,submitted,2026-09-03T01:44:27Z
2011[Mn][gra]3[ASR]1,stage1,floor,p05,sample,2000,10000,f4_371_p05,07:22:00,1632,aa,1,submitted,2026-09-03T01:47:19Z
2011[Mn][gra]3[ASR]1,stage1,floor,p65,sample,2000,10000,f4_371_p65,07:22:00,1632,ac,1,submitted,2026-09-03T01:47:19Z
2011[Mn][nan]2[FSR]1,stage1,floor,p05,sample,2000,10000,f4_372_p05,10:50:00,2400,amd,1,submitted,2026-09-03T01:47:19Z
2011[Mn][nan]2[FSR]1,stage1,floor,p65,sample,2000,10000,f4_372_p65,10:50:00,2400,aa,1,submitted,2026-09-03T01:47:19Z
2011[Mn][nan]3[ASR]1,stage1,floor,p05,sample,2000,10000,f4_373_p05,06:30:00,1440,aa,1,submitted,2026-09-03T01:50:07Z
2011[Mn][nan]3[ASR]1,stage1,floor,p65,sample,2000,10000,f4_373_p65,06:30:00,1440,aa,1,submitted,2026-09-03T01:53:01Z
2011[Nd][mog]3[FSR]1,stage1,floor,p05,sample,2000,10000,f4_374_p05,09:45:00,2160,ac,1,submitted,2026-09-03T01:53:01Z
2011[Nd][mog]3[FSR]1,stage1,floor,p65,sample,2000,10000,f4_374_p65,09:45:00,2160,amd,1,submitted,2026-09-03T01:53:01Z
2011[Nd][nan]3[FSR]1,stage1,floor,p05,sample,2000,10000,f4_375_p05,14:38:00,3240,aa,1,submitted,2026-09-03T01:53:01Z
2011[Nd][nan]3[FSR]1,stage1,floor,p65,sample,2000,10000,f4_375_p65,14:38:00,3240,ac,1,submitted,2026-09-03T01:53:01Z
2011[Nd][rob]3[ASR]3,stage1,floor,p05,sample,2000,10000,f4_376_p05,08:53:00,1968,aa,1,submitted,2026-09-03T01:55:51Z
2011[Nd][rob]3[ASR]3,stage1,floor,p65,sample,2000,10000,f4_376_p65,08:53:00,1968,ac,1,submitted,2026-09-03T01:55:51Z
2011[Ni][nan]3[ASR]1,stage1,floor,p05,sample,2000,10000,f4_377_p05,28:12:00,6240,amd,1,submitted,2026-09-03T01:55:51Z
2011[Ni][nan]3[ASR]1,stage1,floor,p65,sample,2000,10000,f4_377_p65,28:12:00,6240,aa,1,submitted,2026-09-03T01:58:41Z
2011[Sc][nan]3[ASR]7,stage1,floor,p05,sample,2000,10000,f4_378_p05,10:50:00,2400,ac,1,submitted,2026-09-03T01:58:41Z
2011[Sc][nan]3[ASR]7,stage1,floor,p65,sample,2000,10000,f4_378_p65,10:50:00,2400,aa,1,submitted,2026-09-03T02:01:32Z
2011[Sm][flu]3[ASR]1,stage1,floor,p05,sample,2000,10000,f4_379_p05,07:19:00,1620,ac,1,submitted,2026-09-03T02:01:32Z
2011[Sm][flu]3[ASR]1,stage1,floor,p65,sample,2000,10000,f4_379_p65,07:19:00,1620,amd,1,submitted,2026-09-03T02:01:32Z
2011[Tb][nan]3[FSR]2,stage1,floor,p05,sample,2000,10000,f4_380_p05,06:47:00,1504,aa,1,submitted,2026-09-03T02:04:23Z
2011[Tb][nan]3[FSR]2,stage1,floor,p65,sample,2000,10000,f4_380_p65,06:47:00,1504,ac,1,submitted,2026-09-03T02:04:23Z
2011[U][gfy]3[FSR]1,stage1,floor,p05,sample,2000,10000,f4_381_p05,06:37:00,1464,amd,1,submitted,2026-09-03T02:04:23Z
2011[U][gfy]3[FSR]1,stage1,floor,p65,sample,2000,10000,f4_381_p65,06:37:00,1464,aa,1,submitted,2026-09-03T02:07:14Z
2011[U][mab]3[ION]1,stage1,floor,p05,sample,2000,10000,f4_382_p05,10:57:00,2424,ac,1,submitted,2026-09-03T02:07:14Z
2011[U][mab]3[ION]1,stage1,floor,p65,sample,2000,10000,f4_382_p65,10:57:00,2424,amd,1,submitted,2026-09-03T02:07:14Z
2011[U][nan]3[FSR]1,stage1,floor,p05,sample,2000,10000,f4_383_p05,10:37:00,2352,aa,1,submitted,2026-09-03T02:10:03Z
2011[U][nan]3[FSR]1,stage1,floor,p65,sample,2000,10000,f4_383_p65,10:37:00,2352,ac,1,submitted,2026-09-03T02:10:03Z
2011[V][bpq]3[ASR]2,stage1,floor,p05,sample,2000,10000,f4_384_p05,05:12:00,1152,aa,1,submitted,2026-09-03T02:12:53Z
2011[V][bpq]3[ASR]2,stage1,floor,p65,sample,2000,10000,f4_384_p65,05:12:00,1152,ac,1,submitted,2026-09-03T02:12:53Z
2011[V][bpq]3[ASR]4,stage1,floor,p05,sample,2000,10000,f4_385_p05,05:12:00,1152,ac,1,submitted,2026-09-03T02:19:44Z
2011[V][bpq]3[ASR]4,stage1,floor,p65,sample,2000,10000,f4_385_p65,05:12:00,1152,aa,1,submitted,2026-09-03T02:19:44Z
2011[V][bpq]3[ASR]8,stage1,floor,p05,sample,2000,10000,f4_386_p05,05:12:00,1152,ac,1,submitted,2026-09-03T02:22:37Z
2011[V][bpq]3[ASR]8,stage1,floor,p65,sample,2000,10000,f4_386_p65,05:12:00,1152,aa,1,submitted,2026-09-03T02:22:37Z
2011[V][ths]3[ASR]1,stage1,floor,p05,sample,2000,10000,f4_387_p05,06:30:00,1440,amd,1,submitted,2026-09-03T02:22:37Z
2011[V][ths]3[ASR]1,stage1,floor,p65,sample,2000,10000,f4_387_p65,06:30:00,1440,ac,1,submitted,2026-09-03T02:22:37Z
2011[Yb][nan]3[ASR]1,stage1,floor,p05,sample,2000,10000,f4_388_p05,08:47:00,1944,ac,1,submitted,2026-09-03T02:25:26Z
2011[Yb][nan]3[ASR]1,stage1,floor,p65,sample,2000,10000,f4_388_p65,08:47:00,1944,aa,1,submitted,2026-09-03T02:25:26Z
2011[Zn][acs]3[ASR]1,stage1,floor,p05,sample,2000,10000,f4_389_p05,06:21:00,1408,ac,1,submitted,2026-09-03T02:28:15Z
2011[Zn][acs]3[ASR]1,stage1,floor,p65,sample,2000,10000,f4_389_p65,06:21:00,1408,ac,1,submitted,2026-09-03T02:31:07Z
2011[Zn][bbf]3[ASR]1,stage1,floor,p05,sample,2000,10000,f4_390_p05,13:53:00,3072,aa,1,submitted,2026-09-03T02:31:07Z
2011[Zn][bbf]3[ASR]1,stage1,floor,p65,sample,2000,10000,f4_390_p65,13:53:00,3072,amd,1,submitted,2026-09-03T02:31:07Z
2011[Zn][dmp]3[ASR]3,stage1,floor,p05,sample,2000,10000,f4_391_p05,09:06:00,2016,ac,1,submitted,2026-09-03T02:31:07Z
2011[Zn][dmp]3[ASR]3,stage1,floor,p65,sample,2000,10000,f4_391_p65,09:06:00,2016,ac,1,submitted,2026-09-03T02:33:56Z
2011[Zn][gra]3[ASR]1,stage1,floor,p05,sample,2000,10000,f4_392_p05,07:22:00,1632,aa,1,submitted,2026-09-03T02:33:56Z
2011[Zn][gra]3[ASR]1,stage1,floor,p65,sample,2000,10000,f4_392_p65,07:22:00,1632,ac,1,submitted,2026-09-03T02:36:46Z
2011[Zn][hcb]2[FSR]1,stage1,floor,p05,sample,2000,10000,f4_393_p05,10:40:00,2360,aa,1,submitted,2026-09-03T02:36:46Z
2011[Zn][hcb]2[FSR]1,stage1,floor,p65,sample,2000,10000,f4_393_p65,10:40:00,2360,ac,1,submitted,2026-09-03T02:39:41Z
2011[Zn][moa]3[ASR]1,stage1,floor,p05,sample,2000,10000,f4_394_p05,11:16:00,2496,aa,1,submitted,2026-09-03T02:39:41Z
2011[Zn][moa]3[ASR]1,stage1,floor,p65,sample,2000,10000,f4_394_p65,11:16:00,2496,amd,1,submitted,2026-09-03T02:39:41Z
2011[Zn][nan]3[ASR]12,stage1,floor,p05,sample,2000,10000,f4_395_p05,05:55:00,1312,ac,1,submitted,2026-09-03T02:39:41Z
2011[Zn][nan]3[ASR]12,stage1,floor,p65,sample,2000,10000,f4_395_p65,05:55:00,1312,aa,1,submitted,2026-09-03T02:39:41Z
2011[Zn][nan]3[ASR]13,stage1,floor,p05,sample,2000,10000,f4_396_p05,05:55:00,1312,amd,1,submitted,2026-09-03T02:39:41Z
2011[Zn][nan]3[ASR]13,stage1,floor,p65,sample,2000,10000,f4_396_p65,05:55:00,1312,ac,1,submitted,2026-09-03T02:42:36Z
2011[Zn][nan]3[ASR]15,stage1,floor,p05,sample,2000,10000,f4_397_p05,08:27:00,1872,aa,1,submitted,2026-09-03T02:42:36Z
2011[Zn][nan]3[ASR]15,stage1,floor,p65,sample,2000,10000,f4_397_p65,08:27:00,1872,amd,1,submitted,2026-09-03T02:42:36Z
2011[Zn][nan]3[ASR]22,stage1,floor,p05,sample,2000,10000,f4_398_p05,13:59:00,3096,ac,1,submitted,2026-09-03T02:42:36Z
2011[Zn][nan]3[ASR]22,stage1,floor,p65,sample,2000,10000,f4_398_p65,13:59:00,3096,aa,1,submitted,2026-09-03T02:42:36Z
2011[Zn][nan]3[ASR]29,stage1,floor,p05,sample,2000,10000,f4_399_p05,15:37:00,3456,amd,1,submitted,2026-09-03T02:42:36Z
2011[Zn][nan]3[ASR]29,stage1,floor,p65,sample,2000,10000,f4_399_p65,15:37:00,3456,ac,1,submitted,2026-09-03T02:45:34Z
2011[Zn][nan]3[ASR]32,stage1,floor,p05,sample,2000,10000,f4_400_p05,10:24:00,2304,aa,1,submitted,2026-09-03T02:45:34Z
2011[Zn][nan]3[ASR]32,stage1,floor,p65,sample,2000,10000,f4_400_p65,10:24:00,2304,amd,1,submitted,2026-09-03T02:45:34Z
2011[Zn][nan]3[ASR]8,stage1,floor,p05,sample,2000,10000,f4_401_p05,04:52:00,1080,ac,1,submitted,2026-09-03T02:45:34Z
2011[Zn][nan]3[ASR]8,stage1,floor,p65,sample,2000,10000,f4_401_p65,04:52:00,1080,aa,1,submitted,2026-09-03T02:45:34Z
2011[Zn][nan]3[ION]2,stage1,floor,p05,sample,2000,10000,f4_402_p05,10:03:00,2224,amd,1,submitted,2026-09-03T02:45:34Z
2011[Zn][nan]3[ION]2,stage1,floor,p65,sample,2000,10000,f4_402_p65,10:03:00,2224,ac,1,submitted,2026-09-03T02:45:34Z
2011[Zn][pcu]3[ASR]16,stage1,floor,p05,sample,2000,10000,f4_403_p05,17:34:00,3888,aa,1,submitted,2026-09-03T02:45:34Z
2011[Zn][pcu]3[ASR]16,stage1,floor,p65,sample,2000,10000,f4_403_p65,17:34:00,3888,ac,1,submitted,2026-09-03T02:48:26Z
2011[Zn][pcu]3[ASR]6,stage1,floor,p05,sample,2000,10000,f4_404_p05,16:03:00,3552,aa,1,submitted,2026-09-03T02:48:26Z
2011[Zn][pcu]3[ASR]6,stage1,floor,p65,sample,2000,10000,f4_404_p65,16:03:00,3552,amd,1,submitted,2026-09-03T02:48:26Z
2011[Zn][pts]3[ION]1,stage1,floor,p05,sample,2000,10000,f4_405_p05,18:30:00,4096,ac,1,submitted,2026-09-03T02:48:26Z
2011[Zn][pts]3[ION]1,stage1,floor,p65,sample,2000,10000,f4_405_p65,18:30:00,4096,ac,1,submitted,2026-09-03T02:51:21Z
2011[Zn][sod]3[ASR]1,stage1,floor,p05,sample,2000,10000,f4_406_p05,16:50:00,3726,aa,1,submitted,2026-09-03T02:51:21Z
2011[Zn][sod]3[ASR]1,stage1,floor,p65,sample,2000,10000,f4_406_p65,16:50:00,3726,amd,1,submitted,2026-09-03T02:51:21Z
2011[Zn][srs]3[ASR]1,stage1,floor,p05,sample,2000,10000,f4_407_p05,05:51:00,1296,ac,1,submitted,2026-09-03T02:51:21Z
2011[Zn][srs]3[ASR]1,stage1,floor,p65,sample,2000,10000,f4_407_p65,05:51:00,1296,aa,1,submitted,2026-09-03T02:51:21Z
2011[Zn][srs]3[ASR]8,stage1,floor,p05,sample,2000,10000,f4_408_p05,05:51:00,1296,amd,1,submitted,2026-09-03T02:51:21Z
2011[Zn][srs]3[ASR]8,stage1,floor,p65,sample,2000,10000,f4_408_p65,05:51:00,1296,aa,1,submitted,2026-09-03T02:54:11Z
2012[Ag][nbo]3[ION]1,stage1,floor,p05,sample,2000,10000,f4_409_p05,19:46:00,4374,ac,1,submitted,2026-09-03T02:54:11Z
2012[Ag][nbo]3[ION]1,stage1,floor,p65,sample,2000,10000,f4_409_p65,19:46:00,4374,aa,1,submitted,2026-09-03T02:57:05Z
2012[Cd][cds]3[FSR]1,stage1,floor,p05,sample,2000,10000,f4_410_p05,13:01:00,2880,ac,1,submitted,2026-09-03T02:57:05Z
2012[Cd][cds]3[FSR]1,stage1,floor,p65,sample,2000,10000,f4_410_p65,13:01:00,2880,amd,1,submitted,2026-09-03T02:57:05Z
2012[Cd][dia]3[ASR]1,stage1,floor,p05,sample,2000,10000,f4_411_p05,09:16:00,2052,aa,1,submitted,2026-09-03T02:57:05Z
2012[Cd][dia]3[ASR]1,stage1,floor,p65,sample,2000,10000,f4_411_p65,09:16:00,2052,ac,1,submitted,2026-09-03T02:57:05Z
2012[Cd][dia]3[ASR]3,stage1,floor,p05,sample,2000,10000,f4_412_p05,13:54:00,3078,amd,1,submitted,2026-09-03T02:57:05Z
2012[Cd][dia]3[ASR]3,stage1,floor,p65,sample,2000,10000,f4_412_p65,13:54:00,3078,aa,1,submitted,2026-09-03T03:00:00Z
2012[Cd][dia]3[ASR]4,stage1,floor,p05,sample,2000,10000,f4_413_p05,09:45:00,2160,ac,1,submitted,2026-09-03T03:00:00Z
2012[Cd][dia]3[ASR]4,stage1,floor,p65,sample,2000,10000,f4_413_p65,09:45:00,2160,amd,1,submitted,2026-09-03T03:00:00Z
2012[Cd][etb]3[ASR]1,stage1,floor,p05,sample,2000,10000,f4_414_p05,26:21:00,5832,aa,1,submitted,2026-09-03T03:00:00Z
2012[Cd][etb]3[ASR]1,stage1,floor,p65,sample,2000,10000,f4_414_p65,26:21:00,5832,ac,1,submitted,2026-09-03T03:00:00Z
2012[Cd][nan]3[FSR]6,stage1,floor,p05,sample,2000,10000,f4_415_p05,22:46:00,5040,amd,1,submitted,2026-09-03T03:00:00Z
2012[Cd][nan]3[FSR]6,stage1,floor,p65,sample,2000,10000,f4_415_p65,22:46:00,5040,aa,1,submitted,2026-09-03T03:02:50Z
2012[Ce][nan]3[FSR]2,stage1,floor,p05,sample,2000,10000,f4_416_p05,15:56:00,3528,ac,1,submitted,2026-09-03T03:02:50Z
2012[Ce][nan]3[FSR]2,stage1,floor,p65,sample,2000,10000,f4_416_p65,15:56:00,3528,aa,1,submitted,2026-09-03T03:05:40Z
2012[CoGd][nan]3[ASR]1,stage1,floor,p05,sample,2000,10000,f4_417_p05,21:41:00,4800,ac,1,submitted,2026-09-03T03:05:40Z
2012[CoGd][nan]3[ASR]1,stage1,floor,p65,sample,2000,10000,f4_417_p65,21:41:00,4800,aa,1,submitted,2026-09-03T03:08:29Z
2012[CoLu][nan]3[ION]1,stage1,floor,p05,sample,2000,10000,f4_418_p05,24:26:00,5408,ac,1,submitted,2026-09-03T03:08:29Z
2012[CoLu][nan]3[ION]1,stage1,floor,p65,sample,2000,10000,f4_418_p65,24:26:00,5408,aa,1,submitted,2026-09-03T03:11:21Z
2012[Co][dia]3[ASR]1,stage1,floor,p05,sample,2000,10000,f4_419_p05,27:11:00,6016,ac,1,submitted,2026-09-03T03:11:21Z
2012[Co][dia]3[ASR]1,stage1,floor,p65,sample,2000,10000,f4_419_p65,27:11:00,6016,amd,1,submitted,2026-09-03T03:11:21Z
2012[Co][dia]3[ASR]2,stage1,floor,p05,sample,2000,10000,f4_420_p05,10:58:00,2430,aa,1,submitted,2026-09-03T03:11:21Z
2012[Co][dia]3[ASR]2,stage1,floor,p65,sample,2000,10000,f4_420_p65,10:58:00,2430,aa,1,submitted,2026-09-03T03:14:11Z
2012[Co][ecu]3[ASR]6,stage1,floor,p05,sample,2000,10000,f4_421_p05,12:21:00,2736,ac,1,submitted,2026-09-03T03:14:11Z
2012[Co][ecu]3[ASR]6,stage1,floor,p65,sample,2000,10000,f4_421_p65,12:21:00,2736,aa,1,submitted,2026-09-03T03:17:02Z
2012[Co][ecu]3[ASR]7,stage1,floor,p05,sample,2000,10000,f4_422_p05,06:10:00,1368,ac,1,submitted,2026-09-03T03:17:02Z
2012[Co][ecu]3[ASR]7,stage1,floor,p65,sample,2000,10000,f4_422_p65,06:10:00,1368,amd,1,submitted,2026-09-03T03:17:02Z
2012[Co][jeb]3[FSR]1,stage1,floor,p05,sample,2000,10000,f4_423_p05,13:25:00,2970,aa,1,submitted,2026-09-03T03:19:53Z
2012[Co][jeb]3[FSR]1,stage1,floor,p65,sample,2000,10000,f4_423_p65,13:25:00,2970,ac,1,submitted,2026-09-03T03:19:53Z
2012[Co][msq]3[ASR]1,stage1,floor,p05,sample,2000,10000,f4_424_p05,05:20:00,1180,amd,1,submitted,2026-09-03T03:19:53Z
2012[Co][msq]3[ASR]1,stage1,floor,p65,sample,2000,10000,f4_424_p65,05:20:00,1180,aa,1,submitted,2026-09-03T03:22:43Z
2012[Co][nan]3[ASR]2,stage1,floor,p05,sample,2000,10000,f4_425_p05,24:35:00,5440,ac,1,submitted,2026-09-03T03:22:43Z
2012[Co][nan]3[ASR]2,stage1,floor,p65,sample,2000,10000,f4_425_p65,24:35:00,5440,aa,1,submitted,2026-09-03T03:25:32Z
2012[Co][nan]3[ASR]9,stage1,floor,p05,sample,2000,10000,f4_426_p05,32:42:00,7236,ac,1,submitted,2026-09-03T03:25:32Z
2012[Co][nan]3[ASR]9,stage1,floor,p65,sample,2000,10000,f4_426_p65,32:42:00,7236,aa,1,submitted,2026-09-03T03:28:23Z
2012[Co][ncb]3[ASR]1,stage1,floor,p05,sample,2000,10000,f4_427_p05,09:41:00,2144,ac,1,submitted,2026-09-03T03:28:23Z
2012[Co][ncb]3[ASR]1,stage1,floor,p65,sample,2000,10000,f4_427_p65,09:41:00,2144,amd,1,submitted,2026-09-03T03:28:23Z
2012[Co][pcu]3[ASR]11,stage1,floor,p05,sample,2000,10000,f4_428_p05,10:07:00,2240,aa,1,submitted,2026-09-03T03:31:11Z
2012[Co][pcu]3[ASR]11,stage1,floor,p65,sample,2000,10000,f4_428_p65,10:07:00,2240,aa,1,submitted,2026-09-03T03:33:59Z
2012[Co][pcu]3[ION]1,stage1,floor,p05,sample,2000,10000,f4_429_p05,08:21:00,1848,aa,1,submitted,2026-09-03T03:38:48Z
2012[Co][pcu]3[ION]1,stage1,floor,p65,sample,2000,10000,f4_429_p65,08:21:00,1848,aa,1,submitted,2026-09-03T03:43:37Z
2012[CuMn][dia]3[ASR]1,stage1,floor,p05,sample,2000,10000,f4_430_p05,09:32:00,2112,aa,1,submitted,2026-09-03T03:46:25Z
2012[CuMn][dia]3[ASR]1,stage1,floor,p65,sample,2000,10000,f4_430_p65,09:32:00,2112,aa,1,submitted,2026-09-03T03:51:17Z
2012[CuSi][scu]3[ASR]1,stage1,floor,p05,sample,2000,10000,f4_431_p05,07:03:00,1560,ac,1,submitted,2026-09-03T03:51:17Z
2012[CuSi][scu]3[ASR]1,stage1,floor,p65,sample,2000,10000,f4_431_p65,07:03:00,1560,amd,1,submitted,2026-09-03T03:51:17Z
2012[Cu][bpq]3[ASR]1,stage1,floor,p05,sample,2000,10000,f4_432_p05,09:32:00,2112,aa,1,submitted,2026-09-03T03:58:07Z
2012[Cu][bpq]3[ASR]1,stage1,floor,p65,sample,2000,10000,f4_432_p65,09:32:00,2112,aa,1,submitted,2026-09-03T04:00:55Z
2012[Cu][pcu]3[ASR]1,stage1,floor,p05,sample,2000,10000,f4_433_p05,08:53:00,1968,aa,1,submitted,2026-09-03T04:03:43Z
2012[Cu][pcu]3[ASR]1,stage1,floor,p65,sample,2000,10000,f4_433_p65,08:53:00,1968,aa,1,submitted,2026-09-03T04:08:33Z
2012[Cu][qtz]3[ASR]1,stage1,floor,p05,sample,2000,10000,f4_434_p05,14:32:00,3216,ac,1,submitted,2026-09-03T04:08:33Z
2012[Cu][qtz]3[ASR]1,stage1,floor,p65,sample,2000,10000,f4_434_p65,14:32:00,3216,aa,1,submitted,2026-09-03T04:13:23Z
2012[Cu][sra]3[ASR]2,stage1,floor,p05,sample,2000,10000,f4_435_p05,07:22:00,1632,aa,1,submitted,2026-09-03T04:20:12Z
2012[Cu][sra]3[ASR]2,stage1,floor,p65,sample,2000,10000,f4_435_p65,07:22:00,1632,aa,1,submitted,2026-09-03T04:23:01Z
2012[Cu][tbo]3[ASR]2,stage1,floor,p05,sample,2000,10000,f4_436_p05,05:38:00,1248,aa,1,submitted,2026-09-03T04:27:50Z
2012[Cu][tbo]3[ASR]2,stage1,floor,p65,sample,2000,10000,f4_436_p65,05:38:00,1248,aa,1,submitted,2026-09-03T04:32:39Z
2012[Cu][tbo]3[ASR]6,stage1,floor,p05,sample,2000,10000,f4_437_p05,05:38:00,1248,aa,1,submitted,2026-09-03T04:35:30Z
2012[Cu][tbo]3[ASR]6,stage1,floor,p65,sample,2000,10000,f4_437_p65,05:38:00,1248,ac,1,submitted,2026-09-03T04:35:30Z
2012[Cu][ths]3[ASR]1,stage1,floor,p05,sample,2000,10000,f4_438_p05,05:47:00,1280,amd,1,submitted,2026-09-03T04:35:30Z
2012[Cu][ths]3[ASR]1,stage1,floor,p65,sample,2000,10000,f4_438_p65,05:47:00,1280,aa,1,submitted,2026-09-03T04:40:20Z
2012[Cu][ths]3[ASR]2,stage1,floor,p05,sample,2000,10000,f4_439_p05,05:47:00,1280,aa,1,submitted,2026-09-03T04:43:08Z
2012[Cu][ths]3[ASR]2,stage1,floor,p65,sample,2000,10000,f4_439_p65,05:47:00,1280,aa,1,submitted,2026-09-03T04:47:57Z
2012[Eu][nan]3[FSR]3,stage1,floor,p05,sample,2000,10000,f4_440_p05,15:17:00,3384,aa,1,submitted,2026-09-03T04:50:45Z
2012[Eu][nan]3[FSR]3,stage1,floor,p65,sample,2000,10000,f4_440_p65,15:17:00,3384,aa,1,submitted,2026-09-03T04:53:34Z
2012[Eu][nan]3[FSR]5,stage1,floor,p05,sample,2000,10000,f4_441_p05,18:13:00,4032,aa,1,submitted,2026-09-03T04:56:22Z
2012[Eu][nan]3[FSR]5,stage1,floor,p65,sample,2000,10000,f4_441_p65,18:13:00,4032,aa,1,submitted,2026-09-03T05:03:12Z
0000[Zn][ith]3[ASR]1,stage1,floor,p05,sample,2000,10000,f4_40_p05,04:30:00,996,aa,1,submitted,2026-09-03T05:08:34Z
2012[FeZr][csq]3[ASR]2,stage1,floor,p65,sample,2000,10000,f4_442_p65,05:05:00,1128,aa,1,submitted,2026-09-03T05:11:24Z
2012[FeZr][csq]3[FSR]1,stage1,floor,p05,sample,2000,10000,f4_443_p05,05:44:00,1272,ac,1,submitted,2026-09-03T05:11:24Z
2012[FeZr][csq]3[FSR]1,stage1,floor,p65,sample,2000,10000,f4_443_p65,05:44:00,1272,aa,1,submitted,2026-09-03T05:16:16Z
2012[Fe][sql]2[ASR]1,stage1,floor,p05,sample,2000,10000,f4_444_p05,11:11:00,2475,ac,1,submitted,2026-09-03T05:16:16Z
2012[Fe][sql]2[ASR]1,stage1,floor,p65,sample,2000,10000,f4_444_p65,11:11:00,2475,amd,1,submitted,2026-09-03T05:16:16Z
2012[GdCo][nan]3[FSR]1,stage1,floor,p05,sample,2000,10000,f4_445_p05,23:51:00,5280,aa,1,submitted,2026-09-03T05:19:05Z
2012[GdCo][nan]3[FSR]1,stage1,floor,p65,sample,2000,10000,f4_445_p65,23:51:00,5280,aa,1,submitted,2026-09-03T05:40:00Z
2012[Gd][nan]3[ASR]6,stage1,floor,p05,sample,2000,10000,f4_446_p05,09:58:00,2208,aa,1,submitted,2026-09-03T05:42:49Z
2012[Gd][nan]3[ASR]6,stage1,floor,p65,sample,2000,10000,f4_446_p65,09:58:00,2208,aa,1,submitted,2026-09-03T05:49:38Z
2012[In][dia]3[ASR]6,stage1,floor,p05,sample,2000,10000,f4_447_p05,11:33:00,2556,aa,1,submitted,2026-09-03T05:58:29Z
2012[In][dia]3[ASR]6,stage1,floor,p65,sample,2000,10000,f4_447_p65,11:33:00,2556,aa,1,submitted,2026-09-03T06:01:19Z
2012[La][hex]3[FSR]1,stage1,floor,p05,sample,2000,10000,f4_448_p05,19:02:00,4212,ac,1,submitted,2026-09-03T06:01:19Z
2012[La][hex]3[FSR]1,stage1,floor,p65,sample,2000,10000,f4_448_p65,19:02:00,4212,aa,1,submitted,2026-09-03T06:04:07Z
2012[La][nan]3[FSR]2,stage1,floor,p05,sample,2000,10000,f4_449_p05,15:11:00,3360,aa,1,submitted,2026-09-03T06:06:57Z
2012[La][nan]3[FSR]2,stage1,floor,p65,sample,2000,10000,f4_449_p65,15:11:00,3360,ac,1,submitted,2026-09-03T06:06:57Z
2012[Mg][nan]3[ASR]2,stage1,floor,p05,sample,2000,10000,f4_450_p05,72:00:00,16500,aa,1,submitted,2026-09-03T06:09:48Z
2012[Mg][nan]3[ASR]2,stage1,floor,p65,sample,2000,10000,f4_450_p65,72:00:00,16500,ac,1,submitted,2026-09-03T06:09:48Z
2012[Mg][nan]3[ASR]4,stage1,floor,p05,sample,2000,10000,f4_451_p05,50:50:00,11250,amd,1,submitted,2026-09-03T06:09:48Z
2012[Mg][nan]3[ASR]4,stage1,floor,p65,sample,2000,10000,f4_451_p65,50:50:00,11250,aa,1,submitted,2026-09-03T06:14:38Z
2012[Mg][nan]3[FSR]1,stage1,floor,p05,sample,2000,10000,f4_452_p05,10:59:00,2432,ac,1,submitted,2026-09-03T06:14:38Z
2012[Mg][nan]3[FSR]1,stage1,floor,p65,sample,2000,10000,f4_452_p65,10:59:00,2432,aa,1,submitted,2026-09-03T06:17:26Z
2012[MnNaCu][nan]3[ION]1,stage1,floor,p05,sample,2000,10000,f4_453_p05,05:25:00,1200,aa,1,submitted,2026-09-03T06:20:19Z
2012[MnNaCu][nan]3[ION]1,stage1,floor,p65,sample,2000,10000,f4_453_p65,05:25:00,1200,ac,1,submitted,2026-09-03T06:20:19Z
2012[Mn][pcu]3[ASR]2,stage1,floor,p05,sample,2000,10000,f4_454_p05,10:24:00,2304,amd,1,submitted,2026-09-03T06:20:19Z
2012[Mn][pcu]3[ASR]2,stage1,floor,p65,sample,2000,10000,f4_454_p65,10:24:00,2304,aa,1,submitted,2026-09-03T06:20:19Z
2012[Mn][pcu]3[ASR]4,stage1,floor,p05,sample,2000,10000,f4_455_p05,16:07:00,3568,ac,1,submitted,2026-09-03T06:23:15Z
2012[Mn][pcu]3[ASR]4,stage1,floor,p65,sample,2000,10000,f4_455_p65,16:07:00,3568,aa,1,submitted,2026-09-03T06:23:15Z
2012[Nd][nan]3[ASR]3,stage1,floor,p05,sample,2000,10000,f4_456_p05,13:01:00,2880,amd,1,submitted,2026-09-03T06:23:15Z
2012[Nd][nan]3[ASR]3,stage1,floor,p65,sample,2000,10000,f4_456_p65,13:01:00,2880,ac,1,submitted,2026-09-03T06:23:15Z
2012[Nd][nan]3[ASR]4,stage1,floor,p05,sample,2000,10000,f4_457_p05,11:34:00,2560,aa,1,submitted,2026-09-03T06:23:15Z
2012[Nd][nan]3[ASR]4,stage1,floor,p65,sample,2000,10000,f4_457_p65,11:34:00,2560,amd,1,submitted,2026-09-03T06:23:15Z
2012[Ni][qtz]3[FSR]1,stage1,floor,p05,sample,2000,10000,f4_458_p05,10:29:00,2322,ac,1,submitted,2026-09-03T06:23:15Z
2012[Ni][qtz]3[FSR]1,stage1,floor,p65,sample,2000,10000,f4_458_p65,10:29:00,2322,aa,1,submitted,2026-09-03T06:28:06Z
2012[PrCo][nan]3[ASR]1,stage1,floor,p05,sample,2000,10000,f4_459_p05,10:05:00,2232,ac,1,submitted,2026-09-03T06:28:06Z
2012[PrCo][nan]3[ASR]1,stage1,floor,p65,sample,2000,10000,f4_459_p65,10:05:00,2232,aa,1,submitted,2026-09-03T06:30:58Z
2012[Pr][nan]3[FSR]1,stage1,floor,p05,sample,2000,10000,f4_460_p05,15:56:00,3528,ac,1,submitted,2026-09-03T06:30:58Z
2012[Pr][nan]3[FSR]1,stage1,floor,p65,sample,2000,10000,f4_460_p65,15:56:00,3528,amd,1,submitted,2026-09-03T06:30:58Z
2012[Sm][nan]3[FSR]4,stage1,floor,p05,sample,2000,10000,f4_461_p05,13:59:00,3096,aa,1,submitted,2026-09-03T06:30:58Z
2012[Sm][nan]3[FSR]4,stage1,floor,p65,sample,2000,10000,f4_461_p65,13:59:00,3096,aa,1,submitted,2026-09-03T06:33:47Z
2012[Tb][hex]3[ASR]1,stage1,floor,p05,sample,2000,10000,f4_462_p05,18:32:00,4104,ac,1,submitted,2026-09-03T06:33:47Z
2012[Tb][hex]3[ASR]1,stage1,floor,p65,sample,2000,10000,f4_462_p65,18:32:00,4104,aa,1,submitted,2026-09-03T06:36:38Z
2012[Tb][nan]3[ASR]4,stage1,floor,p05,sample,2000,10000,f4_463_p05,09:06:00,2016,ac,1,submitted,2026-09-03T06:36:38Z
2012[Tb][nan]3[ASR]4,stage1,floor,p65,sample,2000,10000,f4_463_p65,09:06:00,2016,amd,1,submitted,2026-09-03T06:36:38Z
2012[Tb][nan]3[FSR]4,stage1,floor,p05,sample,2000,10000,f4_464_p05,09:19:00,2064,aa,1,submitted,2026-09-03T06:39:29Z
2012[Tb][nan]3[FSR]4,stage1,floor,p65,sample,2000,10000,f4_464_p65,09:19:00,2064,ac,1,submitted,2026-09-03T06:39:29Z
2012[Tb][pcu]3[ASR]1,stage1,floor,p05,sample,2000,10000,f4_465_p05,10:44:00,2376,amd,1,submitted,2026-09-03T06:39:29Z
2012[Tb][pcu]3[ASR]1,stage1,floor,p65,sample,2000,10000,f4_465_p65,10:44:00,2376,aa,1,submitted,2026-09-03T06:44:19Z
2012[UAg][nan]3[ASR]1,stage1,floor,p05,sample,2000,10000,f4_466_p05,03:47:00,840,ac,1,submitted,2026-09-03T06:44:19Z
2012[UAg][nan]3[ASR]1,stage1,floor,p65,sample,2000,10000,f4_466_p65,03:47:00,840,aa,1,submitted,2026-09-03T06:47:08Z
2012[Yb][mog]3[ASR]1,stage1,floor,p05,sample,2000,10000,f4_467_p05,06:24:00,1416,ac,1,submitted,2026-09-03T06:47:08Z
2012[Yb][mog]3[ASR]1,stage1,floor,p65,sample,2000,10000,f4_467_p65,06:24:00,1416,aa,1,submitted,2026-09-03T06:51:57Z
2012[ZnCu][idp]3[ASR]1,stage1,floor,p05,sample,2000,10000,f4_468_p05,08:36:00,1904,aa,1,submitted,2026-09-03T06:54:52Z
2012[ZnCu][idp]3[ASR]1,stage1,floor,p65,sample,2000,10000,f4_468_p65,08:36:00,1904,ac,1,submitted,2026-09-03T06:54:52Z
2012[ZnEu][nan]3[ASR]1,stage1,floor,p05,sample,2000,10000,f4_469_p05,12:56:00,2864,amd,1,submitted,2026-09-03T06:54:52Z
2012[ZnEu][nan]3[ASR]1,stage1,floor,p65,sample,2000,10000,f4_469_p65,12:56:00,2864,aa,1,submitted,2026-09-03T06:54:52Z
2012[ZnU][nan]3[ASR]1,stage1,floor,p05,sample,2000,10000,f4_470_p05,07:35:00,1680,ac,1,submitted,2026-09-03T06:54:52Z
2012[ZnU][nan]3[ASR]1,stage1,floor,p65,sample,2000,10000,f4_470_p65,07:35:00,1680,aa,1,submitted,2026-09-03T06:57:43Z
2012[Zn][acs]3[ASR]3,stage1,floor,p05,sample,2000,10000,f4_471_p05,11:45:00,2600,ac,1,submitted,2026-09-03T06:57:43Z
2012[Zn][acs]3[ASR]3,stage1,floor,p65,sample,2000,10000,f4_471_p65,11:45:00,2600,amd,1,submitted,2026-09-03T06:57:43Z
2012[Zn][dia]3[ASR]2,stage1,floor,p05,sample,2000,10000,f4_472_p05,12:39:00,2800,aa,1,submitted,2026-09-03T07:00:36Z
2012[Zn][dia]3[ASR]2,stage1,floor,p65,sample,2000,10000,f4_472_p65,12:39:00,2800,ac,1,submitted,2026-09-03T07:00:36Z
2012[Zn][dmp]3[ASR]2,stage1,floor,p05,sample,2000,10000,f4_473_p05,09:06:00,2016,amd,1,submitted,2026-09-03T07:00:36Z
2012[Zn][dmp]3[ASR]2,stage1,floor,p65,sample,2000,10000,f4_473_p65,09:06:00,2016,aa,1,submitted,2026-09-03T07:00:36Z
2012[Zn][fsc]3[ASR]1,stage1,floor,p05,sample,2000,10000,f4_474_p05,08:27:00,1872,ac,1,submitted,2026-09-03T07:03:31Z
2012[Zn][fsc]3[ASR]1,stage1,floor,p65,sample,2000,10000,f4_474_p65,08:27:00,1872,aa,1,submitted,2026-09-03T07:03:31Z
2012[Zn][nan]3[ASR]16,stage1,floor,p05,sample,2000,10000,f4_475_p05,12:21:00,2736,amd,1,submitted,2026-09-03T07:03:31Z
2012[Zn][nan]3[ASR]16,stage1,floor,p65,sample,2000,10000,f4_475_p65,12:21:00,2736,ac,1,submitted,2026-09-03T07:03:31Z
2012[Zn][nan]3[ASR]2,stage1,floor,p05,sample,2000,10000,f4_476_p05,16:03:00,3552,aa,1,submitted,2026-09-03T07:03:31Z
2012[Zn][nan]3[ASR]2,stage1,floor,p65,sample,2000,10000,f4_476_p65,16:03:00,3552,amd,1,submitted,2026-09-03T07:03:31Z
2012[Zn][nan]3[ASR]37,stage1,floor,p05,sample,2000,10000,f4_477_p05,06:04:00,1344,aa,1,submitted,2026-09-03T07:06:22Z
2012[Zn][nan]3[ASR]37,stage1,floor,p65,sample,2000,10000,f4_477_p65,06:04:00,1344,ac,1,submitted,2026-09-03T07:06:22Z
2012[Zn][nan]3[ASR]8,stage1,floor,p05,sample,2000,10000,f4_478_p05,16:57:00,3753,amd,1,submitted,2026-09-03T07:06:22Z
2012[Zn][nan]3[ASR]8,stage1,floor,p65,sample,2000,10000,f4_478_p65,16:57:00,3753,aa,1,submitted,2026-09-03T07:06:22Z
2012[Zn][nan]3[FSR]26,stage1,floor,p05,sample,2000,10000,f4_479_p05,13:01:00,2880,aa,1,submitted,2026-09-03T07:09:18Z
2012[Zn][nan]3[FSR]26,stage1,floor,p65,sample,2000,10000,f4_479_p65,13:01:00,2880,ac,1,submitted,2026-09-03T07:09:18Z
2012[Zn][nbo]3[ASR]3,stage1,floor,p05,sample,2000,10000,f4_480_p05,12:26:00,2754,amd,1,submitted,2026-09-03T07:09:18Z
2012[Zn][nbo]3[ASR]3,stage1,floor,p65,sample,2000,10000,f4_480_p65,12:26:00,2754,aa,1,submitted,2026-09-03T07:09:18Z
2012[Zn][pcu]3[ASR]11,stage1,floor,p05,sample,2000,10000,f4_481_p05,03:49:00,848,ac,1,submitted,2026-09-03T07:09:18Z
2012[Zn][pcu]3[ASR]11,stage1,floor,p65,sample,2000,10000,f4_481_p65,03:49:00,848,amd,1,submitted,2026-09-03T07:09:18Z
2012[Zn][pcu]3[ASR]7,stage1,floor,p05,sample,2000,10000,f4_482_p05,09:06:00,2016,aa,1,submitted,2026-09-03T07:12:06Z
2012[Zn][pcu]3[ASR]7,stage1,floor,p65,sample,2000,10000,f4_482_p65,09:06:00,2016,aa,1,submitted,2026-09-03T07:14:56Z
2012[Zn][raa]3[ASR]7,stage1,floor,p05,sample,2000,10000,f4_483_p05,09:32:00,2112,ac,1,submitted,2026-09-03T07:14:56Z
2012[Zn][raa]3[ASR]7,stage1,floor,p65,sample,2000,10000,f4_483_p65,09:32:00,2112,aa,1,submitted,2026-09-03T07:17:49Z
2012[Zn][rtl]3[ION]1,stage1,floor,p05,sample,2000,10000,f4_484_p05,13:01:00,2880,ac,1,submitted,2026-09-03T07:17:49Z
2012[Zn][rtl]3[ION]1,stage1,floor,p65,sample,2000,10000,f4_484_p65,13:01:00,2880,amd,1,submitted,2026-09-03T07:17:49Z
2012[Zn][sod]3[ASR]4,stage1,floor,p05,sample,2000,10000,f4_485_p05,16:50:00,3726,aa,1,submitted,2026-09-03T07:17:49Z
2012[Zn][sod]3[ASR]4,stage1,floor,p65,sample,2000,10000,f4_485_p65,16:50:00,3726,aa,1,submitted,2026-09-03T07:20:39Z
2012[Zn][srs]3[ASR]2,stage1,floor,p05,sample,2000,10000,f4_486_p05,03:00:00,640,ac,1,submitted,2026-09-03T07:20:39Z
2012[Zn][srs]3[ASR]2,stage1,floor,p65,sample,2000,10000,f4_486_p65,03:00:00,640,amd,1,submitted,2026-09-03T07:20:39Z
2013[Ag][lvt]3[ASR]1,stage1,floor,p05,sample,2000,10000,f4_487_p05,15:50:00,3504,aa,1,submitted,2026-09-03T07:23:36Z
2013[Ag][lvt]3[ASR]1,stage1,floor,p65,sample,2000,10000,f4_487_p65,15:50:00,3504,ac,1,submitted,2026-09-03T07:23:36Z
2013[CdSi][bcu]3[ASR]1,stage1,floor,p05,sample,2000,10000,f4_488_p05,18:22:00,4064,amd,1,submitted,2026-09-03T07:23:36Z
2013[CdSi][bcu]3[ASR]1,stage1,floor,p65,sample,2000,10000,f4_488_p65,18:22:00,4064,aa,1,submitted,2026-09-03T07:23:36Z
2013[CdSi][flu]3[FSR]1,stage1,floor,p05,sample,2000,10000,f4_489_p05,21:43:00,4806,ac,1,submitted,2026-09-03T07:23:36Z
2013[CdSi][flu]3[FSR]1,stage1,floor,p65,sample,2000,10000,f4_489_p65,21:43:00,4806,amd,1,submitted,2026-09-03T07:23:36Z
2013[Cd][dia]3[ASR]4,stage1,floor,p05,sample,2000,10000,f4_490_p05,17:12:00,3808,aa,1,submitted,2026-09-03T07:23:36Z
2013[Cd][dia]3[ASR]4,stage1,floor,p65,sample,2000,10000,f4_490_p65,17:12:00,3808,aa,1,submitted,2026-09-03T07:26:27Z
2013[Cd][nan]3[ASR]1,stage1,floor,p05,sample,2000,10000,f4_491_p05,14:58:00,3312,ac,1,submitted,2026-09-03T07:26:27Z
2013[Cd][nan]3[ASR]1,stage1,floor,p65,sample,2000,10000,f4_491_p65,14:58:00,3312,amd,1,submitted,2026-09-03T07:26:27Z
2013[Cd][nan]3[ASR]3,stage1,floor,p05,sample,2000,10000,f4_492_p05,11:45:00,2600,aa,1,submitted,2026-09-03T07:29:23Z
2013[Cd][nan]3[ASR]3,stage1,floor,p65,sample,2000,10000,f4_492_p65,11:45:00,2600,ac,1,submitted,2026-09-03T07:29:23Z
2013[Cd][nan]3[FSR]5,stage1,floor,p05,sample,2000,10000,f4_493_p05,14:25:00,3192,amd,1,submitted,2026-09-03T07:29:23Z
2013[Cd][nan]3[FSR]5,stage1,floor,p65,sample,2000,10000,f4_493_p65,14:25:00,3192,aa,1,submitted,2026-09-03T07:29:23Z
2013[Cd][pcu]3[ASR]4,stage1,floor,p05,sample,2000,10000,f4_494_p05,16:35:00,3672,ac,1,submitted,2026-09-03T07:29:23Z
2013[Cd][pcu]3[ASR]4,stage1,floor,p65,sample,2000,10000,f4_494_p65,16:35:00,3672,amd,1,submitted,2026-09-03T07:29:23Z
2013[Cd][pcu]3[ION]1,stage1,floor,p05,sample,2000,10000,f4_495_p05,14:51:00,3288,aa,1,submitted,2026-09-03T07:29:23Z
2013[Cd][pcu]3[ION]1,stage1,floor,p65,sample,2000,10000,f4_495_p65,14:51:00,3288,aa,1,submitted,2026-09-03T07:34:16Z
2013[Ce][ant]3[FSR]1,stage1,floor,p05,sample,2000,10000,f4_496_p05,17:53:00,3960,ac,1,submitted,2026-09-03T07:34:16Z
2013[Ce][ant]3[FSR]1,stage1,floor,p65,sample,2000,10000,f4_496_p65,17:53:00,3960,amd,1,submitted,2026-09-03T07:34:16Z
2013[Ce][dia]3[ASR]1,stage1,floor,p05,sample,2000,10000,f4_497_p05,11:38:00,2574,aa,1,submitted,2026-09-03T07:34:16Z
2013[Ce][dia]3[ASR]1,stage1,floor,p65,sample,2000,10000,f4_497_p65,11:38:00,2574,aa,1,submitted,2026-09-03T07:37:10Z
2013[Ce][nan]3[ASR]6,stage1,floor,p05,sample,2000,10000,f4_498_p05,14:49:00,3280,ac,1,submitted,2026-09-03T07:37:10Z
2013[Ce][nan]3[ASR]6,stage1,floor,p65,sample,2000,10000,f4_498_p65,14:49:00,3280,amd,1,submitted,2026-09-03T07:37:10Z
2013[Ce][nan]3[ASR]7,stage1,floor,p05,sample,2000,10000,f4_499_p05,14:49:00,3280,aa,1,submitted,2026-09-03T07:37:10Z
2013[Ce][nan]3[ASR]7,stage1,floor,p65,sample,2000,10000,f4_499_p65,14:49:00,3280,ac,1,submitted,2026-09-03T07:37:10Z
2013[Ce][nan]3[FSR]1,stage1,floor,p05,sample,2000,10000,f4_500_p05,13:25:00,2970,aa,1,submitted,2026-09-03T07:40:01Z
2013[Ce][nan]3[FSR]1,stage1,floor,p65,sample,2000,10000,f4_500_p65,13:25:00,2970,ac,1,submitted,2026-09-03T07:40:01Z
2013[CoPr][nan]3[FSR]1,stage1,floor,p05,sample,2000,10000,f4_501_p05,38:04:00,8424,amd,1,submitted,2026-09-03T07:40:01Z
2013[CoPr][nan]3[FSR]1,stage1,floor,p65,sample,2000,10000,f4_501_p65,38:04:00,8424,aa,1,submitted,2026-09-03T07:42:53Z
2013[Co][ins]3[ASR]1,stage1,floor,p05,sample,2000,10000,f4_502_p05,14:06:00,3120,ac,1,submitted,2026-09-03T07:42:53Z
2013[Co][ins]3[ASR]1,stage1,floor,p65,sample,2000,10000,f4_502_p65,14:06:00,3120,amd,1,submitted,2026-09-03T07:42:53Z
2013[Co][lvt]3[ASR]1,stage1,floor,p05,sample,2000,10000,f4_503_p05,10:50:00,2400,aa,1,submitted,2026-09-03T07:42:53Z
2013[Co][lvt]3[ASR]1,stage1,floor,p65,sample,2000,10000,f4_503_p65,10:50:00,2400,aa,1,submitted,2026-09-03T07:45:45Z
2013[Co][nan]3[ASR]12,stage1,floor,p05,sample,2000,10000,f4_504_p05,19:05:00,4224,ac,1,submitted,2026-09-03T07:45:45Z
2013[Co][nan]3[ASR]12,stage1,floor,p65,sample,2000,10000,f4_504_p65,19:05:00,4224,amd,1,submitted,2026-09-03T07:45:45Z
2013[Co][nan]3[ASR]14,stage1,floor,p05,sample,2000,10000,f4_505_p05,08:01:00,1776,aa,1,submitted,2026-09-03T07:48:39Z
2013[Co][nan]3[ASR]14,stage1,floor,p65,sample,2000,10000,f4_505_p65,08:01:00,1776,ac,1,submitted,2026-09-03T07:48:39Z
2013[Co][nan]3[ASR]19,stage1,floor,p05,sample,2000,10000,f4_506_p05,24:43:00,5472,amd,1,submitted,2026-09-03T07:48:39Z
2013[Co][nan]3[ASR]19,stage1,floor,p65,sample,2000,10000,f4_506_p65,24:43:00,5472,aa,1,submitted,2026-09-03T07:48:39Z
2013[Co][nan]3[ASR]7,stage1,floor,p05,sample,2000,10000,f4_507_p05,07:43:00,1710,ac,1,submitted,2026-09-03T07:48:39Z
2013[Co][nan]3[ASR]7,stage1,floor,p65,sample,2000,10000,f4_507_p65,07:43:00,1710,aa,1,submitted,2026-09-03T07:51:30Z
2013[Co][nan]3[FSR]1,stage1,floor,p05,sample,2000,10000,f4_508_p05,09:50:00,2178,ac,1,submitted,2026-09-03T07:51:30Z
2013[Co][nan]3[FSR]1,stage1,floor,p65,sample,2000,10000,f4_508_p65,09:50:00,2178,amd,1,submitted,2026-09-03T07:51:30Z
2013[Co][nan]3[FSR]8,stage1,floor,p05,sample,2000,10000,f4_509_p05,13:59:00,3096,aa,1,submitted,2026-09-03T07:54:24Z
2013[Co][nan]3[FSR]8,stage1,floor,p65,sample,2000,10000,f4_509_p65,13:59:00,3096,ac,1,submitted,2026-09-03T07:54:24Z
2013[Co][pcu]3[ASR]3,stage1,floor,p05,sample,2000,10000,f4_510_p05,13:32:00,2997,amd,1,submitted,2026-09-03T07:54:24Z
2013[Co][pcu]3[ASR]3,stage1,floor,p65,sample,2000,10000,f4_510_p65,13:32:00,2997,aa,1,submitted,2026-09-03T07:54:24Z
2013[Co][pcu]3[FSR]4,stage1,floor,p05,sample,2000,10000,f4_511_p05,14:31:00,3213,aa,1,submitted,2026-09-03T07:57:19Z
2013[Co][pcu]3[FSR]4,stage1,floor,p65,sample,2000,10000,f4_511_p65,14:31:00,3213,ac,1,submitted,2026-09-03T07:57:19Z
2013[Co][tfz]3[ASR]1,stage1,floor,p05,sample,2000,10000,f4_512_p05,12:19:00,2727,amd,1,submitted,2026-09-03T07:57:19Z
2013[Co][tfz]3[ASR]1,stage1,floor,p65,sample,2000,10000,f4_512_p65,12:19:00,2727,aa,1,submitted,2026-09-03T07:57:19Z
2013[CuEu][nan]3[FSR]1,stage1,floor,p05,sample,2000,10000,f4_513_p05,10:15:00,2268,ac,1,submitted,2026-09-03T07:57:19Z
2013[CuEu][nan]3[FSR]1,stage1,floor,p65,sample,2000,10000,f4_513_p65,10:15:00,2268,amd,1,submitted,2026-09-03T07:57:19Z
2013[CuMn][nan]3[ASR]1,stage1,floor,p05,sample,2000,10000,f4_514_p05,07:48:00,1728,aa,1,submitted,2026-09-03T08:00:08Z
2013[CuMn][nan]3[ASR]1,stage1,floor,p65,sample,2000,10000,f4_514_p65,07:48:00,1728,ac,1,submitted,2026-09-03T08:00:08Z
2013[Cu][cds]3[FSR]1,stage1,floor,p05,sample,2000,10000,f4_515_p05,15:50:00,3504,aa,1,submitted,2026-09-03T08:03:03Z
2013[Cu][cds]3[FSR]1,stage1,floor,p65,sample,2000,10000,f4_515_p65,15:50:00,3504,ac,1,submitted,2026-09-03T08:03:03Z
2013[Cu][nan]3[ASR]1,stage1,floor,p05,sample,2000,10000,f4_516_p05,08:10:00,1808,amd,1,submitted,2026-09-03T08:03:03Z
2013[Cu][nan]3[ASR]1,stage1,floor,p65,sample,2000,10000,f4_516_p65,08:10:00,1808,aa,1,submitted,2026-09-03T08:03:03Z
2013[Cu][nan]3[ASR]6,stage1,floor,p05,sample,2000,10000,f4_517_p05,11:12:00,2480,ac,1,submitted,2026-09-03T08:03:03Z
2013[Cu][nan]3[ASR]6,stage1,floor,p65,sample,2000,10000,f4_517_p65,11:12:00,2480,aa,1,submitted,2026-09-03T08:05:58Z
2013[Cu][nan]3[ASR]9,stage1,floor,p05,sample,2000,10000,f4_518_p05,10:24:00,2304,ac,1,submitted,2026-09-03T08:05:58Z
2013[Cu][nan]3[ASR]9,stage1,floor,p65,sample,2000,10000,f4_518_p65,10:24:00,2304,amd,1,submitted,2026-09-03T08:05:58Z
2013[Cu][nan]3[FSR]3,stage1,floor,p05,sample,2000,10000,f4_519_p05,07:55:00,1752,aa,1,submitted,2026-09-03T08:05:58Z
2013[Cu][nan]3[FSR]3,stage1,floor,p65,sample,2000,10000,f4_519_p65,07:55:00,1752,ac,1,submitted,2026-09-03T08:05:58Z
2013[Cu][nbo]3[ASR]1,stage1,floor,p05,sample,2000,10000,f4_520_p05,07:55:00,1752,amd,1,submitted,2026-09-03T08:05:58Z
2013[Cu][nbo]3[ASR]1,stage1,floor,p65,sample,2000,10000,f4_520_p65,07:55:00,1752,aa,1,submitted,2026-09-03T08:08:49Z
2013[Cu][pcu]3[ASR]2,stage1,floor,p05,sample,2000,10000,f4_521_p05,21:24:00,4736,ac,1,submitted,2026-09-03T08:08:49Z
2013[Cu][pcu]3[ASR]2,stage1,floor,p65,sample,2000,10000,f4_521_p65,21:24:00,4736,amd,1,submitted,2026-09-03T08:08:49Z
2013[Cu][pts]3[ASR]3,stage1,floor,p05,sample,2000,10000,f4_522_p05,06:52:00,1520,aa,1,submitted,2026-09-03T08:11:39Z
2013[Cu][pts]3[ASR]3,stage1,floor,p65,sample,2000,10000,f4_522_p65,06:52:00,1520,ac,1,submitted,2026-09-03T08:11:39Z
2013[Cu][sqc]2[FSR]1,stage1,floor,p05,sample,2000,10000,f4_523_p05,20:23:00,4512,amd,1,submitted,2026-09-03T08:11:39Z
2013[Cu][sqc]2[FSR]1,stage1,floor,p65,sample,2000,10000,f4_523_p65,20:23:00,4512,aa,1,submitted,2026-09-03T08:14:40Z
2013[Cu][ubt]3[ASR]1,stage1,floor,p05,sample,2000,10000,f4_524_p05,17:47:00,3936,ac,1,submitted,2026-09-03T08:14:40Z
2013[Cu][ubt]3[ASR]1,stage1,floor,p65,sample,2000,10000,f4_524_p65,17:47:00,3936,amd,1,submitted,2026-09-03T08:14:40Z
2013[Dy][dia]3[ASR]1,stage1,floor,p05,sample,2000,10000,f4_525_p05,12:48:00,2832,aa,1,submitted,2026-09-03T08:14:40Z
2013[Dy][dia]3[ASR]1,stage1,floor,p65,sample,2000,10000,f4_525_p65,12:48:00,2832,ac,1,submitted,2026-09-03T08:14:40Z
2013[Er][nan]3[FSR]2,stage1,floor,p05,sample,2000,10000,f4_526_p05,09:06:00,2016,amd,1,submitted,2026-09-03T08:14:40Z
2013[Er][nan]3[FSR]2,stage1,floor,p65,sample,2000,10000,f4_526_p65,09:06:00,2016,aa,1,submitted,2026-09-03T08:14:40Z
2013[Eu][nan]3[ASR]10,stage1,floor,p05,sample,2000,10000,f4_527_p05,28:38:00,6336,ac,1,submitted,2026-09-03T08:14:40Z
2013[Eu][nan]3[ASR]10,stage1,floor,p65,sample,2000,10000,f4_527_p65,28:38:00,6336,amd,1,submitted,2026-09-03T08:14:40Z
2013[Eu][nan]3[ASR]4,stage1,floor,p05,sample,2000,10000,f4_528_p05,08:49:00,1952,aa,1,submitted,2026-09-03T08:17:35Z
2013[Eu][nan]3[ASR]4,stage1,floor,p65,sample,2000,10000,f4_528_p65,08:49:00,1952,ac,1,submitted,2026-09-03T08:17:35Z
2013[Gd][pcu]3[FSR]1,stage1,floor,p05,sample,2000,10000,f4_529_p05,16:03:00,3552,amd,1,submitted,2026-09-03T08:17:35Z
2013[Gd][pcu]3[FSR]1,stage1,floor,p65,sample,2000,10000,f4_529_p65,16:03:00,3552,aa,1,submitted,2026-09-03T08:17:35Z
2013[Hf][bct]3[ASR]1,stage1,floor,p05,sample,2000,10000,f4_530_p05,06:00:00,1328,ac,1,submitted,2026-09-03T08:17:35Z
2013[Hf][bct]3[ASR]1,stage1,floor,p65,sample,2000,10000,f4_530_p65,06:00:00,1328,amd,1,submitted,2026-09-03T08:17:35Z
2013[La][nan]3[FSR]4,stage1,floor,p05,sample,2000,10000,f4_531_p05,07:31:00,1664,ac,1,submitted,2026-09-03T08:20:29Z
2013[La][nan]3[FSR]4,stage1,floor,p65,sample,2000,10000,f4_531_p65,07:31:00,1664,aa,1,submitted,2026-09-03T08:20:29Z
2013[Mg][acs]3[ASR]5,stage1,floor,p05,sample,2000,10000,f4_532_p05,11:45:00,2600,amd,1,submitted,2026-09-03T08:20:29Z
2013[Mg][acs]3[ASR]5,stage1,floor,p65,sample,2000,10000,f4_532_p65,11:45:00,2600,ac,1,submitted,2026-09-03T08:20:29Z
2013[Mn][nan]3[ASR]2,stage1,floor,p05,sample,2000,10000,f4_533_p05,12:26:00,2752,aa,1,submitted,2026-09-03T08:20:29Z
2013[Mn][nan]3[ASR]2,stage1,floor,p65,sample,2000,10000,f4_533_p65,12:26:00,2752,aa,1,submitted,2026-09-03T08:23:25Z
2013[MoNi][nan]3[FSR]1,stage1,floor,p05,sample,2000,10000,f4_534_p05,11:03:00,2448,ac,1,submitted,2026-09-03T08:23:25Z
2013[MoNi][nan]3[FSR]1,stage1,floor,p65,sample,2000,10000,f4_534_p65,11:03:00,2448,amd,1,submitted,2026-09-03T08:23:25Z
2013[NiCd][nan]3[ASR]1,stage1,floor,p05,sample,2000,10000,f4_535_p05,20:04:00,4440,aa,1,submitted,2026-09-03T08:23:25Z
2013[NiCd][nan]3[ASR]1,stage1,floor,p65,sample,2000,10000,f4_535_p65,20:04:00,4440,ac,1,submitted,2026-09-03T08:23:25Z
2013[Ni][dia]3[FSR]2,stage1,floor,p05,sample,2000,10000,f4_536_p05,13:27:00,2976,amd,1,submitted,2026-09-03T08:23:25Z
2013[Ni][dia]3[FSR]2,stage1,floor,p65,sample,2000,10000,f4_536_p65,13:27:00,2976,aa,1,submitted,2026-09-03T08:26:14Z
2013[Ni][hex]3[ASR]1,stage1,floor,p05,sample,2000,10000,f4_537_p05,08:18:00,1840,ac,1,submitted,2026-09-03T08:26:14Z
2013[Ni][hex]3[ASR]1,stage1,floor,p65,sample,2000,10000,f4_537_p65,08:18:00,1840,aa,1,submitted,2026-09-03T08:29:08Z
2013[Ni][hms]3[ASR]2,stage1,floor,p05,sample,2000,10000,f4_538_p05,08:27:00,1872,ac,1,submitted,2026-09-03T08:29:08Z
2013[Ni][hms]3[ASR]2,stage1,floor,p65,sample,2000,10000,f4_538_p65,08:27:00,1872,amd,1,submitted,2026-09-03T08:29:08Z
2013[Ni][nan]3[ASR]2,stage1,floor,p05,sample,2000,10000,f4_539_p05,05:44:00,1272,aa,1,submitted,2026-09-03T08:29:08Z
2013[Ni][nan]3[ASR]2,stage1,floor,p65,sample,2000,10000,f4_539_p65,05:44:00,1272,ac,1,submitted,2026-09-03T08:29:08Z
2013[Ni][sit]3[ASR]2,stage1,floor,p05,sample,2000,10000,f4_540_p05,07:35:00,1680,aa,1,submitted,2026-09-03T08:31:59Z
2013[Ni][sit]3[ASR]2,stage1,floor,p65,sample,2000,10000,f4_540_p65,07:35:00,1680,ac,1,submitted,2026-09-03T08:31:59Z
2013[Ni][xmz]3[ASR]5,stage1,floor,p05,sample,2000,10000,f4_541_p05,09:54:00,2192,amd,1,submitted,2026-09-03T08:31:59Z
2013[Ni][xmz]3[ASR]5,stage1,floor,p65,sample,2000,10000,f4_541_p65,09:54:00,2192,aa,1,submitted,2026-09-03T08:34:51Z
2013[Pb][dia]3[ASR]1,stage1,floor,p05,sample,2000,10000,f4_542_p05,09:32:00,2112,ac,1,submitted,2026-09-03T08:34:51Z
2013[Pb][dia]3[ASR]1,stage1,floor,p65,sample,2000,10000,f4_542_p65,09:32:00,2112,amd,1,submitted,2026-09-03T08:34:51Z
2013[SiCu][pcu]3[ASR]1,stage1,floor,p05,sample,2000,10000,f4_543_p05,03:45:00,832,aa,1,submitted,2026-09-03T08:34:51Z
2013[SiCu][pcu]3[ASR]1,stage1,floor,p65,sample,2000,10000,f4_543_p65,03:45:00,832,aa,1,submitted,2026-09-03T08:37:47Z
2013[Sm][pts]3[FSR]1,stage1,floor,p05,sample,2000,10000,f4_544_p05,08:17:00,1836,ac,1,submitted,2026-09-03T08:37:47Z
2013[Sm][pts]3[FSR]1,stage1,floor,p65,sample,2000,10000,f4_544_p65,08:17:00,1836,amd,1,submitted,2026-09-03T08:37:47Z
2013[Tb][dia]3[ASR]1,stage1,floor,p05,sample,2000,10000,f4_545_p05,08:27:00,1872,aa,1,submitted,2026-09-03T08:37:47Z
2013[Tb][dia]3[ASR]1,stage1,floor,p65,sample,2000,10000,f4_545_p65,08:27:00,1872,ac,1,submitted,2026-09-03T08:37:47Z
2013[Tb][pcu]3[ION]1,stage1,floor,p05,sample,2000,10000,f4_546_p05,16:46:00,3712,amd,1,submitted,2026-09-03T08:37:47Z
2013[Tb][pcu]3[ION]1,stage1,floor,p65,sample,2000,10000,f4_546_p65,16:46:00,3712,aa,1,submitted,2026-09-03T08:40:43Z
2013[Tb][umc]3[ASR]2,stage1,floor,p05,sample,2000,10000,f4_547_p05,07:05:00,1568,ac,1,submitted,2026-09-03T08:40:43Z
2013[Tb][umc]3[ASR]2,stage1,floor,p65,sample,2000,10000,f4_547_p65,07:05:00,1568,amd,1,submitted,2026-09-03T08:40:43Z
2013[Tm][nan]3[ASR]1,stage1,floor,p05,sample,2000,10000,f4_548_p05,10:50:00,2400,aa,1,submitted,2026-09-03T08:40:43Z
2013[Tm][nan]3[ASR]1,stage1,floor,p65,sample,2000,10000,f4_548_p65,10:50:00,2400,ac,1,submitted,2026-09-03T08:40:43Z
2013[Tm][nan]3[FSR]2,stage1,floor,p05,sample,2000,10000,f4_549_p05,09:01:00,1998,amd,1,submitted,2026-09-03T08:40:43Z
2013[Tm][nan]3[FSR]2,stage1,floor,p65,sample,2000,10000,f4_549_p65,09:01:00,1998,aa,1,submitted,2026-09-03T08:40:43Z
2013[Tm][pcu]3[FSR]1,stage1,floor,p05,sample,2000,10000,f4_550_p05,09:26:00,2088,aa,1,submitted,2026-09-03T08:43:34Z
2013[Tm][pcu]3[FSR]1,stage1,floor,p65,sample,2000,10000,f4_550_p65,09:26:00,2088,ac,1,submitted,2026-09-03T08:43:34Z
2013[U][fcu]3[ASR]1,stage1,floor,p05,sample,2000,10000,f4_551_p05,13:25:00,2970,amd,1,submitted,2026-09-03T08:43:34Z
2013[U][fcu]3[ASR]1,stage1,floor,p65,sample,2000,10000,f4_551_p65,13:25:00,2970,aa,1,submitted,2026-09-03T08:46:30Z
2013[WCo][mmo]3[FSR]1,stage1,floor,p05,sample,2000,10000,f4_552_p05,05:51:00,1296,ac,1,submitted,2026-09-03T08:46:30Z
2013[WCo][mmo]3[FSR]1,stage1,floor,p65,sample,2000,10000,f4_552_p65,05:51:00,1296,amd,1,submitted,2026-09-03T08:46:30Z
2013[Y][nan]3[FSR]1,stage1,floor,p05,sample,2000,10000,f4_553_p05,10:33:00,2336,aa,1,submitted,2026-09-03T08:46:30Z
2013[Y][nan]3[FSR]1,stage1,floor,p65,sample,2000,10000,f4_553_p65,10:33:00,2336,ac,1,submitted,2026-09-03T08:46:30Z
2013[Y][nan]3[FSR]3,stage1,floor,p05,sample,2000,10000,f4_554_p05,09:06:00,2016,amd,1,submitted,2026-09-03T08:46:30Z
2013[Y][nan]3[FSR]3,stage1,floor,p65,sample,2000,10000,f4_554_p65,09:06:00,2016,aa,1,submitted,2026-09-03T08:49:23Z
2013[Yb][dia]3[FSR]1,stage1,floor,p05,sample,2000,10000,f4_555_p05,11:03:00,2448,ac,1,submitted,2026-09-03T08:49:23Z
2013[Yb][dia]3[FSR]1,stage1,floor,p65,sample,2000,10000,f4_555_p65,11:03:00,2448,amd,1,submitted,2026-09-03T08:49:23Z
2013[ZnCr][lon]3[ASR]1,stage1,floor,p05,sample,2000,10000,f4_556_p05,06:39:00,1472,aa,1,submitted,2026-09-03T08:49:23Z
2013[ZnCr][lon]3[ASR]1,stage1,floor,p65,sample,2000,10000,f4_556_p65,06:39:00,1472,ac,1,submitted,2026-09-03T08:49:23Z
2013[ZnCr][lon]3[ASR]2,stage1,floor,p05,sample,2000,10000,f4_557_p05,06:00:00,1328,aa,1,submitted,2026-09-03T08:52:16Z
2013[ZnCr][lon]3[ASR]2,stage1,floor,p65,sample,2000,10000,f4_557_p65,06:00:00,1328,ac,1,submitted,2026-09-03T08:52:16Z
2013[ZnCr][lon]3[ASR]5,stage1,floor,p05,sample,2000,10000,f4_558_p05,07:05:00,1568,amd,1,submitted,2026-09-03T08:52:16Z
2013[ZnCr][lon]3[ASR]5,stage1,floor,p65,sample,2000,10000,f4_558_p65,07:05:00,1568,aa,1,submitted,2026-09-03T08:52:16Z
2013[ZnCr][lon]3[ASR]7,stage1,floor,p05,sample,2000,10000,f4_559_p05,07:31:00,1664,aa,1,submitted,2026-09-03T08:55:05Z
2013[ZnCr][lon]3[ASR]7,stage1,floor,p65,sample,2000,10000,f4_559_p65,07:31:00,1664,ac,1,submitted,2026-09-03T08:55:05Z
2013[ZnMo][nan]3[FSR]1,stage1,floor,p05,sample,2000,10000,f4_560_p05,18:42:00,4140,aa,1,submitted,2026-09-03T08:57:55Z
2013[ZnMo][nan]3[FSR]1,stage1,floor,p65,sample,2000,10000,f4_560_p65,18:42:00,4140,ac,1,submitted,2026-09-03T08:57:55Z
2013[ZnSi][flu]3[ASR]1,stage1,floor,p05,sample,2000,10000,f4_561_p05,14:02:00,3105,aa,1,submitted,2026-09-03T09:00:46Z
2013[ZnSi][flu]3[ASR]1,stage1,floor,p65,sample,2000,10000,f4_561_p65,14:02:00,3105,ac,1,submitted,2026-09-03T09:00:46Z
2013[ZnSi][flu]3[FSR]1,stage1,floor,p05,sample,2000,10000,f4_562_p05,16:57:00,3753,amd,1,submitted,2026-09-03T09:00:46Z
2013[ZnSi][flu]3[FSR]1,stage1,floor,p65,sample,2000,10000,f4_562_p65,16:57:00,3753,aa,1,submitted,2026-09-03T09:03:39Z
2013[ZnSi][nan]3[ASR]1,stage1,floor,p05,sample,2000,10000,f4_563_p05,08:08:00,1800,ac,1,submitted,2026-09-03T09:03:39Z
2013[ZnSi][nan]3[ASR]1,stage1,floor,p65,sample,2000,10000,f4_563_p65,08:08:00,1800,amd,1,submitted,2026-09-03T09:03:39Z
2013[Zn][bbf]3[ASR]1,stage1,floor,p05,sample,2000,10000,f4_564_p05,14:27:00,3200,aa,1,submitted,2026-09-03T09:03:39Z
2013[Zn][bbf]3[ASR]1,stage1,floor,p65,sample,2000,10000,f4_564_p65,14:27:00,3200,ac,1,submitted,2026-09-03T09:03:39Z
2013[Zn][crb]3[ASR]4,stage1,floor,p05,sample,2000,10000,f4_565_p05,07:48:00,1728,aa,1,submitted,2026-09-03T09:06:32Z
2013[Zn][crb]3[ASR]4,stage1,floor,p65,sample,2000,10000,f4_565_p65,07:48:00,1728,ac,1,submitted,2026-09-03T09:06:32Z
2013[Zn][crb]3[ASR]5,stage1,floor,p05,sample,2000,10000,f4_566_p05,07:48:00,1728,amd,1,submitted,2026-09-03T09:06:32Z
2013[Zn][crb]3[ASR]5,stage1,floor,p65,sample,2000,10000,f4_566_p65,07:48:00,1728,aa,1,submitted,2026-09-03T09:06:32Z
2013[Zn][dia]3[ASR]13,stage1,floor,p05,sample,2000,10000,f4_567_p05,08:27:00,1872,aa,1,submitted,2026-09-03T09:09:27Z
2013[Zn][dia]3[ASR]13,stage1,floor,p65,sample,2000,10000,f4_567_p65,08:27:00,1872,ac,1,submitted,2026-09-03T09:09:27Z
2013[Zn][idp]3[ASR]1,stage1,floor,p05,sample,2000,10000,f4_568_p05,08:36:00,1904,amd,1,submitted,2026-09-03T09:09:27Z
2013[Zn][idp]3[ASR]1,stage1,floor,p65,sample,2000,10000,f4_568_p65,08:36:00,1904,aa,1,submitted,2026-09-03T09:09:27Z
2013[Zn][ins]3[FSR]2,stage1,floor,p05,sample,2000,10000,f4_569_p05,18:48:00,4160,ac,1,submitted,2026-09-03T09:09:27Z
2013[Zn][ins]3[FSR]2,stage1,floor,p65,sample,2000,10000,f4_569_p65,18:48:00,4160,aa,1,submitted,2026-09-03T09:12:15Z
2013[Zn][nan]2[ASR]2,stage1,floor,p05,sample,2000,10000,f4_570_p05,07:09:00,1584,aa,1,submitted,2026-09-03T09:15:19Z
2013[Zn][nan]2[ASR]2,stage1,floor,p65,sample,2000,10000,f4_570_p65,07:09:00,1584,ac,1,submitted,2026-09-03T09:15:19Z
2013[Zn][nan]3[ASR]2,stage1,floor,p05,sample,2000,10000,f4_571_p05,19:31:00,4320,amd,1,submitted,2026-09-03T09:15:19Z
2013[Zn][nan]3[ASR]2,stage1,floor,p65,sample,2000,10000,f4_571_p65,19:31:00,4320,aa,1,submitted,2026-09-03T09:15:19Z
2013[Zn][nan]3[FSR]10,stage1,floor,p05,sample,2000,10000,f4_572_p05,07:57:00,1760,ac,1,submitted,2026-09-03T09:15:19Z
2013[Zn][nan]3[FSR]10,stage1,floor,p65,sample,2000,10000,f4_572_p65,07:57:00,1760,amd,1,submitted,2026-09-03T09:15:19Z
2013[Zn][nan]3[FSR]12,stage1,floor,p05,sample,2000,10000,f4_573_p05,14:19:00,3168,aa,1,submitted,2026-09-03T09:15:19Z
2013[Zn][nan]3[FSR]12,stage1,floor,p65,sample,2000,10000,f4_573_p65,14:19:00,3168,ac,1,submitted,2026-09-03T09:15:19Z
2013[Zn][nan]3[FSR]34,stage1,floor,p05,sample,2000,10000,f4_574_p05,12:36:00,2790,amd,1,submitted,2026-09-03T09:15:19Z
2013[Zn][nan]3[FSR]34,stage1,floor,p65,sample,2000,10000,f4_574_p65,12:36:00,2790,aa,1,submitted,2026-09-03T09:15:19Z
2013[Zn][nan]3[FSR]5,stage1,floor,p05,sample,2000,10000,f4_575_p05,11:23:00,2520,ac,1,submitted,2026-09-03T09:15:19Z
2013[Zn][nan]3[FSR]5,stage1,floor,p65,sample,2000,10000,f4_575_p65,11:23:00,2520,amd,1,submitted,2026-09-03T09:15:19Z
2013[Zn][pcu]3[ASR]5,stage1,floor,p05,sample,2000,10000,f4_576_p05,03:00:00,424,aa,1,submitted,2026-09-03T09:18:14Z
2013[Zn][pcu]3[ASR]5,stage1,floor,p65,sample,2000,10000,f4_576_p65,03:00:00,424,ac,1,submitted,2026-09-03T09:18:14Z
2013[Zn][pcu]3[ASR]6,stage1,floor,p05,sample,2000,10000,f4_577_p05,15:19:00,3392,amd,1,submitted,2026-09-03T09:18:14Z
2013[Zn][pcu]3[ASR]6,stage1,floor,p65,sample,2000,10000,f4_577_p65,15:19:00,3392,aa,1,submitted,2026-09-03T09:18:14Z
2013[Zn][pts]3[ASR]3,stage1,floor,p05,sample,2000,10000,f4_578_p05,11:34:00,2560,ac,1,submitted,2026-09-03T09:18:14Z
2013[Zn][pts]3[ASR]3,stage1,floor,p65,sample,2000,10000,f4_578_p65,11:34:00,2560,amd,1,submitted,2026-09-03T09:18:14Z
2013[Zn][rtl]3[ASR]5,stage1,floor,p05,sample,2000,10000,f4_579_p05,13:01:00,2880,aa,1,submitted,2026-09-03T09:21:08Z
2013[Zn][rtl]3[ASR]5,stage1,floor,p65,sample,2000,10000,f4_579_p65,13:01:00,2880,ac,1,submitted,2026-09-03T09:21:08Z
2013[Zn][rtl]3[ION]1,stage1,floor,p05,sample,2000,10000,f4_580_p05,08:32:00,1888,amd,1,submitted,2026-09-03T09:21:08Z
2013[Zn][rtl]3[ION]1,stage1,floor,p65,sample,2000,10000,f4_580_p65,08:32:00,1888,aa,1,submitted,2026-09-03T09:21:08Z
2013[Zn][sod]3[ASR]1,stage1,floor,p05,sample,2000,10000,f4_581_p05,17:34:00,3888,ac,1,submitted,2026-09-03T09:21:08Z
2013[Zn][sod]3[ASR]1,stage1,floor,p65,sample,2000,10000,f4_581_p65,17:34:00,3888,aa,1,submitted,2026-09-03T09:24:02Z
2013[Zn][sod]3[ASR]3,stage1,floor,p05,sample,2000,10000,f4_582_p05,13:59:00,3096,ac,1,submitted,2026-09-03T09:24:02Z
2013[Zn][sod]3[ASR]3,stage1,floor,p65,sample,2000,10000,f4_582_p65,13:59:00,3096,amd,1,submitted,2026-09-03T09:24:02Z
2013[Zn][ths]3[ASR]12,stage1,floor,p05,sample,2000,10000,f4_583_p05,05:51:00,1296,aa,1,submitted,2026-09-03T09:24:02Z
2013[Zn][ths]3[ASR]12,stage1,floor,p65,sample,2000,10000,f4_583_p65,05:51:00,1296,ac,1,submitted,2026-09-03T09:24:02Z
2013[Zn][ths]3[ASR]3,stage1,floor,p05,sample,2000,10000,f4_584_p05,05:51:00,1296,aa,1,submitted,2026-09-03T09:26:57Z
2013[Zn][ths]3[ASR]3,stage1,floor,p65,sample,2000,10000,f4_584_p65,05:51:00,1296,ac,1,submitted,2026-09-03T09:26:57Z
2013[Zn][ths]3[ASR]6,stage1,floor,p05,sample,2000,10000,f4_585_p05,05:51:00,1296,amd,1,submitted,2026-09-03T09:26:57Z
2013[Zn][ths]3[ASR]6,stage1,floor,p65,sample,2000,10000,f4_585_p65,05:51:00,1296,aa,1,submitted,2026-09-03T09:26:57Z
2013[Zn][ths]3[ASR]7,stage1,floor,p05,sample,2000,10000,f4_586_p05,05:51:00,1296,ac,1,submitted,2026-09-03T09:26:57Z
2013[Zn][ths]3[ASR]7,stage1,floor,p65,sample,2000,10000,f4_586_p65,05:51:00,1296,amd,1,submitted,2026-09-03T09:26:57Z
2013[Zn][ths]3[ASR]8,stage1,floor,p05,sample,2000,10000,f4_587_p05,05:51:00,1296,aa,1,submitted,2026-09-03T09:29:57Z
2013[Zn][ths]3[ASR]8,stage1,floor,p65,sample,2000,10000,f4_587_p65,05:51:00,1296,ac,1,submitted,2026-09-03T09:29:57Z
2013[Zn][uni]3[ASR]5,stage1,floor,p05,sample,2000,10000,f4_588_p05,07:48:00,1728,amd,1,submitted,2026-09-03T09:29:57Z
2013[Zn][uni]3[ASR]5,stage1,floor,p65,sample,2000,10000,f4_588_p65,07:48:00,1728,aa,1,submitted,2026-09-03T09:29:57Z
2013[Zn][uni]3[ASR]9,stage1,floor,p05,sample,2000,10000,f4_589_p05,10:05:00,2232,ac,1,submitted,2026-09-03T09:29:57Z
2013[Zn][uni]3[ASR]9,stage1,floor,p65,sample,2000,10000,f4_589_p65,10:05:00,2232,amd,1,submitted,2026-09-03T09:29:57Z
2013[Zn][uni]3[FSR]11,stage1,floor,p05,sample,2000,10000,f4_590_p05,11:42:00,2592,aa,1,submitted,2026-09-03T09:29:57Z
2013[Zn][uni]3[FSR]11,stage1,floor,p65,sample,2000,10000,f4_590_p65,11:42:00,2592,ac,1,submitted,2026-09-03T09:29:57Z
2013[Zr][nan]3[ASR]1,stage1,floor,p05,sample,2000,10000,f4_591_p05,06:04:00,1344,aa,1,submitted,2026-09-03T09:32:50Z
2013[Zr][nan]3[ASR]1,stage1,floor,p65,sample,2000,10000,f4_591_p65,06:04:00,1344,ac,1,submitted,2026-09-03T09:32:50Z
2013[Zr][reo]3[ASR]2,stage1,floor,p05,sample,2000,10000,f4_592_p05,14:19:00,3168,amd,1,submitted,2026-09-03T09:32:50Z
2013[Zr][reo]3[ASR]2,stage1,floor,p65,sample,2000,10000,f4_592_p65,14:19:00,3168,aa,1,submitted,2026-09-03T09:32:50Z
2014[Ag][mtn]3[ASR]2,stage1,floor,p05,sample,2000,10000,f4_593_p05,06:18:00,1394,ac,1,submitted,2026-09-03T09:32:50Z
2014[Ag][mtn]3[ASR]2,stage1,floor,p65,sample,2000,10000,f4_593_p65,06:18:00,1394,aa,1,submitted,2026-09-03T09:35:43Z
2014[Al][nan]3[ASR]5,stage1,floor,p05,sample,2000,10000,f4_594_p05,07:48:00,1728,ac,1,submitted,2026-09-03T09:35:43Z
2014[Al][nan]3[ASR]5,stage1,floor,p65,sample,2000,10000,f4_594_p65,07:48:00,1728,amd,1,submitted,2026-09-03T09:35:43Z
2014[Cd][dmp]3[ASR]1,stage1,floor,p05,sample,2000,10000,f4_595_p05,14:38:00,3240,aa,1,submitted,2026-09-03T09:35:43Z
2014[Cd][dmp]3[ASR]1,stage1,floor,p65,sample,2000,10000,f4_595_p65,14:38:00,3240,aa,1,submitted,2026-09-03T09:38:34Z
2014[Cd][nan]3[ASR]13,stage1,floor,p05,sample,2000,10000,f4_596_p05,11:16:00,2496,ac,1,submitted,2026-09-03T09:38:34Z
2014[Cd][nan]3[ASR]13,stage1,floor,p65,sample,2000,10000,f4_596_p65,11:16:00,2496,amd,1,submitted,2026-09-03T09:38:34Z
2014[Cd][nan]3[FSR]16,stage1,floor,p05,sample,2000,10000,f4_597_p05,18:13:00,4032,aa,1,submitted,2026-09-03T09:41:29Z
2014[Cd][nan]3[FSR]16,stage1,floor,p65,sample,2000,10000,f4_597_p65,18:13:00,4032,ac,1,submitted,2026-09-03T09:41:29Z
2014[Cd][nan]3[FSR]5,stage1,floor,p05,sample,2000,10000,f4_598_p05,18:39:00,4128,amd,1,submitted,2026-09-03T09:41:29Z
2014[Cd][nan]3[FSR]5,stage1,floor,p65,sample,2000,10000,f4_598_p65,18:39:00,4128,aa,1,submitted,2026-09-03T09:41:29Z
2014[Cd][pcu]3[ASR]6,stage1,floor,p05,sample,2000,10000,f4_599_p05,07:29:00,1656,ac,1,submitted,2026-09-03T09:41:29Z
2014[Cd][pcu]3[ASR]6,stage1,floor,p65,sample,2000,10000,f4_599_p65,07:29:00,1656,aa,1,submitted,2026-09-03T09:44:31Z
2014[Cd][pcu]3[ASR]7,stage1,floor,p05,sample,2000,10000,f4_600_p05,07:29:00,1656,ac,1,submitted,2026-09-03T09:44:31Z
2014[Cd][pcu]3[ASR]7,stage1,floor,p65,sample,2000,10000,f4_600_p65,07:29:00,1656,amd,1,submitted,2026-09-03T09:44:31Z
2014[Cd][pcu]3[FSR]2,stage1,floor,p05,sample,2000,10000,f4_601_p05,10:31:00,2328,aa,1,submitted,2026-09-03T09:44:31Z
2014[Cd][pcu]3[FSR]2,stage1,floor,p65,sample,2000,10000,f4_601_p65,10:31:00,2328,ac,1,submitted,2026-09-03T09:44:31Z
2014[Cd][pts]3[ASR]2,stage1,floor,p05,sample,2000,10000,f4_602_p05,21:28:00,4752,amd,1,submitted,2026-09-03T09:44:31Z
2014[Cd][pts]3[ASR]2,stage1,floor,p65,sample,2000,10000,f4_602_p65,21:28:00,4752,aa,1,submitted,2026-09-03T09:44:31Z
2014[Cd][rtl]3[ASR]1,stage1,floor,p05,sample,2000,10000,f4_603_p05,13:22:00,2960,ac,1,submitted,2026-09-03T09:44:31Z
2014[Cd][rtl]3[ASR]1,stage1,floor,p65,sample,2000,10000,f4_603_p65,13:22:00,2960,amd,1,submitted,2026-09-03T09:44:31Z
2014[Cd][rtl]3[FSR]1,stage1,floor,p05,sample,2000,10000,f4_604_p05,15:32:00,3440,aa,1,submitted,2026-09-03T09:44:31Z
2014[Cd][rtl]3[FSR]1,stage1,floor,p65,sample,2000,10000,f4_604_p65,15:32:00,3440,ac,1,submitted,2026-09-03T09:44:31Z
2014[Ce][nan]3[ASR]1,stage1,floor,p05,sample,2000,10000,f4_605_p05,14:28:00,3204,aa,1,submitted,2026-09-03T09:47:23Z
2014[Ce][nan]3[ASR]1,stage1,floor,p65,sample,2000,10000,f4_605_p65,14:28:00,3204,ac,1,submitted,2026-09-03T09:47:23Z
2014[Ce][nan]3[ASR]2,stage1,floor,p05,sample,2000,10000,f4_606_p05,06:47:00,1504,amd,1,submitted,2026-09-03T09:47:23Z
2014[Ce][nan]3[ASR]2,stage1,floor,p65,sample,2000,10000,f4_606_p65,06:47:00,1504,aa,1,submitted,2026-09-03T09:47:23Z
2014[CoPr][pcu]3[ION]1,stage1,floor,p05,sample,2000,10000,f4_607_p05,23:43:00,5248,aa,1,submitted,2026-09-03T09:50:24Z
2014[CoPr][pcu]3[ION]1,stage1,floor,p65,sample,2000,10000,f4_607_p65,23:43:00,5248,ac,1,submitted,2026-09-03T09:50:24Z
2014[Co][acs]3[ASR]1,stage1,floor,p05,sample,2000,10000,f4_608_p05,07:31:00,1664,amd,1,submitted,2026-09-03T09:50:24Z
2014[Co][acs]3[ASR]1,stage1,floor,p65,sample,2000,10000,f4_608_p65,07:31:00,1664,aa,1,submitted,2026-09-03T09:50:24Z
2014[Co][bcg]3[ASR]1,stage1,floor,p05,sample,2000,10000,f4_609_p05,10:54:00,2412,ac,1,submitted,2026-09-03T09:50:24Z
2014[Co][bcg]3[ASR]1,stage1,floor,p65,sample,2000,10000,f4_609_p65,10:54:00,2412,amd,1,submitted,2026-09-03T09:50:24Z
2014[Co][bcu]3[ASR]1,stage1,floor,p05,sample,2000,10000,f4_610_p05,07:29:00,1656,aa,1,submitted,2026-09-03T09:50:24Z
2014[Co][bcu]3[ASR]1,stage1,floor,p65,sample,2000,10000,f4_610_p65,07:29:00,1656,ac,1,submitted,2026-09-03T09:50:24Z
2014[Co][dia]3[ASR]1,stage1,floor,p05,sample,2000,10000,f4_611_p05,17:53:00,3960,amd,1,submitted,2026-09-03T09:50:24Z
2014[Co][dia]3[ASR]1,stage1,floor,p65,sample,2000,10000,f4_611_p65,17:53:00,3960,aa,1,submitted,2026-09-03T09:50:24Z
2014[Co][nan]3[ASR]11,stage1,floor,p05,sample,2000,10000,f4_612_p05,21:25:00,4740,aa,1,submitted,2026-09-03T09:53:16Z
2014[Co][nan]3[ASR]11,stage1,floor,p65,sample,2000,10000,f4_612_p65,21:25:00,4740,ac,1,submitted,2026-09-03T09:53:16Z
2014[Co][nan]3[ASR]15,stage1,floor,p05,sample,2000,10000,f4_613_p05,11:13:00,2484,amd,1,submitted,2026-09-03T09:53:16Z
2014[Co][nan]3[ASR]15,stage1,floor,p65,sample,2000,10000,f4_613_p65,11:13:00,2484,aa,1,submitted,2026-09-03T09:53:16Z
2014[Co][nan]3[ASR]16,stage1,floor,p05,sample,2000,10000,f4_614_p05,09:58:00,2208,aa,1,submitted,2026-09-03T09:56:13Z
2014[Co][nan]3[ASR]16,stage1,floor,p65,sample,2000,10000,f4_614_p65,09:58:00,2208,ac,1,submitted,2026-09-03T09:56:13Z
2014[Co][nan]3[ASR]25,stage1,floor,p05,sample,2000,10000,f4_615_p05,15:37:00,3456,amd,1,submitted,2026-09-03T09:56:13Z
2014[Co][nan]3[ASR]25,stage1,floor,p65,sample,2000,10000,f4_615_p65,15:37:00,3456,aa,1,submitted,2026-09-03T09:56:13Z
2014[Co][nan]3[ASR]6,stage1,floor,p05,sample,2000,10000,f4_616_p05,15:37:00,3456,ac,1,submitted,2026-09-03T09:56:13Z
2014[Co][nan]3[ASR]6,stage1,floor,p65,sample,2000,10000,f4_616_p65,15:37:00,3456,amd,1,submitted,2026-09-03T09:56:13Z
2014[Co][nan]3[FSR]4,stage1,floor,p05,sample,2000,10000,f4_617_p05,20:49:00,4608,aa,1,submitted,2026-09-03T09:56:13Z
2014[Co][nan]3[FSR]4,stage1,floor,p65,sample,2000,10000,f4_617_p65,20:49:00,4608,aa,1,submitted,2026-09-03T09:59:11Z
2014[CrMn][nan]3[ASR]1,stage1,floor,p05,sample,2000,10000,f4_618_p05,09:36:00,2124,ac,1,submitted,2026-09-03T09:59:11Z
2014[CrMn][nan]3[ASR]1,stage1,floor,p65,sample,2000,10000,f4_618_p65,09:36:00,2124,amd,1,submitted,2026-09-03T09:59:11Z
2014[CuLa][flt]3[ASR]1,stage1,floor,p05,sample,2000,10000,f4_619_p05,12:41:00,2808,aa,1,submitted,2026-09-03T09:59:11Z
2014[CuLa][flt]3[ASR]1,stage1,floor,p65,sample,2000,10000,f4_619_p65,12:41:00,2808,ac,1,submitted,2026-09-03T09:59:11Z
2014[CuTm][nan]3[ASR]1,stage1,floor,p05,sample,2000,10000,f4_620_p05,19:15:00,4260,amd,1,submitted,2026-09-03T09:59:11Z
2014[CuTm][nan]3[ASR]1,stage1,floor,p65,sample,2000,10000,f4_620_p65,19:15:00,4260,aa,1,submitted,2026-09-03T09:59:11Z
2014[Cu][acs]3[ASR]5,stage1,floor,p05,sample,2000,10000,f4_621_p05,17:37:00,3900,ac,1,submitted,2026-09-03T09:59:11Z
2014[Cu][acs]3[ASR]5,stage1,floor,p65,sample,2000,10000,f4_621_p65,17:37:00,3900,aa,1,submitted,2026-09-03T10:02:11Z
2014[Cu][acs]3[FSR]3,stage1,floor,p05,sample,2000,10000,f4_622_p05,17:37:00,3900,ac,1,submitted,2026-09-03T10:02:11Z
2014[Cu][acs]3[FSR]3,stage1,floor,p65,sample,2000,10000,f4_622_p65,17:37:00,3900,amd,1,submitted,2026-09-03T10:02:11Z
2014[Cu][bcu]3[ASR]3,stage1,floor,p05,sample,2000,10000,f4_623_p05,07:29:00,1656,aa,1,submitted,2026-09-03T10:02:11Z
2014[Cu][bcu]3[ASR]3,stage1,floor,p65,sample,2000,10000,f4_623_p65,07:29:00,1656,ac,1,submitted,2026-09-03T10:02:11Z
2014[Cu][bcu]3[ASR]5,stage1,floor,p05,sample,2000,10000,f4_624_p05,07:29:00,1656,amd,1,submitted,2026-09-03T10:02:11Z
2014[Cu][bcu]3[ASR]5,stage1,floor,p65,sample,2000,10000,f4_624_p65,07:29:00,1656,aa,1,submitted,2026-09-03T10:02:11Z
2014[Cu][dia]3[ASR]1,stage1,floor,p05,sample,2000,10000,f4_625_p05,13:20:00,2952,ac,1,submitted,2026-09-03T10:02:11Z
2014[Cu][dia]3[ASR]1,stage1,floor,p65,sample,2000,10000,f4_625_p65,13:20:00,2952,amd,1,submitted,2026-09-03T10:02:11Z
2014[Cu][dia]3[ASR]3,stage1,floor,p05,sample,2000,10000,f4_626_p05,13:20:00,2952,aa,1,submitted,2026-09-03T10:05:13Z
2014[Cu][dia]3[ASR]3,stage1,floor,p65,sample,2000,10000,f4_626_p65,13:20:00,2952,ac,1,submitted,2026-09-03T10:05:13Z
2014[Cu][dia]3[ASR]4,stage1,floor,p05,sample,2000,10000,f4_627_p05,13:20:00,2952,amd,1,submitted,2026-09-03T10:05:13Z
2014[Cu][dia]3[ASR]4,stage1,floor,p65,sample,2000,10000,f4_627_p65,13:20:00,2952,aa,1,submitted,2026-09-03T10:05:13Z
2014[Cu][dia]3[ASR]7,stage1,floor,p05,sample,2000,10000,f4_628_p05,28:04:00,6210,ac,1,submitted,2026-09-03T10:05:13Z
2014[Cu][dia]3[ASR]7,stage1,floor,p65,sample,2000,10000,f4_628_p65,28:04:00,6210,amd,1,submitted,2026-09-03T10:05:13Z
2014[Cu][nan]3[ASR]1,stage1,floor,p05,sample,2000,10000,f4_629_p05,04:12:00,930,aa,1,submitted,2026-09-03T10:05:13Z
2014[Cu][nan]3[ASR]1,stage1,floor,p65,sample,2000,10000,f4_629_p65,04:12:00,930,ac,1,submitted,2026-09-03T10:05:13Z
2014[Cu][nan]3[ASR]20,stage1,floor,p05,sample,2000,10000,f4_630_p05,14:19:00,3168,amd,1,submitted,2026-09-03T10:05:13Z
2014[Cu][nan]3[ASR]20,stage1,floor,p65,sample,2000,10000,f4_630_p65,14:19:00,3168,aa,1,submitted,2026-09-03T10:05:13Z
2014[Cu][nan]3[ASR]21,stage1,floor,p05,sample,2000,10000,f4_631_p05,14:19:00,3168,ac,1,submitted,2026-09-03T10:05:13Z
2014[Cu][nan]3[ASR]21,stage1,floor,p65,sample,2000,10000,f4_631_p65,14:19:00,3168,aa,1,submitted,2026-09-03T10:08:14Z
2014[Cu][nan]3[ASR]26,stage1,floor,p05,sample,2000,10000,f4_632_p05,14:19:00,3168,ac,1,submitted,2026-09-03T10:08:14Z
2014[Cu][nan]3[ASR]26,stage1,floor,p65,sample,2000,10000,f4_632_p65,14:19:00,3168,amd,1,submitted,2026-09-03T10:08:14Z
2014[Cu][nan]3[ASR]3,stage1,floor,p05,sample,2000,10000,f4_633_p05,05:51:00,1296,aa,1,submitted,2026-09-03T10:08:14Z
2014[Cu][nan]3[ASR]3,stage1,floor,p65,sample,2000,10000,f4_633_p65,05:51:00,1296,ac,1,submitted,2026-09-03T10:08:14Z
2014[Cu][nan]3[ASR]6,stage1,floor,p05,sample,2000,10000,f4_634_p05,16:29:00,3648,amd,1,submitted,2026-09-03T10:08:14Z
2014[Cu][nan]3[ASR]6,stage1,floor,p65,sample,2000,10000,f4_634_p65,16:29:00,3648,aa,1,submitted,2026-09-03T10:08:14Z
2014[Cu][pcu]3[ION]1,stage1,floor,p05,sample,2000,10000,f4_635_p05,08:45:00,1936,ac,1,submitted,2026-09-03T10:08:14Z
2014[Cu][pcu]3[ION]1,stage1,floor,p65,sample,2000,10000,f4_635_p65,08:45:00,1936,amd,1,submitted,2026-09-03T10:08:14Z
2014[Cu][pts]3[ASR]1,stage1,floor,p05,sample,2000,10000,f4_636_p05,25:22:00,5616,aa,1,submitted,2026-09-03T10:08:14Z
2014[Cu][pts]3[ASR]1,stage1,floor,p65,sample,2000,10000,f4_636_p65,25:22:00,5616,aa,1,submitted,2026-09-03T10:11:07Z
2014[Cu][tbo]3[ASR]13,stage1,floor,p05,sample,2000,10000,f4_637_p05,05:38:00,1248,ac,1,submitted,2026-09-03T10:11:07Z
2014[Cu][tbo]3[ASR]13,stage1,floor,p65,sample,2000,10000,f4_637_p65,05:38:00,1248,amd,1,submitted,2026-09-03T10:11:07Z
2014[Cu][tbo]3[ASR]8,stage1,floor,p05,sample,2000,10000,f4_638_p05,05:38:00,1248,aa,1,submitted,2026-09-03T10:11:07Z
2014[Cu][tbo]3[ASR]8,stage1,floor,p65,sample,2000,10000,f4_638_p65,05:38:00,1248,ac,1,submitted,2026-09-03T10:14:05Z
2014[Er][vmd]3[ASR]1,stage1,floor,p05,sample,2000,10000,f4_639_p05,07:22:00,1632,aa,1,submitted,2026-09-03T10:14:05Z
2014[Er][vmd]3[ASR]1,stage1,floor,p65,sample,2000,10000,f4_639_p65,07:22:00,1632,amd,1,submitted,2026-09-03T10:14:05Z
2014[Eu][esg]3[ASR]1,stage1,floor,p05,sample,2000,10000,f4_640_p05,15:56:00,3528,ac,1,submitted,2026-09-03T10:14:05Z
2014[Eu][esg]3[ASR]1,stage1,floor,p65,sample,2000,10000,f4_640_p65,15:56:00,3528,aa,1,submitted,2026-09-03T10:14:05Z
2014[Eu][nan]3[ASR]4,stage1,floor,p05,sample,2000,10000,f4_641_p05,27:39:00,6120,amd,1,submitted,2026-09-03T10:14:05Z
2014[Eu][nan]3[ASR]4,stage1,floor,p65,sample,2000,10000,f4_641_p65,27:39:00,6120,ac,1,submitted,2026-09-03T10:14:05Z
2014[Eu][nan]3[ASR]8,stage1,floor,p05,sample,2000,10000,f4_642_p05,08:05:00,1792,aa,1,submitted,2026-09-03T10:14:05Z
2014[Eu][nan]3[ASR]8,stage1,floor,p65,sample,2000,10000,f4_642_p65,08:05:00,1792,aa,1,submitted,2026-09-03T10:17:02Z
2014[Eu][nan]3[FSR]7,stage1,floor,p05,sample,2000,10000,f4_643_p05,13:40:00,3024,ac,1,submitted,2026-09-03T10:17:02Z
2014[Eu][nan]3[FSR]7,stage1,floor,p65,sample,2000,10000,f4_643_p65,13:40:00,3024,amd,1,submitted,2026-09-03T10:17:02Z
2014[Fe][acs]3[ASR]2,stage1,floor,p05,sample,2000,10000,f4_644_p05,14:06:00,3120,aa,1,submitted,2026-09-03T10:17:02Z
2014[Fe][acs]3[ASR]2,stage1,floor,p65,sample,2000,10000,f4_644_p65,14:06:00,3120,ac,1,submitted,2026-09-03T10:17:02Z
2014[Fe][nan]3[ASR]9,stage1,floor,p05,sample,2000,10000,f4_645_p05,08:23:00,1856,amd,1,submitted,2026-09-03T10:17:02Z
2014[Fe][nan]3[ASR]9,stage1,floor,p65,sample,2000,10000,f4_645_p65,08:23:00,1856,aa,1,submitted,2026-09-03T10:17:02Z
2014[Ga][bpq]3[ASR]1,stage1,floor,p05,sample,2000,10000,f4_646_p05,10:59:00,2432,aa,1,submitted,2026-09-03T10:20:00Z
2014[Ga][bpq]3[ASR]1,stage1,floor,p65,sample,2000,10000,f4_646_p65,10:59:00,2432,ac,1,submitted,2026-09-03T10:20:00Z
2014[GdCu][nan]3[FSR]1,stage1,floor,p05,sample,2000,10000,f4_647_p05,19:15:00,4260,amd,1,submitted,2026-09-03T10:20:00Z
2014[GdCu][nan]3[FSR]1,stage1,floor,p65,sample,2000,10000,f4_647_p65,19:15:00,4260,aa,1,submitted,2026-09-03T10:20:00Z
2014[Gd][fsc]3[ASR]1,stage1,floor,p05,sample,2000,10000,f4_648_p05,06:54:00,1530,ac,1,submitted,2026-09-03T10:20:00Z
2014[Gd][fsc]3[ASR]1,stage1,floor,p65,sample,2000,10000,f4_648_p65,06:54:00,1530,amd,1,submitted,2026-09-03T10:20:00Z
2014[In][nan]3[ASR]1,stage1,floor,p05,sample,2000,10000,f4_649_p05,33:50:00,7488,aa,1,submitted,2026-09-03T10:20:00Z
2014[In][nan]3[ASR]1,stage1,floor,p65,sample,2000,10000,f4_649_p65,33:50:00,7488,ac,1,submitted,2026-09-03T10:20:00Z
2014[In][nan]3[ASR]3,stage1,floor,p05,sample,2000,10000,f4_650_p05,03:31:00,780,aa,1,submitted,2026-09-03T10:22:56Z
2014[In][nan]3[ASR]3,stage1,floor,p65,sample,2000,10000,f4_650_p65,03:31:00,780,ac,1,submitted,2026-09-03T10:22:56Z
2014[In][unc]3[ASR]1,stage1,floor,p05,sample,2000,10000,f4_651_p05,05:03:00,1120,amd,1,submitted,2026-09-03T10:22:56Z
2014[In][unc]3[ASR]1,stage1,floor,p65,sample,2000,10000,f4_651_p65,05:03:00,1120,aa,1,submitted,2026-09-03T10:22:56Z
2014[La][nan]3[ASR]1,stage1,floor,p05,sample,2000,10000,f4_652_p05,06:47:00,1504,ac,1,submitted,2026-09-03T10:22:56Z
2014[La][nan]3[ASR]1,stage1,floor,p65,sample,2000,10000,f4_652_p65,06:47:00,1504,amd,1,submitted,2026-09-03T10:22:56Z
2014[Mg][nan]3[ASR]4,stage1,floor,p05,sample,2000,10000,f4_653_p05,13:40:00,3024,aa,1,submitted,2026-09-03T10:22:56Z
2014[Mg][nan]3[ASR]4,stage1,floor,p65,sample,2000,10000,f4_653_p65,13:40:00,3024,aa,1,submitted,2026-09-03T10:25:48Z
2014[Mn][nan]3[ASR]12,stage1,floor,p05,sample,2000,10000,f4_654_p05,08:14:00,1824,ac,1,submitted,2026-09-03T10:25:48Z
2014[Mn][nan]3[ASR]12,stage1,floor,p65,sample,2000,10000,f4_654_p65,08:14:00,1824,amd,1,submitted,2026-09-03T10:25:48Z
2014[Mn][nan]3[ASR]14,stage1,floor,p05,sample,2000,10000,f4_655_p05,08:14:00,1824,aa,1,submitted,2026-09-03T10:25:48Z
2014[Mn][nan]3[ASR]14,stage1,floor,p65,sample,2000,10000,f4_655_p65,08:14:00,1824,aa,1,submitted,2026-09-03T10:28:43Z
2014[Nd][flu]3[ASR]1,stage1,floor,p05,sample,2000,10000,f4_656_p05,10:05:00,2232,ac,1,submitted,2026-09-03T10:28:43Z
2014[Nd][flu]3[ASR]1,stage1,floor,p65,sample,2000,10000,f4_656_p65,10:05:00,2232,amd,1,submitted,2026-09-03T10:28:43Z
2014[Ni][nan]2[FSR]1,stage1,floor,p05,sample,2000,10000,f4_657_p05,42:02:00,9300,aa,1,submitted,2026-09-03T10:28:43Z
2014[Ni][nan]2[FSR]1,stage1,floor,p65,sample,2000,10000,f4_657_p65,42:02:00,9300,ac,1,submitted,2026-09-03T10:28:43Z
2014[Ni][nan]3[ASR]6,stage1,floor,p05,sample,2000,10000,f4_658_p05,23:55:00,5292,aa,1,submitted,2026-09-03T10:31:33Z
2014[Ni][nan]3[ASR]6,stage1,floor,p65,sample,2000,10000,f4_658_p65,23:55:00,5292,ac,1,submitted,2026-09-03T10:31:33Z
2014[Ni][nan]3[FSR]2,stage1,floor,p05,sample,2000,10000,f4_659_p05,18:52:00,4176,amd,1,submitted,2026-09-03T10:31:33Z
2014[Ni][nan]3[FSR]2,stage1,floor,p65,sample,2000,10000,f4_659_p65,18:52:00,4176,aa,1,submitted,2026-09-03T10:34:33Z
2014[Ni][nan]3[FSR]4,stage1,floor,p05,sample,2000,10000,f4_660_p05,16:29:00,3648,ac,1,submitted,2026-09-03T10:34:33Z
2014[Ni][nan]3[FSR]4,stage1,floor,p65,sample,2000,10000,f4_660_p65,16:29:00,3648,amd,1,submitted,2026-09-03T10:34:33Z
2014[Sc][nan]3[ASR]9,stage1,floor,p05,sample,2000,10000,f4_661_p05,28:55:00,6400,aa,1,submitted,2026-09-03T10:34:33Z
2014[Sc][nan]3[ASR]9,stage1,floor,p65,sample,2000,10000,f4_661_p65,28:55:00,6400,ac,1,submitted,2026-09-03T10:34:33Z
2014[Tb][nan]3[ASR]1,stage1,floor,p05,sample,2000,10000,f4_662_p05,06:47:00,1504,amd,1,submitted,2026-09-03T10:34:33Z
2014[Tb][nan]3[ASR]1,stage1,floor,p65,sample,2000,10000,f4_662_p65,06:47:00,1504,aa,1,submitted,2026-09-03T10:34:33Z
2014[Tb][nan]3[ASR]2,stage1,floor,p05,sample,2000,10000,f4_663_p05,14:06:00,3120,ac,1,submitted,2026-09-03T10:34:33Z
2014[Tb][nan]3[ASR]2,stage1,floor,p65,sample,2000,10000,f4_663_p65,14:06:00,3120,amd,1,submitted,2026-09-03T10:34:33Z
2014[Tb][nan]3[ASR]3,stage1,floor,p05,sample,2000,10000,f4_664_p05,11:20:00,2511,aa,1,submitted,2026-09-03T10:37:28Z
2014[Tb][nan]3[ASR]3,stage1,floor,p65,sample,2000,10000,f4_664_p65,11:20:00,2511,ac,1,submitted,2026-09-03T10:37:28Z
2014[Tb][nan]3[ION]1,stage1,floor,p05,sample,2000,10000,f4_665_p05,21:02:00,4656,amd,1,submitted,2026-09-03T10:37:28Z
2014[Tb][nan]3[ION]1,stage1,floor,p65,sample,2000,10000,f4_665_p65,21:02:00,4656,aa,1,submitted,2026-09-03T10:37:28Z
2014[U][nan]3[FSR]2,stage1,floor,p05,sample,2000,10000,f4_666_p05,13:10:00,2916,ac,1,submitted,2026-09-03T10:37:28Z
2014[U][nan]3[FSR]2,stage1,floor,p65,sample,2000,10000,f4_666_p65,13:10:00,2916,amd,1,submitted,2026-09-03T10:37:28Z
2014[YbCu][nan]3[FSR]1,stage1,floor,p05,sample,2000,10000,f4_667_p05,19:15:00,4260,aa,1,submitted,2026-09-03T10:40:20Z
2014[YbCu][nan]3[FSR]1,stage1,floor,p65,sample,2000,10000,f4_667_p65,19:15:00,4260,ac,1,submitted,2026-09-03T10:40:20Z
2014[ZnMo][pcu]3[FSR]2,stage1,floor,p05,sample,2000,10000,f4_668_p05,06:50:00,1512,amd,1,submitted,2026-09-03T10:40:20Z
2014[ZnMo][pcu]3[FSR]2,stage1,floor,p65,sample,2000,10000,f4_668_p65,06:50:00,1512,aa,1,submitted,2026-09-03T10:40:20Z
2014[Zn][cds]3[ASR]1,stage1,floor,p05,sample,2000,10000,f4_669_p05,22:12:00,4914,aa,1,submitted,2026-09-03T10:43:12Z
2014[Zn][cds]3[ASR]1,stage1,floor,p65,sample,2000,10000,f4_669_p65,22:12:00,4914,ac,1,submitted,2026-09-03T10:43:12Z
2014[Zn][dia]3[ASR]7,stage1,floor,p05,sample,2000,10000,f4_670_p05,15:54:00,3520,amd,1,submitted,2026-09-03T10:43:12Z
2014[Zn][dia]3[ASR]7,stage1,floor,p65,sample,2000,10000,f4_670_p65,15:54:00,3520,aa,1,submitted,2026-09-03T10:43:12Z
2014[Zn][nan]3[ASR]16,stage1,floor,p05,sample,2000,10000,f4_671_p05,15:11:00,3360,aa,1,submitted,2026-09-03T10:46:17Z
2014[Zn][nan]3[ASR]16,stage1,floor,p65,sample,2000,10000,f4_671_p65,15:11:00,3360,ac,1,submitted,2026-09-03T10:46:17Z
2014[Zn][nan]3[ASR]17,stage1,floor,p05,sample,2000,10000,f4_672_p05,06:08:00,1360,amd,1,submitted,2026-09-03T10:46:17Z
2014[Zn][nan]3[ASR]17,stage1,floor,p65,sample,2000,10000,f4_672_p65,06:08:00,1360,aa,1,submitted,2026-09-03T10:46:17Z
2014[Zn][nan]3[ASR]26,stage1,floor,p05,sample,2000,10000,f4_673_p05,14:10:00,3136,ac,1,submitted,2026-09-03T10:46:17Z
2014[Zn][nan]3[ASR]26,stage1,floor,p65,sample,2000,10000,f4_673_p65,14:10:00,3136,amd,1,submitted,2026-09-03T10:46:17Z
2014[Zn][nan]3[ASR]3,stage1,floor,p05,sample,2000,10000,f4_674_p05,09:19:00,2064,aa,1,submitted,2026-09-03T10:46:17Z
2014[Zn][nan]3[ASR]3,stage1,floor,p65,sample,2000,10000,f4_674_p65,09:19:00,2064,ac,1,submitted,2026-09-03T10:46:17Z
2014[Zn][nan]3[ASR]32,stage1,floor,p05,sample,2000,10000,f4_675_p05,11:28:00,2538,amd,1,submitted,2026-09-03T10:46:17Z
2014[Zn][nan]3[ASR]32,stage1,floor,p65,sample,2000,10000,f4_675_p65,11:28:00,2538,aa,1,submitted,2026-09-03T10:46:17Z
2014[Zn][nan]3[ION]1,stage1,floor,p05,sample,2000,10000,f4_676_p05,13:44:00,3040,ac,1,submitted,2026-09-03T10:46:17Z
2014[Zn][nan]3[ION]1,stage1,floor,p65,sample,2000,10000,f4_676_p65,13:44:00,3040,amd,1,submitted,2026-09-03T10:46:17Z
2014[Zn][nou]3[ASR]1,stage1,floor,p05,sample,2000,10000,f4_677_p05,07:35:00,1680,aa,1,submitted,2026-09-03T10:46:17Z
2014[Zn][nou]3[ASR]1,stage1,floor,p65,sample,2000,10000,f4_677_p65,07:35:00,1680,aa,1,submitted,2026-09-03T10:49:11Z
2014[Zn][pcu]3[ASR]14,stage1,floor,p05,sample,2000,10000,f4_678_p05,03:49:00,848,ac,1,submitted,2026-09-03T10:49:11Z
2014[Zn][pcu]3[ASR]14,stage1,floor,p65,sample,2000,10000,f4_678_p65,03:49:00,848,amd,1,submitted,2026-09-03T10:49:11Z
2014[Zn][pcu]3[ASR]19,stage1,floor,p05,sample,2000,10000,f4_679_p05,11:16:00,2496,aa,1,submitted,2026-09-03T10:49:11Z
2014[Zn][pcu]3[ASR]19,stage1,floor,p65,sample,2000,10000,f4_679_p65,11:16:00,2496,aa,1,submitted,2026-09-03T10:52:06Z
2014[Zn][pts]3[ASR]1,stage1,floor,p05,sample,2000,10000,f4_680_p05,14:45:00,3264,ac,1,submitted,2026-09-03T10:52:06Z
2014[Zn][pts]3[ASR]1,stage1,floor,p65,sample,2000,10000,f4_680_p65,14:45:00,3264,amd,1,submitted,2026-09-03T10:52:06Z
2014[Zn][rtl]3[ASR]2,stage1,floor,p05,sample,2000,10000,f4_681_p05,06:10:00,1368,aa,1,submitted,2026-09-03T10:52:06Z
2014[Zn][rtl]3[ASR]2,stage1,floor,p65,sample,2000,10000,f4_681_p65,06:10:00,1368,ac,1,submitted,2026-09-03T10:52:06Z
2014[Zn][sql]2[ION]1,stage1,floor,p05,sample,2000,10000,f4_682_p05,09:55:00,2196,amd,1,submitted,2026-09-03T10:52:06Z
2014[Zn][sql]2[ION]1,stage1,floor,p65,sample,2000,10000,f4_682_p65,09:55:00,2196,aa,1,submitted,2026-09-03T10:55:00Z
2014[Zn][srs]3[ASR]2,stage1,floor,p05,sample,2000,10000,f4_683_p05,05:51:00,1296,ac,1,submitted,2026-09-03T10:55:00Z
2014[Zn][srs]3[ASR]2,stage1,floor,p65,sample,2000,10000,f4_683_p65,05:51:00,1296,amd,1,submitted,2026-09-03T10:55:00Z
2014[Zn][ths]3[ASR]3,stage1,floor,p05,sample,2000,10000,f4_684_p05,05:51:00,1296,aa,1,submitted,2026-09-03T10:55:00Z
2014[Zn][ths]3[ASR]3,stage1,floor,p65,sample,2000,10000,f4_684_p65,05:51:00,1296,ac,1,submitted,2026-09-03T10:55:00Z
2014[Zn][unj]3[ASR]1,stage1,floor,p05,sample,2000,10000,f4_685_p05,07:35:00,1680,aa,1,submitted,2026-09-03T10:58:00Z
2014[Zn][unj]3[ASR]1,stage1,floor,p65,sample,2000,10000,f4_685_p65,07:35:00,1680,ac,1,submitted,2026-09-03T10:58:00Z
2015[AgGd][nan]3[ASR]1,stage1,floor,p05,sample,2000,10000,f4_686_p05,11:03:00,2448,amd,1,submitted,2026-09-03T10:58:00Z
2015[AgGd][nan]3[ASR]1,stage1,floor,p65,sample,2000,10000,f4_686_p65,11:03:00,2448,aa,1,submitted,2026-09-03T10:58:00Z
2015[Ag][nbo]3[ION]6,stage1,floor,p05,sample,2000,10000,f4_687_p05,19:46:00,4374,ac,1,submitted,2026-09-03T10:58:00Z
2015[Ag][nbo]3[ION]6,stage1,floor,p65,sample,2000,10000,f4_687_p65,19:46:00,4374,amd,1,submitted,2026-09-03T10:58:00Z
2015[Ca][sql]2[ION]1,stage1,floor,p05,sample,2000,10000,f4_688_p05,10:24:00,2304,aa,1,submitted,2026-09-03T10:58:00Z
2015[Ca][sql]2[ION]1,stage1,floor,p65,sample,2000,10000,f4_688_p65,10:24:00,2304,ac,1,submitted,2026-09-03T10:58:00Z
2015[Cd][dia]3[ASR]1,stage1,floor,p05,sample,2000,10000,f4_689_p05,12:56:00,2862,amd,1,submitted,2026-09-03T10:58:00Z
2015[Cd][dia]3[ASR]1,stage1,floor,p65,sample,2000,10000,f4_689_p65,12:56:00,2862,aa,1,submitted,2026-09-03T11:00:56Z
2015[Cd][lvt]3[ASR]1,stage1,floor,p05,sample,2000,10000,f4_690_p05,16:06:00,3564,ac,1,submitted,2026-09-03T11:00:56Z
2015[Cd][lvt]3[ASR]1,stage1,floor,p65,sample,2000,10000,f4_690_p65,16:06:00,3564,amd,1,submitted,2026-09-03T11:00:56Z
2015[Cd][nan]2[ASR]1,stage1,floor,p05,sample,2000,10000,f4_691_p05,14:38:00,3240,aa,1,submitted,2026-09-03T11:00:56Z
2015[Cd][nan]2[ASR]1,stage1,floor,p65,sample,2000,10000,f4_691_p65,14:38:00,3240,ac,1,submitted,2026-09-03T11:00:56Z
2015[Cd][nan]3[ASR]11,stage1,floor,p05,sample,2000,10000,f4_692_p05,10:03:00,2224,amd,1,submitted,2026-09-03T11:00:56Z
2015[Cd][nan]3[ASR]11,stage1,floor,p65,sample,2000,10000,f4_692_p65,10:03:00,2224,aa,1,submitted,2026-09-03T11:00:56Z
2015[Cd][nan]3[ASR]14,stage1,floor,p05,sample,2000,10000,f4_693_p05,11:23:00,2520,aa,1,submitted,2026-09-03T11:03:54Z
2015[Cd][nan]3[ASR]14,stage1,floor,p65,sample,2000,10000,f4_693_p65,11:23:00,2520,ac,1,submitted,2026-09-03T11:03:54Z
2015[Cd][nan]3[ASR]16,stage1,floor,p05,sample,2000,10000,f4_694_p05,10:29:00,2320,amd,1,submitted,2026-09-03T11:03:54Z
2015[Cd][nan]3[ASR]16,stage1,floor,p65,sample,2000,10000,f4_694_p65,10:29:00,2320,aa,1,submitted,2026-09-03T11:03:54Z
2015[Cd][nan]3[ASR]22,stage1,floor,p05,sample,2000,10000,f4_695_p05,13:40:00,3024,ac,1,submitted,2026-09-03T11:03:54Z
2015[Cd][nan]3[ASR]22,stage1,floor,p65,sample,2000,10000,f4_695_p65,13:40:00,3024,amd,1,submitted,2026-09-03T11:03:54Z
2015[Cd][nan]3[ASR]27,stage1,floor,p05,sample,2000,10000,f4_696_p05,10:24:00,2304,aa,1,submitted,2026-09-03T11:03:54Z
2015[Cd][nan]3[ASR]27,stage1,floor,p65,sample,2000,10000,f4_696_p65,10:24:00,2304,ac,1,submitted,2026-09-03T11:03:54Z
2015[Cd][nan]3[ASR]28,stage1,floor,p05,sample,2000,10000,f4_697_p05,08:03:00,1782,aa,1,submitted,2026-09-03T11:06:45Z
2015[Cd][nan]3[ASR]28,stage1,floor,p65,sample,2000,10000,f4_697_p65,08:03:00,1782,ac,1,submitted,2026-09-03T11:06:45Z
2015[Cd][nan]3[ASR]5,stage1,floor,p05,sample,2000,10000,f4_698_p05,13:40:00,3024,amd,1,submitted,2026-09-03T11:06:45Z
2015[Cd][nan]3[ASR]5,stage1,floor,p65,sample,2000,10000,f4_698_p65,13:40:00,3024,aa,1,submitted,2026-09-03T11:09:39Z
2015[Cd][pcu]3[ASR]3,stage1,floor,p05,sample,2000,10000,f4_699_p05,14:45:00,3264,ac,1,submitted,2026-09-03T11:09:39Z
2015[Cd][pcu]3[ASR]3,stage1,floor,p65,sample,2000,10000,f4_699_p65,14:45:00,3264,amd,1,submitted,2026-09-03T11:09:39Z
2015[Cd][pts]3[ASR]1,stage1,floor,p05,sample,2000,10000,f4_700_p05,10:11:00,2256,aa,1,submitted,2026-09-03T11:09:39Z
2015[Cd][pts]3[ASR]1,stage1,floor,p65,sample,2000,10000,f4_700_p65,10:11:00,2256,ac,1,submitted,2026-09-03T11:09:39Z
2015[Cd][sql]2[ASR]2,stage1,floor,p05,sample,2000,10000,f4_701_p05,14:38:00,3240,aa,1,submitted,2026-09-03T11:12:36Z
2015[Cd][sql]2[ASR]2,stage1,floor,p65,sample,2000,10000,f4_701_p65,14:38:00,3240,ac,1,submitted,2026-09-03T11:12:36Z
2015[Cd][tcs]3[ASR]1,stage1,floor,p05,sample,2000,10000,f4_702_p05,12:02:00,2664,amd,1,submitted,2026-09-03T11:12:36Z
2015[Cd][tcs]3[ASR]1,stage1,floor,p65,sample,2000,10000,f4_702_p65,12:02:00,2664,aa,1,submitted,2026-09-03T11:12:36Z
2015[CoV][nan]3[ASR]1,stage1,floor,p05,sample,2000,10000,f4_703_p05,17:49:00,3942,ac,1,submitted,2026-09-03T11:12:36Z
2015[CoV][nan]3[ASR]1,stage1,floor,p65,sample,2000,10000,f4_703_p65,17:49:00,3942,amd,1,submitted,2026-09-03T11:12:36Z
2015[Co][bnn]3[ION]4,stage1,floor,p05,sample,2000,10000,f4_704_p05,17:14:00,3816,aa,1,submitted,2026-09-03T11:12:36Z
2015[Co][bnn]3[ION]4,stage1,floor,p65,sample,2000,10000,f4_704_p65,17:14:00,3816,aa,1,submitted,2026-09-03T11:15:24Z
2015[Co][nan]3[ASR]2,stage1,floor,p05,sample,2000,10000,f4_705_p05,26:43:00,5913,aa,1,submitted,2026-09-03T11:18:24Z
2015[Co][nan]3[ASR]2,stage1,floor,p65,sample,2000,10000,f4_705_p65,26:43:00,5913,ac,1,submitted,2026-09-03T11:18:24Z
2015[Co][nan]3[ASR]9,stage1,floor,p05,sample,2000,10000,f4_706_p05,10:07:00,2240,amd,1,submitted,2026-09-03T11:18:24Z
2015[Co][nan]3[ASR]9,stage1,floor,p65,sample,2000,10000,f4_706_p65,10:07:00,2240,aa,1,submitted,2026-09-03T11:18:24Z
2015[CrMn][noa]3[FSR]1,stage1,floor,p05,sample,2000,10000,f4_707_p05,03:15:00,720,ac,1,submitted,2026-09-03T11:18:24Z
2015[CrMn][noa]3[FSR]1,stage1,floor,p65,sample,2000,10000,f4_707_p65,03:15:00,720,amd,1,submitted,2026-09-03T11:18:24Z
2015[CuCe][srs]3[FSR]1,stage1,floor,p05,sample,2000,10000,f4_708_p05,04:37:00,1024,aa,1,submitted,2026-09-03T11:18:24Z
2015[CuCe][srs]3[FSR]1,stage1,floor,p65,sample,2000,10000,f4_708_p65,04:37:00,1024,ac,1,submitted,2026-09-03T11:18:24Z
2015[Cu][bcu]3[ASR]3,stage1,floor,p05,sample,2000,10000,f4_709_p05,15:54:00,3520,amd,1,submitted,2026-09-03T11:18:24Z
2015[Cu][bcu]3[ASR]3,stage1,floor,p65,sample,2000,10000,f4_709_p65,15:54:00,3520,aa,1,submitted,2026-09-03T11:21:16Z
2015[Cu][hcb]2[ASR]1,stage1,floor,p05,sample,2000,10000,f4_710_p05,09:26:00,2088,ac,1,submitted,2026-09-03T11:21:16Z
2015[Cu][hcb]2[ASR]1,stage1,floor,p65,sample,2000,10000,f4_710_p65,09:26:00,2088,amd,1,submitted,2026-09-03T11:21:16Z
2015[Cu][nan]3[ASR]12,stage1,floor,p05,sample,2000,10000,f4_711_p05,06:59:00,1548,aa,1,submitted,2026-09-03T11:21:16Z
2015[Cu][nan]3[ASR]12,stage1,floor,p65,sample,2000,10000,f4_711_p65,06:59:00,1548,aa,1,submitted,2026-09-03T11:24:05Z
2015[Cu][nan]3[ASR]13,stage1,floor,p05,sample,2000,10000,f4_712_p05,14:58:00,3312,ac,1,submitted,2026-09-03T11:24:05Z
2015[Cu][nan]3[ASR]13,stage1,floor,p65,sample,2000,10000,f4_712_p65,14:58:00,3312,aa,1,submitted,2026-09-03T11:27:02Z
2015[Cu][nan]3[ASR]24,stage1,floor,p05,sample,2000,10000,f4_713_p05,08:23:00,1856,ac,1,submitted,2026-09-03T11:27:02Z
2015[Cu][nan]3[ASR]24,stage1,floor,p65,sample,2000,10000,f4_713_p65,08:23:00,1856,amd,1,submitted,2026-09-03T11:27:02Z
2015[Cu][nan]3[ASR]25,stage1,floor,p05,sample,2000,10000,f4_714_p05,14:24:00,3186,aa,1,submitted,2026-09-03T11:27:02Z
2015[Cu][nan]3[ASR]25,stage1,floor,p65,sample,2000,10000,f4_714_p65,14:24:00,3186,ac,1,submitted,2026-09-03T11:27:02Z
2015[Cu][nan]3[ASR]3,stage1,floor,p05,sample,2000,10000,f4_715_p05,07:38:00,1692,amd,1,submitted,2026-09-03T11:27:02Z
2015[Cu][nan]3[ASR]3,stage1,floor,p65,sample,2000,10000,f4_715_p65,07:38:00,1692,aa,1,submitted,2026-09-03T11:27:02Z
2015[Cu][nan]3[ASR]7,stage1,floor,p05,sample,2000,10000,f4_716_p05,14:58:00,3312,aa,1,submitted,2026-09-03T11:29:53Z
2015[Cu][nan]3[ASR]7,stage1,floor,p65,sample,2000,10000,f4_716_p65,14:58:00,3312,ac,1,submitted,2026-09-03T11:29:53Z
2015[Cu][nan]3[FSR]2,stage1,floor,p05,sample,2000,10000,f4_717_p05,14:58:00,3312,amd,1,submitted,2026-09-03T11:29:53Z
2015[Cu][nan]3[FSR]2,stage1,floor,p65,sample,2000,10000,f4_717_p65,14:58:00,3312,aa,1,submitted,2026-09-03T11:32:48Z
2015[Cu][pcu]3[ASR]3,stage1,floor,p05,sample,2000,10000,f4_718_p05,18:39:00,4128,ac,1,submitted,2026-09-03T11:32:48Z
2015[Cu][pcu]3[ASR]3,stage1,floor,p65,sample,2000,10000,f4_718_p65,18:39:00,4128,amd,1,submitted,2026-09-03T11:32:48Z
2015[Cu][rob]3[ASR]2,stage1,floor,p05,sample,2000,10000,f4_719_p05,13:59:00,3096,aa,1,submitted,2026-09-03T11:32:48Z
2015[Cu][rob]3[ASR]2,stage1,floor,p65,sample,2000,10000,f4_719_p65,13:59:00,3096,ac,1,submitted,2026-09-03T11:32:48Z
2015[Dy][nan]3[FSR]1,stage1,floor,p05,sample,2000,10000,f4_720_p05,12:26:00,2752,amd,1,submitted,2026-09-03T11:32:48Z
2015[Dy][nan]3[FSR]1,stage1,floor,p65,sample,2000,10000,f4_720_p65,12:26:00,2752,aa,1,submitted,2026-09-03T11:35:45Z
2015[ErCo][hcb]2[FSR]1,stage1,floor,p05,sample,2000,10000,f4_721_p05,11:23:00,2520,ac,1,submitted,2026-09-03T11:35:45Z
2015[ErCo][hcb]2[FSR]1,stage1,floor,p65,sample,2000,10000,f4_721_p65,11:23:00,2520,amd,1,submitted,2026-09-03T11:35:45Z
2015[EuTb][nan]3[ASR]2,stage1,floor,p05,sample,2000,10000,f4_722_p05,06:17:00,1392,aa,1,submitted,2026-09-03T11:35:45Z
2015[EuTb][nan]3[ASR]2,stage1,floor,p65,sample,2000,10000,f4_722_p65,06:17:00,1392,ac,1,submitted,2026-09-03T11:35:45Z
2015[EuTb][nan]3[ASR]3,stage1,floor,p05,sample,2000,10000,f4_723_p05,06:17:00,1392,amd,1,submitted,2026-09-03T11:35:45Z
2015[EuTb][nan]3[ASR]3,stage1,floor,p65,sample,2000,10000,f4_723_p65,06:17:00,1392,aa,1,submitted,2026-09-03T11:35:45Z
2015[Eu][nan]3[ASR]9,stage1,floor,p05,sample,2000,10000,f4_724_p05,09:32:00,2112,aa,1,submitted,2026-09-03T11:38:39Z
2015[Eu][nan]3[ASR]9,stage1,floor,p65,sample,2000,10000,f4_724_p65,09:32:00,2112,ac,1,submitted,2026-09-03T11:38:39Z
2015[Eu][nan]3[FSR]1,stage1,floor,p05,sample,2000,10000,f4_725_p05,13:05:00,2896,amd,1,submitted,2026-09-03T11:38:39Z
2015[Eu][nan]3[FSR]1,stage1,floor,p65,sample,2000,10000,f4_725_p65,13:05:00,2896,aa,1,submitted,2026-09-03T11:38:39Z
2015[Eu][sra]3[ASR]3,stage1,floor,p05,sample,2000,10000,f4_726_p05,10:50:00,2400,ac,1,submitted,2026-09-03T11:38:39Z
2015[Eu][sra]3[ASR]3,stage1,floor,p65,sample,2000,10000,f4_726_p65,10:50:00,2400,aa,1,submitted,2026-09-03T11:41:37Z
2015[Fe][nan]3[ASR]1,stage1,floor,p05,sample,2000,10000,f4_727_p05,09:58:00,2208,ac,1,submitted,2026-09-03T11:41:37Z
2015[Fe][nan]3[ASR]1,stage1,floor,p65,sample,2000,10000,f4_727_p65,09:58:00,2208,amd,1,submitted,2026-09-03T11:41:37Z
2015[Fe][pts]3[ASR]4,stage1,floor,p05,sample,2000,10000,f4_728_p05,03:36:00,800,aa,1,submitted,2026-09-03T11:41:37Z
2015[Fe][pts]3[ASR]4,stage1,floor,p65,sample,2000,10000,f4_728_p65,03:36:00,800,ac,1,submitted,2026-09-03T11:41:37Z
2015[HoCu][jaj]3[ASR]1,stage1,floor,p05,sample,2000,10000,f4_729_p05,08:27:00,1872,amd,1,submitted,2026-09-03T11:41:37Z
2015[HoCu][jaj]3[ASR]1,stage1,floor,p65,sample,2000,10000,f4_729_p65,08:27:00,1872,aa,1,submitted,2026-09-03T11:41:37Z
2015[Ho][rob]3[ASR]1,stage1,floor,p05,sample,2000,10000,f4_730_p05,09:28:00,2096,ac,1,submitted,2026-09-03T11:41:37Z
2015[Ho][rob]3[ASR]1,stage1,floor,p65,sample,2000,10000,f4_730_p65,09:28:00,2096,aa,1,submitted,2026-09-03T11:44:31Z
2015[In][nan]3[ION]1,stage1,floor,p05,sample,2000,10000,f4_731_p05,18:13:00,4032,ac,1,submitted,2026-09-03T11:44:31Z
2015[In][nan]3[ION]1,stage1,floor,p65,sample,2000,10000,f4_731_p65,18:13:00,4032,amd,1,submitted,2026-09-03T11:44:31Z
2015[La][nan]3[ASR]7,stage1,floor,p05,sample,2000,10000,f4_732_p05,15:00:00,3321,aa,1,submitted,2026-09-03T11:44:31Z
2015[La][nan]3[ASR]7,stage1,floor,p65,sample,2000,10000,f4_732_p65,15:00:00,3321,ac,1,submitted,2026-09-03T11:44:31Z
2015[La][nan]3[FSR]2,stage1,floor,p05,sample,2000,10000,f4_733_p05,16:06:00,3564,aa,1,submitted,2026-09-03T11:47:28Z
2015[La][nan]3[FSR]2,stage1,floor,p65,sample,2000,10000,f4_733_p65,16:06:00,3564,ac,1,submitted,2026-09-03T11:47:28Z
2015[Mg][dia]3[ASR]1,stage1,floor,p05,sample,2000,10000,f4_734_p05,03:15:00,720,amd,1,submitted,2026-09-03T11:47:28Z
2015[Mg][dia]3[ASR]1,stage1,floor,p65,sample,2000,10000,f4_734_p65,03:15:00,720,aa,1,submitted,2026-09-03T11:47:28Z
2015[Mg][nan]3[ASR]10,stage1,floor,p05,sample,2000,10000,f4_735_p05,09:01:00,1998,ac,1,submitted,2026-09-03T11:47:28Z
2015[Mg][nan]3[ASR]10,stage1,floor,p65,sample,2000,10000,f4_735_p65,09:01:00,1998,amd,1,submitted,2026-09-03T11:47:28Z
2015[Mg][nan]3[ASR]3,stage1,floor,p05,sample,2000,10000,f4_736_p05,07:48:00,1728,aa,1,submitted,2026-09-03T11:47:28Z
2015[Mg][nan]3[ASR]3,stage1,floor,p65,sample,2000,10000,f4_736_p65,07:48:00,1728,aa,1,submitted,2026-09-03T11:50:18Z
2015[Mg][nan]3[ASR]4,stage1,floor,p05,sample,2000,10000,f4_737_p05,13:40:00,3024,ac,1,submitted,2026-09-03T11:50:18Z
2015[Mg][nan]3[ASR]4,stage1,floor,p65,sample,2000,10000,f4_737_p65,13:40:00,3024,amd,1,submitted,2026-09-03T11:50:18Z
2015[Mg][nan]3[ASR]9,stage1,floor,p05,sample,2000,10000,f4_738_p05,09:01:00,1998,aa,1,submitted,2026-09-03T11:53:16Z
2015[Mg][nan]3[ASR]9,stage1,floor,p65,sample,2000,10000,f4_738_p65,09:01:00,1998,ac,1,submitted,2026-09-03T11:53:16Z
2015[Mn][lvt]3[ASR]1,stage1,floor,p05,sample,2000,10000,f4_739_p05,16:06:00,3564,amd,1,submitted,2026-09-03T11:53:16Z
2015[Mn][lvt]3[ASR]1,stage1,floor,p65,sample,2000,10000,f4_739_p65,16:06:00,3564,aa,1,submitted,2026-09-03T11:53:16Z
2015[Mn][nan]3[ASR]11,stage1,floor,p05,sample,2000,10000,f4_740_p05,15:37:00,3456,ac,1,submitted,2026-09-03T11:53:16Z
2015[Mn][nan]3[ASR]11,stage1,floor,p65,sample,2000,10000,f4_740_p65,15:37:00,3456,amd,1,submitted,2026-09-03T11:53:16Z
2015[Mn][nan]3[ASR]14,stage1,floor,p05,sample,2000,10000,f4_741_p05,07:58:00,1764,aa,1,submitted,2026-09-03T11:53:16Z
2015[Mn][nan]3[ASR]14,stage1,floor,p65,sample,2000,10000,f4_741_p65,07:58:00,1764,ac,1,submitted,2026-09-03T11:53:16Z
2015[Mn][nan]3[ASR]9,stage1,floor,p05,sample,2000,10000,f4_742_p05,26:43:00,5913,aa,1,submitted,2026-09-03T11:56:07Z
2015[Mn][nan]3[ASR]9,stage1,floor,p65,sample,2000,10000,f4_742_p65,26:43:00,5913,ac,1,submitted,2026-09-03T11:56:07Z
2015[Mn][tfz]3[ASR]1,stage1,floor,p05,sample,2000,10000,f4_743_p05,09:13:00,2040,amd,1,submitted,2026-09-03T11:56:07Z
2015[Mn][tfz]3[ASR]1,stage1,floor,p65,sample,2000,10000,f4_743_p65,09:13:00,2040,aa,1,submitted,2026-09-03T11:58:57Z
2015[Nd][nan]3[ASR]1,stage1,floor,p05,sample,2000,10000,f4_744_p05,12:00:00,2656,ac,1,submitted,2026-09-03T11:58:57Z
2015[Nd][nan]3[ASR]1,stage1,floor,p65,sample,2000,10000,f4_744_p65,12:00:00,2656,amd,1,submitted,2026-09-03T11:58:57Z
2015[Nd][nan]3[ASR]2,stage1,floor,p05,sample,2000,10000,f4_745_p05,09:50:00,2176,aa,1,submitted,2026-09-03T12:01:49Z
2015[Nd][nan]3[ASR]2,stage1,floor,p65,sample,2000,10000,f4_745_p65,09:50:00,2176,ac,1,submitted,2026-09-03T12:01:49Z
2015[Nd][nan]3[ASR]3,stage1,floor,p05,sample,2000,10000,f4_746_p05,07:22:00,1632,amd,1,submitted,2026-09-03T12:01:49Z
2015[Nd][nan]3[ASR]3,stage1,floor,p65,sample,2000,10000,f4_746_p65,07:22:00,1632,aa,1,submitted,2026-09-03T12:01:49Z
2015[Ni][bpq]3[ASR]1,stage1,floor,p05,sample,2000,10000,f4_747_p05,17:19:00,3834,aa,1,submitted,2026-09-03T12:04:43Z
2015[Ni][bpq]3[ASR]1,stage1,floor,p65,sample,2000,10000,f4_747_p65,17:19:00,3834,ac,1,submitted,2026-09-03T12:04:43Z
2015[Ni][dia]3[FSR]3,stage1,floor,p05,sample,2000,10000,f4_748_p05,18:03:00,3996,amd,1,submitted,2026-09-03T12:04:43Z
2015[Ni][dia]3[FSR]3,stage1,floor,p65,sample,2000,10000,f4_748_p65,18:03:00,3996,aa,1,submitted,2026-09-03T12:04:43Z
2015[Ni][sit]3[ASR]1,stage1,floor,p05,sample,2000,10000,f4_749_p05,07:35:00,1680,ac,1,submitted,2026-09-03T12:04:43Z
2015[Ni][sit]3[ASR]1,stage1,floor,p65,sample,2000,10000,f4_749_p65,07:35:00,1680,aa,1,submitted,2026-09-03T12:07:37Z
2015[Pr][hcb]2[FSR]1,stage1,floor,p05,sample,2000,10000,f4_750_p05,13:01:00,2880,ac,1,submitted,2026-09-03T12:07:37Z
2015[Pr][hcb]2[FSR]1,stage1,floor,p65,sample,2000,10000,f4_750_p65,13:01:00,2880,amd,1,submitted,2026-09-03T12:07:37Z
2015[Pr][nan]3[FSR]1,stage1,floor,p05,sample,2000,10000,f4_751_p05,13:54:00,3078,aa,1,submitted,2026-09-03T12:07:37Z
2015[Pr][nan]3[FSR]1,stage1,floor,p65,sample,2000,10000,f4_751_p65,13:54:00,3078,ac,1,submitted,2026-09-03T12:07:37Z
2015[TbZn][nan]3[FSR]2,stage1,floor,p05,sample,2000,10000,f4_752_p05,14:09:00,3132,aa,1,submitted,2026-09-03T12:10:32Z
2015[TbZn][nan]3[FSR]2,stage1,floor,p65,sample,2000,10000,f4_752_p65,14:09:00,3132,ac,1,submitted,2026-09-03T12:10:32Z
2015[Tb][nan]3[ASR]12,stage1,floor,p05,sample,2000,10000,f4_753_p05,08:08:00,1800,amd,1,submitted,2026-09-03T12:10:32Z
2015[Tb][nan]3[ASR]12,stage1,floor,p65,sample,2000,10000,f4_753_p65,08:08:00,1800,aa,1,submitted,2026-09-03T12:10:32Z
2015[Tb][nan]3[ASR]13,stage1,floor,p05,sample,2000,10000,f4_754_p05,12:13:00,2704,ac,1,submitted,2026-09-03T12:10:32Z
2015[Tb][nan]3[ASR]13,stage1,floor,p65,sample,2000,10000,f4_754_p65,12:13:00,2704,amd,1,submitted,2026-09-03T12:10:32Z
2015[Tb][nan]3[ASR]5,stage1,floor,p05,sample,2000,10000,f4_755_p05,06:17:00,1392,aa,1,submitted,2026-09-03T12:13:27Z
2015[Tb][nan]3[ASR]5,stage1,floor,p65,sample,2000,10000,f4_755_p65,06:17:00,1392,ac,1,submitted,2026-09-03T12:13:27Z
2015[Tb][sra]3[ASR]4,stage1,floor,p05,sample,2000,10000,f4_756_p05,10:50:00,2400,amd,1,submitted,2026-09-03T12:13:27Z
2015[Tb][sra]3[ASR]4,stage1,floor,p65,sample,2000,10000,f4_756_p65,10:50:00,2400,aa,1,submitted,2026-09-03T12:13:27Z
2015[Th][flu]3[ASR]1,stage1,floor,p05,sample,2000,10000,f4_757_p05,06:59:00,1548,ac,1,submitted,2026-09-03T12:13:27Z
2015[Th][flu]3[ASR]1,stage1,floor,p65,sample,2000,10000,f4_757_p65,06:59:00,1548,amd,1,submitted,2026-09-03T12:13:27Z
2015[Th][flu]3[FSR]1,stage1,floor,p05,sample,2000,10000,f4_758_p05,07:09:00,1584,aa,1,submitted,2026-09-03T12:16:20Z
2015[Th][flu]3[FSR]1,stage1,floor,p65,sample,2000,10000,f4_758_p65,07:09:00,1584,ac,1,submitted,2026-09-03T12:16:20Z
2015[TmCo][hcb]2[FSR]1,stage1,floor,p05,sample,2000,10000,f4_759_p05,11:23:00,2520,amd,1,submitted,2026-09-03T12:16:20Z
2015[TmCo][hcb]2[FSR]1,stage1,floor,p65,sample,2000,10000,f4_759_p65,11:23:00,2520,aa,1,submitted,2026-09-03T12:16:20Z
2015[U][nan]3[ASR]9,stage1,floor,p05,sample,2000,10000,f4_760_p05,06:40:00,1476,ac,1,submitted,2026-09-03T12:16:20Z
2015[U][nan]3[ASR]9,stage1,floor,p65,sample,2000,10000,f4_760_p65,06:40:00,1476,aa,1,submitted,2026-09-03T12:21:15Z
2015[U][nan]3[FSR]9,stage1,floor,p05,sample,2000,10000,f4_761_p05,07:19:00,1620,ac,1,submitted,2026-09-03T12:21:15Z
2015[U][nan]3[FSR]9,stage1,floor,p65,sample,2000,10000,f4_761_p65,07:19:00,1620,amd,1,submitted,2026-09-03T12:21:15Z
2015[Yb][nan]3[ASR]2,stage1,floor,p05,sample,2000,10000,f4_762_p05,19:18:00,4272,aa,1,submitted,2026-09-03T12:21:15Z
2015[Yb][nan]3[ASR]2,stage1,floor,p65,sample,2000,10000,f4_762_p65,19:18:00,4272,ac,1,submitted,2026-09-03T12:21:15Z
2015[ZnCo][sab]3[ASR]1,stage1,floor,p05,sample,2000,10000,f4_763_p05,05:47:00,1280,aa,1,submitted,2026-09-03T12:24:09Z
2015[ZnCo][sab]3[ASR]1,stage1,floor,p65,sample,2000,10000,f4_763_p65,05:47:00,1280,ac,1,submitted,2026-09-03T12:24:09Z
2015[ZnEu][nan]3[ASR]1,stage1,floor,p05,sample,2000,10000,f4_764_p05,12:12:00,2700,amd,1,submitted,2026-09-03T12:24:09Z
2015[ZnEu][nan]3[ASR]1,stage1,floor,p65,sample,2000,10000,f4_764_p65,12:12:00,2700,aa,1,submitted,2026-09-03T12:24:09Z
2015[ZnTb][nan]3[ASR]1,stage1,floor,p05,sample,2000,10000,f4_765_p05,12:12:00,2700,ac,1,submitted,2026-09-03T12:24:09Z
2015[ZnTb][nan]3[ASR]1,stage1,floor,p65,sample,2000,10000,f4_765_p65,12:12:00,2700,aa,1,submitted,2026-09-03T12:27:04Z
2015[Zn][dia]3[ASR]6,stage1,floor,p05,sample,2000,10000,f4_766_p05,07:39:00,1696,ac,1,submitted,2026-09-03T12:27:04Z
2015[Zn][dia]3[ASR]6,stage1,floor,p65,sample,2000,10000,f4_766_p65,07:39:00,1696,amd,1,submitted,2026-09-03T12:27:04Z
2015[Zn][dmc]3[ASR]1,stage1,floor,p05,sample,2000,10000,f4_767_p05,07:09:00,1584,aa,1,submitted,2026-09-03T12:27:04Z
2015[Zn][dmc]3[ASR]1,stage1,floor,p65,sample,2000,10000,f4_767_p65,07:09:00,1584,ac,1,submitted,2026-09-03T12:27:04Z
2015[Zn][eta]3[ASR]2,stage1,floor,p05,sample,2000,10000,f4_768_p05,17:21:00,3840,amd,1,submitted,2026-09-03T12:27:04Z
2015[Zn][eta]3[ASR]2,stage1,floor,p65,sample,2000,10000,f4_768_p65,17:21:00,3840,aa,1,submitted,2026-09-03T12:30:04Z
2015[Zn][nan]3[ASR]14,stage1,floor,p05,sample,2000,10000,f4_769_p05,07:29:00,1656,ac,1,submitted,2026-09-03T12:30:04Z
2015[Zn][nan]3[ASR]14,stage1,floor,p65,sample,2000,10000,f4_769_p65,07:29:00,1656,amd,1,submitted,2026-09-03T12:30:04Z
2015[Zn][nan]3[ASR]29,stage1,floor,p05,sample,2000,10000,f4_770_p05,10:24:00,2304,aa,1,submitted,2026-09-03T12:30:04Z
2015[Zn][nan]3[ASR]29,stage1,floor,p65,sample,2000,10000,f4_770_p65,10:24:00,2304,ac,1,submitted,2026-09-03T12:30:04Z
2015[Zn][nan]3[ASR]42,stage1,floor,p05,sample,2000,10000,f4_771_p05,10:58:00,2430,amd,1,submitted,2026-09-03T12:30:04Z
2015[Zn][nan]3[ASR]42,stage1,floor,p65,sample,2000,10000,f4_771_p65,10:58:00,2430,aa,1,submitted,2026-09-03T12:30:04Z
2015[Zn][nan]3[FSR]22,stage1,floor,p05,sample,2000,10000,f4_772_p05,12:52:00,2848,ac,1,submitted,2026-09-03T12:30:04Z
2015[Zn][nan]3[FSR]22,stage1,floor,p65,sample,2000,10000,f4_772_p65,12:52:00,2848,amd,1,submitted,2026-09-03T12:30:04Z
2015[Zn][nan]3[ION]1,stage1,floor,p05,sample,2000,10000,f4_773_p05,12:34:00,2784,aa,1,submitted,2026-09-03T12:32:53Z
2015[Zn][nan]3[ION]1,stage1,floor,p65,sample,2000,10000,f4_773_p65,12:34:00,2784,ac,1,submitted,2026-09-03T12:32:53Z
2015[Zn][nbo]3[ASR]4,stage1,floor,p05,sample,2000,10000,f4_774_p05,09:19:00,2064,aa,1,submitted,2026-09-03T12:35:54Z
2015[Zn][nbo]3[ASR]4,stage1,floor,p65,sample,2000,10000,f4_774_p65,09:19:00,2064,ac,1,submitted,2026-09-03T12:35:54Z
2015[Zn][rtl]3[ASR]2,stage1,floor,p05,sample,2000,10000,f4_775_p05,08:10:00,1808,amd,1,submitted,2026-09-03T12:35:54Z
2015[Zn][rtl]3[ASR]2,stage1,floor,p65,sample,2000,10000,f4_775_p65,08:10:00,1808,aa,1,submitted,2026-09-03T12:35:54Z
2015[Zn][sql]2[FSR]4,stage1,floor,p05,sample,2000,10000,f4_776_p05,09:32:00,2112,ac,1,submitted,2026-09-03T12:35:54Z
2015[Zn][sql]2[FSR]4,stage1,floor,p65,sample,2000,10000,f4_776_p65,09:32:00,2112,amd,1,submitted,2026-09-03T12:35:54Z
2015[Zn][sra]3[ASR]2,stage1,floor,p05,sample,2000,10000,f4_777_p05,08:01:00,1776,aa,1,submitted,2026-09-03T12:35:54Z
2015[Zn][sra]3[ASR]2,stage1,floor,p65,sample,2000,10000,f4_777_p65,08:01:00,1776,ac,1,submitted,2026-09-03T12:35:54Z
2015[Zn][ths]3[ASR]1,stage1,floor,p05,sample,2000,10000,f4_778_p05,30:05:00,6656,amd,1,submitted,2026-09-03T12:35:54Z
2015[Zn][ths]3[ASR]1,stage1,floor,p65,sample,2000,10000,f4_778_p65,30:05:00,6656,aa,1,submitted,2026-09-03T12:38:52Z
2015[Zr][fcu]3[ASR]1,stage1,floor,p05,sample,2000,10000,f4_779_p05,13:54:00,3078,ac,1,submitted,2026-09-03T12:38:52Z
2015[Zr][fcu]3[ASR]1,stage1,floor,p65,sample,2000,10000,f4_779_p65,13:54:00,3078,amd,1,submitted,2026-09-03T12:38:52Z
2016[Ag][dia]3[ION]2,stage1,floor,p05,sample,2000,10000,f4_780_p05,11:51:00,2624,aa,1,submitted,2026-09-03T12:38:52Z
2016[Ag][dia]3[ION]2,stage1,floor,p65,sample,2000,10000,f4_780_p65,11:51:00,2624,ac,1,submitted,2026-09-03T12:38:52Z
2016[Ag][nan]3[ASR]8,stage1,floor,p05,sample,2000,10000,f4_781_p05,16:11:00,3584,amd,1,submitted,2026-09-03T12:38:52Z
2016[Ag][nan]3[ASR]8,stage1,floor,p65,sample,2000,10000,f4_781_p65,16:11:00,3584,aa,1,submitted,2026-09-03T12:38:52Z
2016[Ag][nan]3[ASR]9,stage1,floor,p05,sample,2000,10000,f4_782_p05,16:11:00,3584,ac,1,submitted,2026-09-03T12:38:52Z
2016[Ag][nan]3[ASR]9,stage1,floor,p65,sample,2000,10000,f4_782_p65,16:11:00,3584,aa,1,submitted,2026-09-03T12:41:41Z
2016[Cd][bcu]3[ASR]1,stage1,floor,p05,sample,2000,10000,f4_783_p05,14:19:00,3168,aa,1,submitted,2026-09-03T12:44:33Z
2016[Cd][bcu]3[ASR]1,stage1,floor,p65,sample,2000,10000,f4_783_p65,14:19:00,3168,ac,1,submitted,2026-09-03T12:44:33Z
2016[Cd][flu]3[ION]1,stage1,floor,p05,sample,2000,10000,f4_784_p05,11:20:00,2511,amd,1,submitted,2026-09-03T12:44:33Z
2016[Cd][flu]3[ION]1,stage1,floor,p65,sample,2000,10000,f4_784_p65,11:20:00,2511,aa,1,submitted,2026-09-03T12:44:33Z
2016[Cd][fsc]3[ASR]1,stage1,floor,p05,sample,2000,10000,f4_785_p05,13:27:00,2976,aa,1,submitted,2026-09-03T12:47:26Z
2016[Cd][fsc]3[ASR]1,stage1,floor,p65,sample,2000,10000,f4_785_p65,13:27:00,2976,ac,1,submitted,2026-09-03T12:47:26Z
2016[Cd][nan]3[ASR]21,stage1,floor,p05,sample,2000,10000,f4_786_p05,12:21:00,2736,amd,1,submitted,2026-09-03T12:47:26Z
2016[Cd][nan]3[ASR]21,stage1,floor,p65,sample,2000,10000,f4_786_p65,12:21:00,2736,aa,1,submitted,2026-09-03T12:47:26Z
2016[Cd][nan]3[ASR]25,stage1,floor,p05,sample,2000,10000,f4_787_p05,10:42:00,2368,ac,1,submitted,2026-09-03T12:47:26Z
2016[Cd][nan]3[ASR]25,stage1,floor,p65,sample,2000,10000,f4_787_p65,10:42:00,2368,aa,1,submitted,2026-09-03T12:50:20Z
2016[Cd][nan]3[ASR]30,stage1,floor,p05,sample,2000,10000,f4_788_p05,14:06:00,3120,ac,1,submitted,2026-09-03T12:50:20Z
2016[Cd][nan]3[ASR]30,stage1,floor,p65,sample,2000,10000,f4_788_p65,14:06:00,3120,amd,1,submitted,2026-09-03T12:50:20Z
2016[Cd][nan]3[ASR]7,stage1,floor,p05,sample,2000,10000,f4_789_p05,21:50:00,4832,aa,1,submitted,2026-09-03T12:50:20Z
2016[Cd][nan]3[ASR]7,stage1,floor,p65,sample,2000,10000,f4_789_p65,21:50:00,4832,ac,1,submitted,2026-09-03T12:50:20Z
2016[Cd][nan]3[FSR]34,stage1,floor,p05,sample,2000,10000,f4_790_p05,10:07:00,2240,aa,1,submitted,2026-09-03T12:53:18Z
2016[Cd][nan]3[FSR]34,stage1,floor,p65,sample,2000,10000,f4_790_p65,10:07:00,2240,ac,1,submitted,2026-09-03T12:53:18Z
2016[Cd][nan]3[FSR]35,stage1,floor,p05,sample,2000,10000,f4_791_p05,14:19:00,3168,amd,1,submitted,2026-09-03T12:53:18Z
2016[Cd][nan]3[FSR]35,stage1,floor,p65,sample,2000,10000,f4_791_p65,14:19:00,3168,aa,1,submitted,2026-09-03T12:53:18Z
2016[Cd][pts]3[ION]1,stage1,floor,p05,sample,2000,10000,f4_792_p05,18:13:00,4032,ac,1,submitted,2026-09-03T12:53:18Z
2016[Cd][pts]3[ION]1,stage1,floor,p65,sample,2000,10000,f4_792_p65,18:13:00,4032,amd,1,submitted,2026-09-03T12:53:18Z
2016[Cd][sql]2[ION]1,stage1,floor,p05,sample,2000,10000,f4_793_p05,15:50:00,3504,aa,1,submitted,2026-09-03T12:53:18Z
2016[Cd][sql]2[ION]1,stage1,floor,p65,sample,2000,10000,f4_793_p65,15:50:00,3504,ac,1,submitted,2026-09-03T12:53:18Z
2016[CeCu][nan]3[ASR]1,stage1,floor,p05,sample,2000,10000,f4_794_p05,08:27:00,1872,aa,1,submitted,2026-09-03T12:56:16Z
2016[CeCu][nan]3[ASR]1,stage1,floor,p65,sample,2000,10000,f4_794_p65,08:27:00,1872,ac,1,submitted,2026-09-03T12:56:16Z
2016[Co][bbf]3[ASR]1,stage1,floor,p05,sample,2000,10000,f4_795_p05,14:45:00,3264,amd,1,submitted,2026-09-03T12:56:16Z
2016[Co][bbf]3[ASR]1,stage1,floor,p65,sample,2000,10000,f4_795_p65,14:45:00,3264,aa,1,submitted,2026-09-03T12:56:16Z
2016[Co][nan]3[ASR]13,stage1,floor,p05,sample,2000,10000,f4_796_p05,09:01:00,1998,ac,1,submitted,2026-09-03T12:56:16Z
2016[Co][nan]3[ASR]13,stage1,floor,p65,sample,2000,10000,f4_796_p65,09:01:00,1998,amd,1,submitted,2026-09-03T12:56:16Z
2016[Co][nan]3[ASR]24,stage1,floor,p05,sample,2000,10000,f4_797_p05,13:53:00,3072,aa,1,submitted,2026-09-03T12:56:16Z
2016[Co][nan]3[ASR]24,stage1,floor,p65,sample,2000,10000,f4_797_p65,13:53:00,3072,ac,1,submitted,2026-09-03T12:56:16Z
2016[Co][nan]3[ASR]25,stage1,floor,p05,sample,2000,10000,f4_798_p05,36:46:00,8136,aa,1,submitted,2026-09-03T12:59:11Z
2016[Co][nan]3[ASR]25,stage1,floor,p65,sample,2000,10000,f4_798_p65,36:46:00,8136,ac,1,submitted,2026-09-03T12:59:11Z
2016[Co][nan]3[FSR]25,stage1,floor,p05,sample,2000,10000,f4_799_p05,10:11:00,2256,amd,1,submitted,2026-09-03T12:59:11Z
2016[Co][nan]3[FSR]25,stage1,floor,p65,sample,2000,10000,f4_799_p65,10:11:00,2256,aa,1,submitted,2026-09-03T12:59:11Z
2016[Co][pts]3[ASR]6,stage1,floor,p05,sample,2000,10000,f4_800_p05,03:36:00,800,ac,1,submitted,2026-09-03T12:59:11Z
2016[Co][pts]3[ASR]6,stage1,floor,p65,sample,2000,10000,f4_800_p65,03:36:00,800,amd,1,submitted,2026-09-03T12:59:11Z
2016[Co][sql]2[ASR]11,stage1,floor,p05,sample,2000,10000,f4_801_p05,10:02:00,2220,aa,1,submitted,2026-09-03T13:02:03Z
2016[Co][sql]2[ASR]11,stage1,floor,p65,sample,2000,10000,f4_801_p65,10:02:00,2220,ac,1,submitted,2026-09-03T13:02:03Z
2016[Co][sql]2[ASR]14,stage1,floor,p05,sample,2000,10000,f4_802_p05,10:02:00,2220,amd,1,submitted,2026-09-03T13:02:03Z
2016[Co][sql]2[ASR]14,stage1,floor,p65,sample,2000,10000,f4_802_p65,10:02:00,2220,aa,1,submitted,2026-09-03T13:02:03Z
2016[Co][sql]2[ASR]19,stage1,floor,p05,sample,2000,10000,f4_803_p05,10:02:00,2220,aa,1,submitted,2026-09-03T13:04:57Z
2016[Co][sql]2[ASR]19,stage1,floor,p65,sample,2000,10000,f4_803_p65,10:02:00,2220,ac,1,submitted,2026-09-03T13:04:57Z
2016[Co][sql]2[ASR]21,stage1,floor,p05,sample,2000,10000,f4_804_p05,10:02:00,2220,amd,1,submitted,2026-09-03T13:04:57Z
2016[Co][sql]2[ASR]21,stage1,floor,p65,sample,2000,10000,f4_804_p65,10:02:00,2220,aa,1,submitted,2026-09-03T13:04:57Z
2016[Co][sql]2[ASR]6,stage1,floor,p05,sample,2000,10000,f4_805_p05,10:02:00,2220,ac,1,submitted,2026-09-03T13:04:57Z
2016[Co][sql]2[ASR]6,stage1,floor,p65,sample,2000,10000,f4_805_p65,10:02:00,2220,aa,1,submitted,2026-09-03T13:07:50Z
2016[Co][sql]2[FSR]15,stage1,floor,p05,sample,2000,10000,f4_806_p05,10:50:00,2400,ac,1,submitted,2026-09-03T13:07:50Z
2016[Co][sql]2[FSR]15,stage1,floor,p65,sample,2000,10000,f4_806_p65,10:50:00,2400,amd,1,submitted,2026-09-03T13:07:50Z
2016[Co][sql]2[FSR]16,stage1,floor,p05,sample,2000,10000,f4_807_p05,10:50:00,2400,aa,1,submitted,2026-09-03T13:07:50Z
2016[Co][sql]2[FSR]16,stage1,floor,p65,sample,2000,10000,f4_807_p65,10:50:00,2400,ac,1,submitted,2026-09-03T13:07:50Z
2016[Co][sql]2[FSR]19,stage1,floor,p05,sample,2000,10000,f4_808_p05,10:50:00,2400,aa,1,submitted,2026-09-03T13:10:45Z
2016[Co][sql]2[FSR]19,stage1,floor,p65,sample,2000,10000,f4_808_p65,10:50:00,2400,ac,1,submitted,2026-09-03T13:10:45Z
2016[Co][sql]2[FSR]21,stage1,floor,p05,sample,2000,10000,f4_809_p05,10:50:00,2400,amd,1,submitted,2026-09-03T13:10:45Z
2016[Co][sql]2[FSR]21,stage1,floor,p65,sample,2000,10000,f4_809_p65,10:50:00,2400,aa,1,submitted,2026-09-03T13:10:45Z
2016[Co][sql]2[FSR]5,stage1,floor,p05,sample,2000,10000,f4_810_p05,16:35:00,3672,ac,1,submitted,2026-09-03T13:10:45Z
2016[Co][sql]2[FSR]5,stage1,floor,p65,sample,2000,10000,f4_810_p65,16:35:00,3672,amd,1,submitted,2026-09-03T13:10:45Z
2016[Co][sql]2[FSR]9,stage1,floor,p05,sample,2000,10000,f4_811_p05,10:50:00,2400,aa,1,submitted,2026-09-03T13:13:39Z
2016[Co][sql]2[FSR]9,stage1,floor,p65,sample,2000,10000,f4_811_p65,10:50:00,2400,ac,1,submitted,2026-09-03T13:13:39Z
2016[Co][tbo]3[FSR]1,stage1,floor,p05,sample,2000,10000,f4_812_p05,06:04:00,1344,amd,1,submitted,2026-09-03T13:13:39Z
2016[Co][tbo]3[FSR]1,stage1,floor,p65,sample,2000,10000,f4_812_p65,06:04:00,1344,aa,1,submitted,2026-09-03T13:13:39Z
2016[CuCe][nan]3[FSR]1,stage1,floor,p05,sample,2000,10000,f4_813_p05,09:06:00,2016,ac,1,submitted,2026-09-03T13:13:39Z
2016[CuCe][nan]3[FSR]1,stage1,floor,p65,sample,2000,10000,f4_813_p65,09:06:00,2016,aa,1,submitted,2026-09-03T13:16:35Z
2016[CuEu][nan]3[ASR]1,stage1,floor,p05,sample,2000,10000,f4_814_p05,08:27:00,1872,ac,1,submitted,2026-09-03T13:16:35Z
2016[CuEu][nan]3[ASR]1,stage1,floor,p65,sample,2000,10000,f4_814_p65,08:27:00,1872,amd,1,submitted,2026-09-03T13:16:35Z
2016[CuGd][nan]3[ASR]1,stage1,floor,p05,sample,2000,10000,f4_815_p05,08:27:00,1872,aa,1,submitted,2026-09-03T13:16:35Z
2016[CuGd][nan]3[ASR]1,stage1,floor,p65,sample,2000,10000,f4_815_p65,08:27:00,1872,ac,1,submitted,2026-09-03T13:16:35Z
2016[CuSi][pcu]2[ASR]1,stage1,floor,p05,sample,2000,10000,f4_816_p05,06:56:00,1536,amd,1,submitted,2026-09-03T13:16:35Z
2016[CuSi][pcu]2[ASR]1,stage1,floor,p65,sample,2000,10000,f4_816_p65,06:56:00,1536,aa,1,submitted,2026-09-03T13:16:35Z
2016[CuU][nan]3[ASR]1,stage1,floor,p05,sample,2000,10000,f4_817_p05,07:13:00,1600,aa,1,submitted,2026-09-03T13:19:33Z
2016[CuU][nan]3[ASR]1,stage1,floor,p65,sample,2000,10000,f4_817_p65,07:13:00,1600,ac,1,submitted,2026-09-03T13:19:33Z
2016[Cu][ant]3[ASR]1,stage1,floor,p05,sample,2000,10000,f4_818_p05,13:01:00,2880,amd,1,submitted,2026-09-03T13:19:33Z
2016[Cu][ant]3[ASR]1,stage1,floor,p65,sample,2000,10000,f4_818_p65,13:01:00,2880,aa,1,submitted,2026-09-03T13:19:33Z
2016[Cu][fsc]3[ASR]1,stage1,floor,p05,sample,2000,10000,f4_819_p05,08:36:00,1904,ac,1,submitted,2026-09-03T13:19:33Z
2016[Cu][fsc]3[ASR]1,stage1,floor,p65,sample,2000,10000,f4_819_p65,08:36:00,1904,amd,1,submitted,2026-09-03T13:19:33Z
2016[Cu][mmm]3[ASR]2,stage1,floor,p05,sample,2000,10000,f4_820_p05,07:48:00,1728,aa,1,submitted,2026-09-03T13:19:33Z
2016[Cu][mmm]3[ASR]2,stage1,floor,p65,sample,2000,10000,f4_820_p65,07:48:00,1728,ac,1,submitted,2026-09-03T13:19:33Z
2016[Cu][nan]3[ASR]2,stage1,floor,p05,sample,2000,10000,f4_821_p05,12:48:00,2835,aa,1,submitted,2026-09-03T13:22:25Z
2016[Cu][nan]3[ASR]2,stage1,floor,p65,sample,2000,10000,f4_821_p65,12:48:00,2835,ac,1,submitted,2026-09-03T13:22:25Z
2016[Cu][nbo]3[ASR]19,stage1,floor,p05,sample,2000,10000,f4_822_p05,09:19:00,2064,amd,1,submitted,2026-09-03T13:22:25Z
2016[Cu][nbo]3[ASR]19,stage1,floor,p65,sample,2000,10000,f4_822_p65,09:19:00,2064,aa,1,submitted,2026-09-03T13:22:25Z
2016[Cu][nbo]3[ASR]30,stage1,floor,p05,sample,2000,10000,f4_823_p05,09:19:00,2064,aa,1,submitted,2026-09-03T13:25:18Z
2016[Cu][nbo]3[ASR]30,stage1,floor,p65,sample,2000,10000,f4_823_p65,09:19:00,2064,ac,1,submitted,2026-09-03T13:25:18Z
2016[Cu][nbo]3[ASR]39,stage1,floor,p05,sample,2000,10000,f4_824_p05,09:19:00,2064,amd,1,submitted,2026-09-03T13:25:18Z
2016[Cu][nbo]3[ASR]39,stage1,floor,p65,sample,2000,10000,f4_824_p65,09:19:00,2064,aa,1,submitted,2026-09-03T13:25:18Z
2016[Cu][nbo]3[ASR]4,stage1,floor,p05,sample,2000,10000,f4_825_p05,03:00:00,432,aa,1,submitted,2026-09-03T13:28:10Z
2016[Cu][nbo]3[ASR]4,stage1,floor,p65,sample,2000,10000,f4_825_p65,03:00:00,432,ac,1,submitted,2026-09-03T13:28:10Z
2016[Cu][nbo]3[ASR]40,stage1,floor,p05,sample,2000,10000,f4_826_p05,09:19:00,2064,amd,1,submitted,2026-09-03T13:28:10Z
2016[Cu][nbo]3[ASR]40,stage1,floor,p65,sample,2000,10000,f4_826_p65,09:19:00,2064,aa,1,submitted,2026-09-03T13:28:10Z
2016[Cu][nbo]3[ASR]48,stage1,floor,p05,sample,2000,10000,f4_827_p05,08:40:00,1920,aa,1,submitted,2026-09-03T13:31:05Z
2016[Cu][nbo]3[ASR]48,stage1,floor,p65,sample,2000,10000,f4_827_p65,08:40:00,1920,ac,1,submitted,2026-09-03T13:31:05Z
2016[Cu][nbo]3[ASR]8,stage1,floor,p05,sample,2000,10000,f4_828_p05,08:40:00,1920,amd,1,submitted,2026-09-03T13:31:05Z
2016[Cu][nbo]3[ASR]8,stage1,floor,p65,sample,2000,10000,f4_828_p65,08:40:00,1920,aa,1,submitted,2026-09-03T13:31:05Z
2016[Cu][pyr]3[ASR]1,stage1,floor,p05,sample,2000,10000,f4_829_p05,13:53:00,3072,ac,1,submitted,2026-09-03T13:31:05Z
2016[Cu][pyr]3[ASR]1,stage1,floor,p65,sample,2000,10000,f4_829_p65,13:53:00,3072,amd,1,submitted,2026-09-03T13:31:05Z
2016[Cu][sqc]3[ASR]1,stage1,floor,p05,sample,2000,10000,f4_830_p05,10:44:00,2376,aa,1,submitted,2026-09-03T13:34:00Z
2016[Cu][sqc]3[ASR]1,stage1,floor,p65,sample,2000,10000,f4_830_p65,10:44:00,2376,ac,1,submitted,2026-09-03T13:34:00Z
2016[Cu][sql]2[ASR]2,stage1,floor,p05,sample,2000,10000,f4_831_p05,10:58:00,2430,amd,1,submitted,2026-09-03T13:34:00Z
2016[Cu][sql]2[ASR]2,stage1,floor,p65,sample,2000,10000,f4_831_p65,10:58:00,2430,aa,1,submitted,2026-09-03T13:34:00Z
2016[Cu][tbo]3[ASR]4,stage1,floor,p05,sample,2000,10000,f4_832_p05,04:55:00,1088,ac,1,submitted,2026-09-03T13:34:00Z
2016[Cu][tbo]3[ASR]4,stage1,floor,p65,sample,2000,10000,f4_832_p65,04:55:00,1088,amd,1,submitted,2026-09-03T13:34:00Z
2016[Cu][tfw]2[ASR]2,stage1,floor,p05,sample,2000,10000,f4_833_p05,11:28:00,2538,aa,1,submitted,2026-09-03T13:37:00Z
2016[Cu][tfw]2[ASR]2,stage1,floor,p65,sample,2000,10000,f4_833_p65,11:28:00,2538,ac,1,submitted,2026-09-03T13:37:00Z
2016[Cu][ubo]3[ASR]1,stage1,floor,p05,sample,2000,10000,f4_834_p05,14:10:00,3136,amd,1,submitted,2026-09-03T13:37:00Z
2016[Cu][ubo]3[ASR]1,stage1,floor,p65,sample,2000,10000,f4_834_p65,14:10:00,3136,aa,1,submitted,2026-09-03T13:37:00Z
2016[Dy][dia]3[ASR]1,stage1,floor,p05,sample,2000,10000,f4_835_p05,08:27:00,1872,ac,1,submitted,2026-09-03T13:37:00Z
2016[Dy][dia]3[ASR]1,stage1,floor,p65,sample,2000,10000,f4_835_p65,08:27:00,1872,amd,1,submitted,2026-09-03T13:37:00Z
2016[Dy][dia]3[FSR]1,stage1,floor,p05,sample,2000,10000,f4_836_p05,09:26:00,2088,aa,1,submitted,2026-09-03T13:37:00Z
2016[Dy][dia]3[FSR]1,stage1,floor,p65,sample,2000,10000,f4_836_p65,09:26:00,2088,ac,1,submitted,2026-09-03T13:37:00Z
2016[Dy][nan]3[ASR]4,stage1,floor,p05,sample,2000,10000,f4_837_p05,18:52:00,4176,amd,1,submitted,2026-09-03T13:37:00Z
2016[Dy][nan]3[ASR]4,stage1,floor,p65,sample,2000,10000,f4_837_p65,18:52:00,4176,aa,1,submitted,2026-09-03T13:39:52Z
2016[Dy][pcu]3[ASR]3,stage1,floor,p05,sample,2000,10000,f4_838_p05,10:44:00,2376,ac,1,submitted,2026-09-03T13:39:52Z
2016[Dy][pcu]3[ASR]3,stage1,floor,p65,sample,2000,10000,f4_838_p65,10:44:00,2376,amd,1,submitted,2026-09-03T13:39:52Z
2016[Eu][ant]3[ASR]1,stage1,floor,p05,sample,2000,10000,f4_839_p05,11:28:00,2538,aa,1,submitted,2026-09-03T13:39:52Z
2016[Eu][ant]3[ASR]1,stage1,floor,p65,sample,2000,10000,f4_839_p65,11:28:00,2538,aa,1,submitted,2026-09-03T13:42:47Z
2016[Eu][kgd]2[ASR]1,stage1,floor,p05,sample,2000,10000,f4_840_p05,06:10:00,1368,ac,1,submitted,2026-09-03T13:42:47Z
2016[Eu][kgd]2[ASR]1,stage1,floor,p65,sample,2000,10000,f4_840_p65,06:10:00,1368,amd,1,submitted,2026-09-03T13:42:47Z
2016[Eu][nan]3[ASR]6,stage1,floor,p05,sample,2000,10000,f4_841_p05,18:52:00,4176,aa,1,submitted,2026-09-03T13:42:47Z
2016[Eu][nan]3[ASR]6,stage1,floor,p65,sample,2000,10000,f4_841_p65,18:52:00,4176,ac,1,submitted,2026-09-03T13:42:47Z
2016[Eu][nan]3[ASR]9,stage1,floor,p05,sample,2000,10000,f4_842_p05,15:02:00,3328,amd,1,submitted,2026-09-03T13:42:47Z
2016[Eu][nan]3[ASR]9,stage1,floor,p65,sample,2000,10000,f4_842_p65,15:02:00,3328,aa,1,submitted,2026-09-03T13:45:40Z
2016[FeAu][fsc]3[ASR]1,stage1,floor,p05,sample,2000,10000,f4_843_p05,06:20:00,1404,ac,1,submitted,2026-09-03T13:45:40Z
2016[FeAu][fsc]3[ASR]1,stage1,floor,p65,sample,2000,10000,f4_843_p65,06:20:00,1404,amd,1,submitted,2026-09-03T13:45:40Z
2016[Fe][acs]3[FSR]1,stage1,floor,p05,sample,2000,10000,f4_844_p05,11:45:00,2600,aa,1,submitted,2026-09-03T13:45:40Z
2016[Fe][acs]3[FSR]1,stage1,floor,p65,sample,2000,10000,f4_844_p65,11:45:00,2600,aa,1,submitted,2026-09-03T13:48:38Z
2016[Fe][hcb]2[ASR]1,stage1,floor,p05,sample,2000,10000,f4_845_p05,04:20:00,960,ac,1,submitted,2026-09-03T13:48:38Z
2016[Fe][hcb]2[ASR]1,stage1,floor,p65,sample,2000,10000,f4_845_p65,04:20:00,960,amd,1,submitted,2026-09-03T13:48:38Z
2016[Ga][nan]3[ASR]2,stage1,floor,p05,sample,2000,10000,f4_846_p05,08:47:00,1944,aa,1,submitted,2026-09-03T13:48:38Z
2016[Ga][nan]3[ASR]2,stage1,floor,p65,sample,2000,10000,f4_846_p65,08:47:00,1944,ac,1,submitted,2026-09-03T13:48:38Z
2016[Ga][nan]3[ASR]3,stage1,floor,p05,sample,2000,10000,f4_847_p05,07:48:00,1728,amd,1,submitted,2026-09-03T13:48:38Z
2016[Ga][nan]3[ASR]3,stage1,floor,p65,sample,2000,10000,f4_847_p65,07:48:00,1728,aa,1,submitted,2026-09-03T13:48:38Z
2016[Ga][nan]3[ASR]4,stage1,floor,p05,sample,2000,10000,f4_848_p05,08:47:00,1944,ac,1,submitted,2026-09-03T13:48:38Z
2016[Ga][nan]3[ASR]4,stage1,floor,p65,sample,2000,10000,f4_848_p65,08:47:00,1944,aa,1,submitted,2026-09-03T13:51:32Z
2016[Gd][dia]3[ASR]1,stage1,floor,p05,sample,2000,10000,f4_849_p05,08:27:00,1872,ac,1,submitted,2026-09-03T13:51:32Z
2016[Gd][dia]3[ASR]1,stage1,floor,p65,sample,2000,10000,f4_849_p65,08:27:00,1872,amd,1,submitted,2026-09-03T13:51:32Z
2016[Gd][nan]3[ASR]1,stage1,floor,p05,sample,2000,10000,f4_850_p05,16:26:00,3636,aa,1,submitted,2026-09-03T13:51:32Z
2016[Gd][nan]3[ASR]1,stage1,floor,p65,sample,2000,10000,f4_850_p65,16:26:00,3636,ac,1,submitted,2026-09-03T13:51:32Z
2016[In][nan]3[ASR]12,stage1,floor,p05,sample,2000,10000,f4_851_p05,08:47:00,1944,aa,1,submitted,2026-09-03T13:54:24Z
2016[In][nan]3[ASR]12,stage1,floor,p65,sample,2000,10000,f4_851_p65,08:47:00,1944,ac,1,submitted,2026-09-03T13:54:24Z
2016[In][unc]3[ASR]2,stage1,floor,p05,sample,2000,10000,f4_852_p05,08:53:00,1968,amd,1,submitted,2026-09-03T13:54:24Z
2016[In][unc]3[ASR]2,stage1,floor,p65,sample,2000,10000,f4_852_p65,08:53:00,1968,aa,1,submitted,2026-09-03T13:54:24Z
2016[La][sql]2[ASR]1,stage1,floor,p05,sample,2000,10000,f4_853_p05,11:16:00,2496,aa,1,submitted,2026-09-03T13:57:23Z
2016[La][sql]2[ASR]1,stage1,floor,p65,sample,2000,10000,f4_853_p65,11:16:00,2496,ac,1,submitted,2026-09-03T13:57:23Z
2016[Lu][mog]3[ASR]1,stage1,floor,p05,sample,2000,10000,f4_854_p05,08:17:00,1836,amd,1,submitted,2026-09-03T13:57:23Z
2016[Lu][mog]3[ASR]1,stage1,floor,p65,sample,2000,10000,f4_854_p65,08:17:00,1836,aa,1,submitted,2026-09-03T13:57:23Z
2016[Lu][mog]3[FSR]1,stage1,floor,p05,sample,2000,10000,f4_855_p05,09:01:00,1998,ac,1,submitted,2026-09-03T13:57:23Z
2016[Lu][mog]3[FSR]1,stage1,floor,p65,sample,2000,10000,f4_855_p65,09:01:00,1998,amd,1,submitted,2026-09-03T13:57:23Z
2016[Mg][hms]3[ASR]1,stage1,floor,p05,sample,2000,10000,f4_856_p05,11:16:00,2496,aa,1,submitted,2026-09-03T13:57:23Z
2016[Mg][hms]3[ASR]1,stage1,floor,p65,sample,2000,10000,f4_856_p65,11:16:00,2496,ac,1,submitted,2026-09-03T13:57:23Z
2016[Mn][acs]3[ASR]1,stage1,floor,p05,sample,2000,10000,f4_857_p05,07:31:00,1664,aa,1,submitted,2026-09-03T14:00:19Z
2016[Mn][acs]3[ASR]1,stage1,floor,p65,sample,2000,10000,f4_857_p65,07:31:00,1664,ac,1,submitted,2026-09-03T14:00:19Z
2016[Mn][flu]3[ASR]1,stage1,floor,p05,sample,2000,10000,f4_858_p05,15:17:00,3384,amd,1,submitted,2026-09-03T14:00:19Z
2016[Mn][flu]3[ASR]1,stage1,floor,p65,sample,2000,10000,f4_858_p65,15:17:00,3384,aa,1,submitted,2026-09-03T14:00:19Z
2016[Mn][nan]3[FSR]2,stage1,floor,p05,sample,2000,10000,f4_859_p05,15:11:00,3360,ac,1,submitted,2026-09-03T14:00:19Z
2016[Mn][nan]3[FSR]2,stage1,floor,p65,sample,2000,10000,f4_859_p65,15:11:00,3360,amd,1,submitted,2026-09-03T14:00:19Z
2016[Mn][tbo]3[ASR]1,stage1,floor,p05,sample,2000,10000,f4_860_p05,06:04:00,1344,aa,1,submitted,2026-09-03T14:00:19Z
2016[Mn][tbo]3[ASR]1,stage1,floor,p65,sample,2000,10000,f4_860_p65,06:04:00,1344,aa,1,submitted,2026-09-03T14:03:11Z
2016[Ni][acs]3[ASR]1,stage1,floor,p05,sample,2000,10000,f4_861_p05,11:45:00,2600,ac,1,submitted,2026-09-03T14:03:11Z
2016[Ni][acs]3[ASR]1,stage1,floor,p65,sample,2000,10000,f4_861_p65,11:45:00,2600,amd,1,submitted,2026-09-03T14:03:11Z
2016[Ni][dia]3[ASR]4,stage1,floor,p05,sample,2000,10000,f4_862_p05,49:27:00,10944,aa,1,submitted,2026-09-03T14:03:11Z
2016[Ni][dia]3[ASR]4,stage1,floor,p65,sample,2000,10000,f4_862_p65,49:27:00,10944,aa,1,submitted,2026-09-03T14:05:59Z
2016[Ni][neb]3[ASR]3,stage1,floor,p05,sample,2000,10000,f4_863_p05,08:53:00,1968,aa,1,submitted,2026-09-03T14:08:51Z
2016[Ni][neb]3[ASR]3,stage1,floor,p65,sample,2000,10000,f4_863_p65,08:53:00,1968,ac,1,submitted,2026-09-03T14:08:51Z
2016[Ni][sit]3[ASR]1,stage1,floor,p05,sample,2000,10000,f4_864_p05,08:40:00,1920,amd,1,submitted,2026-09-03T14:08:51Z
2016[Ni][sit]3[ASR]1,stage1,floor,p65,sample,2000,10000,f4_864_p65,08:40:00,1920,aa,1,submitted,2026-09-03T14:08:51Z
2016[Pr][pcu]3[ASR]2,stage1,floor,p05,sample,2000,10000,f4_865_p05,10:29:00,2322,ac,1,submitted,2026-09-03T14:11:40Z
2016[Pr][pcu]3[ASR]2,stage1,floor,p65,sample,2000,10000,f4_865_p65,10:29:00,2322,ac,1,submitted,2026-09-03T14:14:32Z
2016[SbAg][lvt]3[ION]1,stage1,floor,p05,sample,2000,10000,f4_866_p05,26:41:00,5904,aa,1,submitted,2026-09-03T14:14:32Z
2016[SbAg][lvt]3[ION]1,stage1,floor,p65,sample,2000,10000,f4_866_p65,26:41:00,5904,amd,1,submitted,2026-09-03T14:14:32Z
2016[Sm][nan]3[ASR]3,stage1,floor,p05,sample,2000,10000,f4_867_p05,09:26:00,2088,ac,1,submitted,2026-09-03T14:14:32Z
2016[Sm][nan]3[ASR]3,stage1,floor,p65,sample,2000,10000,f4_867_p65,09:26:00,2088,ac,1,submitted,2026-09-03T14:19:32Z
2016[Tb][ant]3[ASR]2,stage1,floor,p05,sample,2000,10000,f4_868_p05,11:28:00,2538,aa,1,submitted,2026-09-03T14:19:32Z
2016[Tb][ant]3[ASR]2,stage1,floor,p65,sample,2000,10000,f4_868_p65,11:28:00,2538,amd,1,submitted,2026-09-03T14:19:32Z
2016[Th][gfy]3[ASR]1,stage1,floor,p05,sample,2000,10000,f4_869_p05,06:17:00,1392,ac,1,submitted,2026-09-03T14:19:32Z
2016[Th][gfy]3[ASR]1,stage1,floor,p65,sample,2000,10000,f4_869_p65,06:17:00,1392,aa,1,submitted,2026-09-03T14:19:32Z
2016[Th][gfy]3[FSR]1,stage1,floor,p05,sample,2000,10000,f4_870_p05,06:37:00,1464,amd,1,submitted,2026-09-03T14:19:32Z
2016[Th][gfy]3[FSR]1,stage1,floor,p65,sample,2000,10000,f4_870_p65,06:37:00,1464,ac,1,submitted,2026-09-03T14:19:32Z
2016[Th][nan]3[ASR]1,stage1,floor,p05,sample,2000,10000,f4_871_p05,12:08:00,2688,aa,1,submitted,2026-09-03T14:19:32Z
2016[Th][nan]3[ASR]1,stage1,floor,p65,sample,2000,10000,f4_871_p65,12:08:00,2688,amd,1,submitted,2026-09-03T14:19:32Z
2016[Ti][srs]3[ASR]1,stage1,floor,p05,sample,2000,10000,f4_872_p05,14:27:00,3200,ac,1,submitted,2026-09-03T14:22:33Z
2016[Ti][srs]3[ASR]1,stage1,floor,p65,sample,2000,10000,f4_872_p65,14:27:00,3200,aa,1,submitted,2026-09-03T14:22:33Z
2016[USi][ths]3[ASR]1,stage1,floor,p05,sample,2000,10000,f4_873_p05,11:16:00,2496,amd,1,submitted,2026-09-03T14:22:33Z
2016[USi][ths]3[ASR]1,stage1,floor,p65,sample,2000,10000,f4_873_p65,11:16:00,2496,ac,1,submitted,2026-09-03T14:22:33Z
2016[USi][ths]3[FSR]1,stage1,floor,p05,sample,2000,10000,f4_874_p05,11:42:00,2592,aa,1,submitted,2026-09-03T14:22:33Z
2016[USi][ths]3[FSR]1,stage1,floor,p65,sample,2000,10000,f4_874_p65,11:42:00,2592,amd,1,submitted,2026-09-03T14:22:33Z
2016[Zn][bpq]3[ASR]3,stage1,floor,p05,sample,2000,10000,f4_875_p05,13:20:00,2952,ac,1,submitted,2026-09-03T14:22:33Z
2016[Zn][bpq]3[ASR]3,stage1,floor,p65,sample,2000,10000,f4_875_p65,13:20:00,2952,aa,1,submitted,2026-09-03T14:22:33Z
2016[Zn][hcb]2[ASR]1,stage1,floor,p05,sample,2000,10000,f4_876_p05,20:40:00,4576,amd,1,submitted,2026-09-03T14:22:33Z
2016[Zn][hcb]2[ASR]1,stage1,floor,p65,sample,2000,10000,f4_876_p65,20:40:00,4576,ac,1,submitted,2026-09-03T14:22:33Z
2016[Zn][ins]3[ASR]1,stage1,floor,p05,sample,2000,10000,f4_877_p05,08:49:00,1952,ac,1,submitted,2026-09-03T14:25:28Z
2016[Zn][ins]3[ASR]1,stage1,floor,p65,sample,2000,10000,f4_877_p65,08:49:00,1952,aa,1,submitted,2026-09-03T14:25:28Z
2016[Zn][nan]3[ASR]16,stage1,floor,p05,sample,2000,10000,f4_878_p05,11:52:00,2628,amd,1,submitted,2026-09-03T14:25:28Z
2016[Zn][nan]3[ASR]16,stage1,floor,p65,sample,2000,10000,f4_878_p65,11:52:00,2628,ac,1,submitted,2026-09-03T14:25:28Z
2016[Zn][nan]3[ASR]18,stage1,floor,p05,sample,2000,10000,f4_879_p05,05:12:00,1152,aa,1,submitted,2026-09-03T14:25:28Z
2016[Zn][nan]3[ASR]18,stage1,floor,p65,sample,2000,10000,f4_879_p65,05:12:00,1152,amd,1,submitted,2026-09-03T14:25:28Z
2016[Zn][nan]3[ASR]7,stage1,floor,p05,sample,2000,10000,f4_880_p05,16:35:00,3672,ac,1,submitted,2026-09-03T14:28:22Z
2016[Zn][nan]3[ASR]7,stage1,floor,p65,sample,2000,10000,f4_880_p65,16:35:00,3672,amd,1,submitted,2026-09-03T14:28:22Z
2016[Zn][nts]3[ASR]1,stage1,floor,p05,sample,2000,10000,f4_881_p05,21:41:00,4800,aa,1,submitted,2026-09-03T14:28:22Z
2016[Zn][nts]3[ASR]1,stage1,floor,p65,sample,2000,10000,f4_881_p65,21:41:00,4800,ac,1,submitted,2026-09-03T14:28:22Z
2016[Zn][rtl]3[ION]1,stage1,floor,p05,sample,2000,10000,f4_882_p05,10:24:00,2304,amd,1,submitted,2026-09-03T14:28:22Z
2016[Zn][rtl]3[ION]1,stage1,floor,p65,sample,2000,10000,f4_882_p65,10:24:00,2304,ac,1,submitted,2026-09-03T14:31:13Z
2016[Zn][sab]3[ASR]1,stage1,floor,p05,sample,2000,10000,f4_883_p05,05:47:00,1280,amd,1,submitted,2026-09-03T14:31:13Z
2016[Zn][sab]3[ASR]1,stage1,floor,p65,sample,2000,10000,f4_883_p65,05:47:00,1280,aa,1,submitted,2026-09-03T14:31:13Z
2016[Zn][sql]2[ASR]1,stage1,floor,p05,sample,2000,10000,f4_884_p05,14:58:00,3312,ac,1,submitted,2026-09-03T14:34:05Z
2016[Zn][sql]2[ASR]1,stage1,floor,p65,sample,2000,10000,f4_884_p65,14:58:00,3312,amd,1,submitted,2026-09-03T14:34:05Z
2016[Zn][sra]3[ASR]2,stage1,floor,p05,sample,2000,10000,f4_885_p05,06:50:00,1512,aa,1,submitted,2026-09-03T14:34:05Z
2016[Zn][sra]3[ASR]2,stage1,floor,p65,sample,2000,10000,f4_885_p65,06:50:00,1512,ac,1,submitted,2026-09-03T14:34:05Z
2016[Zn][ths]3[ASR]1,stage1,floor,p05,sample,2000,10000,f4_886_p05,05:51:00,1296,ac,1,submitted,2026-09-03T14:36:59Z
2016[Zn][ths]3[ASR]1,stage1,floor,p65,sample,2000,10000,f4_886_p65,05:51:00,1296,amd,1,submitted,2026-09-03T14:36:59Z
2016[Zn][ths]3[ASR]11,stage1,floor,p05,sample,2000,10000,f4_887_p05,06:00:00,1328,aa,1,submitted,2026-09-03T14:36:59Z
2016[Zn][ths]3[ASR]11,stage1,floor,p65,sample,2000,10000,f4_887_p65,06:00:00,1328,ac,1,submitted,2026-09-03T14:36:59Z
2016[Zn][ths]3[ASR]3,stage1,floor,p05,sample,2000,10000,f4_888_p05,05:51:00,1296,amd,1,submitted,2026-09-03T14:36:59Z
2016[Zn][ths]3[ASR]3,stage1,floor,p65,sample,2000,10000,f4_888_p65,05:51:00,1296,ac,1,submitted,2026-09-03T14:39:49Z
2016[Zn][ths]3[ASR]6,stage1,floor,p05,sample,2000,10000,f4_889_p05,05:51:00,1296,amd,1,submitted,2026-09-03T14:39:49Z
2016[Zn][ths]3[ASR]6,stage1,floor,p65,sample,2000,10000,f4_889_p65,05:51:00,1296,ac,1,submitted,2026-09-03T14:42:42Z
2016[Zr][bct]3[ASR]1,stage1,floor,p05,sample,2000,10000,f4_890_p05,10:24:00,2304,amd,1,submitted,2026-09-03T14:42:42Z
2016[Zr][bct]3[ASR]1,stage1,floor,p65,sample,2000,10000,f4_890_p65,10:24:00,2304,aa,1,submitted,2026-09-03T14:42:42Z
2017[Ag][hcb]2[ASR]14,stage1,floor,p05,sample,2000,10000,f4_891_p05,12:34:00,2784,ac,1,submitted,2026-09-03T14:42:42Z
2017[Ag][hcb]2[ASR]14,stage1,floor,p65,sample,2000,10000,f4_891_p65,12:34:00,2784,amd,1,submitted,2026-09-03T14:42:42Z
2017[Ag][hcb]2[ASR]16,stage1,floor,p05,sample,2000,10000,f4_892_p05,12:34:00,2784,ac,1,submitted,2026-09-03T14:45:34Z
2017[Ag][hcb]2[ASR]16,stage1,floor,p65,sample,2000,10000,f4_892_p65,12:34:00,2784,amd,1,submitted,2026-09-03T14:45:34Z
2017[Ag][hcb]2[ASR]7,stage1,floor,p05,sample,2000,10000,f4_893_p05,08:23:00,1856,aa,1,submitted,2026-09-03T14:45:34Z
2017[Ag][hcb]2[ASR]7,stage1,floor,p65,sample,2000,10000,f4_893_p65,08:23:00,1856,ac,1,submitted,2026-09-03T14:48:30Z
2017[Ag][hcb]2[ASR]9,stage1,floor,p05,sample,2000,10000,f4_894_p05,09:26:00,2088,amd,1,submitted,2026-09-03T14:48:30Z
2017[Ag][hcb]2[ASR]9,stage1,floor,p65,sample,2000,10000,f4_894_p65,09:26:00,2088,aa,1,submitted,2026-09-03T14:48:30Z
2017[Ag][hcb]2[FSR]10,stage1,floor,p05,sample,2000,10000,f4_895_p05,10:44:00,2376,ac,1,submitted,2026-09-03T14:48:30Z
2017[Ag][hcb]2[FSR]10,stage1,floor,p65,sample,2000,10000,f4_895_p65,10:44:00,2376,amd,1,submitted,2026-09-03T14:48:30Z
2017[Ag][hcb]2[FSR]7,stage1,floor,p05,sample,2000,10000,f4_896_p05,14:19:00,3168,aa,1,submitted,2026-09-03T14:48:30Z
2017[Ag][hcb]2[FSR]7,stage1,floor,p65,sample,2000,10000,f4_896_p65,14:19:00,3168,ac,1,submitted,2026-09-03T14:48:30Z
2017[Ag][hcb]2[ION]2,stage1,floor,p05,sample,2000,10000,f4_897_p05,09:32:00,2112,ac,1,submitted,2026-09-03T14:51:23Z
2017[Ag][hcb]2[ION]2,stage1,floor,p65,sample,2000,10000,f4_897_p65,09:32:00,2112,amd,1,submitted,2026-09-03T14:51:23Z
2017[Ag][hcb]2[ION]4,stage1,floor,p05,sample,2000,10000,f4_898_p05,10:44:00,2376,aa,1,submitted,2026-09-03T14:51:23Z
2017[Ag][hcb]2[ION]4,stage1,floor,p65,sample,2000,10000,f4_898_p65,10:44:00,2376,ac,1,submitted,2026-09-03T14:51:23Z
2017[Ag][nan]2[ION]3,stage1,floor,p05,sample,2000,10000,f4_899_p05,18:13:00,4032,amd,1,submitted,2026-09-03T14:51:23Z
2017[Ag][nan]2[ION]3,stage1,floor,p65,sample,2000,10000,f4_899_p65,18:13:00,4032,ac,1,submitted,2026-09-03T14:54:11Z
2017[Ag][sqc]2[ASR]1,stage1,floor,p05,sample,2000,10000,f4_900_p05,06:17:00,1392,ac,1,submitted,2026-09-03T14:57:03Z
2017[Ag][sqc]2[ASR]1,stage1,floor,p65,sample,2000,10000,f4_900_p65,06:17:00,1392,amd,1,submitted,2026-09-03T14:57:03Z
2017[Ag][srs]3[ION]21,stage1,floor,p05,sample,2000,10000,f4_901_p05,12:17:00,2720,aa,1,submitted,2026-09-03T14:57:03Z
2017[Ag][srs]3[ION]21,stage1,floor,p65,sample,2000,10000,f4_901_p65,12:17:00,2720,ac,1,submitted,2026-09-03T14:57:03Z
2017[Ag][srs]3[ION]23,stage1,floor,p05,sample,2000,10000,f4_902_p05,12:17:00,2720,ac,1,submitted,2026-09-03T14:59:54Z
2017[Ag][srs]3[ION]23,stage1,floor,p65,sample,2000,10000,f4_902_p65,12:17:00,2720,amd,1,submitted,2026-09-03T14:59:54Z
2017[Ag][srs]3[ION]31,stage1,floor,p05,sample,2000,10000,f4_903_p05,12:17:00,2720,ac,1,submitted,2026-09-03T15:02:43Z
2017[Ag][srs]3[ION]31,stage1,floor,p65,sample,2000,10000,f4_903_p65,12:17:00,2720,amd,1,submitted,2026-09-03T15:02:43Z
2017[Ag][srs]3[ION]38,stage1,floor,p05,sample,2000,10000,f4_904_p05,12:17:00,2720,ac,1,submitted,2026-09-03T15:05:31Z
2017[Ag][srs]3[ION]38,stage1,floor,p65,sample,2000,10000,f4_904_p65,12:17:00,2720,ac,1,submitted,2026-09-03T15:08:22Z
2017[Ag][srs]3[ION]5,stage1,floor,p05,sample,2000,10000,f4_905_p05,12:17:00,2720,amd,1,submitted,2026-09-03T15:08:22Z
2017[Ag][srs]3[ION]5,stage1,floor,p65,sample,2000,10000,f4_905_p65,12:17:00,2720,aa,1,submitted,2026-09-03T15:08:22Z
2017[Ag][srs]3[ION]6,stage1,floor,p05,sample,2000,10000,f4_906_p05,12:17:00,2720,ac,1,submitted,2026-09-03T15:11:14Z
2017[Ag][srs]3[ION]6,stage1,floor,p65,sample,2000,10000,f4_906_p65,12:17:00,2720,amd,1,submitted,2026-09-03T15:11:14Z
2017[Al][skl]3[ASR]3,stage1,floor,p05,sample,2000,10000,f4_907_p05,09:41:00,2144,aa,1,submitted,2026-09-03T15:11:14Z
2017[Al][skl]3[ASR]3,stage1,floor,p65,sample,2000,10000,f4_907_p65,09:41:00,2144,ac,1,submitted,2026-09-03T15:11:14Z
2017[CdK][bcu]3[ION]1,stage1,floor,p05,sample,2000,10000,f4_908_p05,13:57:00,3088,ac,1,submitted,2026-09-03T15:14:04Z
2017[CdK][bcu]3[ION]1,stage1,floor,p65,sample,2000,10000,f4_908_p65,13:57:00,3088,amd,1,submitted,2026-09-03T15:14:04Z
2017[Cd][hcb]2[ASR]1,stage1,floor,p05,sample,2000,10000,f4_909_p05,10:15:00,2268,ac,1,submitted,2026-09-03T15:16:52Z
2017[Cd][hcb]2[ASR]1,stage1,floor,p65,sample,2000,10000,f4_909_p65,10:15:00,2268,ac,1,submitted,2026-09-03T15:19:45Z
2017[Cd][kgd]2[FSR]3,stage1,floor,p05,sample,2000,10000,f4_910_p05,19:31:00,4320,amd,1,submitted,2026-09-03T15:19:45Z
2017[Cd][kgd]2[FSR]3,stage1,floor,p65,sample,2000,10000,f4_910_p65,19:31:00,4320,aa,1,submitted,2026-09-03T15:19:45Z
2017[Cd][nan]3[ASR]10,stage1,floor,p05,sample,2000,10000,f4_911_p05,16:42:00,3696,ac,1,submitted,2026-09-03T15:19:45Z
2017[Cd][nan]3[ASR]10,stage1,floor,p65,sample,2000,10000,f4_911_p65,16:42:00,3696,ac,1,submitted,2026-09-03T15:22:34Z
2017[Cd][nan]3[ASR]4,stage1,floor,p05,sample,2000,10000,f4_912_p05,12:00:00,2656,amd,1,submitted,2026-09-03T15:22:34Z
2017[Cd][nan]3[ASR]4,stage1,floor,p65,sample,2000,10000,f4_912_p65,12:00:00,2656,ac,1,submitted,2026-09-03T15:25:23Z
2017[Cd][nan]3[ION]1,stage1,floor,p05,sample,2000,10000,f4_913_p05,15:37:00,3456,ac,1,submitted,2026-09-03T15:28:11Z
2017[Cd][nan]3[ION]1,stage1,floor,p65,sample,2000,10000,f4_913_p65,15:37:00,3456,ac,1,submitted,2026-09-03T15:30:59Z
2017[Cd][sql]2[ASR]14,stage1,floor,p05,sample,2000,10000,f4_914_p05,09:19:00,2064,ac,1,submitted,2026-09-03T15:33:48Z
2017[Cd][sql]2[ASR]14,stage1,floor,p65,sample,2000,10000,f4_914_p65,09:19:00,2064,amd,1,submitted,2026-09-03T15:33:48Z
2017[Cd][sql]2[ASR]6,stage1,floor,p05,sample,2000,10000,f4_915_p05,19:18:00,4272,ac,1,submitted,2026-09-03T15:36:37Z
2017[Cd][sql]2[ASR]6,stage1,floor,p65,sample,2000,10000,f4_915_p65,19:18:00,4272,ac,1,submitted,2026-09-03T15:39:25Z
2017[Cd][sql]2[FSR]11,stage1,floor,p05,sample,2000,10000,f4_916_p05,08:32:00,1888,ac,1,submitted,2026-09-03T15:42:13Z
2017[Cd][sql]2[FSR]11,stage1,floor,p65,sample,2000,10000,f4_916_p65,08:32:00,1888,ac,1,submitted,2026-09-03T15:45:02Z
2017[Cd][sra]3[FSR]2,stage1,floor,p05,sample,2000,10000,f4_917_p05,10:24:00,2304,amd,1,submitted,2026-09-03T15:45:02Z
2017[Cd][sra]3[FSR]2,stage1,floor,p65,sample,2000,10000,f4_917_p65,10:24:00,2304,ac,1,submitted,2026-09-03T15:49:51Z
2017[Cd][tav]3[ASR]1,stage1,floor,p05,sample,2000,10000,f4_918_p05,15:02:00,3328,ac,1,submitted,2026-09-03T15:52:40Z
2017[Cd][tav]3[ASR]1,stage1,floor,p65,sample,2000,10000,f4_918_p65,15:02:00,3328,amd,1,submitted,2026-09-03T15:52:40Z
2017[Ce][pts]3[ASR]1,stage1,floor,p05,sample,2000,10000,f4_919_p05,08:08:00,1800,ac,1,submitted,2026-09-03T15:55:29Z
2017[Ce][pts]3[ASR]1,stage1,floor,p65,sample,2000,10000,f4_919_p65,08:08:00,1800,ac,1,submitted,2026-09-03T15:58:17Z
2017[CoCr][pcu]3[ASR]1,stage1,floor,p05,sample,2000,10000,f4_920_p05,11:16:00,2496,ac,1,submitted,2026-09-03T16:01:05Z
2017[CoCr][pcu]3[ASR]1,stage1,floor,p65,sample,2000,10000,f4_920_p65,11:16:00,2496,ac,1,submitted,2026-09-03T16:03:53Z
2017[CoFe][nan]2[ASR]1,stage1,floor,p05,sample,2000,10000,f4_921_p05,13:18:00,2944,ac,1,submitted,2026-09-03T16:06:43Z
2017[CoFe][nan]2[ASR]1,stage1,floor,p65,sample,2000,10000,f4_921_p65,13:18:00,2944,aa,1,submitted,2026-09-03T16:06:43Z
2017[Co][afw]3[ASR]1,stage1,floor,p05,sample,2000,10000,f4_922_p05,22:41:00,5022,ac,1,submitted,2026-09-03T16:13:32Z
2017[Co][afw]3[ASR]1,stage1,floor,p65,sample,2000,10000,f4_922_p65,22:41:00,5022,ac,1,submitted,2026-09-03T16:16:21Z
2017[Co][bnn]3[ASR]3,stage1,floor,p05,sample,2000,10000,f4_923_p05,15:56:00,3528,amd,1,submitted,2026-09-03T16:16:21Z
2017[Co][bnn]3[ASR]3,stage1,floor,p65,sample,2000,10000,f4_923_p65,15:56:00,3528,ac,1,submitted,2026-09-03T16:19:12Z
2017[Co][bnn]3[ASR]4,stage1,floor,p05,sample,2000,10000,f4_924_p05,12:08:00,2688,amd,1,submitted,2026-09-03T16:19:12Z
2017[Co][bnn]3[ASR]4,stage1,floor,p65,sample,2000,10000,f4_924_p65,12:08:00,2688,aa,1,submitted,2026-09-03T16:19:12Z
2017[Co][bnn]3[ION]5,stage1,floor,p05,sample,2000,10000,f4_925_p05,24:43:00,5472,ac,1,submitted,2026-09-03T16:22:04Z
2017[Co][bnn]3[ION]5,stage1,floor,p65,sample,2000,10000,f4_925_p65,24:43:00,5472,amd,1,submitted,2026-09-03T16:22:04Z
2017[Co][hex]3[ASR]1,stage1,floor,p05,sample,2000,10000,f4_926_p05,12:51:00,2844,aa,1,submitted,2026-09-03T16:22:04Z
2017[Co][hex]3[ASR]1,stage1,floor,p65,sample,2000,10000,f4_926_p65,12:51:00,2844,ac,1,submitted,2026-09-03T16:22:04Z
2017[Co][lvt]3[ASR]1,stage1,floor,p05,sample,2000,10000,f4_927_p05,08:47:00,1944,ac,1,submitted,2026-09-03T16:24:53Z
2017[Co][lvt]3[ASR]1,stage1,floor,p65,sample,2000,10000,f4_927_p65,08:47:00,1944,ac,1,submitted,2026-09-03T16:29:41Z
2017[Co][nan]2[ASR]3,stage1,floor,p05,sample,2000,10000,f4_928_p05,17:53:00,3960,ac,1,submitted,2026-09-03T16:32:29Z
2017[Co][nan]2[ASR]3,stage1,floor,p65,sample,2000,10000,f4_928_p65,17:53:00,3960,amd,1,submitted,2026-09-03T16:35:18Z
2017[Co][nan]3[ASR]1,stage1,floor,p05,sample,2000,10000,f4_929_p05,22:46:00,5040,aa,1,submitted,2026-09-03T16:38:06Z
2017[Co][nan]3[ASR]1,stage1,floor,p65,sample,2000,10000,f4_929_p65,22:46:00,5040,aa,1,submitted,2026-09-03T16:40:54Z
2017[Co][nan]3[ASR]20,stage1,floor,p05,sample,2000,10000,f4_930_p05,15:37:00,3456,ac,1,submitted,2026-09-03T16:43:42Z
2017[Co][nan]3[ASR]20,stage1,floor,p65,sample,2000,10000,f4_930_p65,15:37:00,3456,ac,1,submitted,2026-09-03T16:46:30Z
2017[Co][nan]3[ASR]8,stage1,floor,p05,sample,2000,10000,f4_931_p05,15:37:00,3456,ac,1,submitted,2026-09-03T16:49:18Z
2017[Co][nan]3[ASR]8,stage1,floor,p65,sample,2000,10000,f4_931_p65,15:37:00,3456,ac,1,submitted,2026-09-03T16:52:06Z
2017[Co][pcu]2[ASR]10,stage1,floor,p05,sample,2000,10000,f4_932_p05,18:39:00,4128,ac,1,submitted,2026-09-03T16:54:55Z
2017[Co][pcu]2[ASR]10,stage1,floor,p65,sample,2000,10000,f4_932_p65,18:39:00,4128,ac,1,submitted,2026-09-03T16:59:44Z
2017[Co][pcu]2[ASR]5,stage1,floor,p05,sample,2000,10000,f4_933_p05,18:39:00,4128,ac,1,submitted,2026-09-03T17:02:35Z
2017[Co][pcu]2[ASR]5,stage1,floor,p65,sample,2000,10000,f4_933_p65,18:39:00,4128,aa,1,submitted,2026-09-03T17:02:35Z
2017[Co][pcu]2[ASR]8,stage1,floor,p05,sample,2000,10000,f4_934_p05,18:39:00,4128,amd,1,submitted,2026-09-03T17:02:35Z
2017[Co][pcu]2[ASR]8,stage1,floor,p65,sample,2000,10000,f4_934_p65,18:39:00,4128,ac,1,submitted,2026-09-03T17:05:23Z
2017[Co][sql]2[ASR]10,stage1,floor,p05,sample,2000,10000,f4_935_p05,09:26:00,2088,ac,1,submitted,2026-09-03T17:08:13Z
2017[Co][sql]2[ASR]10,stage1,floor,p65,sample,2000,10000,f4_935_p65,09:26:00,2088,aa,1,submitted,2026-09-03T17:08:13Z
2017[Co][sql]2[ASR]7,stage1,floor,p05,sample,2000,10000,f4_936_p05,07:38:00,1692,ac,1,submitted,2026-09-03T17:11:02Z
2017[Co][sql]2[ASR]7,stage1,floor,p65,sample,2000,10000,f4_936_p65,07:38:00,1692,ac,1,submitted,2026-09-03T17:13:54Z
2017[Co][sql]2[FSR]2,stage1,floor,p05,sample,2000,10000,f4_937_p05,13:53:00,3072,aa,1,submitted,2026-09-03T17:13:54Z
2017[Co][sql]2[FSR]2,stage1,floor,p65,sample,2000,10000,f4_937_p65,13:53:00,3072,amd,1,submitted,2026-09-03T17:13:54Z
2017[CuEr][nan]3[ASR]1,stage1,floor,p05,sample,2000,10000,f4_938_p05,10:50:00,2400,ac,1,submitted,2026-09-03T17:13:54Z
2017[CuEr][nan]3[ASR]1,stage1,floor,p65,sample,2000,10000,f4_938_p65,10:50:00,2400,ac,1,submitted,2026-09-03T17:16:44Z
2017[CuNd][nan]3[FSR]1,stage1,floor,p05,sample,2000,10000,f4_939_p05,14:06:00,3120,aa,1,submitted,2026-09-03T17:16:44Z
2017[CuNd][nan]3[FSR]1,stage1,floor,p65,sample,2000,10000,f4_939_p65,14:06:00,3120,ac,1,submitted,2026-09-03T17:19:35Z
2017[Cu][cds]3[ASR]1,stage1,floor,p05,sample,2000,10000,f4_940_p05,17:21:00,3840,aa,1,submitted,2026-09-03T17:19:35Z
2017[Cu][cds]3[ASR]1,stage1,floor,p65,sample,2000,10000,f4_940_p65,17:21:00,3840,amd,1,submitted,2026-09-03T17:19:35Z
2017[Cu][hcb]2[ASR]2,stage1,floor,p05,sample,2000,10000,f4_941_p05,10:24:00,2304,ac,1,submitted,2026-09-03T17:22:25Z
2017[Cu][hcb]2[ASR]2,stage1,floor,p65,sample,2000,10000,f4_941_p65,10:24:00,2304,aa,1,submitted,2026-09-03T17:22:25Z
2017[Cu][hcb]2[ASR]5,stage1,floor,p05,sample,2000,10000,f4_942_p05,16:29:00,3648,ac,1,submitted,2026-09-03T17:25:14Z
2017[Cu][hcb]2[ASR]5,stage1,floor,p65,sample,2000,10000,f4_942_p65,16:29:00,3648,aa,1,submitted,2026-09-03T17:25:14Z
2017[Cu][nan]2[ASR]1,stage1,floor,p05,sample,2000,10000,f4_943_p05,06:30:00,1440,ac,1,submitted,2026-09-03T17:28:08Z
2017[Cu][nan]2[ASR]1,stage1,floor,p65,sample,2000,10000,f4_943_p65,06:30:00,1440,aa,1,submitted,2026-09-03T17:28:08Z
2017[Cu][nan]3[ASR]10,stage1,floor,p05,sample,2000,10000,f4_944_p05,16:55:00,3744,amd,1,submitted,2026-09-03T17:28:08Z
2017[Cu][nan]3[ASR]10,stage1,floor,p65,sample,2000,10000,f4_944_p65,16:55:00,3744,ac,1,submitted,2026-09-03T17:28:08Z
2017[Cu][nan]3[ASR]14,stage1,floor,p05,sample,2000,10000,f4_945_p05,04:56:00,1092,aa,1,submitted,2026-09-03T17:28:08Z
2017[Cu][nan]3[ASR]14,stage1,floor,p65,sample,2000,10000,f4_945_p65,04:56:00,1092,ac,1,submitted,2026-09-03T17:30:56Z
2017[Cu][nan]3[ASR]4,stage1,floor,p05,sample,2000,10000,f4_946_p05,09:41:00,2144,ac,1,submitted,2026-09-03T17:33:47Z
2017[Cu][nan]3[ASR]4,stage1,floor,p65,sample,2000,10000,f4_946_p65,09:41:00,2144,aa,1,submitted,2026-09-03T17:33:47Z
2017[Cu][nan]3[ASR]6,stage1,floor,p05,sample,2000,10000,f4_947_p05,11:16:00,2496,amd,1,submitted,2026-09-03T17:33:47Z
2017[Cu][nan]3[ASR]6,stage1,floor,p65,sample,2000,10000,f4_947_p65,11:16:00,2496,ac,1,submitted,2026-09-03T17:36:37Z
2017[Cu][nbo]3[ASR]4,stage1,floor,p05,sample,2000,10000,f4_948_p05,05:12:00,1152,aa,1,submitted,2026-09-03T17:36:37Z
2017[Cu][nbo]3[ASR]4,stage1,floor,p65,sample,2000,10000,f4_948_p65,05:12:00,1152,amd,1,submitted,2026-09-03T17:36:37Z
2017[Cu][pto]3[ASR]1,stage1,floor,p05,sample,2000,10000,f4_949_p05,04:26:00,984,ac,1,submitted,2026-09-03T17:39:26Z
2017[Cu][pto]3[ASR]1,stage1,floor,p65,sample,2000,10000,f4_949_p65,04:26:00,984,ac,1,submitted,2026-09-03T17:42:16Z
2017[Cu][pts]3[ASR]1,stage1,floor,p05,sample,2000,10000,f4_950_p05,25:08:00,5562,aa,1,submitted,2026-09-03T17:42:16Z
2017[Cu][pts]3[ASR]1,stage1,floor,p65,sample,2000,10000,f4_950_p65,25:08:00,5562,ac,1,submitted,2026-09-03T17:45:07Z
2017[Cu][pts]3[ASR]2,stage1,floor,p05,sample,2000,10000,f4_951_p05,08:36:00,1904,aa,1,submitted,2026-09-03T17:45:07Z
2017[Cu][pts]3[ASR]2,stage1,floor,p65,sample,2000,10000,f4_951_p65,08:36:00,1904,amd,1,submitted,2026-09-03T17:45:07Z
2017[Cu][pts]3[FSR]1,stage1,floor,p05,sample,2000,10000,f4_952_p05,09:02:00,2000,ac,1,submitted,2026-09-03T17:48:02Z
2017[Cu][pts]3[FSR]1,stage1,floor,p65,sample,2000,10000,f4_952_p65,09:02:00,2000,aa,1,submitted,2026-09-03T17:48:02Z
2017[Cu][rob]3[ASR]3,stage1,floor,p05,sample,2000,10000,f4_953_p05,14:09:00,3132,amd,1,submitted,2026-09-03T17:48:02Z
2017[Cu][rob]3[ASR]3,stage1,floor,p65,sample,2000,10000,f4_953_p65,14:09:00,3132,ac,1,submitted,2026-09-03T17:48:02Z
2017[Cu][rob]3[ASR]9,stage1,floor,p05,sample,2000,10000,f4_954_p05,09:55:00,2196,aa,1,submitted,2026-09-03T17:48:02Z
2017[Cu][rob]3[ASR]9,stage1,floor,p65,sample,2000,10000,f4_954_p65,09:55:00,2196,amd,1,submitted,2026-09-03T17:48:02Z
2017[Cu][sql]2[ASR]2,stage1,floor,p05,sample,2000,10000,f4_955_p05,14:19:00,3168,ac,1,submitted,2026-09-03T17:50:50Z
2017[Cu][sql]2[ASR]2,stage1,floor,p65,sample,2000,10000,f4_955_p65,14:19:00,3168,ac,1,submitted,2026-09-03T17:55:43Z
2017[Cu][sql]2[ASR]3,stage1,floor,p05,sample,2000,10000,f4_956_p05,13:27:00,2976,aa,1,submitted,2026-09-03T17:55:43Z
2017[Cu][sql]2[ASR]3,stage1,floor,p65,sample,2000,10000,f4_956_p65,13:27:00,2976,amd,1,submitted,2026-09-03T17:55:43Z
2017[Cu][ths]3[ASR]1,stage1,floor,p05,sample,2000,10000,f4_957_p05,05:47:00,1280,ac,1,submitted,2026-09-03T17:58:34Z
2017[Cu][ths]3[ASR]1,stage1,floor,p65,sample,2000,10000,f4_957_p65,05:47:00,1280,aa,1,submitted,2026-09-03T17:58:34Z
2017[DyCu][nan]3[ASR]1,stage1,floor,p05,sample,2000,10000,f4_958_p05,10:50:00,2400,amd,1,submitted,2026-09-03T17:58:34Z
2017[DyCu][nan]3[ASR]1,stage1,floor,p65,sample,2000,10000,f4_958_p65,10:50:00,2400,ac,1,submitted,2026-09-03T18:01:27Z
2017[Eu][dia]3[FSR]1,stage1,floor,p05,sample,2000,10000,f4_959_p05,06:56:00,1536,aa,1,submitted,2026-09-03T18:01:27Z
2017[Eu][dia]3[FSR]1,stage1,floor,p65,sample,2000,10000,f4_959_p65,06:56:00,1536,amd,1,submitted,2026-09-03T18:01:27Z
2017[Eu][mog]3[ASR]1,stage1,floor,p05,sample,2000,10000,f4_960_p05,08:56:00,1980,ac,1,submitted,2026-09-03T18:01:27Z
2017[Eu][mog]3[ASR]1,stage1,floor,p65,sample,2000,10000,f4_960_p65,08:56:00,1980,aa,1,submitted,2026-09-03T18:01:27Z
2017[Eu][mog]3[FSR]1,stage1,floor,p05,sample,2000,10000,f4_961_p05,09:45:00,2160,ac,1,submitted,2026-09-03T18:04:21Z
2017[Eu][mog]3[FSR]1,stage1,floor,p65,sample,2000,10000,f4_961_p65,09:45:00,2160,aa,1,submitted,2026-09-03T18:04:21Z
2017[Eu][nan]2[ASR]1,stage1,floor,p05,sample,2000,10000,f4_962_p05,19:05:00,4224,amd,1,submitted,2026-09-03T18:04:21Z
2017[Eu][nan]2[ASR]1,stage1,floor,p65,sample,2000,10000,f4_962_p65,19:05:00,4224,ac,1,submitted,2026-09-03T18:04:21Z
2017[Eu][nan]2[ASR]2,stage1,floor,p05,sample,2000,10000,f4_963_p05,10:24:00,2304,aa,1,submitted,2026-09-03T18:04:21Z
2017[Eu][nan]2[ASR]2,stage1,floor,p65,sample,2000,10000,f4_963_p65,10:24:00,2304,ac,1,submitted,2026-09-03T18:07:16Z
2017[Eu][nan]3[ASR]2,stage1,floor,p05,sample,2000,10000,f4_964_p05,10:29:00,2322,aa,1,submitted,2026-09-03T18:07:16Z
2017[Eu][nan]3[ASR]2,stage1,floor,p65,sample,2000,10000,f4_964_p65,10:29:00,2322,amd,1,submitted,2026-09-03T18:07:16Z
2017[Eu][nan]3[ASR]9,stage1,floor,p05,sample,2000,10000,f4_965_p05,47:26:00,10496,ac,1,submitted,2026-09-03T18:07:16Z
2017[Eu][nan]3[ASR]9,stage1,floor,p65,sample,2000,10000,f4_965_p65,47:26:00,10496,aa,1,submitted,2026-09-03T18:07:16Z
2017[FeNi][hcb]2[FSR]1,stage1,floor,p05,sample,2000,10000,f4_966_p05,15:04:00,3336,ac,1,submitted,2026-09-03T18:12:06Z
2017[FeNi][hcb]2[FSR]1,stage1,floor,p65,sample,2000,10000,f4_966_p65,15:04:00,3336,aa,1,submitted,2026-09-03T18:12:06Z
2017[Fe][kag]3[ASR]1,stage1,floor,p05,sample,2000,10000,f4_967_p05,11:42:00,2592,ac,1,submitted,2026-09-03T18:14:58Z
2017[Fe][kag]3[ASR]1,stage1,floor,p65,sample,2000,10000,f4_967_p65,11:42:00,2592,aa,1,submitted,2026-09-03T18:14:58Z
2017[Gd][kgd]2[ASR]1,stage1,floor,p05,sample,2000,10000,f4_968_p05,09:45:00,2160,amd,1,submitted,2026-09-03T18:14:58Z
2017[Gd][kgd]2[ASR]1,stage1,floor,p65,sample,2000,10000,f4_968_p65,09:45:00,2160,ac,1,submitted,2026-09-03T18:14:58Z
2017[In][nan]2[ASR]1,stage1,floor,p05,sample,2000,10000,f4_969_p05,10:44:00,2376,ac,1,submitted,2026-09-03T18:17:49Z
2017[In][nan]2[ASR]1,stage1,floor,p65,sample,2000,10000,f4_969_p65,10:44:00,2376,aa,1,submitted,2026-09-03T18:17:49Z
2017[In][nan]2[FSR]2,stage1,floor,p05,sample,2000,10000,f4_970_p05,08:08:00,1800,amd,1,submitted,2026-09-03T18:17:49Z
2017[In][nan]2[FSR]2,stage1,floor,p65,sample,2000,10000,f4_970_p65,08:08:00,1800,ac,1,submitted,2026-09-03T18:20:38Z
2017[In][pts]3[ASR]2,stage1,floor,p05,sample,2000,10000,f4_971_p05,06:52:00,1520,ac,1,submitted,2026-09-03T18:23:31Z
2017[In][pts]3[ASR]2,stage1,floor,p65,sample,2000,10000,f4_971_p65,06:52:00,1520,aa,1,submitted,2026-09-03T18:23:31Z
2017[IrHf][she]3[ASR]1,stage1,floor,p05,sample,2000,10000,f4_972_p05,03:00:00,578,amd,1,submitted,2026-09-03T18:23:31Z
2017[IrHf][she]3[ASR]1,stage1,floor,p65,sample,2000,10000,f4_972_p65,03:00:00,578,ac,1,submitted,2026-09-03T18:23:31Z
2017[La][nan]2[ASR]2,stage1,floor,p05,sample,2000,10000,f4_973_p05,06:52:00,1520,aa,1,submitted,2026-09-03T18:23:31Z
2017[La][nan]2[ASR]2,stage1,floor,p65,sample,2000,10000,f4_973_p65,06:52:00,1520,ac,1,submitted,2026-09-03T18:26:21Z
2017[La][nan]3[FSR]3,stage1,floor,p05,sample,2000,10000,f4_974_p05,11:13:00,2484,aa,1,submitted,2026-09-03T18:26:21Z
2017[La][nan]3[FSR]3,stage1,floor,p65,sample,2000,10000,f4_974_p65,11:13:00,2484,ac,1,submitted,2026-09-03T18:29:13Z
2017[Mg][nan]3[ASR]1,stage1,floor,p05,sample,2000,10000,f4_975_p05,09:58:00,2208,aa,1,submitted,2026-09-03T18:29:13Z
2017[Mg][nan]3[ASR]1,stage1,floor,p65,sample,2000,10000,f4_975_p65,09:58:00,2208,amd,1,submitted,2026-09-03T18:29:13Z
2017[Mn][hxl]2[ASR]1,stage1,floor,p05,sample,2000,10000,f4_976_p05,08:37:00,1908,ac,1,submitted,2026-09-03T18:29:13Z
2017[Mn][hxl]2[ASR]1,stage1,floor,p65,sample,2000,10000,f4_976_p65,08:37:00,1908,ac,1,submitted,2026-09-03T18:32:08Z
2017[Mn][kgm]2[ASR]1,stage1,floor,p05,sample,2000,10000,f4_977_p05,06:04:00,1344,aa,1,submitted,2026-09-03T18:32:08Z
2017[Mn][kgm]2[ASR]1,stage1,floor,p65,sample,2000,10000,f4_977_p65,06:04:00,1344,amd,1,submitted,2026-09-03T18:32:08Z
2017[Mn][nan]3[ASR]8,stage1,floor,p05,sample,2000,10000,f4_978_p05,11:38:00,2576,ac,1,submitted,2026-09-03T18:32:08Z
2017[Mn][nan]3[ASR]8,stage1,floor,p65,sample,2000,10000,f4_978_p65,11:38:00,2576,aa,1,submitted,2026-09-03T18:32:08Z
2017[Mn][sql]2[ASR]1,stage1,floor,p05,sample,2000,10000,f4_979_p05,13:30:00,2988,ac,1,submitted,2026-09-03T18:34:57Z
2017[Mn][sql]2[ASR]1,stage1,floor,p65,sample,2000,10000,f4_979_p65,13:30:00,2988,aa,1,submitted,2026-09-03T18:34:57Z
2017[Nd][kgd]2[ASR]1,stage1,floor,p05,sample,2000,10000,f4_980_p05,16:55:00,3744,ac,1,submitted,2026-09-03T18:37:50Z
2017[Nd][kgd]2[ASR]1,stage1,floor,p65,sample,2000,10000,f4_980_p65,16:55:00,3744,aa,1,submitted,2026-09-03T18:37:50Z
2017[Nd][nan]3[ASR]3,stage1,floor,p05,sample,2000,10000,f4_981_p05,14:58:00,3312,amd,1,submitted,2026-09-03T18:37:50Z
2017[Nd][nan]3[ASR]3,stage1,floor,p65,sample,2000,10000,f4_981_p65,14:58:00,3312,ac,1,submitted,2026-09-03T18:37:50Z
2017[Nd][nan]3[FSR]6,stage1,floor,p05,sample,2000,10000,f4_982_p05,11:13:00,2484,ac,1,submitted,2026-09-03T18:40:38Z
2017[Nd][nan]3[FSR]6,stage1,floor,p65,sample,2000,10000,f4_982_p65,11:13:00,2484,ac,1,submitted,2026-09-03T18:43:32Z
2017[Ni][hcb]2[FSR]1,stage1,floor,p05,sample,2000,10000,f4_983_p05,10:11:00,2256,aa,1,submitted,2026-09-03T18:43:32Z
2017[Ni][hcb]2[FSR]1,stage1,floor,p65,sample,2000,10000,f4_983_p65,10:11:00,2256,amd,1,submitted,2026-09-03T18:43:32Z
2017[Ni][sqc]3[ASR]1,stage1,floor,p05,sample,2000,10000,f4_984_p05,15:54:00,3520,ac,1,submitted,2026-09-03T18:43:32Z
2017[Ni][sqc]3[ASR]1,stage1,floor,p65,sample,2000,10000,f4_984_p65,15:54:00,3520,aa,1,submitted,2026-09-03T18:43:32Z
2017[Ni][sqc]3[ASR]2,stage1,floor,p05,sample,2000,10000,f4_985_p05,15:54:00,3520,ac,1,submitted,2026-09-03T18:46:26Z
2017[Ni][sqc]3[ASR]2,stage1,floor,p65,sample,2000,10000,f4_985_p65,15:54:00,3520,aa,1,submitted,2026-09-03T18:46:26Z
2017[Ni][sql]2[ASR]2,stage1,floor,p05,sample,2000,10000,f4_986_p05,09:16:00,2052,amd,1,submitted,2026-09-03T18:46:26Z
2017[Ni][sql]2[ASR]2,stage1,floor,p65,sample,2000,10000,f4_986_p65,09:16:00,2052,ac,1,submitted,2026-09-03T18:46:26Z
2017[Pr][mog]3[FSR]1,stage1,floor,p05,sample,2000,10000,f4_987_p05,06:30:00,1440,aa,1,submitted,2026-09-03T18:46:26Z
2017[Pr][mog]3[FSR]1,stage1,floor,p65,sample,2000,10000,f4_987_p65,06:30:00,1440,ac,1,submitted,2026-09-03T18:49:18Z
2017[Sc][nan]3[ASR]1,stage1,floor,p05,sample,2000,10000,f4_988_p05,21:24:00,4736,aa,1,submitted,2026-09-03T18:49:18Z
2017[Sc][nan]3[ASR]1,stage1,floor,p65,sample,2000,10000,f4_988_p65,21:24:00,4736,amd,1,submitted,2026-09-03T18:49:18Z
2017[TbCu][nan]3[FSR]2,stage1,floor,p05,sample,2000,10000,f4_989_p05,08:40:00,1920,ac,1,submitted,2026-09-03T18:49:18Z
2017[TbCu][nan]3[FSR]2,stage1,floor,p65,sample,2000,10000,f4_989_p65,08:40:00,1920,ac,1,submitted,2026-09-03T18:52:11Z
2017[Tb][nan]3[FSR]4,stage1,floor,p05,sample,2000,10000,f4_990_p05,17:34:00,3888,aa,1,submitted,2026-09-03T18:52:11Z
2017[Tb][nan]3[FSR]4,stage1,floor,p65,sample,2000,10000,f4_990_p65,17:34:00,3888,amd,1,submitted,2026-09-03T18:52:11Z
2017[Tm][nan]3[ASR]1,stage1,floor,p05,sample,2000,10000,f4_991_p05,04:26:00,984,ac,1,submitted,2026-09-03T18:52:11Z
2017[Tm][nan]3[ASR]1,stage1,floor,p65,sample,2000,10000,f4_991_p65,04:26:00,984,ac,1,submitted,2026-09-03T18:55:03Z
2017[U][nan]3[FSR]2,stage1,floor,p05,sample,2000,10000,f4_992_p05,05:31:00,1224,amd,1,submitted,2026-09-03T18:55:03Z
2017[U][nan]3[FSR]2,stage1,floor,p65,sample,2000,10000,f4_992_p65,05:31:00,1224,aa,1,submitted,2026-09-03T18:55:03Z
2017[ZnMnMo][sql]2[FSR]1,stage1,floor,p05,sample,2000,10000,f4_993_p05,15:40:00,3468,ac,1,submitted,2026-09-03T18:55:03Z
2017[ZnMnMo][sql]2[FSR]1,stage1,floor,p65,sample,2000,10000,f4_993_p65,15:40:00,3468,ac,1,submitted,2026-09-03T18:57:52Z
2017[ZnSi][sql]2[ASR]1,stage1,floor,p05,sample,2000,10000,f4_994_p05,10:50:00,2400,amd,1,submitted,2026-09-03T18:57:52Z
2017[ZnSi][sql]2[ASR]1,stage1,floor,p65,sample,2000,10000,f4_994_p65,10:50:00,2400,ac,1,submitted,2026-09-03T19:00:41Z
2017[Zn][dia]3[ASR]3,stage1,floor,p05,sample,2000,10000,f4_995_p05,11:16:00,2496,ac,1,submitted,2026-09-03T19:03:36Z
2017[Zn][dia]3[ASR]3,stage1,floor,p65,sample,2000,10000,f4_995_p65,11:16:00,2496,amd,1,submitted,2026-09-03T19:03:36Z
2017[Zn][dia]3[ION]1,stage1,floor,p05,sample,2000,10000,f4_996_p05,12:28:00,2760,aa,1,submitted,2026-09-03T19:03:36Z
2017[Zn][dia]3[ION]1,stage1,floor,p65,sample,2000,10000,f4_996_p65,12:28:00,2760,ac,1,submitted,2026-09-03T19:03:36Z
2017[Zn][hcb]2[ASR]3,stage1,floor,p05,sample,2000,10000,f4_997_p05,12:15:00,2712,amd,1,submitted,2026-09-03T19:03:36Z
2017[Zn][hcb]2[ASR]3,stage1,floor,p65,sample,2000,10000,f4_997_p65,12:15:00,2712,aa,1,submitted,2026-09-03T19:03:36Z
2017[Zn][hcb]2[ASR]4,stage1,floor,p05,sample,2000,10000,f4_998_p05,09:32:00,2112,amd,1,submitted,2026-09-03T19:06:27Z
2017[Zn][hcb]2[ASR]4,stage1,floor,p65,sample,2000,10000,f4_998_p65,09:32:00,2112,ac,1,submitted,2026-09-03T19:06:27Z
2017[Zn][kgd]2[ASR]1,stage1,floor,p05,sample,2000,10000,f4_999_p05,24:00:00,5312,aa,1,submitted,2026-09-03T19:06:27Z
2017[Zn][kgd]2[ASR]1,stage1,floor,p65,sample,2000,10000,f4_999_p65,24:00:00,5312,ac,1,submitted,2026-09-03T19:09:21Z
2017[Zn][nan]3[ASR]1,stage1,floor,p05,sample,2000,10000,f4_1000_p05,06:30:00,1440,aa,1,submitted,2026-09-03T19:09:21Z
2017[Zn][nan]3[ASR]1,stage1,floor,p65,sample,2000,10000,f4_1000_p65,06:30:00,1440,amd,1,submitted,2026-09-03T19:09:21Z
2017[Zn][nan]3[ASR]6,stage1,floor,p05,sample,2000,10000,f4_1001_p05,24:17:00,5376,ac,1,submitted,2026-09-03T19:09:21Z
2017[Zn][nan]3[ASR]6,stage1,floor,p65,sample,2000,10000,f4_1001_p65,24:17:00,5376,aa,1,submitted,2026-09-03T19:09:21Z
2017[Zn][nan]3[FSR]10,stage1,floor,p05,sample,2000,10000,f4_1002_p05,12:34:00,2784,ac,1,submitted,2026-09-03T19:12:14Z
2017[Zn][nan]3[FSR]10,stage1,floor,p65,sample,2000,10000,f4_1002_p65,12:34:00,2784,amd,1,submitted,2026-09-03T19:12:14Z
2017[Zn][nan]3[FSR]2,stage1,floor,p05,sample,2000,10000,f4_1003_p05,08:27:00,1872,ac,1,submitted,2026-09-03T19:17:06Z
2017[Zn][nan]3[FSR]2,stage1,floor,p65,sample,2000,10000,f4_1003_p65,08:27:00,1872,amd,1,submitted,2026-09-03T19:17:06Z
2017[Zn][nan]3[FSR]3,stage1,floor,p05,sample,2000,10000,f4_1004_p05,11:34:00,2560,aa,1,submitted,2026-09-03T19:17:06Z
2017[Zn][nan]3[FSR]3,stage1,floor,p65,sample,2000,10000,f4_1004_p65,11:34:00,2560,ac,1,submitted,2026-09-03T19:19:58Z
2017[Zn][nbo]3[ASR]2,stage1,floor,p05,sample,2000,10000,f4_1005_p05,07:22:00,1632,amd,1,submitted,2026-09-03T19:19:58Z
2017[Zn][nbo]3[ASR]2,stage1,floor,p65,sample,2000,10000,f4_1005_p65,07:22:00,1632,aa,1,submitted,2026-09-03T19:19:58Z
2017[Zn][pcu]3[ASR]10,stage1,floor,p05,sample,2000,10000,f4_1006_p05,18:26:00,4080,ac,1,submitted,2026-09-03T19:22:49Z
2017[Zn][pcu]3[ASR]10,stage1,floor,p65,sample,2000,10000,f4_1006_p65,18:26:00,4080,ac,1,submitted,2026-09-03T19:27:40Z
2017[Zn][pcu]3[ASR]14,stage1,floor,p05,sample,2000,10000,f4_1007_p05,09:28:00,2096,aa,1,submitted,2026-09-03T19:27:40Z
2017[Zn][pcu]3[ASR]14,stage1,floor,p65,sample,2000,10000,f4_1007_p65,09:28:00,2096,ac,1,submitted,2026-09-03T19:30:28Z
2017[Zn][pcu]3[ASR]19,stage1,floor,p05,sample,2000,10000,f4_1008_p05,07:48:00,1728,ac,1,submitted,2026-09-03T19:33:18Z
2017[Zn][pcu]3[ASR]19,stage1,floor,p65,sample,2000,10000,f4_1008_p65,07:48:00,1728,aa,1,submitted,2026-09-03T19:33:18Z
2017[Zn][pcu]3[FSR]6,stage1,floor,p05,sample,2000,10000,f4_1009_p05,09:02:00,2000,ac,1,submitted,2026-09-03T19:36:08Z
2017[Zn][pcu]3[FSR]6,stage1,floor,p65,sample,2000,10000,f4_1009_p65,09:02:00,2000,aa,1,submitted,2026-09-03T19:36:08Z
2017[Zn][sit]3[ASR]1,stage1,floor,p05,sample,2000,10000,f4_1010_p05,12:08:00,2688,amd,1,submitted,2026-09-03T19:36:08Z
2017[Zn][sit]3[ASR]1,stage1,floor,p65,sample,2000,10000,f4_1010_p65,12:08:00,2688,ac,1,submitted,2026-09-03T19:38:57Z
2017[Zn][sql]2[ASR]1,stage1,floor,p05,sample,2000,10000,f4_1011_p05,04:29:00,992,ac,1,submitted,2026-09-03T19:41:48Z
2017[Zn][sql]2[ASR]1,stage1,floor,p65,sample,2000,10000,f4_1011_p65,04:29:00,992,aa,1,submitted,2026-09-03T19:41:48Z
2017[Zn][sql]2[ASR]18,stage1,floor,p05,sample,2000,10000,f4_1012_p05,13:40:00,3024,amd,1,submitted,2026-09-03T19:41:48Z
2017[Zn][sql]2[ASR]18,stage1,floor,p65,sample,2000,10000,f4_1012_p65,13:40:00,3024,ac,1,submitted,2026-09-03T19:44:38Z
2017[Zn][sql]2[ASR]7,stage1,floor,p05,sample,2000,10000,f4_1013_p05,12:02:00,2664,aa,1,submitted,2026-09-03T19:44:38Z
2017[Zn][sql]2[ASR]7,stage1,floor,p65,sample,2000,10000,f4_1013_p65,12:02:00,2664,ac,1,submitted,2026-09-03T19:47:26Z
2017[Zn][sql]2[ASR]8,stage1,floor,p05,sample,2000,10000,f4_1014_p05,15:17:00,3384,aa,1,submitted,2026-09-03T19:50:17Z
2017[Zn][sql]2[ASR]8,stage1,floor,p65,sample,2000,10000,f4_1014_p65,15:17:00,3384,ac,1,submitted,2026-09-03T19:50:17Z
2017[Zn][unc]3[ASR]2,stage1,floor,p05,sample,2000,10000,f4_1015_p05,12:12:00,2700,amd,1,submitted,2026-09-03T19:50:17Z
2017[Zn][unc]3[ASR]2,stage1,floor,p65,sample,2000,10000,f4_1015_p65,12:12:00,2700,aa,1,submitted,2026-09-03T19:53:07Z
2017[Zr][csq]3[ASR]4,stage1,floor,p05,sample,2000,10000,f4_1016_p05,04:10:00,924,ac,1,submitted,2026-09-03T19:53:07Z
2017[Zr][csq]3[ASR]4,stage1,floor,p65,sample,2000,10000,f4_1016_p65,04:10:00,924,amd,1,submitted,2026-09-03T19:53:07Z
2018[Ag][hcb]2[FSR]1,stage1,floor,p05,sample,2000,10000,f4_1017_p05,16:35:00,3672,aa,1,submitted,2026-09-03T19:57:58Z
2018[Ag][hcb]2[FSR]1,stage1,floor,p65,sample,2000,10000,f4_1017_p65,16:35:00,3672,ac,1,submitted,2026-09-03T19:57:58Z
2018[Ag][sql]2[ASR]5,stage1,floor,p05,sample,2000,10000,f4_1018_p05,08:01:00,1776,aa,1,submitted,2026-09-03T20:02:47Z
2018[Ag][sql]2[ASR]5,stage1,floor,p65,sample,2000,10000,f4_1018_p65,08:01:00,1776,aa,1,submitted,2026-09-03T20:05:35Z
2018[Al][nan]3[ASR]4,stage1,floor,p05,sample,2000,10000,f4_1019_p05,08:47:00,1944,aa,1,submitted,2026-09-03T20:12:26Z
2018[Al][nan]3[ASR]4,stage1,floor,p65,sample,2000,10000,f4_1019_p65,08:47:00,1944,ac,1,submitted,2026-09-03T20:12:26Z
2018[Cd][kgd]2[ASR]3,stage1,floor,p05,sample,2000,10000,f4_1020_p05,11:16:00,2496,aa,1,submitted,2026-09-03T20:15:15Z
2018[Cd][kgd]2[ASR]3,stage1,floor,p65,sample,2000,10000,f4_1020_p65,11:16:00,2496,ac,1,submitted,2026-09-03T20:15:15Z
2018[Cd][nan]3[ASR]11,stage1,floor,p05,sample,2000,10000,f4_1021_p05,14:48:00,3276,aa,1,submitted,2026-09-03T20:18:06Z
2018[Cd][nan]3[ASR]11,stage1,floor,p65,sample,2000,10000,f4_1021_p65,14:48:00,3276,ac,1,submitted,2026-09-03T20:18:06Z
2018[Cd][nan]3[ASR]12,stage1,floor,p05,sample,2000,10000,f4_1022_p05,05:31:00,1224,amd,1,submitted,2026-09-03T20:18:06Z
2018[Cd][nan]3[ASR]12,stage1,floor,p65,sample,2000,10000,f4_1022_p65,05:31:00,1224,aa,1,submitted,2026-09-03T20:20:56Z
2018[Cd][nan]3[ASR]17,stage1,floor,p05,sample,2000,10000,f4_1023_p05,10:50:00,2400,ac,1,submitted,2026-09-03T20:20:56Z
2018[Cd][nan]3[ASR]17,stage1,floor,p65,sample,2000,10000,f4_1023_p65,10:50:00,2400,amd,1,submitted,2026-09-03T20:23:45Z
2018[Cd][nan]3[ASR]6,stage1,floor,p05,sample,2000,10000,f4_1024_p05,05:57:00,1320,aa,1,submitted,2026-09-03T20:23:45Z
2018[Cd][nan]3[ASR]6,stage1,floor,p65,sample,2000,10000,f4_1024_p65,05:57:00,1320,aa,1,submitted,2026-09-03T20:28:34Z
2018[Cd][nan]3[ASR]9,stage1,floor,p05,sample,2000,10000,f4_1025_p05,28:38:00,6336,aa,1,submitted,2026-09-03T20:33:23Z
2018[Cd][nan]3[ASR]9,stage1,floor,p65,sample,2000,10000,f4_1025_p65,28:38:00,6336,aa,1,submitted,2026-09-03T20:36:14Z
2018[Cd][pcu]3[ASR]2,stage1,floor,p05,sample,2000,10000,f4_1026_p05,08:10:00,1808,ac,1,submitted,2026-09-03T20:36:14Z
2018[Cd][pcu]3[ASR]2,stage1,floor,p65,sample,2000,10000,f4_1026_p65,08:10:00,1808,amd,1,submitted,2026-09-03T20:36:14Z
2018[Cd][sql]2[ASR]1,stage1,floor,p05,sample,2000,10000,f4_1027_p05,10:11:00,2256,aa,1,submitted,2026-09-03T20:41:03Z
2018[Cd][sql]2[ASR]1,stage1,floor,p65,sample,2000,10000,f4_1027_p65,10:11:00,2256,aa,1,submitted,2026-09-03T20:43:53Z
2018[Cd][sql]2[ASR]4,stage1,floor,p05,sample,2000,10000,f4_1028_p05,07:18:00,1616,ac,1,submitted,2026-09-03T20:43:53Z
2018[Cd][sql]2[ASR]4,stage1,floor,p65,sample,2000,10000,f4_1028_p65,07:18:00,1616,aa,1,submitted,2026-09-03T20:48:42Z
2018[Ce][nan]3[ASR]1,stage1,floor,p05,sample,2000,10000,f4_1029_p05,07:38:00,1692,aa,1,submitted,2026-09-03T20:51:30Z
2018[Ce][nan]3[ASR]1,stage1,floor,p65,sample,2000,10000,f4_1029_p65,07:38:00,1692,aa,1,submitted,2026-09-03T20:54:21Z
2018[CoAg][pts]3[ASR]1,stage1,floor,p05,sample,2000,10000,f4_1030_p05,10:33:00,2336,ac,1,submitted,2026-09-03T20:54:21Z
2018[CoAg][pts]3[ASR]1,stage1,floor,p65,sample,2000,10000,f4_1030_p65,10:33:00,2336,amd,1,submitted,2026-09-03T20:54:21Z
2018[Co][flu]3[ASR]4,stage1,floor,p05,sample,2000,10000,f4_1031_p05,06:21:00,1408,aa,1,submitted,2026-09-03T20:57:13Z
2018[Co][flu]3[ASR]4,stage1,floor,p65,sample,2000,10000,f4_1031_p65,06:21:00,1408,ac,1,submitted,2026-09-03T20:57:13Z
2018[Co][kgd]2[ASR]1,stage1,floor,p05,sample,2000,10000,f4_1032_p05,07:42:00,1704,amd,1,submitted,2026-09-03T20:57:13Z
2018[Co][kgd]2[ASR]1,stage1,floor,p65,sample,2000,10000,f4_1032_p65,07:42:00,1704,aa,1,submitted,2026-09-03T20:57:13Z
2018[Co][nan]3[ASR]13,stage1,floor,p05,sample,2000,10000,f4_1033_p05,08:53:00,1968,aa,1,submitted,2026-09-03T21:00:05Z
2018[Co][nan]3[ASR]13,stage1,floor,p65,sample,2000,10000,f4_1033_p65,08:53:00,1968,ac,1,submitted,2026-09-03T21:00:05Z
2018[Co][nan]3[ASR]5,stage1,floor,p05,sample,2000,10000,f4_1034_p05,15:37:00,3456,amd,1,submitted,2026-09-03T21:00:05Z
2018[Co][nan]3[ASR]5,stage1,floor,p65,sample,2000,10000,f4_1034_p65,15:37:00,3456,aa,1,submitted,2026-09-03T21:02:53Z
2018[Co][nan]3[ASR]9,stage1,floor,p05,sample,2000,10000,f4_1035_p05,11:42:00,2592,aa,1,submitted,2026-09-03T21:05:46Z
2018[Co][nan]3[ASR]9,stage1,floor,p65,sample,2000,10000,f4_1035_p65,11:42:00,2592,ac,1,submitted,2026-09-03T21:05:46Z
2018[Co][sql]2[ASR]1,stage1,floor,p05,sample,2000,10000,f4_1036_p05,10:11:00,2256,amd,1,submitted,2026-09-03T21:05:46Z
2018[Co][sql]2[ASR]1,stage1,floor,p65,sample,2000,10000,f4_1036_p65,10:11:00,2256,aa,1,submitted,2026-09-03T21:05:46Z
2018[Cr][tbo]3[ASR]1,stage1,floor,p05,sample,2000,10000,f4_1037_p05,05:38:00,1248,aa,1,submitted,2026-09-03T21:08:35Z
2018[Cr][tbo]3[ASR]1,stage1,floor,p65,sample,2000,10000,f4_1037_p65,05:38:00,1248,aa,1,submitted,2026-09-03T21:11:24Z
2018[Cu][kgm]2[ASR]2,stage1,floor,p05,sample,2000,10000,f4_1038_p05,09:58:00,2208,ac,1,submitted,2026-09-03T21:11:24Z
2018[Cu][kgm]2[ASR]2,stage1,floor,p65,sample,2000,10000,f4_1038_p65,09:58:00,2208,aa,1,submitted,2026-09-03T21:14:12Z
2018[Cu][nan]2[ASR]1,stage1,floor,p05,sample,2000,10000,f4_1039_p05,18:56:00,4192,ac,1,submitted,2026-09-03T21:17:02Z
2018[Cu][nan]2[ASR]1,stage1,floor,p65,sample,2000,10000,f4_1039_p65,18:56:00,4192,aa,1,submitted,2026-09-03T21:17:02Z
2018[Cu][nan]3[ASR]14,stage1,floor,p05,sample,2000,10000,f4_1040_p05,07:42:00,1704,ac,1,submitted,2026-09-03T21:20:02Z
2018[Cu][nan]3[ASR]14,stage1,floor,p65,sample,2000,10000,f4_1040_p65,07:42:00,1704,aa,1,submitted,2026-09-03T21:20:02Z
2018[Cu][nan]3[ASR]2,stage1,floor,p05,sample,2000,10000,f4_1041_p05,13:01:00,2880,amd,1,submitted,2026-09-03T21:20:02Z
2018[Cu][nan]3[ASR]2,stage1,floor,p65,sample,2000,10000,f4_1041_p65,13:01:00,2880,ac,1,submitted,2026-09-03T21:20:02Z
2018[Cu][nan]3[ASR]5,stage1,floor,p05,sample,2000,10000,f4_1042_p05,13:01:00,2880,aa,1,submitted,2026-09-03T21:20:02Z
2018[Cu][nan]3[ASR]5,stage1,floor,p65,sample,2000,10000,f4_1042_p65,13:01:00,2880,amd,1,submitted,2026-09-03T21:20:02Z
2018[Cu][sit]3[ASR]1,stage1,floor,p05,sample,2000,10000,f4_1043_p05,16:06:00,3564,ac,1,submitted,2026-09-03T21:20:02Z
2018[Cu][sit]3[ASR]1,stage1,floor,p65,sample,2000,10000,f4_1043_p65,16:06:00,3564,aa,1,submitted,2026-09-03T21:22:51Z
2018[Cu][sql]2[ASR]1,stage1,floor,p05,sample,2000,10000,f4_1044_p05,17:08:00,3792,ac,1,submitted,2026-09-03T21:22:51Z
2018[Cu][sql]2[ASR]1,stage1,floor,p65,sample,2000,10000,f4_1044_p65,17:08:00,3792,aa,1,submitted,2026-09-03T21:25:41Z
2018[Cu][ths]3[ION]2,stage1,floor,p05,sample,2000,10000,f4_1045_p05,12:26:00,2752,ac,1,submitted,2026-09-03T21:25:41Z
2018[Cu][ths]3[ION]2,stage1,floor,p65,sample,2000,10000,f4_1045_p65,12:26:00,2752,aa,1,submitted,2026-09-03T21:28:33Z
2018[Dy][kgd]2[ION]1,stage1,floor,p05,sample,2000,10000,f4_1046_p05,09:16:00,2052,ac,1,submitted,2026-09-03T21:28:33Z
2018[Dy][kgd]2[ION]1,stage1,floor,p65,sample,2000,10000,f4_1046_p65,09:16:00,2052,amd,1,submitted,2026-09-03T21:28:33Z
2018[Dy][rtl]3[FSR]1,stage1,floor,p05,sample,2000,10000,f4_1047_p05,10:50:00,2400,aa,1,submitted,2026-09-03T21:31:27Z
2018[Dy][rtl]3[FSR]1,stage1,floor,p65,sample,2000,10000,f4_1047_p65,10:50:00,2400,ac,1,submitted,2026-09-03T21:31:27Z
2018[Er][nan]3[ASR]1,stage1,floor,p05,sample,2000,10000,f4_1048_p05,07:29:00,1656,amd,1,submitted,2026-09-03T21:31:27Z
2018[Er][nan]3[ASR]1,stage1,floor,p65,sample,2000,10000,f4_1048_p65,07:29:00,1656,aa,1,submitted,2026-09-03T21:31:27Z
2018[Er][nan]3[ASR]3,stage1,floor,p05,sample,2000,10000,f4_1049_p05,63:38:00,14080,ac,1,submitted,2026-09-03T21:31:27Z
2018[Er][nan]3[ASR]3,stage1,floor,p65,sample,2000,10000,f4_1049_p65,63:38:00,14080,aa,1,submitted,2026-09-03T21:34:15Z
2018[Eu][nan]3[FSR]5,stage1,floor,p05,sample,2000,10000,f4_1050_p05,12:21:00,2736,aa,1,submitted,2026-09-03T21:39:08Z
2018[Eu][nan]3[FSR]5,stage1,floor,p65,sample,2000,10000,f4_1050_p65,12:21:00,2736,ac,1,submitted,2026-09-03T21:39:08Z
2018[Eu][nan]3[ION]1,stage1,floor,p05,sample,2000,10000,f4_1051_p05,10:57:00,2424,amd,1,submitted,2026-09-03T21:39:08Z
2018[Eu][nan]3[ION]1,stage1,floor,p65,sample,2000,10000,f4_1051_p65,10:57:00,2424,aa,1,submitted,2026-09-03T21:42:02Z
2018[Eu][sqc]3[ASR]1,stage1,floor,p05,sample,2000,10000,f4_1052_p05,09:26:00,2088,ac,1,submitted,2026-09-03T21:42:02Z
2018[Eu][sqc]3[ASR]1,stage1,floor,p65,sample,2000,10000,f4_1052_p65,09:26:00,2088,amd,1,submitted,2026-09-03T21:42:02Z
2018[Fe][sql]2[ASR]1,stage1,floor,p05,sample,2000,10000,f4_1053_p05,11:49:00,2616,aa,1,submitted,2026-09-03T21:42:02Z
2018[Fe][sql]2[ASR]1,stage1,floor,p65,sample,2000,10000,f4_1053_p65,11:49:00,2616,ac,1,submitted,2026-09-03T21:42:02Z
2018[Gd][nan]3[ASR]4,stage1,floor,p05,sample,2000,10000,f4_1054_p05,13:40:00,3024,aa,1,submitted,2026-09-03T21:44:53Z
2018[Gd][nan]3[ASR]4,stage1,floor,p65,sample,2000,10000,f4_1054_p65,13:40:00,3024,amd,1,submitted,2026-09-03T21:44:53Z
2018[Gd][rtl]3[ASR]1,stage1,floor,p05,sample,2000,10000,f4_1055_p05,10:11:00,2256,ac,1,submitted,2026-09-03T21:44:53Z
2018[Gd][rtl]3[ASR]1,stage1,floor,p65,sample,2000,10000,f4_1055_p65,10:11:00,2256,aa,1,submitted,2026-09-03T21:47:43Z
2018[Gd][sqc]3[ASR]1,stage1,floor,p05,sample,2000,10000,f4_1056_p05,09:26:00,2088,amd,1,submitted,2026-09-03T21:47:43Z
2018[Gd][sqc]3[ASR]1,stage1,floor,p65,sample,2000,10000,f4_1056_p65,09:26:00,2088,aa,1,submitted,2026-09-03T21:50:34Z
2018[La][nan]2[ION]1,stage1,floor,p05,sample,2000,10000,f4_1057_p05,16:46:00,3712,amd,1,submitted,2026-09-03T21:50:34Z
2018[La][nan]2[ION]1,stage1,floor,p65,sample,2000,10000,f4_1057_p65,16:46:00,3712,ac,1,submitted,2026-09-03T21:50:34Z
2018[La][nan]3[FSR]1,stage1,floor,p05,sample,2000,10000,f4_1058_p05,09:06:00,2016,amd,1,submitted,2026-09-03T21:53:24Z
2018[La][nan]3[FSR]1,stage1,floor,p65,sample,2000,10000,f4_1058_p65,09:06:00,2016,aa,1,submitted,2026-09-03T21:53:24Z
2018[Nd][rtl]3[ASR]1,stage1,floor,p05,sample,2000,10000,f4_1059_p05,10:11:00,2256,ac,1,submitted,2026-09-03T21:53:24Z
2018[Nd][rtl]3[ASR]1,stage1,floor,p65,sample,2000,10000,f4_1059_p65,10:11:00,2256,amd,1,submitted,2026-09-03T21:56:13Z
2018[NiCo][scu]3[ASR]1,stage1,floor,p05,sample,2000,10000,f4_1060_p05,09:52:00,2184,amd,1,submitted,2026-09-03T21:59:02Z
2018[NiCo][scu]3[ASR]1,stage1,floor,p65,sample,2000,10000,f4_1060_p65,09:52:00,2184,amd,1,submitted,2026-09-03T22:01:53Z
2018[Pr][nan]3[ASR]1,stage1,floor,p05,sample,2000,10000,f4_1061_p05,05:38:00,1248,aa,1,submitted,2026-09-03T22:01:53Z
2018[Pr][nan]3[ASR]1,stage1,floor,p65,sample,2000,10000,f4_1061_p65,05:38:00,1248,ac,1,submitted,2026-09-03T22:01:53Z
2018[Sm][rtl]3[ASR]1,stage1,floor,p05,sample,2000,10000,f4_1062_p05,10:11:00,2256,amd,1,submitted,2026-09-03T22:08:48Z
2018[Sm][rtl]3[ASR]1,stage1,floor,p65,sample,2000,10000,f4_1062_p65,10:11:00,2256,aa,1,submitted,2026-09-03T22:08:48Z
2018[Tb][bnn]3[ASR]1,stage1,floor,p05,sample,2000,10000,f4_1063_p05,08:40:00,1920,ac,1,submitted,2026-09-03T22:08:48Z
2018[Tb][bnn]3[ASR]1,stage1,floor,p65,sample,2000,10000,f4_1063_p65,08:40:00,1920,amd,1,submitted,2026-09-03T22:08:48Z
2018[Tb][flu]3[ASR]1,stage1,floor,p05,sample,2000,10000,f4_1064_p05,10:05:00,2232,aa,1,submitted,2026-09-03T22:08:48Z
2018[Tb][flu]3[ASR]1,stage1,floor,p65,sample,2000,10000,f4_1064_p65,10:05:00,2232,amd,1,submitted,2026-09-03T22:11:38Z
2018[Tb][kgd]2[ION]1,stage1,floor,p05,sample,2000,10000,f4_1065_p05,08:47:00,1944,aa,1,submitted,2026-09-03T22:11:38Z
2018[Tb][kgd]2[ION]1,stage1,floor,p65,sample,2000,10000,f4_1065_p65,08:47:00,1944,amd,1,submitted,2026-09-03T22:14:30Z
2018[Tb][nan]2[ASR]1,stage1,floor,p05,sample,2000,10000,f4_1066_p05,06:50:00,1512,aa,1,submitted,2026-09-03T22:14:30Z
2018[Tb][nan]2[ASR]1,stage1,floor,p65,sample,2000,10000,f4_1066_p65,06:50:00,1512,ac,1,submitted,2026-09-03T22:14:30Z
2018[Tb][rtl]3[FSR]1,stage1,floor,p05,sample,2000,10000,f4_1067_p05,10:50:00,2400,amd,1,submitted,2026-09-03T22:14:30Z
2018[Tb][rtl]3[FSR]1,stage1,floor,p65,sample,2000,10000,f4_1067_p65,10:50:00,2400,amd,1,submitted,2026-09-03T22:17:20Z
2018[U][nan]3[FSR]1,stage1,floor,p05,sample,2000,10000,f4_1068_p05,09:01:00,1998,aa,1,submitted,2026-09-03T22:17:20Z
2018[U][nan]3[FSR]1,stage1,floor,p65,sample,2000,10000,f4_1068_p65,09:01:00,1998,amd,1,submitted,2026-09-03T22:20:10Z
2018[U][sql]2[FSR]1,stage1,floor,p05,sample,2000,10000,f4_1069_p05,14:38:00,3240,aa,1,submitted,2026-09-03T22:20:10Z
2018[U][sql]2[FSR]1,stage1,floor,p65,sample,2000,10000,f4_1069_p65,14:38:00,3240,amd,1,submitted,2026-09-03T22:24:59Z
2018[Yb][fcu]3[ASR]1,stage1,floor,p05,sample,2000,10000,f4_1070_p05,13:25:00,2970,amd,1,submitted,2026-09-03T22:27:48Z
2018[Yb][fcu]3[ASR]1,stage1,floor,p65,sample,2000,10000,f4_1070_p65,13:25:00,2970,ac,1,submitted,2026-09-03T22:27:48Z
2018[Yb][nan]3[ASR]1,stage1,floor,p05,sample,2000,10000,f4_1071_p05,63:38:00,14080,amd,1,submitted,2026-09-03T22:30:39Z
2018[Yb][nan]3[ASR]1,stage1,floor,p65,sample,2000,10000,f4_1071_p65,63:38:00,14080,ac,1,submitted,2026-09-03T22:30:39Z
2018[ZnCd][nan]2[ASR]1,stage1,floor,p05,sample,2000,10000,f4_1072_p05,07:09:00,1584,aa,1,submitted,2026-09-03T22:30:39Z
2018[ZnCd][nan]2[ASR]1,stage1,floor,p65,sample,2000,10000,f4_1072_p65,07:09:00,1584,amd,1,submitted,2026-09-03T22:33:29Z
2018[Zn][bcu]3[ASR]1,stage1,floor,p05,sample,2000,10000,f4_1073_p05,08:14:00,1824,ac,1,submitted,2026-09-03T22:33:29Z
2018[Zn][bcu]3[ASR]1,stage1,floor,p65,sample,2000,10000,f4_1073_p65,08:14:00,1824,amd,1,submitted,2026-09-03T22:38:18Z
2018[Zn][hcb]2[ASR]1,stage1,floor,p05,sample,2000,10000,f4_1074_p05,06:13:00,1376,amd,1,submitted,2026-09-03T22:45:11Z
2018[Zn][hcb]2[ASR]1,stage1,floor,p65,sample,2000,10000,f4_1074_p65,06:13:00,1376,ac,1,submitted,2026-09-03T22:45:11Z
2018[Zn][hxl]2[FSR]1,stage1,floor,p05,sample,2000,10000,f4_1075_p05,10:57:00,2424,aa,1,submitted,2026-09-03T22:45:11Z
2018[Zn][hxl]2[FSR]1,stage1,floor,p65,sample,2000,10000,f4_1075_p65,10:57:00,2424,amd,1,submitted,2026-09-03T22:52:01Z
2018[Zn][nan]3[ASR]2,stage1,floor,p05,sample,2000,10000,f4_1076_p05,07:22:00,1632,amd,1,submitted,2026-09-03T22:54:51Z
2018[Zn][nan]3[ASR]2,stage1,floor,p65,sample,2000,10000,f4_1076_p65,07:22:00,1632,aa,1,submitted,2026-09-03T22:54:51Z
2018[Zn][sql]2[ASR]11,stage1,floor,p05,sample,2000,10000,f4_1077_p05,09:15:00,2048,amd,1,submitted,2026-09-03T22:59:42Z
2018[Zn][sql]2[ASR]11,stage1,floor,p65,sample,2000,10000,f4_1077_p65,09:15:00,2048,aa,1,submitted,2026-09-03T22:59:42Z
2018[Zn][sql]2[ASR]15,stage1,floor,p05,sample,2000,10000,f4_1078_p05,09:16:00,2052,amd,1,submitted,2026-09-03T23:06:32Z
2018[Zn][sql]2[ASR]15,stage1,floor,p65,sample,2000,10000,f4_1078_p65,09:16:00,2052,amd,1,submitted,2026-09-03T23:13:21Z
2018[Zn][sql]2[ASR]16,stage1,floor,p05,sample,2000,10000,f4_1079_p05,29:04:00,6432,amd,1,submitted,2026-09-03T23:16:11Z
2018[Zn][sql]2[ASR]16,stage1,floor,p65,sample,2000,10000,f4_1079_p65,29:04:00,6432,ac,1,submitted,2026-09-03T23:16:11Z
2018[Zn][sql]2[ASR]23,stage1,floor,p05,sample,2000,10000,f4_1080_p05,08:32:00,1888,amd,1,submitted,2026-09-03T23:18:59Z
2018[Zn][sql]2[ASR]23,stage1,floor,p65,sample,2000,10000,f4_1080_p65,08:32:00,1888,amd,1,submitted,2026-09-03T23:21:47Z
2018[Zn][sql]2[ASR]5,stage1,floor,p05,sample,2000,10000,f4_1081_p05,18:30:00,4096,amd,1,submitted,2026-09-03T23:24:36Z
2018[Zn][sql]2[ASR]5,stage1,floor,p65,sample,2000,10000,f4_1081_p65,18:30:00,4096,amd,1,submitted,2026-09-03T23:29:25Z
2018[Zn][sql]2[ASR]9,stage1,floor,p05,sample,2000,10000,f4_1082_p05,09:15:00,2048,amd,1,submitted,2026-09-03T23:32:13Z
2018[Zn][sql]2[ASR]9,stage1,floor,p65,sample,2000,10000,f4_1082_p65,09:15:00,2048,amd,1,submitted,2026-09-03T23:35:02Z
2018[Zn][sql]2[ION]1,stage1,floor,p05,sample,2000,10000,f4_1083_p05,14:09:00,3132,amd,1,submitted,2026-09-03T23:47:54Z
2018[Zn][sql]2[ION]1,stage1,floor,p65,sample,2000,10000,f4_1083_p65,14:09:00,3132,amd,1,submitted,2026-09-03T23:56:44Z
2018[Zr][nan]3[ASR]4,stage1,floor,p05,sample,2000,10000,f4_1084_p05,14:40:00,3248,amd,1,submitted,2026-09-03T23:59:32Z
2018[Zr][nan]3[ASR]4,stage1,floor,p65,sample,2000,10000,f4_1084_p65,14:40:00,3248,ac,1,submitted,2026-09-04T00:10:24Z
2018[Zr][nan]3[ASR]5,stage1,floor,p05,sample,2000,10000,f4_1085_p05,11:42:00,2592,amd,1,submitted,2026-09-04T00:27:17Z
2018[Zr][nan]3[ASR]5,stage1,floor,p65,sample,2000,10000,f4_1085_p65,11:42:00,2592,aa,1,submitted,2026-09-04T00:38:09Z
2018[Zr][pcu]3[ASR]7,stage1,floor,p05,sample,2000,10000,f4_1086_p05,08:18:00,1840,ac,1,submitted,2026-09-04T00:49:01Z
2018[Zr][pcu]3[ASR]7,stage1,floor,p65,sample,2000,10000,f4_1086_p65,08:18:00,1840,ac,1,submitted,2026-09-04T00:59:52Z
2019[Ag][nan]2[ION]3,stage1,floor,p05,sample,2000,10000,f4_1087_p05,23:25:00,5184,ac,1,submitted,2026-09-04T01:08:43Z
2019[Ag][nan]2[ION]3,stage1,floor,p65,sample,2000,10000,f4_1087_p65,23:25:00,5184,amd,1,submitted,2026-09-04T01:11:31Z
2019[Ag][nan]3[ASR]1,stage1,floor,p05,sample,2000,10000,f4_1088_p05,13:18:00,2943,amd,1,submitted,2026-09-04T02:16:41Z
2019[Ag][nan]3[ASR]1,stage1,floor,p65,sample,2000,10000,f4_1088_p65,13:18:00,2943,aa,1,submitted,2026-09-04T03:09:47Z
2019[Ag][sra]3[ION]2,stage1,floor,p05,sample,2000,10000,f4_1089_p05,17:47:00,3936,aa,1,submitted,2026-09-04T03:28:41Z
2019[Ag][sra]3[ION]2,stage1,floor,p65,sample,2000,10000,f4_1089_p65,17:47:00,3936,aa,1,submitted,2026-09-04T03:43:34Z
2019[Al][bpq]3[ASR]3,stage1,floor,p05,sample,2000,10000,f4_1090_p05,12:52:00,2850,amd,1,submitted,2026-09-04T04:42:42Z
2019[Al][bpq]3[ASR]3,stage1,floor,p65,sample,2000,10000,f4_1090_p65,12:52:00,2850,amd,1,submitted,2026-09-04T05:45:51Z
2019[Al][fon]3[ASR]2,stage1,floor,p05,sample,2000,10000,f4_1091_p05,09:24:00,2080,ac,1,submitted,2026-09-04T07:09:09Z
2019[Al][fon]3[ASR]2,stage1,floor,p65,sample,2000,10000,f4_1091_p65,09:24:00,2080,ac,1,submitted,2026-09-04T07:11:57Z
2019[Cd][ant]3[ASR]1,stage1,floor,p05,sample,2000,10000,f4_1092_p05,20:32:00,4544,ac,1,submitted,2026-09-04T07:20:49Z
2019[Cd][ant]3[ASR]1,stage1,floor,p65,sample,2000,10000,f4_1092_p65,20:32:00,4544,amd,1,submitted,2026-09-04T07:20:49Z
2019[Cd][cem]2[ASR]1,stage1,floor,p05,sample,2000,10000,f4_1093_p05,09:50:00,2176,ac,1,submitted,2026-09-04T07:29:40Z
2019[Cd][cem]2[ASR]1,stage1,floor,p65,sample,2000,10000,f4_1093_p65,09:50:00,2176,ac,1,submitted,2026-09-04T07:34:29Z
2019[Cd][cem]2[ASR]2,stage1,floor,p05,sample,2000,10000,f4_1094_p05,09:50:00,2176,ac,1,submitted,2026-09-04T07:37:17Z
2019[Cd][cem]2[ASR]2,stage1,floor,p65,sample,2000,10000,f4_1094_p65,09:50:00,2176,ac,1,submitted,2026-09-04T07:56:10Z
2019[Cd][hcb]2[ASR]4,stage1,floor,p05,sample,2000,10000,f4_1095_p05,11:57:00,2646,amd,1,submitted,2026-09-04T08:03:00Z
2019[Cd][hcb]2[ASR]4,stage1,floor,p65,sample,2000,10000,f4_1095_p65,11:57:00,2646,aa,1,submitted,2026-09-04T08:05:48Z
2019[Cd][kgd]2[ION]1,stage1,floor,p05,sample,2000,10000,f4_1096_p05,18:10:00,4023,amd,1,submitted,2026-09-04T08:10:38Z
2019[Cd][kgd]2[ION]1,stage1,floor,p65,sample,2000,10000,f4_1096_p65,18:10:00,4023,amd,1,submitted,2026-09-04T08:13:29Z
2019[Cd][nan]2[ASR]1,stage1,floor,p05,sample,2000,10000,f4_1097_p05,14:06:00,3120,aa,1,submitted,2026-09-04T08:13:29Z
2019[Cd][nan]2[ASR]1,stage1,floor,p65,sample,2000,10000,f4_1097_p65,14:06:00,3120,ac,1,submitted,2026-09-04T08:13:29Z
2019[Cd][nan]3[ASR]11,stage1,floor,p05,sample,2000,10000,f4_1098_p05,06:17:00,1392,amd,1,submitted,2026-09-04T08:16:20Z
2019[Cd][nan]3[ASR]11,stage1,floor,p65,sample,2000,10000,f4_1098_p65,06:17:00,1392,aa,1,submitted,2026-09-04T08:16:20Z
2019[Cd][nan]3[ASR]12,stage1,floor,p05,sample,2000,10000,f4_1099_p05,04:24:00,976,amd,1,submitted,2026-09-04T08:19:25Z
2019[Cd][nan]3[ASR]12,stage1,floor,p65,sample,2000,10000,f4_1099_p65,04:24:00,976,ac,1,submitted,2026-09-04T08:19:25Z
2019[Cd][nan]3[ASR]6,stage1,floor,p05,sample,2000,10000,f4_1100_p05,06:50:00,1512,aa,1,submitted,2026-09-04T08:19:25Z
2019[Cd][nan]3[ASR]6,stage1,floor,p65,sample,2000,10000,f4_1100_p65,06:50:00,1512,ac,1,submitted,2026-09-04T08:22:16Z
2019[Cd][qtz]2[ASR]1,stage1,floor,p05,sample,2000,10000,f4_1101_p05,17:12:00,3807,amd,1,submitted,2026-09-04T08:22:16Z
2019[Cd][qtz]2[ASR]1,stage1,floor,p65,sample,2000,10000,f4_1101_p65,17:12:00,3807,aa,1,submitted,2026-09-04T08:22:16Z
2019[Cd][roa]3[ASR]1,stage1,floor,p05,sample,2000,10000,f4_1102_p05,11:42:00,2592,ac,1,submitted,2026-09-04T08:25:08Z
2019[Cd][roa]3[ASR]1,stage1,floor,p65,sample,2000,10000,f4_1102_p65,11:42:00,2592,amd,1,submitted,2026-09-04T08:25:08Z
2019[Cd][rtl]3[ASR]1,stage1,floor,p05,sample,2000,10000,f4_1103_p05,06:10:00,1368,aa,1,submitted,2026-09-04T08:25:08Z
2019[Cd][rtl]3[ASR]1,stage1,floor,p65,sample,2000,10000,f4_1103_p65,06:10:00,1368,ac,1,submitted,2026-09-04T08:28:01Z
2019[Cd][sqc]3[ASR]1,stage1,floor,p05,sample,2000,10000,f4_1104_p05,11:36:00,2568,aa,1,submitted,2026-09-04T08:28:01Z
2019[Cd][sqc]3[ASR]1,stage1,floor,p65,sample,2000,10000,f4_1104_p65,11:36:00,2568,amd,1,submitted,2026-09-04T08:28:01Z
2019[Cd][sql]2[ASR]3,stage1,floor,p05,sample,2000,10000,f4_1105_p05,08:17:00,1836,ac,1,submitted,2026-09-04T08:28:01Z
2019[Cd][sql]2[ASR]3,stage1,floor,p65,sample,2000,10000,f4_1105_p65,08:17:00,1836,ac,1,submitted,2026-09-04T08:30:56Z
2019[Cd][tfz]3[ASR]2,stage1,floor,p05,sample,2000,10000,f4_1106_p05,07:45:00,1716,aa,1,submitted,2026-09-04T08:30:56Z
2019[Cd][tfz]3[ASR]2,stage1,floor,p65,sample,2000,10000,f4_1106_p65,07:45:00,1716,amd,1,submitted,2026-09-04T08:30:56Z
2019[Cd][tfz]3[ASR]3,stage1,floor,p05,sample,2000,10000,f4_1107_p05,14:19:00,3168,ac,1,submitted,2026-09-04T08:33:45Z
2019[Cd][tfz]3[ASR]3,stage1,floor,p65,sample,2000,10000,f4_1107_p65,14:19:00,3168,aa,1,submitted,2026-09-04T08:33:45Z
2019[Ce][scu]3[FSR]1,stage1,floor,p05,sample,2000,10000,f4_1108_p05,10:15:00,2268,aa,1,submitted,2026-09-04T08:36:34Z
2019[Ce][scu]3[FSR]1,stage1,floor,p65,sample,2000,10000,f4_1108_p65,10:15:00,2268,aa,1,submitted,2026-09-04T08:39:26Z
2019[Co][dag]3[ASR]1,stage1,floor,p05,sample,2000,10000,f4_1109_p05,08:32:00,1888,ac,1,submitted,2026-09-04T08:39:26Z
2019[Co][dag]3[ASR]1,stage1,floor,p65,sample,2000,10000,f4_1109_p65,08:32:00,1888,amd,1,submitted,2026-09-04T08:39:26Z
2019[Co][hcb]2[ASR]1,stage1,floor,p05,sample,2000,10000,f4_1110_p05,12:56:00,2862,aa,1,submitted,2026-09-04T08:39:26Z
2019[Co][hcb]2[ASR]1,stage1,floor,p65,sample,2000,10000,f4_1110_p65,12:56:00,2862,aa,1,submitted,2026-09-04T08:42:16Z
2019[Co][hcb]2[FSR]1,stage1,floor,p05,sample,2000,10000,f4_1111_p05,14:24:00,3186,ac,1,submitted,2026-09-04T08:42:16Z
2019[Co][hcb]2[FSR]1,stage1,floor,p65,sample,2000,10000,f4_1111_p65,14:24:00,3186,aa,1,submitted,2026-09-04T08:45:06Z
2019[Co][hex]3[ASR]1,stage1,floor,p05,sample,2000,10000,f4_1112_p05,07:44:00,1712,ac,1,submitted,2026-09-04T08:45:06Z
2019[Co][hex]3[ASR]1,stage1,floor,p65,sample,2000,10000,f4_1112_p65,07:44:00,1712,,1,submitted_reconciled,2026-09-04T08:48:12Z
2019[Co][hex]3[ASR]2,stage1,floor,p05,sample,2000,10000,f4_1113_p05,08:08:00,1800,,1,submitted_reconciled,2026-09-04T08:48:12Z
0000[Zn][ith]3[ASR]1,stage1,floor,p05,sample,2000,10000,f4_40_p05,04:30:00,996,aa,1,not_in_listing,2026-09-04T08:55:46Z
2015[Zr][spn]3[ASR]1,stage1,floor,p05,descriptor_tail,2000,10000,f4_2464_p05,03:00:00,416,ac,1,submitted,2026-09-04T08:55:46Z
0000[Zn][ith]3[ASR]1,stage1,floor,p65,sample,2000,10000,f4_40_p65,04:30:00,996,amd,1,not_in_listing,2026-09-04T08:55:46Z
2015[Zr][spn]3[ASR]1,stage1,floor,p65,descriptor_tail,2000,10000,f4_2464_p65,03:00:00,416,aa,1,submitted,2026-09-04T08:55:46Z
2010[Zn][pcu]3[FSR]3,stage1,floor,p65,sample,2000,10000,f4_322_p65,19:31:00,4320,ac,1,submitted,2026-09-04T08:55:46Z
2010[Cu][wbl]3[ASR]3,stage1,floor,p05,descriptor_tail,2000,10000,f4_2189_p05,03:36:00,800,amd,1,submitted,2026-09-04T08:55:46Z
2010[Zn][srs]3[ASR]2,stage1,floor,p05,sample,2000,10000,f4_324_p05,05:51:00,1296,aa,1,submitted,2026-09-04T08:55:46Z
2010[Cu][wbl]3[ASR]3,stage1,floor,p65,descriptor_tail,2000,10000,f4_2189_p65,03:36:00,800,ac,1,submitted,2026-09-04T08:55:46Z
2010[Zn][srs]3[ASR]3,stage1,floor,p65,sample,2000,10000,f4_325_p65,05:51:00,1296,amd,1,submitted,2026-09-04T08:55:46Z
2007[Cu][tbo]3[ASR]2,stage1,floor,p05,descriptor_tail,2000,10000,f4_2131_p05,03:00:00,428,aa,1,submitted,2026-09-04T08:55:46Z
2011[Ag][nan]3[ASR]4,stage1,floor,p05,sample,2000,10000,f4_327_p05,13:40:00,3024,ac,1,submitted,2026-09-04T08:55:46Z
2007[Cu][tbo]3[ASR]2,stage1,floor,p65,descriptor_tail,2000,10000,f4_2131_p65,03:00:00,428,amd,1,submitted,2026-09-04T08:55:46Z
2011[Cd][dmp]3[ION]1,stage1,floor,p65,sample,2000,10000,f4_328_p65,29:04:00,6432,aa,1,submitted,2026-09-04T08:55:46Z
2002[Zn][pcu]3[ASR]4,stage1,floor,p05,descriptor_tail,2000,10000,f4_2101_p05,04:05:00,904,ac,1,submitted,2026-09-04T08:55:46Z
2011[Cd][nan]3[FSR]1,stage1,floor,p05,sample,2000,10000,f4_330_p05,22:16:00,4928,amd,1,submitted,2026-09-04T08:55:46Z
2002[Zn][pcu]3[ASR]4,stage1,floor,p65,descriptor_tail,2000,10000,f4_2101_p65,04:05:00,904,aa,1,submitted,2026-09-04T08:55:46Z
2011[Cd][scu]3[ASR]1,stage1,floor,p65,sample,2000,10000,f4_331_p65,08:47:00,1944,ac,1,submitted,2026-09-04T08:55:46Z
2016[In][nan]3[ASR]2,stage1,floor,p05,descriptor_tail,2000,10000,f4_2525_p05,07:22:00,1632,amd,1,submitted,2026-09-04T08:55:46Z
2011[Cd][zzz]3[ASR]1,stage1,floor,p05,sample,2000,10000,f4_333_p05,03:18:00,732,aa,1,submitted,2026-09-04T08:55:46Z
2016[In][nan]3[ASR]2,stage1,floor,p65,descriptor_tail,2000,10000,f4_2525_p65,07:22:00,1632,ac,1,submitted,2026-09-04T08:55:46Z
2011[CeCu][stp]3[ASR]1,stage1,floor,p65,sample,2000,10000,f4_334_p65,14:28:00,3204,amd,1,submitted,2026-09-04T08:55:46Z
2007[Cu][tbo]3[ASR]1,stage1,floor,p05,descriptor_tail,2000,10000,f4_2130_p05,03:00:00,372,aa,1,submitted,2026-09-04T08:55:46Z
2011[Ce][nan]3[ASR]1,stage1,floor,p05,sample,2000,10000,f4_335_p05,11:42:00,2592,ac,1,submitted,2026-09-04T08:55:46Z
2007[Cu][tbo]3[ASR]1,stage1,floor,p65,descriptor_tail,2000,10000,f4_2130_p65,03:00:00,372,amd,1,submitted,2026-09-04T08:55:46Z
2011[Co][dia]3[ASR]4,stage1,floor,p65,sample,2000,10000,f4_336_p65,09:34:00,2120,aa,1,submitted,2026-09-04T08:55:46Z
2012[Cu][nts]3[ASR]2,stage1,floor,p05,descriptor_tail,2000,10000,f4_2234_p05,05:14:00,1160,ac,1,submitted,2026-09-04T08:55:46Z
2011[Co][mok]3[ASR]1,stage1,floor,p05,sample,2000,10000,f4_338_p05,08:49:00,1952,amd,1,submitted,2026-09-04T08:55:46Z
2012[Cu][nts]3[ASR]2,stage1,floor,p65,descriptor_tail,2000,10000,f4_2234_p65,05:14:00,1160,aa,1,submitted,2026-09-04T08:55:46Z
2011[Co][nan]3[ASR]10,stage1,floor,p05,sample,2000,10000,f4_339_p05,19:05:00,4224,ac,1,submitted,2026-09-04T08:55:46Z
2012[Cu][wbl]3[ASR]1,stage1,floor,p05,descriptor_tail,2000,10000,f4_2250_p05,12:34:00,2784,amd,1,submitted,2026-09-04T08:55:46Z
2011[Co][nan]3[ASR]8,stage1,floor,p65,sample,2000,10000,f4_340_p65,20:10:00,4464,aa,1,submitted,2026-09-04T08:55:46Z
2012[Cu][wbl]3[ASR]1,stage1,floor,p65,descriptor_tail,2000,10000,f4_2250_p65,12:34:00,2784,ac,1,submitted,2026-09-04T08:55:46Z
2011[Co][nan]3[FSR]11,stage1,floor,p05,sample,2000,10000,f4_341_p05,11:42:00,2592,amd,1,submitted,2026-09-04T08:55:46Z
2018[U][tbo]3[ASR]1,stage1,floor,p05,descriptor_tail,2000,10000,f4_2672_p05,12:00:00,2656,aa,1,submitted,2026-09-04T08:55:46Z
2011[Co][rtl]3[ASR]3,stage1,floor,p65,sample,2000,10000,f4_342_p65,06:10:00,1368,ac,1,submitted,2026-09-04T08:55:46Z
2018[U][tbo]3[ASR]1,stage1,floor,p65,descriptor_tail,2000,10000,f4_2672_p65,12:00:00,2656,amd,1,submitted,2026-09-04T08:55:46Z
2011[CuNd][stp]3[ASR]1,stage1,floor,p65,sample,2000,10000,f4_343_p65,14:28:00,3204,aa,1,submitted,2026-09-04T08:55:46Z
2015[Zr][csq]3[ASR]1,stage1,floor,p05,descriptor_tail,2000,10000,f4_2457_p05,05:28:00,1212,ac,1,submitted,2026-09-04T08:55:46Z
2011[Cu][bcu]3[ASR]1,stage1,floor,p05,sample,2000,10000,f4_345_p05,08:01:00,1776,amd,1,submitted,2026-09-04T08:55:46Z
2015[Zr][csq]3[ASR]1,stage1,floor,p65,descriptor_tail,2000,10000,f4_2457_p65,05:28:00,1212,aa,1,submitted,2026-09-04T08:55:46Z
2011[Cu][bcu]3[ASR]1,stage1,floor,p65,sample,2000,10000,f4_345_p65,08:01:00,1776,ac,1,submitted,2026-09-04T08:55:46Z
2013[Zn][nan]3[ASR]9,stage1,floor,p05,descriptor_tail,2000,10000,f4_2321_p05,10:44:00,2376,amd,1,submitted,2026-09-04T08:55:46Z
2011[Cu][dia]3[ASR]1,stage1,floor,p65,sample,2000,10000,f4_346_p65,12:56:00,2862,aa,1,submitted,2026-09-04T08:55:46Z
2013[Zn][nan]3[ASR]9,stage1,floor,p65,descriptor_tail,2000,10000,f4_2321_p65,10:44:00,2376,ac,1,submitted,2026-09-04T08:55:46Z
2011[Cu][nan]3[ASR]4,stage1,floor,p05,sample,2000,10000,f4_348_p05,13:01:00,2880,amd,1,submitted,2026-09-04T08:55:46Z
2021[Cu][nbo]3[ASR]2,stage1,floor,p05,descriptor_tail,2000,10000,f4_2819_p05,07:48:00,1728,aa,1,submitted,2026-09-04T08:55:46Z
2011[Cu][nan]3[ASR]6,stage1,floor,p65,sample,2000,10000,f4_349_p65,08:40:00,1920,ac,1,submitted,2026-09-04T08:55:46Z
2021[Cu][nbo]3[ASR]2,stage1,floor,p65,descriptor_tail,2000,10000,f4_2819_p65,07:48:00,1728,amd,1,submitted,2026-09-04T08:55:46Z
2011[Cu][nan]3[ASR]7,stage1,floor,p05,sample,2000,10000,f4_350_p05,13:01:00,2880,aa,1,submitted,2026-09-04T08:55:46Z
2016[Mg][stp]3[ASR]2,stage1,floor,p05,descriptor_tail,2000,10000,f4_2530_p05,03:00:00,532,ac,1,submitted,2026-09-04T08:55:46Z
2011[Cu][nts]3[ASR]1,stage1,floor,p65,sample,2000,10000,f4_351_p65,19:57:00,4416,amd,1,submitted,2026-09-04T08:55:46Z
2016[Mg][stp]3[ASR]2,stage1,floor,p65,descriptor_tail,2000,10000,f4_2530_p65,03:00:00,532,aa,1,submitted,2026-09-04T08:55:46Z
2011[Cu][pto]3[ASR]1,stage1,floor,p65,sample,2000,10000,f4_352_p65,03:00:00,396,ac,1,submitted,2026-09-04T08:55:46Z
2016[Mg][stp]3[ASR]1,stage1,floor,p05,descriptor_tail,2000,10000,f4_2529_p05,03:00:00,532,amd,1,submitted,2026-09-04T08:55:46Z
2011[Cu][pts]3[ASR]3,stage1,floor,p05,sample,2000,10000,f4_353_p05,08:05:00,1792,aa,1,submitted,2026-09-04T08:55:46Z
2016[Mg][stp]3[ASR]1,stage1,floor,p65,descriptor_tail,2000,10000,f4_2529_p65,03:00:00,532,ac,1,submitted,2026-09-04T08:55:46Z
2011[Er][bnn]3[ASR]1,stage1,floor,p65,sample,2000,10000,f4_354_p65,09:45:00,2160,amd,1,submitted,2026-09-04T08:55:46Z
2020[Cu][nbo]3[ASR]2,stage1,floor,p05,descriptor_tail,2000,10000,f4_2767_p05,07:48:00,1728,aa,1,submitted,2026-09-04T08:55:46Z
2011[Er][ecu]3[ASR]2,stage1,floor,p65,sample,2000,10000,f4_355_p65,07:22:00,1632,ac,1,submitted,2026-09-04T08:55:46Z
2020[Cu][nbo]3[ASR]2,stage1,floor,p65,descriptor_tail,2000,10000,f4_2767_p65,07:48:00,1728,amd,1,submitted,2026-09-04T08:55:46Z
2011[EuCo][nan]3[ION]1,stage1,floor,p05,sample,2000,10000,f4_357_p05,17:05:00,3780,aa,1,submitted,2026-09-04T08:55:46Z
2020[Cu][nbo]3[ASR]3,stage1,floor,p05,descriptor_tail,2000,10000,f4_2768_p05,07:48:00,1728,ac,1,submitted,2026-09-04T08:55:46Z
2011[Eu][cds]3[FSR]1,stage1,floor,p05,sample,2000,10000,f4_358_p05,12:21:00,2736,amd,1,submitted,2026-09-04T08:55:46Z
2020[Cu][nbo]3[ASR]3,stage1,floor,p65,descriptor_tail,2000,10000,f4_2768_p65,07:48:00,1728,aa,1,submitted,2026-09-04T08:55:46Z
2011[Eu][flu]3[ASR]1,stage1,floor,p65,sample,2000,10000,f4_359_p65,07:19:00,1620,ac,1,submitted,2026-09-04T08:55:46Z
2020[Ni][nbo]3[ASR]1,stage1,floor,p05,descriptor_tail,2000,10000,f4_2790_p05,07:48:00,1728,amd,1,submitted,2026-09-04T08:55:46Z
2011[FeAg][nan]3[ION]1,stage1,floor,p65,sample,2000,10000,f4_361_p65,20:06:00,4448,aa,1,submitted,2026-09-04T08:55:46Z
2020[Ni][nbo]3[ASR]1,stage1,floor,p65,descriptor_tail,2000,10000,f4_2790_p65,07:48:00,1728,ac,1,submitted,2026-09-04T08:55:46Z
2011[Gd][llj]3[ION]1,stage1,floor,p05,sample,2000,10000,f4_363_p05,10:29:00,2320,amd,1,submitted,2026-09-04T08:55:46Z
0000[Fe][nbo]3[ASR]1,stage1,floor,p05,descriptor_tail,2000,10000,f4_2078_p05,07:48:00,1728,aa,1,submitted,2026-09-04T08:55:46Z
2011[Gd][sra]3[ASR]1,stage1,floor,p05,sample,2000,10000,f4_365_p05,11:03:00,2448,ac,1,submitted,2026-09-04T08:55:46Z
0000[Fe][nbo]3[ASR]1,stage1,floor,p65,descriptor_tail,2000,10000,f4_2078_p65,07:48:00,1728,amd,1,submitted,2026-09-04T08:55:46Z
2011[HoCu][stp]3[ASR]2,stage1,floor,p05,sample,2000,10000,f4_366_p05,14:28:00,3204,aa,1,submitted,2026-09-04T08:55:46Z
2020[Cu][nbo]3[ASR]4,stage1,floor,p05,descriptor_tail,2000,10000,f4_2769_p05,07:48:00,1728,ac,1,submitted,2026-09-04T08:55:46Z
2011[La][cds]3[FSR]1,stage1,floor,p65,sample,2000,10000,f4_367_p65,12:21:00,2736,amd,1,submitted,2026-09-04T08:55:46Z
2020[Cu][nbo]3[ASR]4,stage1,floor,p65,descriptor_tail,2000,10000,f4_2769_p65,07:48:00,1728,aa,1,submitted,2026-09-04T08:55:46Z
2011[La][nan]3[ASR]2,stage1,floor,p65,sample,2000,10000,f4_368_p65,04:37:00,1024,ac,1,submitted,2026-09-04T08:55:46Z
2015[Zr][ftw]3[ASR]3,stage1,floor,p05,descriptor_tail,2000,10000,f4_2462_p05,03:00:00,420,amd,1,submitted,2026-09-04T08:55:46Z
2011[La][nan]3[FSR]1,stage1,floor,p65,sample,2000,10000,f4_369_p65,14:38:00,3240,aa,1,submitted,2026-09-04T08:55:46Z
2015[Zr][ftw]3[ASR]3,stage1,floor,p65,descriptor_tail,2000,10000,f4_2462_p65,03:00:00,420,ac,1,submitted,2026-09-04T08:55:46Z
2011[Mn][gra]3[ASR]1,stage1,floor,p65,sample,2000,10000,f4_371_p65,07:22:00,1632,amd,1,submitted,2026-09-04T08:55:46Z
2020[Co][nbo]3[ASR]2,stage1,floor,p05,descriptor_tail,2000,10000,f4_2762_p05,07:48:00,1728,aa,1,submitted,2026-09-04T08:55:46Z
2011[Nd][mog]3[FSR]1,stage1,floor,p05,sample,2000,10000,f4_374_p05,09:45:00,2160,ac,1,submitted,2026-09-04T08:55:46Z
2020[Co][nbo]3[ASR]2,stage1,floor,p65,descriptor_tail,2000,10000,f4_2762_p65,07:48:00,1728,amd,1,submitted,2026-09-04T08:55:46Z
2011[Nd][nan]3[FSR]1,stage1,floor,p65,sample,2000,10000,f4_375_p65,14:38:00,3240,aa,1,submitted,2026-09-04T08:55:46Z
2020[Mn][nbo]3[ASR]1,stage1,floor,p05,descriptor_tail,2000,10000,f4_2787_p05,07:48:00,1728,ac,1,submitted,2026-09-04T08:55:46Z
2011[Nd][rob]3[ASR]3,stage1,floor,p65,sample,2000,10000,f4_376_p65,08:53:00,1968,amd,1,submitted,2026-09-04T08:55:46Z
2020[Mn][nbo]3[ASR]1,stage1,floor,p65,descriptor_tail,2000,10000,f4_2787_p65,07:48:00,1728,aa,1,submitted,2026-09-04T08:55:46Z
2011[Sc][nan]3[ASR]7,stage1,floor,p05,sample,2000,10000,f4_378_p05,10:50:00,2400,ac,1,submitted,2026-09-04T08:55:46Z
2017[Zn][muo]3[ASR]1,stage1,floor,p05,descriptor_tail,2000,10000,f4_2605_p05,04:49:00,1068,amd,1,submitted,2026-09-04T08:55:46Z
2011[Sm][flu]3[ASR]1,stage1,floor,p05,sample,2000,10000,f4_379_p05,07:19:00,1620,aa,1,submitted,2026-09-04T08:55:46Z
2017[Zn][muo]3[ASR]1,stage1,floor,p65,descriptor_tail,2000,10000,f4_2605_p65,04:49:00,1068,ac,1,submitted,2026-09-04T08:55:46Z
2011[Tb][nan]3[FSR]2,stage1,floor,p65,sample,2000,10000,f4_380_p65,06:47:00,1504,amd,1,submitted,2026-09-04T08:55:46Z
2020[Zn][nbo]3[ASR]3,stage1,floor,p05,descriptor_tail,2000,10000,f4_2799_p05,07:48:00,1728,aa,1,submitted,2026-09-04T08:55:46Z
2011[U][mab]3[ION]1,stage1,floor,p05,sample,2000,10000,f4_382_p05,10:57:00,2424,ac,1,submitted,2026-09-04T08:55:46Z
2020[Zn][nbo]3[ASR]3,stage1,floor,p65,descriptor_tail,2000,10000,f4_2799_p65,07:48:00,1728,amd,1,submitted,2026-09-04T08:55:46Z
2011[U][nan]3[FSR]1,stage1,floor,p65,sample,2000,10000,f4_383_p65,10:37:00,2352,aa,1,submitted,2026-09-04T08:55:46Z
2016[Zr][csq]3[ASR]1,stage1,floor,p05,descriptor_tail,2000,10000,f4_2551_p05,04:56:00,1092,ac,1,submitted,2026-09-04T08:55:46Z
2011[V][bpq]3[ASR]2,stage1,floor,p65,sample,2000,10000,f4_384_p65,05:12:00,1152,amd,1,submitted,2026-09-04T08:55:46Z
2016[Zr][csq]3[ASR]1,stage1,floor,p65,descriptor_tail,2000,10000,f4_2551_p65,04:56:00,1092,aa,1,submitted,2026-09-04T08:55:46Z
2011[V][bpq]3[ASR]4,stage1,floor,p05,sample,2000,10000,f4_385_p05,05:12:00,1152,ac,1,submitted,2026-09-04T08:55:46Z
2016[Cu][nbo]3[ASR]6,stage1,floor,p05,descriptor_tail,2000,10000,f4_2511_p05,07:48:00,1728,amd,1,submitted,2026-09-04T08:55:46Z
2011[V][bpq]3[ASR]8,stage1,floor,p05,sample,2000,10000,f4_386_p05,05:12:00,1152,aa,1,submitted,2026-09-04T08:55:46Z
2016[Cu][nbo]3[ASR]6,stage1,floor,p65,descriptor_tail,2000,10000,f4_2511_p65,07:48:00,1728,ac,1,submitted,2026-09-04T08:55:46Z
2011[V][ths]3[ASR]1,stage1,floor,p65,sample,2000,10000,f4_387_p65,06:30:00,1440,amd,1,submitted,2026-09-04T08:55:46Z
2019[In][stp]3[ASR]1,stage1,floor,p05,descriptor_tail,2000,10000,f4_2723_p05,03:00:00,550,aa,1,submitted,2026-09-04T08:55:46Z
2011[Yb][nan]3[ASR]1,stage1,floor,p05,sample,2000,10000,f4_388_p05,08:47:00,1944,ac,1,submitted,2026-09-04T08:55:46Z
2019[In][stp]3[ASR]1,stage1,floor,p65,descriptor_tail,2000,10000,f4_2723_p65,03:00:00,550,amd,1,submitted,2026-09-04T08:55:46Z
2011[Zn][acs]3[ASR]1,stage1,floor,p05,sample,2000,10000,f4_389_p05,06:21:00,1408,aa,1,submitted,2026-09-04T08:55:46Z
2012[Cu][ntt]3[ASR]1,stage1,floor,p05,descriptor_tail,2000,10000,f4_2236_p05,03:56:00,872,ac,1,submitted,2026-09-04T08:55:46Z
2011[Zn][acs]3[ASR]1,stage1,floor,p65,sample,2000,10000,f4_389_p65,06:21:00,1408,amd,1,submitted,2026-09-04T08:55:46Z
2012[Cu][ntt]3[ASR]1,stage1,floor,p65,descriptor_tail,2000,10000,f4_2236_p65,03:56:00,872,aa,1,submitted,2026-09-04T08:55:46Z
2011[Zn][dmp]3[ASR]3,stage1,floor,p05,sample,2000,10000,f4_391_p05,09:06:00,2016,ac,1,submitted,2026-09-04T08:55:46Z
2019[Fe][stp]3[ASR]1,stage1,floor,p05,descriptor_tail,2000,10000,f4_2719_p05,03:00:00,550,amd,1,submitted,2026-09-04T08:55:46Z
2011[Zn][dmp]3[ASR]3,stage1,floor,p65,sample,2000,10000,f4_391_p65,09:06:00,2016,aa,1,submitted,2026-09-04T08:55:46Z
2019[Fe][stp]3[ASR]1,stage1,floor,p65,descriptor_tail,2000,10000,f4_2719_p65,03:00:00,550,ac,1,submitted,2026-09-04T08:55:46Z
2011[Zn][gra]3[ASR]1,stage1,floor,p65,sample,2000,10000,f4_392_p65,07:22:00,1632,amd,1,submitted,2026-09-04T08:55:46Z
2023[Zr][nbo]3[ASR]1,stage1,floor,p05,descriptor_tail,2000,10000,f4_2916_p05,04:49:00,1068,aa,1,submitted,2026-09-04T08:55:46Z
2011[Zn][hcb]2[FSR]1,stage1,floor,p65,sample,2000,10000,f4_393_p65,10:40:00,2360,ac,1,submitted,2026-09-04T08:55:46Z
2023[Zr][nbo]3[ASR]1,stage1,floor,p65,descriptor_tail,2000,10000,f4_2916_p65,04:49:00,1068,amd,1,submitted,2026-09-04T08:55:46Z
