# UNATTESTED. Post-seal read-only pull from bnode0 2026-09-02T12:0xZ. Outside the sealed 16/16 attestation; nothing attests these bytes are unchanged since the campaign. Workspace data postdates the filed REPORT.md, so row counts DO NOT match filed totals -- see the filed_total / count_matches_filed columns. Skip this line when parsing.
rep,arm,parent,child,parent_wc,parent_sd,child_wc,child_sd,delta,parent_fidelity,child_fidelity,source_file,source_sha256,pulled_at,attestation,workspace_mtime,filed_total,count_matches_filed
rep02,ungated,2015[Zn][pcu]3[ASR]9,2015[Zn][pcu]3[ASR]9__1of2,83.308,3.068,192.634,1.536,+109.326,3000 prod,10000 prod,"ws/rep02/tables/{mod_rank,t1_wc}.csv",67d64b40bc9a35cf…,2026-09-02T12:0xZ,none - post-seal pull,2026-09-02 02:13,250 paired parents (REPORT.md 2026-09-01 05:32),NO - 389 here; workspace postdates the report by 20h41m
rep02,ungated,1999[Ag][ths]3[ASR]1,1999[Ag][ths]3[ASR]1__1of2,74.336,5.377,191.515,1.061,+117.179,3000 prod,10000 prod,"ws/rep02/tables/{mod_rank,t1_wc}.csv",67d64b40bc9a35cf…,2026-09-02T12:0xZ,none - post-seal pull,2026-09-02 02:13,250 paired parents (REPORT.md 2026-09-01 05:32),NO - 389 here; workspace postdates the report by 20h41m
rep02,ungated,2019[Ni][dia]3[ASR]2,2019[Ni][dia]3[ASR]2__1of2,74.864,1.233,186.784,3.542,+111.920,3000 prod,3000 prod,"ws/rep02/tables/{mod_rank,t1_wc}.csv",67d64b40bc9a35cf…,2026-09-02T12:0xZ,none - post-seal pull,2026-09-02 02:13,250 paired parents (REPORT.md 2026-09-01 05:32),NO - 389 here; workspace postdates the report by 20h41m
rep02,ungated,2004[Cu][dia]3[ASR]1,2004[Cu][dia]3[ASR]1__1of2,91.79,2.725,178.569,2.673,+86.779,3000 prod,3000 prod,"ws/rep02/tables/{mod_rank,t1_wc}.csv",67d64b40bc9a35cf…,2026-09-02T12:0xZ,none - post-seal pull,2026-09-02 02:13,250 paired parents (REPORT.md 2026-09-01 05:32),NO - 389 here; workspace postdates the report by 20h41m
rep02,ungated,2019[Zn][utp]3[ASR]2,2019[Zn][utp]3[ASR]2__1of2,94.201,3.988,193.834,1.705,+99.633,3000 prod,10000 prod,"ws/rep02/tables/{mod_rank,t1_wc}.csv",67d64b40bc9a35cf…,2026-09-02T12:0xZ,none - post-seal pull,2026-09-02 02:13,250 paired parents (REPORT.md 2026-09-01 05:32),NO - 389 here; workspace postdates the report by 20h41m
rep02,ungated,2018[In][dia]3[ASR]2,2018[In][dia]3[ASR]2__1of3,28.218,3.094,190.854,4.506,+162.636,3000 prod,3000 prod,"ws/rep02/tables/{mod_rank,t1_wc}.csv",67d64b40bc9a35cf…,2026-09-02T12:0xZ,none - post-seal pull,2026-09-02 02:13,250 paired parents (REPORT.md 2026-09-01 05:32),NO - 389 here; workspace postdates the report by 20h41m
rep02,ungated,2017[Zn][pcu]3[ASR]14,2017[Zn][pcu]3[ASR]14__1of2,77.18,3.122,170.391,3.507,+93.211,3000 prod,3000 prod,"ws/rep02/tables/{mod_rank,t1_wc}.csv",67d64b40bc9a35cf…,2026-09-02T12:0xZ,none - post-seal pull,2026-09-02 02:13,250 paired parents (REPORT.md 2026-09-01 05:32),NO - 389 here; workspace postdates the report by 20h41m
rep02,ungated,1997[Cu][dia]3[ASR]1,1997[Cu][dia]3[ASR]1__1of3,0.487,0.243,189.323,2.631,+188.836,3000 prod,10000 prod,"ws/rep02/tables/{mod_rank,t1_wc}.csv",67d64b40bc9a35cf…,2026-09-02T12:0xZ,none - post-seal pull,2026-09-02 02:13,250 paired parents (REPORT.md 2026-09-01 05:32),NO - 389 here; workspace postdates the report by 20h41m
rep02,ungated,2002[Cu][dia]3[ASR]1,2002[Cu][dia]3[ASR]1__1of2,93.315,3.398,189.203,1.543,+95.888,3000 prod,10000 prod,"ws/rep02/tables/{mod_rank,t1_wc}.csv",67d64b40bc9a35cf…,2026-09-02T12:0xZ,none - post-seal pull,2026-09-02 02:13,250 paired parents (REPORT.md 2026-09-01 05:32),NO - 389 here; workspace postdates the report by 20h41m
rep02,ungated,2015[Cd][bto]3[ASR]1,2015[Cd][bto]3[ASR]1__1of2,105.789,3.336,199.624,0.726,+93.835,3000 prod,50000 prod,"ws/rep02/tables/{mod_rank,t1_wc}.csv",67d64b40bc9a35cf…,2026-09-02T12:0xZ,none - post-seal pull,2026-09-02 02:13,250 paired parents (REPORT.md 2026-09-01 05:32),NO - 389 here; workspace postdates the report by 20h41m
rep02,ungated,2009[Zn][pcu]3[ASR]3,2009[Zn][pcu]3[ASR]3__1of2,70.607,3.125,195.14,0.868,+124.533,3000 prod,10000 prod,"ws/rep02/tables/{mod_rank,t1_wc}.csv",67d64b40bc9a35cf…,2026-09-02T12:0xZ,none - post-seal pull,2026-09-02 02:13,250 paired parents (REPORT.md 2026-09-01 05:32),NO - 389 here; workspace postdates the report by 20h41m
rep02,ungated,2007[InAg][ths]3[ASR]1,2007[InAg][ths]3[ASR]1__1of2,86.29,2.885,184.952,2.102,+98.662,3000 prod,3000 prod,"ws/rep02/tables/{mod_rank,t1_wc}.csv",67d64b40bc9a35cf…,2026-09-02T12:0xZ,none - post-seal pull,2026-09-02 02:13,250 paired parents (REPORT.md 2026-09-01 05:32),NO - 389 here; workspace postdates the report by 20h41m
rep02,ungated,2015[Zn][dia]3[FSR]7,2015[Zn][dia]3[FSR]7__1of2,109.353,4.813,201.411,1.381,+92.058,3000 prod,10000 prod,"ws/rep02/tables/{mod_rank,t1_wc}.csv",67d64b40bc9a35cf…,2026-09-02T12:0xZ,none - post-seal pull,2026-09-02 02:13,250 paired parents (REPORT.md 2026-09-01 05:32),NO - 389 here; workspace postdates the report by 20h41m
rep02,ungated,2011[Zn][pcu]3[FSR]19,2011[Zn][pcu]3[FSR]19__1of2,59.329,3.617,192.746,1.349,+133.417,3000 prod,10000 prod,"ws/rep02/tables/{mod_rank,t1_wc}.csv",67d64b40bc9a35cf…,2026-09-02T12:0xZ,none - post-seal pull,2026-09-02 02:13,250 paired parents (REPORT.md 2026-09-01 05:32),NO - 389 here; workspace postdates the report by 20h41m
rep02,ungated,2016[InCo][pts]3[ASR]1,2016[InCo][pts]3[ASR]1__1of2,81.028,2.246,200.209,0.743,+119.181,3000 prod,50000 prod,"ws/rep02/tables/{mod_rank,t1_wc}.csv",67d64b40bc9a35cf…,2026-09-02T12:0xZ,none - post-seal pull,2026-09-02 02:13,250 paired parents (REPORT.md 2026-09-01 05:32),NO - 389 here; workspace postdates the report by 20h41m
rep02,ungated,2021[Zn][dia]3[ASR]2,2021[Zn][dia]3[ASR]2__1of2,133.012,4.524,150.849,4.056,+17.837,3000 prod,3000 prod,"ws/rep02/tables/{mod_rank,t1_wc}.csv",67d64b40bc9a35cf…,2026-09-02T12:0xZ,none - post-seal pull,2026-09-02 02:13,250 paired parents (REPORT.md 2026-09-01 05:32),NO - 389 here; workspace postdates the report by 20h41m
rep02,ungated,2015[Zn][srs]3[ASR]1,2015[Zn][srs]3[ASR]1__1of2,70.185,2.165,183.028,1.584,+112.843,3000 prod,3000 prod,"ws/rep02/tables/{mod_rank,t1_wc}.csv",67d64b40bc9a35cf…,2026-09-02T12:0xZ,none - post-seal pull,2026-09-02 02:13,250 paired parents (REPORT.md 2026-09-01 05:32),NO - 389 here; workspace postdates the report by 20h41m
rep02,ungated,2012[In][dia]3[ASR]4,2012[In][dia]3[ASR]4__1of2,102.662,3.419,204.268,0.547,+101.606,3000 prod,50000 prod,"ws/rep02/tables/{mod_rank,t1_wc}.csv",67d64b40bc9a35cf…,2026-09-02T12:0xZ,none - post-seal pull,2026-09-02 02:13,250 paired parents (REPORT.md 2026-09-01 05:32),NO - 389 here; workspace postdates the report by 20h41m
rep02,ungated,2015[Zn][pcu]3[FSR]15,2015[Zn][pcu]3[FSR]15__1of2,117.197,5.538,183.684,3.955,+66.487,3000 prod,3000 prod,"ws/rep02/tables/{mod_rank,t1_wc}.csv",67d64b40bc9a35cf…,2026-09-02T12:0xZ,none - post-seal pull,2026-09-02 02:13,250 paired parents (REPORT.md 2026-09-01 05:32),NO - 389 here; workspace postdates the report by 20h41m
rep02,ungated,2006[CoAg][utp]3[ASR]2,2006[CoAg][utp]3[ASR]2__1of2,77.873,4.559,181.965,2.893,+104.092,3000 prod,3000 prod,"ws/rep02/tables/{mod_rank,t1_wc}.csv",67d64b40bc9a35cf…,2026-09-02T12:0xZ,none - post-seal pull,2026-09-02 02:13,250 paired parents (REPORT.md 2026-09-01 05:32),NO - 389 here; workspace postdates the report by 20h41m
rep02,ungated,2014[Zn][pcu]3[ASR]21,2014[Zn][pcu]3[ASR]21__1of2,106.737,3.428,186.252,2.843,+79.515,3000 prod,3000 prod,"ws/rep02/tables/{mod_rank,t1_wc}.csv",67d64b40bc9a35cf…,2026-09-02T12:0xZ,none - post-seal pull,2026-09-02 02:13,250 paired parents (REPORT.md 2026-09-01 05:32),NO - 389 here; workspace postdates the report by 20h41m
rep02,ungated,2012[Zn][pcu]3[ASR]6,2012[Zn][pcu]3[ASR]6__1of2,109.641,3.343,185.946,2.64,+76.305,3000 prod,3000 prod,"ws/rep02/tables/{mod_rank,t1_wc}.csv",67d64b40bc9a35cf…,2026-09-02T12:0xZ,none - post-seal pull,2026-09-02 02:13,250 paired parents (REPORT.md 2026-09-01 05:32),NO - 389 here; workspace postdates the report by 20h41m
rep02,ungated,2007[Ni][sit]3[ASR]1,2007[Ni][sit]3[ASR]1__1of2,123.295,3.919,180.296,2.061,+57.001,3000 prod,3000 prod,"ws/rep02/tables/{mod_rank,t1_wc}.csv",67d64b40bc9a35cf…,2026-09-02T12:0xZ,none - post-seal pull,2026-09-02 02:13,250 paired parents (REPORT.md 2026-09-01 05:32),NO - 389 here; workspace postdates the report by 20h41m
rep02,ungated,2014[Co][rtl]3[ASR]1,2014[Co][rtl]3[ASR]1__1of2,44.959,3.605,187.397,1.81,+142.438,3000 prod,3000 prod,"ws/rep02/tables/{mod_rank,t1_wc}.csv",67d64b40bc9a35cf…,2026-09-02T12:0xZ,none - post-seal pull,2026-09-02 02:13,250 paired parents (REPORT.md 2026-09-01 05:32),NO - 389 here; workspace postdates the report by 20h41m
rep02,ungated,2005[Co][srs]3[ASR]1,2005[Co][srs]3[ASR]1__1of2,92.56,3.847,173.442,3.354,+80.882,3000 prod,3000 prod,"ws/rep02/tables/{mod_rank,t1_wc}.csv",67d64b40bc9a35cf…,2026-09-02T12:0xZ,none - post-seal pull,2026-09-02 02:13,250 paired parents (REPORT.md 2026-09-01 05:32),NO - 389 here; workspace postdates the report by 20h41m
rep02,ungated,2023[Co][pcu]3[FSR]2,2023[Co][pcu]3[FSR]2__1of2,85.933,2.319,190.701,2.426,+104.768,3000 prod,3000 prod,"ws/rep02/tables/{mod_rank,t1_wc}.csv",67d64b40bc9a35cf…,2026-09-02T12:0xZ,none - post-seal pull,2026-09-02 02:13,250 paired parents (REPORT.md 2026-09-01 05:32),NO - 389 here; workspace postdates the report by 20h41m
rep02,ungated,2008[Zn][cdq]3[ASR]1,2008[Zn][cdq]3[ASR]1__1of2,54.207,3.22,192.766,2.516,+138.559,3000 prod,10000 prod,"ws/rep02/tables/{mod_rank,t1_wc}.csv",67d64b40bc9a35cf…,2026-09-02T12:0xZ,none - post-seal pull,2026-09-02 02:13,250 paired parents (REPORT.md 2026-09-01 05:32),NO - 389 here; workspace postdates the report by 20h41m
rep02,ungated,2014[Zn][hms]3[ASR]1,2014[Zn][hms]3[ASR]1__1of2,75.423,5.996,203.814,0.705,+128.391,3000 prod,50000 prod,"ws/rep02/tables/{mod_rank,t1_wc}.csv",67d64b40bc9a35cf…,2026-09-02T12:0xZ,none - post-seal pull,2026-09-02 02:13,250 paired parents (REPORT.md 2026-09-01 05:32),NO - 389 here; workspace postdates the report by 20h41m
rep02,ungated,2017[Zn][pcu]3[ASR]1,2017[Zn][pcu]3[ASR]1__1of2,102.944,6.779,181.879,4.042,+78.935,3000 prod,3000 prod,"ws/rep02/tables/{mod_rank,t1_wc}.csv",67d64b40bc9a35cf…,2026-09-02T12:0xZ,none - post-seal pull,2026-09-02 02:13,250 paired parents (REPORT.md 2026-09-01 05:32),NO - 389 here; workspace postdates the report by 20h41m
rep02,ungated,2016[Tb][ths]3[ASR]1,2016[Tb][ths]3[ASR]1__1of2,82.428,5.173,190.177,2.875,+107.749,3000 prod,3000 prod,"ws/rep02/tables/{mod_rank,t1_wc}.csv",67d64b40bc9a35cf…,2026-09-02T12:0xZ,none - post-seal pull,2026-09-02 02:13,250 paired parents (REPORT.md 2026-09-01 05:32),NO - 389 here; workspace postdates the report by 20h41m
rep02,ungated,2018[Cd][dia]3[ASR]1,2018[Cd][dia]3[ASR]1__1of2,91.148,5.797,190.786,4.115,+99.638,3000 prod,3000 prod,"ws/rep02/tables/{mod_rank,t1_wc}.csv",67d64b40bc9a35cf…,2026-09-02T12:0xZ,none - post-seal pull,2026-09-02 02:13,250 paired parents (REPORT.md 2026-09-01 05:32),NO - 389 here; workspace postdates the report by 20h41m
rep02,ungated,2013[Co][dia]3[ASR]3,2013[Co][dia]3[ASR]3__1of2,61.415,3.085,191.117,1.308,+129.702,3000 prod,3000 prod,"ws/rep02/tables/{mod_rank,t1_wc}.csv",67d64b40bc9a35cf…,2026-09-02T12:0xZ,none - post-seal pull,2026-09-02 02:13,250 paired parents (REPORT.md 2026-09-01 05:32),NO - 389 here; workspace postdates the report by 20h41m
rep02,ungated,2020[Co][pcu]3[FSR]3,2020[Co][pcu]3[FSR]3__1of2,91.569,3.437,186.177,4.21,+94.608,3000 prod,3000 prod,"ws/rep02/tables/{mod_rank,t1_wc}.csv",67d64b40bc9a35cf…,2026-09-02T12:0xZ,none - post-seal pull,2026-09-02 02:13,250 paired parents (REPORT.md 2026-09-01 05:32),NO - 389 here; workspace postdates the report by 20h41m
rep02,ungated,2013[Co][dia]3[ASR]2,2013[Co][dia]3[ASR]2__1of2,60.086,3.27,190.749,2.203,+130.663,3000 prod,3000 prod,"ws/rep02/tables/{mod_rank,t1_wc}.csv",67d64b40bc9a35cf…,2026-09-02T12:0xZ,none - post-seal pull,2026-09-02 02:13,250 paired parents (REPORT.md 2026-09-01 05:32),NO - 389 here; workspace postdates the report by 20h41m
rep02,ungated,2005[CoAg][utp]3[ASR]1,2005[CoAg][utp]3[ASR]1__1of2,81.524,2.821,181.9,3.488,+100.376,3000 prod,3000 prod,"ws/rep02/tables/{mod_rank,t1_wc}.csv",67d64b40bc9a35cf…,2026-09-02T12:0xZ,none - post-seal pull,2026-09-02 02:13,250 paired parents (REPORT.md 2026-09-01 05:32),NO - 389 here; workspace postdates the report by 20h41m
rep02,ungated,2005[Fe][srs]3[ASR]1,2005[Fe][srs]3[ASR]1__1of2,92.73,6.555,175.532,2.739,+82.802,3000 prod,3000 prod,"ws/rep02/tables/{mod_rank,t1_wc}.csv",67d64b40bc9a35cf…,2026-09-02T12:0xZ,none - post-seal pull,2026-09-02 02:13,250 paired parents (REPORT.md 2026-09-01 05:32),NO - 389 here; workspace postdates the report by 20h41m
rep02,ungated,2022[Zn][pcu]3[ASR]3,2022[Zn][pcu]3[ASR]3__1of2,88.104,4.336,186.502,4.658,+98.398,3000 prod,3000 prod,"ws/rep02/tables/{mod_rank,t1_wc}.csv",67d64b40bc9a35cf…,2026-09-02T12:0xZ,none - post-seal pull,2026-09-02 02:13,250 paired parents (REPORT.md 2026-09-01 05:32),NO - 389 here; workspace postdates the report by 20h41m
rep02,ungated,2014[Cd][tfz]3[ASR]2,2014[Cd][tfz]3[ASR]2__1of2,56.691,7.447,184.535,3.291,+127.844,3000 prod,3000 prod,"ws/rep02/tables/{mod_rank,t1_wc}.csv",67d64b40bc9a35cf…,2026-09-02T12:0xZ,none - post-seal pull,2026-09-02 02:13,250 paired parents (REPORT.md 2026-09-01 05:32),NO - 389 here; workspace postdates the report by 20h41m
rep02,ungated,2013[Co][dia]3[ASR]7,2013[Co][dia]3[ASR]7__1of2,61.995,1.636,190.309,2.156,+128.314,3000 prod,3000 prod,"ws/rep02/tables/{mod_rank,t1_wc}.csv",67d64b40bc9a35cf…,2026-09-02T12:0xZ,none - post-seal pull,2026-09-02 02:13,250 paired parents (REPORT.md 2026-09-01 05:32),NO - 389 here; workspace postdates the report by 20h41m
rep02,ungated,2023[In][neb]3[ASR]1,2023[In][neb]3[ASR]1__1of2,128.224,2.935,190.317,2.153,+62.093,3000 prod,3000 prod,"ws/rep02/tables/{mod_rank,t1_wc}.csv",67d64b40bc9a35cf…,2026-09-02T12:0xZ,none - post-seal pull,2026-09-02 02:13,250 paired parents (REPORT.md 2026-09-01 05:32),NO - 389 here; workspace postdates the report by 20h41m
rep02,ungated,1998[Cu][cds]3[ASR]1,1998[Cu][cds]3[ASR]1__1of2,121.002,7.0,190.525,1.243,+69.523,3000 prod,10000 prod,"ws/rep02/tables/{mod_rank,t1_wc}.csv",67d64b40bc9a35cf…,2026-09-02T12:0xZ,none - post-seal pull,2026-09-02 02:13,250 paired parents (REPORT.md 2026-09-01 05:32),NO - 389 here; workspace postdates the report by 20h41m
rep02,ungated,2009[Zn][pcu]3[ASR]4,2009[Zn][pcu]3[ASR]4__1of2,78.563,3.266,187.633,2.476,+109.070,3000 prod,3000 prod,"ws/rep02/tables/{mod_rank,t1_wc}.csv",67d64b40bc9a35cf…,2026-09-02T12:0xZ,none - post-seal pull,2026-09-02 02:13,250 paired parents (REPORT.md 2026-09-01 05:32),NO - 389 here; workspace postdates the report by 20h41m
rep02,ungated,2006[CoAg][utp]3[ASR]3,2006[CoAg][utp]3[ASR]3__1of2,80.116,4.178,181.576,2.935,+101.460,3000 prod,3000 prod,"ws/rep02/tables/{mod_rank,t1_wc}.csv",67d64b40bc9a35cf…,2026-09-02T12:0xZ,none - post-seal pull,2026-09-02 02:13,250 paired parents (REPORT.md 2026-09-01 05:32),NO - 389 here; workspace postdates the report by 20h41m
rep02,ungated,2012[Zn][pcu]3[ASR]7,2012[Zn][pcu]3[ASR]7__1of2,102.855,3.139,175.489,2.696,+72.634,3000 prod,3000 prod,"ws/rep02/tables/{mod_rank,t1_wc}.csv",67d64b40bc9a35cf…,2026-09-02T12:0xZ,none - post-seal pull,2026-09-02 02:13,250 paired parents (REPORT.md 2026-09-01 05:32),NO - 389 here; workspace postdates the report by 20h41m
rep02,ungated,2004[Co][pcu]3[ASR]1,2004[Co][pcu]3[ASR]1__1of3,19.526,4.381,179.095,4.345,+159.569,3000 prod,3000 prod,"ws/rep02/tables/{mod_rank,t1_wc}.csv",67d64b40bc9a35cf…,2026-09-02T12:0xZ,none - post-seal pull,2026-09-02 02:13,250 paired parents (REPORT.md 2026-09-01 05:32),NO - 389 here; workspace postdates the report by 20h41m
rep02,ungated,2006[CoAg][utp]3[ASR]1,2006[CoAg][utp]3[ASR]1__1of2,80.447,5.882,181.466,4.369,+101.019,3000 prod,3000 prod,"ws/rep02/tables/{mod_rank,t1_wc}.csv",67d64b40bc9a35cf…,2026-09-02T12:0xZ,none - post-seal pull,2026-09-02 02:13,250 paired parents (REPORT.md 2026-09-01 05:32),NO - 389 here; workspace postdates the report by 20h41m
rep02,ungated,2021[Cd][tfz]3[ASR]1,2021[Cd][tfz]3[ASR]1__1of2,59.559,5.188,185.143,3.019,+125.584,3000 prod,3000 prod,"ws/rep02/tables/{mod_rank,t1_wc}.csv",67d64b40bc9a35cf…,2026-09-02T12:0xZ,none - post-seal pull,2026-09-02 02:13,250 paired parents (REPORT.md 2026-09-01 05:32),NO - 389 here; workspace postdates the report by 20h41m
rep02,ungated,2019[Zr][scu]3[ASR]4,2019[Zr][scu]3[ASR]4__1of2,106.099,3.995,174.017,3.217,+67.918,3000 prod,3000 prod,"ws/rep02/tables/{mod_rank,t1_wc}.csv",67d64b40bc9a35cf…,2026-09-02T12:0xZ,none - post-seal pull,2026-09-02 02:13,250 paired parents (REPORT.md 2026-09-01 05:32),NO - 389 here; workspace postdates the report by 20h41m
rep02,ungated,2019[Zr][scu]3[ASR]3,2019[Zr][scu]3[ASR]3__1of2,105.161,3.847,173.358,2.117,+68.197,3000 prod,3000 prod,"ws/rep02/tables/{mod_rank,t1_wc}.csv",67d64b40bc9a35cf…,2026-09-02T12:0xZ,none - post-seal pull,2026-09-02 02:13,250 paired parents (REPORT.md 2026-09-01 05:32),NO - 389 here; workspace postdates the report by 20h41m
rep02,ungated,2019[Cu][lvt]3[ASR]4,2019[Cu][lvt]3[ASR]4__1of2,119.762,3.587,190.468,2.299,+70.706,3000 prod,3000 prod,"ws/rep02/tables/{mod_rank,t1_wc}.csv",67d64b40bc9a35cf…,2026-09-02T12:0xZ,none - post-seal pull,2026-09-02 02:13,250 paired parents (REPORT.md 2026-09-01 05:32),NO - 389 here; workspace postdates the report by 20h41m
rep02,ungated,2011[Cu][lvt]3[ASR]3,2011[Cu][lvt]3[ASR]3__1of2,107.445,4.125,177.41,2.755,+69.965,3000 prod,3000 prod,"ws/rep02/tables/{mod_rank,t1_wc}.csv",67d64b40bc9a35cf…,2026-09-02T12:0xZ,none - post-seal pull,2026-09-02 02:13,250 paired parents (REPORT.md 2026-09-01 05:32),NO - 389 here; workspace postdates the report by 20h41m
rep02,ungated,2012[Zn][nan]3[FSR]5,2012[Zn][nan]3[FSR]5__1of2,130.128,2.508,163.295,1.539,+33.167,3000 prod,3000 prod,"ws/rep02/tables/{mod_rank,t1_wc}.csv",67d64b40bc9a35cf…,2026-09-02T12:0xZ,none - post-seal pull,2026-09-02 02:13,250 paired parents (REPORT.md 2026-09-01 05:32),NO - 389 here; workspace postdates the report by 20h41m
rep02,ungated,2011[Cu][lvt]3[ASR]4,2011[Cu][lvt]3[ASR]4__1of2,108.662,4.214,177.743,2.734,+69.081,3000 prod,3000 prod,"ws/rep02/tables/{mod_rank,t1_wc}.csv",67d64b40bc9a35cf…,2026-09-02T12:0xZ,none - post-seal pull,2026-09-02 02:13,250 paired parents (REPORT.md 2026-09-01 05:32),NO - 389 here; workspace postdates the report by 20h41m
rep02,ungated,2013[Cd][ths]3[ASR]1,2013[Cd][ths]3[ASR]1__1of2,74.142,6.694,187.686,3.559,+113.544,3000 prod,3000 prod,"ws/rep02/tables/{mod_rank,t1_wc}.csv",67d64b40bc9a35cf…,2026-09-02T12:0xZ,none - post-seal pull,2026-09-02 02:13,250 paired parents (REPORT.md 2026-09-01 05:32),NO - 389 here; workspace postdates the report by 20h41m
rep02,ungated,2013[Cd][ths]3[ASR]2,2013[Cd][ths]3[ASR]2__1of2,74.364,3.925,188.527,6.019,+114.163,3000 prod,3000 prod,"ws/rep02/tables/{mod_rank,t1_wc}.csv",67d64b40bc9a35cf…,2026-09-02T12:0xZ,none - post-seal pull,2026-09-02 02:13,250 paired parents (REPORT.md 2026-09-01 05:32),NO - 389 here; workspace postdates the report by 20h41m
rep02,ungated,2002[Cu][lvt]3[ASR]1,2002[Cu][lvt]3[ASR]1__1of2,109.514,4.132,177.356,2.099,+67.842,3000 prod,3000 prod,"ws/rep02/tables/{mod_rank,t1_wc}.csv",67d64b40bc9a35cf…,2026-09-02T12:0xZ,none - post-seal pull,2026-09-02 02:13,250 paired parents (REPORT.md 2026-09-01 05:32),NO - 389 here; workspace postdates the report by 20h41m
rep02,ungated,2022[Zn][pcu]3[FSR]3,2022[Zn][pcu]3[FSR]3__1of3,51.494,5.703,180.87,5.344,+129.376,3000 prod,3000 prod,"ws/rep02/tables/{mod_rank,t1_wc}.csv",67d64b40bc9a35cf…,2026-09-02T12:0xZ,none - post-seal pull,2026-09-02 02:13,250 paired parents (REPORT.md 2026-09-01 05:32),NO - 389 here; workspace postdates the report by 20h41m
rep02,ungated,2017[In][pts]3[ASR]1,2017[In][pts]3[ASR]1__1of2,89.526,4.66,176.224,2.825,+86.698,3000 prod,3000 prod,"ws/rep02/tables/{mod_rank,t1_wc}.csv",67d64b40bc9a35cf…,2026-09-02T12:0xZ,none - post-seal pull,2026-09-02 02:13,250 paired parents (REPORT.md 2026-09-01 05:32),NO - 389 here; workspace postdates the report by 20h41m
rep02,ungated,2006[Zn][pcu]3[ASR]2,2006[Zn][pcu]3[ASR]2__1of2,72.871,2.708,188.373,1.994,+115.502,3000 prod,3000 prod,"ws/rep02/tables/{mod_rank,t1_wc}.csv",67d64b40bc9a35cf…,2026-09-02T12:0xZ,none - post-seal pull,2026-09-02 02:13,250 paired parents (REPORT.md 2026-09-01 05:32),NO - 389 here; workspace postdates the report by 20h41m
rep02,ungated,2009[Nd][sxb]3[ASR]1,2009[Nd][sxb]3[ASR]1__1of2,103.75,3.251,173.965,1.358,+70.215,3000 prod,3000 prod,"ws/rep02/tables/{mod_rank,t1_wc}.csv",67d64b40bc9a35cf…,2026-09-02T12:0xZ,none - post-seal pull,2026-09-02 02:13,250 paired parents (REPORT.md 2026-09-01 05:32),NO - 389 here; workspace postdates the report by 20h41m
rep02,ungated,2010[Pr][sxb]3[ASR]1,2010[Pr][sxb]3[ASR]1__1of2,102.079,2.52,175.426,2.675,+73.347,3000 prod,3000 prod,"ws/rep02/tables/{mod_rank,t1_wc}.csv",67d64b40bc9a35cf…,2026-09-02T12:0xZ,none - post-seal pull,2026-09-02 02:13,250 paired parents (REPORT.md 2026-09-01 05:32),NO - 389 here; workspace postdates the report by 20h41m
rep02,ungated,2018[Cd][pts]3[ASR]1,2018[Cd][pts]3[ASR]1__1of2,89.144,3.758,182.022,2.991,+92.878,3000 prod,3000 prod,"ws/rep02/tables/{mod_rank,t1_wc}.csv",67d64b40bc9a35cf…,2026-09-02T12:0xZ,none - post-seal pull,2026-09-02 02:13,250 paired parents (REPORT.md 2026-09-01 05:32),NO - 389 here; workspace postdates the report by 20h41m
rep02,ungated,2009[Eu][sxb]3[ASR]2,2009[Eu][sxb]3[ASR]2__1of2,98.005,2.055,176.21,2.232,+78.205,3000 prod,3000 prod,"ws/rep02/tables/{mod_rank,t1_wc}.csv",67d64b40bc9a35cf…,2026-09-02T12:0xZ,none - post-seal pull,2026-09-02 02:13,250 paired parents (REPORT.md 2026-09-01 05:32),NO - 389 here; workspace postdates the report by 20h41m
rep02,ungated,2001[Zn][sit]3[ASR]1,2001[Zn][sit]3[ASR]1__1of2,118.559,2.97,179.812,2.041,+61.253,3000 prod,3000 prod,"ws/rep02/tables/{mod_rank,t1_wc}.csv",67d64b40bc9a35cf…,2026-09-02T12:0xZ,none - post-seal pull,2026-09-02 02:13,250 paired parents (REPORT.md 2026-09-01 05:32),NO - 389 here; workspace postdates the report by 20h41m
rep02,ungated,2010[Zn][neb]3[ASR]1,2010[Zn][neb]3[ASR]1__1of2,95.722,2.7,189.562,3.301,+93.840,3000 prod,3000 prod,"ws/rep02/tables/{mod_rank,t1_wc}.csv",67d64b40bc9a35cf…,2026-09-02T12:0xZ,none - post-seal pull,2026-09-02 02:13,250 paired parents (REPORT.md 2026-09-01 05:32),NO - 389 here; workspace postdates the report by 20h41m
rep02,ungated,2013[Co][sit]3[ASR]1,2013[Co][sit]3[ASR]1__1of2,115.758,4.216,187.628,3.23,+71.870,3000 prod,3000 prod,"ws/rep02/tables/{mod_rank,t1_wc}.csv",67d64b40bc9a35cf…,2026-09-02T12:0xZ,none - post-seal pull,2026-09-02 02:13,250 paired parents (REPORT.md 2026-09-01 05:32),NO - 389 here; workspace postdates the report by 20h41m
rep02,ungated,0000[Co][sit]3[ASR]1,0000[Co][sit]3[ASR]1__1of2,123.243,3.581,184.528,2.147,+61.285,3000 prod,3000 prod,"ws/rep02/tables/{mod_rank,t1_wc}.csv",67d64b40bc9a35cf…,2026-09-02T12:0xZ,none - post-seal pull,2026-09-02 02:13,250 paired parents (REPORT.md 2026-09-01 05:32),NO - 389 here; workspace postdates the report by 20h41m
rep02,ungated,2009[Mg][lvt]3[ASR]1,2009[Mg][lvt]3[ASR]1__1of2,125.901,3.283,176.74,3.291,+50.839,3000 prod,3000 prod,"ws/rep02/tables/{mod_rank,t1_wc}.csv",67d64b40bc9a35cf…,2026-09-02T12:0xZ,none - post-seal pull,2026-09-02 02:13,250 paired parents (REPORT.md 2026-09-01 05:32),NO - 389 here; workspace postdates the report by 20h41m
rep02,ungated,2016[Zn][pcu]3[ASR]6,2016[Zn][pcu]3[ASR]6__1of2,121.744,3.814,191.076,3.548,+69.332,3000 prod,3000 prod,"ws/rep02/tables/{mod_rank,t1_wc}.csv",67d64b40bc9a35cf…,2026-09-02T12:0xZ,none - post-seal pull,2026-09-02 02:13,250 paired parents (REPORT.md 2026-09-01 05:32),NO - 389 here; workspace postdates the report by 20h41m
rep02,ungated,2015[Zn][nan]3[ASR]45,2015[Zn][nan]3[ASR]45__1of2,84.407,3.357,181.094,2.868,+96.687,3000 prod,3000 prod,"ws/rep02/tables/{mod_rank,t1_wc}.csv",67d64b40bc9a35cf…,2026-09-02T12:0xZ,none - post-seal pull,2026-09-02 02:13,250 paired parents (REPORT.md 2026-09-01 05:32),NO - 389 here; workspace postdates the report by 20h41m
rep02,ungated,2009[Gd][sxb]3[ASR]1,2009[Gd][sxb]3[ASR]1__1of2,100.191,4.556,176.644,4.037,+76.453,3000 prod,3000 prod,"ws/rep02/tables/{mod_rank,t1_wc}.csv",67d64b40bc9a35cf…,2026-09-02T12:0xZ,none - post-seal pull,2026-09-02 02:13,250 paired parents (REPORT.md 2026-09-01 05:32),NO - 389 here; workspace postdates the report by 20h41m
rep02,ungated,2006[Cu][srs]3[ASR]1,2006[Cu][srs]3[ASR]1__1of2,90.912,4.475,161.84,2.016,+70.928,3000 prod,3000 prod,"ws/rep02/tables/{mod_rank,t1_wc}.csv",67d64b40bc9a35cf…,2026-09-02T12:0xZ,none - post-seal pull,2026-09-02 02:13,250 paired parents (REPORT.md 2026-09-01 05:32),NO - 389 here; workspace postdates the report by 20h41m
rep02,ungated,2008[ZnCo][sit]3[ASR]1,2008[ZnCo][sit]3[ASR]1__1of2,102.032,1.824,179.968,2.129,+77.936,3000 prod,3000 prod,"ws/rep02/tables/{mod_rank,t1_wc}.csv",67d64b40bc9a35cf…,2026-09-02T12:0xZ,none - post-seal pull,2026-09-02 02:13,250 paired parents (REPORT.md 2026-09-01 05:32),NO - 389 here; workspace postdates the report by 20h41m
rep02,ungated,2018[Zn][pth]3[ASR]1,2018[Zn][pth]3[ASR]1__1of2,105.548,2.099,198.866,0.771,+93.318,3000 prod,50000 prod,"ws/rep02/tables/{mod_rank,t1_wc}.csv",67d64b40bc9a35cf…,2026-09-02T12:0xZ,none - post-seal pull,2026-09-02 02:13,250 paired parents (REPORT.md 2026-09-01 05:32),NO - 389 here; workspace postdates the report by 20h41m
rep02,ungated,2015[Zn][nan]3[ASR]35,2015[Zn][nan]3[ASR]35__1of2,103.268,3.383,188.686,4.335,+85.418,3000 prod,3000 prod,"ws/rep02/tables/{mod_rank,t1_wc}.csv",67d64b40bc9a35cf…,2026-09-02T12:0xZ,none - post-seal pull,2026-09-02 02:13,250 paired parents (REPORT.md 2026-09-01 05:32),NO - 389 here; workspace postdates the report by 20h41m
rep02,ungated,2018[Zn][pth]3[ASR]2,2018[Zn][pth]3[ASR]2__1of2,106.876,3.791,199.341,0.771,+92.465,3000 prod,50000 prod,"ws/rep02/tables/{mod_rank,t1_wc}.csv",67d64b40bc9a35cf…,2026-09-02T12:0xZ,none - post-seal pull,2026-09-02 02:13,250 paired parents (REPORT.md 2026-09-01 05:32),NO - 389 here; workspace postdates the report by 20h41m
rep02,ungated,2011[Co][sit]3[ASR]1,2011[Co][sit]3[ASR]1__1of2,123.708,2.086,183.471,2.159,+59.763,3000 prod,3000 prod,"ws/rep02/tables/{mod_rank,t1_wc}.csv",67d64b40bc9a35cf…,2026-09-02T12:0xZ,none - post-seal pull,2026-09-02 02:13,250 paired parents (REPORT.md 2026-09-01 05:32),NO - 389 here; workspace postdates the report by 20h41m
rep02,ungated,2008[ZnNi][sit]3[ASR]1,2008[ZnNi][sit]3[ASR]1__1of2,111.692,3.323,182.698,0.868,+71.006,3000 prod,3000 prod,"ws/rep02/tables/{mod_rank,t1_wc}.csv",67d64b40bc9a35cf…,2026-09-02T12:0xZ,none - post-seal pull,2026-09-02 02:13,250 paired parents (REPORT.md 2026-09-01 05:32),NO - 389 here; workspace postdates the report by 20h41m
rep02,ungated,2005[Fe][srs]3[FSR]1,2005[Fe][srs]3[FSR]1__1of2,54.082,3.345,173.54,2.949,+119.458,3000 prod,3000 prod,"ws/rep02/tables/{mod_rank,t1_wc}.csv",67d64b40bc9a35cf…,2026-09-02T12:0xZ,none - post-seal pull,2026-09-02 02:13,250 paired parents (REPORT.md 2026-09-01 05:32),NO - 389 here; workspace postdates the report by 20h41m
rep02,ungated,2017[Zn][sit]3[ASR]1,2017[Zn][sit]3[ASR]1__1of2,64.315,4.33,178.572,2.685,+114.257,3000 prod,3000 prod,"ws/rep02/tables/{mod_rank,t1_wc}.csv",67d64b40bc9a35cf…,2026-09-02T12:0xZ,none - post-seal pull,2026-09-02 02:13,250 paired parents (REPORT.md 2026-09-01 05:32),NO - 389 here; workspace postdates the report by 20h41m
rep02,ungated,2009[Eu][sxb]3[ASR]1,2009[Eu][sxb]3[ASR]1__1of2,92.357,5.075,177.502,4.425,+85.145,3000 prod,3000 prod,"ws/rep02/tables/{mod_rank,t1_wc}.csv",67d64b40bc9a35cf…,2026-09-02T12:0xZ,none - post-seal pull,2026-09-02 02:13,250 paired parents (REPORT.md 2026-09-01 05:32),NO - 389 here; workspace postdates the report by 20h41m
rep02,ungated,2021[Co][sit]3[ASR]1,2021[Co][sit]3[ASR]1__1of2,92.439,3.499,187.915,4.085,+95.476,3000 prod,3000 prod,"ws/rep02/tables/{mod_rank,t1_wc}.csv",67d64b40bc9a35cf…,2026-09-02T12:0xZ,none - post-seal pull,2026-09-02 02:13,250 paired parents (REPORT.md 2026-09-01 05:32),NO - 389 here; workspace postdates the report by 20h41m
rep02,ungated,2011[Cu][lvt]3[ASR]5,2011[Cu][lvt]3[ASR]5__1of2,114.287,3.814,176.886,2.082,+62.599,3000 prod,3000 prod,"ws/rep02/tables/{mod_rank,t1_wc}.csv",67d64b40bc9a35cf…,2026-09-02T12:0xZ,none - post-seal pull,2026-09-02 02:13,250 paired parents (REPORT.md 2026-09-01 05:32),NO - 389 here; workspace postdates the report by 20h41m
rep02,ungated,2019[Cu][pts]3[ASR]2,2019[Cu][pts]3[ASR]2__1of2,141.323,2.612,186.237,2.849,+44.914,3000 prod,3000 prod,"ws/rep02/tables/{mod_rank,t1_wc}.csv",67d64b40bc9a35cf…,2026-09-02T12:0xZ,none - post-seal pull,2026-09-02 02:13,250 paired parents (REPORT.md 2026-09-01 05:32),NO - 389 here; workspace postdates the report by 20h41m
rep02,ungated,2020[Co][sit]3[ASR]1,2020[Co][sit]3[ASR]1__1of2,124.751,2.114,178.123,1.585,+53.372,3000 prod,3000 prod,"ws/rep02/tables/{mod_rank,t1_wc}.csv",67d64b40bc9a35cf…,2026-09-02T12:0xZ,none - post-seal pull,2026-09-02 02:13,250 paired parents (REPORT.md 2026-09-01 05:32),NO - 389 here; workspace postdates the report by 20h41m
rep02,ungated,2014[Zn][ths]3[ASR]2,2014[Zn][ths]3[ASR]2__1of2,97.277,1.664,177.724,1.935,+80.447,3000 prod,3000 prod,"ws/rep02/tables/{mod_rank,t1_wc}.csv",67d64b40bc9a35cf…,2026-09-02T12:0xZ,none - post-seal pull,2026-09-02 02:13,250 paired parents (REPORT.md 2026-09-01 05:32),NO - 389 here; workspace postdates the report by 20h41m
rep02,ungated,2019[CoMg][hex]3[ASR]1,2019[CoMg][hex]3[ASR]1__1of2,55.389,3.7,167.049,3.505,+111.660,3000 prod,3000 prod,"ws/rep02/tables/{mod_rank,t1_wc}.csv",67d64b40bc9a35cf…,2026-09-02T12:0xZ,none - post-seal pull,2026-09-02 02:13,250 paired parents (REPORT.md 2026-09-01 05:32),NO - 389 here; workspace postdates the report by 20h41m
rep02,ungated,2019[Co][hex]3[ASR]1,2019[Co][hex]3[ASR]1__1of2,57.232,4.407,166.178,2.388,+108.946,3000 prod,3000 prod,"ws/rep02/tables/{mod_rank,t1_wc}.csv",67d64b40bc9a35cf…,2026-09-02T12:0xZ,none - post-seal pull,2026-09-02 02:13,250 paired parents (REPORT.md 2026-09-01 05:32),NO - 389 here; workspace postdates the report by 20h41m
rep02,ungated,2012[Zn][pcu]3[ASR]14,2012[Zn][pcu]3[ASR]14__1of2,100.434,1.981,172.492,2.344,+72.058,3000 prod,3000 prod,"ws/rep02/tables/{mod_rank,t1_wc}.csv",67d64b40bc9a35cf…,2026-09-02T12:0xZ,none - post-seal pull,2026-09-02 02:13,250 paired parents (REPORT.md 2026-09-01 05:32),NO - 389 here; workspace postdates the report by 20h41m
rep02,ungated,0000[Cd][nan]3[ASR]12,0000[Cd][nan]3[ASR]12__1of2,104.758,1.954,169.234,2.227,+64.476,3000 prod,3000 prod,"ws/rep02/tables/{mod_rank,t1_wc}.csv",67d64b40bc9a35cf…,2026-09-02T12:0xZ,none - post-seal pull,2026-09-02 02:13,250 paired parents (REPORT.md 2026-09-01 05:32),NO - 389 here; workspace postdates the report by 20h41m
rep02,ungated,2019[Zr][scu]3[ASR]1,2019[Zr][scu]3[ASR]1__1of2,124.987,5.809,155.332,1.918,+30.345,3000 prod,3000 prod,"ws/rep02/tables/{mod_rank,t1_wc}.csv",67d64b40bc9a35cf…,2026-09-02T12:0xZ,none - post-seal pull,2026-09-02 02:13,250 paired parents (REPORT.md 2026-09-01 05:32),NO - 389 here; workspace postdates the report by 20h41m
rep02,ungated,2023[Zn][fsc]3[FSR]2,2023[Zn][fsc]3[FSR]2__1of2,102.156,2.463,178.172,2.853,+76.016,3000 prod,3000 prod,"ws/rep02/tables/{mod_rank,t1_wc}.csv",67d64b40bc9a35cf…,2026-09-02T12:0xZ,none - post-seal pull,2026-09-02 02:13,250 paired parents (REPORT.md 2026-09-01 05:32),NO - 389 here; workspace postdates the report by 20h41m
rep02,ungated,2018[Zn][pcu]3[ASR]17,2018[Zn][pcu]3[ASR]17__1of3,49.047,5.611,183.373,1.441,+134.326,3000 prod,3000 prod,"ws/rep02/tables/{mod_rank,t1_wc}.csv",67d64b40bc9a35cf…,2026-09-02T12:0xZ,none - post-seal pull,2026-09-02 02:13,250 paired parents (REPORT.md 2026-09-01 05:32),NO - 389 here; workspace postdates the report by 20h41m
rep02,ungated,2021[U][ths]3[ASR]3,2021[U][ths]3[ASR]3__1of2,124.659,4.474,186.99,3.104,+62.331,3000 prod,3000 prod,"ws/rep02/tables/{mod_rank,t1_wc}.csv",67d64b40bc9a35cf…,2026-09-02T12:0xZ,none - post-seal pull,2026-09-02 02:13,250 paired parents (REPORT.md 2026-09-01 05:32),NO - 389 here; workspace postdates the report by 20h41m
rep02,ungated,2017[Cu][pts]3[FSR]1,2017[Cu][pts]3[FSR]1__1of2,122.648,3.34,194.728,1.111,+72.080,3000 prod,10000 prod,"ws/rep02/tables/{mod_rank,t1_wc}.csv",67d64b40bc9a35cf…,2026-09-02T12:0xZ,none - post-seal pull,2026-09-02 02:13,250 paired parents (REPORT.md 2026-09-01 05:32),NO - 389 here; workspace postdates the report by 20h41m
rep02,ungated,2017[In][pts]3[ASR]2,2017[In][pts]3[ASR]2__1of2,125.811,3.874,195.886,2.489,+70.075,3000 prod,10000 prod,"ws/rep02/tables/{mod_rank,t1_wc}.csv",67d64b40bc9a35cf…,2026-09-02T12:0xZ,none - post-seal pull,2026-09-02 02:13,250 paired parents (REPORT.md 2026-09-01 05:32),NO - 389 here; workspace postdates the report by 20h41m
rep02,ungated,2020[Zn][tfz]3[ASR]1,2020[Zn][tfz]3[ASR]1__1of2,110.567,5.302,168.297,2.289,+57.730,3000 prod,3000 prod,"ws/rep02/tables/{mod_rank,t1_wc}.csv",67d64b40bc9a35cf…,2026-09-02T12:0xZ,none - post-seal pull,2026-09-02 02:13,250 paired parents (REPORT.md 2026-09-01 05:32),NO - 389 here; workspace postdates the report by 20h41m
rep02,ungated,2017[Cu][pts]3[ASR]2,2017[Cu][pts]3[ASR]2__1of2,130.879,2.98,196.571,1.265,+65.692,3000 prod,10000 prod,"ws/rep02/tables/{mod_rank,t1_wc}.csv",67d64b40bc9a35cf…,2026-09-02T12:0xZ,none - post-seal pull,2026-09-02 02:13,250 paired parents (REPORT.md 2026-09-01 05:32),NO - 389 here; workspace postdates the report by 20h41m
rep02,ungated,2015[Zn][pcu]3[FSR]16,2015[Zn][pcu]3[FSR]16__1of2,136.195,4.887,177.286,2.321,+41.091,3000 prod,3000 prod,"ws/rep02/tables/{mod_rank,t1_wc}.csv",67d64b40bc9a35cf…,2026-09-02T12:0xZ,none - post-seal pull,2026-09-02 02:13,250 paired parents (REPORT.md 2026-09-01 05:32),NO - 389 here; workspace postdates the report by 20h41m
rep02,ungated,2012[Co][hex]3[ASR]1,2012[Co][hex]3[ASR]1__1of2,50.887,3.638,169.003,2.986,+118.116,3000 prod,3000 prod,"ws/rep02/tables/{mod_rank,t1_wc}.csv",67d64b40bc9a35cf…,2026-09-02T12:0xZ,none - post-seal pull,2026-09-02 02:13,250 paired parents (REPORT.md 2026-09-01 05:32),NO - 389 here; workspace postdates the report by 20h41m
rep02,ungated,2021[Co][pcu]3[FSR]3,2021[Co][pcu]3[FSR]3__1of2,74.372,5.689,177.909,3.391,+103.537,3000 prod,3000 prod,"ws/rep02/tables/{mod_rank,t1_wc}.csv",67d64b40bc9a35cf…,2026-09-02T12:0xZ,none - post-seal pull,2026-09-02 02:13,250 paired parents (REPORT.md 2026-09-01 05:32),NO - 389 here; workspace postdates the report by 20h41m
rep02,ungated,0000[ZnSi][pcu]3[ASR]1,0000[ZnSi][pcu]3[ASR]1__1of2,54.543,2.479,167.101,2.753,+112.558,3000 prod,3000 prod,"ws/rep02/tables/{mod_rank,t1_wc}.csv",67d64b40bc9a35cf…,2026-09-02T12:0xZ,none - post-seal pull,2026-09-02 02:13,250 paired parents (REPORT.md 2026-09-01 05:32),NO - 389 here; workspace postdates the report by 20h41m
rep02,ungated,2012[Co][dia]3[FSR]1,2012[Co][dia]3[FSR]1__1of2,59.002,2.115,189.854,2.721,+130.852,3000 prod,3000 prod,"ws/rep02/tables/{mod_rank,t1_wc}.csv",67d64b40bc9a35cf…,2026-09-02T12:0xZ,none - post-seal pull,2026-09-02 02:13,250 paired parents (REPORT.md 2026-09-01 05:32),NO - 389 here; workspace postdates the report by 20h41m
rep02,ungated,2022[Zr][lvt]3[ASR]1,2022[Zr][lvt]3[ASR]1__1of2,128.123,1.981,143.792,1.632,+15.669,3000 prod,3000 prod,"ws/rep02/tables/{mod_rank,t1_wc}.csv",67d64b40bc9a35cf…,2026-09-02T12:0xZ,none - post-seal pull,2026-09-02 02:13,250 paired parents (REPORT.md 2026-09-01 05:32),NO - 389 here; workspace postdates the report by 20h41m
rep02,ungated,2013[Co][cml]3[ASR]1,2013[Co][cml]3[ASR]1__1of2,123.458,2.199,175.489,3.155,+52.031,10000 prod,3000 prod,"ws/rep02/tables/{mod_rank,t1_wc}.csv",67d64b40bc9a35cf…,2026-09-02T12:0xZ,none - post-seal pull,2026-09-02 02:13,250 paired parents (REPORT.md 2026-09-01 05:32),NO - 389 here; workspace postdates the report by 20h41m
rep02,ungated,2014[Zn][ths]3[FSR]3,2014[Zn][ths]3[FSR]3__1of2,81.634,3.84,170.768,2.933,+89.134,3000 prod,3000 prod,"ws/rep02/tables/{mod_rank,t1_wc}.csv",67d64b40bc9a35cf…,2026-09-02T12:0xZ,none - post-seal pull,2026-09-02 02:13,250 paired parents (REPORT.md 2026-09-01 05:32),NO - 389 here; workspace postdates the report by 20h41m
rep02,ungated,2014[Zn][utp]3[ASR]1,2014[Zn][utp]3[ASR]1__1of2,84.48,4.742,193.585,3.09,+109.105,3000 prod,10000 prod,"ws/rep02/tables/{mod_rank,t1_wc}.csv",67d64b40bc9a35cf…,2026-09-02T12:0xZ,none - post-seal pull,2026-09-02 02:13,250 paired parents (REPORT.md 2026-09-01 05:32),NO - 389 here; workspace postdates the report by 20h41m
rep02,ungated,2022[Co][sit]3[ASR]1,2022[Co][sit]3[ASR]1__1of2,129.048,3.113,181.987,1.235,+52.939,3000 prod,3000 prod,"ws/rep02/tables/{mod_rank,t1_wc}.csv",67d64b40bc9a35cf…,2026-09-02T12:0xZ,none - post-seal pull,2026-09-02 02:13,250 paired parents (REPORT.md 2026-09-01 05:32),NO - 389 here; workspace postdates the report by 20h41m
rep02,ungated,0000[Co][sit]3[ASR]2,0000[Co][sit]3[ASR]2__1of2,129.605,1.986,179.76,1.8,+50.155,3000 prod,3000 prod,"ws/rep02/tables/{mod_rank,t1_wc}.csv",67d64b40bc9a35cf…,2026-09-02T12:0xZ,none - post-seal pull,2026-09-02 02:13,250 paired parents (REPORT.md 2026-09-01 05:32),NO - 389 here; workspace postdates the report by 20h41m
rep02,ungated,2007[TbV][nan]3[ASR]1,2007[TbV][nan]3[ASR]1__1of2,91.213,5.144,163.287,4.376,+72.074,3000 prod,3000 prod,"ws/rep02/tables/{mod_rank,t1_wc}.csv",67d64b40bc9a35cf…,2026-09-02T12:0xZ,none - post-seal pull,2026-09-02 02:13,250 paired parents (REPORT.md 2026-09-01 05:32),NO - 389 here; workspace postdates the report by 20h41m
rep02,ungated,2018[U][ths]3[ASR]1,2018[U][ths]3[ASR]1__1of2,69.51,1.125,191.152,1.314,+121.642,3000 prod,3000 prod,"ws/rep02/tables/{mod_rank,t1_wc}.csv",67d64b40bc9a35cf…,2026-09-02T12:0xZ,none - post-seal pull,2026-09-02 02:13,250 paired parents (REPORT.md 2026-09-01 05:32),NO - 389 here; workspace postdates the report by 20h41m
rep02,ungated,2016[Co][nan]3[ASR]2,2016[Co][nan]3[ASR]2__1of2,70.044,2.715,161.394,2.066,+91.350,3000 prod,3000 prod,"ws/rep02/tables/{mod_rank,t1_wc}.csv",67d64b40bc9a35cf…,2026-09-02T12:0xZ,none - post-seal pull,2026-09-02 02:13,250 paired parents (REPORT.md 2026-09-01 05:32),NO - 389 here; workspace postdates the report by 20h41m
rep02,ungated,2017[Co][nan]3[ASR]1,2017[Co][nan]3[ASR]1__1of2,68.423,1.512,161.723,1.348,+93.300,3000 prod,3000 prod,"ws/rep02/tables/{mod_rank,t1_wc}.csv",67d64b40bc9a35cf…,2026-09-02T12:0xZ,none - post-seal pull,2026-09-02 02:13,250 paired parents (REPORT.md 2026-09-01 05:32),NO - 389 here; workspace postdates the report by 20h41m
rep02,ungated,2019[Zn][utp]3[ASR]1,2019[Zn][utp]3[ASR]1__1of2,85.887,6.304,196.304,3.317,+110.417,3000 prod,10000 prod,"ws/rep02/tables/{mod_rank,t1_wc}.csv",67d64b40bc9a35cf…,2026-09-02T12:0xZ,none - post-seal pull,2026-09-02 02:13,250 paired parents (REPORT.md 2026-09-01 05:32),NO - 389 here; workspace postdates the report by 20h41m
rep02,ungated,2008[Zn][dia]3[ASR]2,2008[Zn][dia]3[ASR]2__1of2,56.393,5.822,175.437,3.956,+119.044,3000 prod,3000 prod,"ws/rep02/tables/{mod_rank,t1_wc}.csv",67d64b40bc9a35cf…,2026-09-02T12:0xZ,none - post-seal pull,2026-09-02 02:13,250 paired parents (REPORT.md 2026-09-01 05:32),NO - 389 here; workspace postdates the report by 20h41m
rep02,ungated,2006[Co][ths]3[ASR]1,2006[Co][ths]3[ASR]1__1of2,63.147,2.273,183.372,2.716,+120.225,3000 prod,3000 prod,"ws/rep02/tables/{mod_rank,t1_wc}.csv",67d64b40bc9a35cf…,2026-09-02T12:0xZ,none - post-seal pull,2026-09-02 02:13,250 paired parents (REPORT.md 2026-09-01 05:32),NO - 389 here; workspace postdates the report by 20h41m
rep02,ungated,2004[Zn][ths]3[ASR]1,2004[Zn][ths]3[ASR]1__1of2,86.666,2.546,168.784,1.214,+82.118,3000 prod,3000 prod,"ws/rep02/tables/{mod_rank,t1_wc}.csv",67d64b40bc9a35cf…,2026-09-02T12:0xZ,none - post-seal pull,2026-09-02 02:13,250 paired parents (REPORT.md 2026-09-01 05:32),NO - 389 here; workspace postdates the report by 20h41m
rep02,ungated,2016[Zn][rtl]3[FSR]1,2016[Zn][rtl]3[FSR]1__1of2,46.664,2.834,183.669,2.051,+137.005,3000 prod,3000 prod,"ws/rep02/tables/{mod_rank,t1_wc}.csv",67d64b40bc9a35cf…,2026-09-02T12:0xZ,none - post-seal pull,2026-09-02 02:13,250 paired parents (REPORT.md 2026-09-01 05:32),NO - 389 here; workspace postdates the report by 20h41m
rep02,ungated,2014[Zn][nan]3[ASR]10,2014[Zn][nan]3[ASR]10__1of2,81.873,1.717,161.66,1.744,+79.787,3000 prod,3000 prod,"ws/rep02/tables/{mod_rank,t1_wc}.csv",67d64b40bc9a35cf…,2026-09-02T12:0xZ,none - post-seal pull,2026-09-02 02:13,250 paired parents (REPORT.md 2026-09-01 05:32),NO - 389 here; workspace postdates the report by 20h41m
rep02,ungated,2009[Cu][tbo]3[ASR]2,2009[Cu][tbo]3[ASR]2__1of2,84.712,2.381,172.343,1.205,+87.631,3000 prod,3000 prod,"ws/rep02/tables/{mod_rank,t1_wc}.csv",67d64b40bc9a35cf…,2026-09-02T12:0xZ,none - post-seal pull,2026-09-02 02:13,250 paired parents (REPORT.md 2026-09-01 05:32),NO - 389 here; workspace postdates the report by 20h41m
rep02,ungated,2016[Zn][ths]3[ASR]4,2016[Zn][ths]3[ASR]4__1of2,87.462,3.58,165.961,3.273,+78.499,3000 prod,3000 prod,"ws/rep02/tables/{mod_rank,t1_wc}.csv",67d64b40bc9a35cf…,2026-09-02T12:0xZ,none - post-seal pull,2026-09-02 02:13,250 paired parents (REPORT.md 2026-09-01 05:32),NO - 389 here; workspace postdates the report by 20h41m
rep02,ungated,2013[Zn][ths]3[ASR]3,2013[Zn][ths]3[ASR]3__1of2,85.045,4.644,170.598,1.638,+85.553,3000 prod,3000 prod,"ws/rep02/tables/{mod_rank,t1_wc}.csv",67d64b40bc9a35cf…,2026-09-02T12:0xZ,none - post-seal pull,2026-09-02 02:13,250 paired parents (REPORT.md 2026-09-01 05:32),NO - 389 here; workspace postdates the report by 20h41m
rep02,ungated,2017[Ag][dia]3[ASR]1,2017[Ag][dia]3[ASR]1__1of4,56.662,5.307,181.383,5.636,+124.721,3000 prod,3000 prod,"ws/rep02/tables/{mod_rank,t1_wc}.csv",67d64b40bc9a35cf…,2026-09-02T12:0xZ,none - post-seal pull,2026-09-02 02:13,250 paired parents (REPORT.md 2026-09-01 05:32),NO - 389 here; workspace postdates the report by 20h41m
rep02,ungated,2020[Zn][tfz]3[FSR]2,2020[Zn][tfz]3[FSR]2__1of2,100.143,3.761,174.617,4.446,+74.474,3000 prod,3000 prod,"ws/rep02/tables/{mod_rank,t1_wc}.csv",67d64b40bc9a35cf…,2026-09-02T12:0xZ,none - post-seal pull,2026-09-02 02:13,250 paired parents (REPORT.md 2026-09-01 05:32),NO - 389 here; workspace postdates the report by 20h41m
rep02,ungated,2014[Zn][nan]3[ASR]15,2014[Zn][nan]3[ASR]15__1of2,64.737,2.121,147.96,5.098,+83.223,3000 prod,3000 prod,"ws/rep02/tables/{mod_rank,t1_wc}.csv",67d64b40bc9a35cf…,2026-09-02T12:0xZ,none - post-seal pull,2026-09-02 02:13,250 paired parents (REPORT.md 2026-09-01 05:32),NO - 389 here; workspace postdates the report by 20h41m
rep02,ungated,2016[Zn][ths]3[ASR]12,2016[Zn][ths]3[ASR]12__1of2,90.79,3.058,166.826,4.606,+76.036,3000 prod,3000 prod,"ws/rep02/tables/{mod_rank,t1_wc}.csv",67d64b40bc9a35cf…,2026-09-02T12:0xZ,none - post-seal pull,2026-09-02 02:13,250 paired parents (REPORT.md 2026-09-01 05:32),NO - 389 here; workspace postdates the report by 20h41m
rep02,ungated,2013[Zn][ths]3[ASR]5,2013[Zn][ths]3[ASR]5__1of2,88.14,5.852,168.389,3.44,+80.249,3000 prod,3000 prod,"ws/rep02/tables/{mod_rank,t1_wc}.csv",67d64b40bc9a35cf…,2026-09-02T12:0xZ,none - post-seal pull,2026-09-02 02:13,250 paired parents (REPORT.md 2026-09-01 05:32),NO - 389 here; workspace postdates the report by 20h41m
rep02,ungated,2003[Co][pts]3[ASR]1,2003[Co][pts]3[ASR]1__1of2,41.281,2.964,169.817,4.377,+128.536,3000 prod,3000 prod,"ws/rep02/tables/{mod_rank,t1_wc}.csv",67d64b40bc9a35cf…,2026-09-02T12:0xZ,none - post-seal pull,2026-09-02 02:13,250 paired parents (REPORT.md 2026-09-01 05:32),NO - 389 here; workspace postdates the report by 20h41m
rep02,ungated,2014[Zn][ths]3[FSR]4,2014[Zn][ths]3[FSR]4__1of2,88.317,2.48,168.324,3.288,+80.007,3000 prod,3000 prod,"ws/rep02/tables/{mod_rank,t1_wc}.csv",67d64b40bc9a35cf…,2026-09-02T12:0xZ,none - post-seal pull,2026-09-02 02:13,250 paired parents (REPORT.md 2026-09-01 05:32),NO - 389 here; workspace postdates the report by 20h41m
rep02,ungated,2016[Zn][crb]3[ASR]1,2016[Zn][crb]3[ASR]1__1of2,145.386,2.228,176.782,4.552,+31.396,3000 prod,3000 prod,"ws/rep02/tables/{mod_rank,t1_wc}.csv",67d64b40bc9a35cf…,2026-09-02T12:0xZ,none - post-seal pull,2026-09-02 02:13,250 paired parents (REPORT.md 2026-09-01 05:32),NO - 389 here; workspace postdates the report by 20h41m
rep02,ungated,2013[Zn][ths]3[ASR]13,2013[Zn][ths]3[ASR]13__1of2,89.189,3.162,167.79,3.071,+78.601,3000 prod,3000 prod,"ws/rep02/tables/{mod_rank,t1_wc}.csv",67d64b40bc9a35cf…,2026-09-02T12:0xZ,none - post-seal pull,2026-09-02 02:13,250 paired parents (REPORT.md 2026-09-01 05:32),NO - 389 here; workspace postdates the report by 20h41m
rep02,ungated,2014[Zn][utp]3[ASR]2,2014[Zn][utp]3[ASR]2__1of2,68.233,7.084,185.765,4.902,+117.532,3000 prod,3000 prod,"ws/rep02/tables/{mod_rank,t1_wc}.csv",67d64b40bc9a35cf…,2026-09-02T12:0xZ,none - post-seal pull,2026-09-02 02:13,250 paired parents (REPORT.md 2026-09-01 05:32),NO - 389 here; workspace postdates the report by 20h41m
rep02,ungated,2020[Co][mab]3[ASR]1,2020[Co][mab]3[ASR]1__1of2,54.021,3.739,178.271,3.763,+124.250,3000 prod,3000 prod,"ws/rep02/tables/{mod_rank,t1_wc}.csv",67d64b40bc9a35cf…,2026-09-02T12:0xZ,none - post-seal pull,2026-09-02 02:13,250 paired parents (REPORT.md 2026-09-01 05:32),NO - 389 here; workspace postdates the report by 20h41m
rep02,ungated,2009[Cu][dia]3[ASR]2,2009[Cu][dia]3[ASR]2__1of2,60.242,5.193,183.669,2.424,+123.427,3000 prod,3000 prod,"ws/rep02/tables/{mod_rank,t1_wc}.csv",67d64b40bc9a35cf…,2026-09-02T12:0xZ,none - post-seal pull,2026-09-02 02:13,250 paired parents (REPORT.md 2026-09-01 05:32),NO - 389 here; workspace postdates the report by 20h41m
rep02,ungated,2007[TbV][nan]3[FSR]1,2007[TbV][nan]3[FSR]1__1of2,78.636,5.754,159.624,4.588,+80.988,3000 prod,3000 prod,"ws/rep02/tables/{mod_rank,t1_wc}.csv",67d64b40bc9a35cf…,2026-09-02T12:0xZ,none - post-seal pull,2026-09-02 02:13,250 paired parents (REPORT.md 2026-09-01 05:32),NO - 389 here; workspace postdates the report by 20h41m
rep02,ungated,2023[Cd][nan]3[ASR]2,2023[Cd][nan]3[ASR]2__1of2,107.3,2.625,176.45,2.035,+69.150,3000 prod,3000 prod,"ws/rep02/tables/{mod_rank,t1_wc}.csv",67d64b40bc9a35cf…,2026-09-02T12:0xZ,none - post-seal pull,2026-09-02 02:13,250 paired parents (REPORT.md 2026-09-01 05:32),NO - 389 here; workspace postdates the report by 20h41m
rep02,ungated,2013[Zn][ths]3[ASR]12,2013[Zn][ths]3[ASR]12__1of2,91.383,3.035,168.495,3.848,+77.112,3000 prod,3000 prod,"ws/rep02/tables/{mod_rank,t1_wc}.csv",67d64b40bc9a35cf…,2026-09-02T12:0xZ,none - post-seal pull,2026-09-02 02:13,250 paired parents (REPORT.md 2026-09-01 05:32),NO - 389 here; workspace postdates the report by 20h41m
rep02,ungated,2013[Zn][ths]3[ASR]9,2013[Zn][ths]3[ASR]9__1of2,89.311,2.952,170.281,2.616,+80.970,3000 prod,3000 prod,"ws/rep02/tables/{mod_rank,t1_wc}.csv",67d64b40bc9a35cf…,2026-09-02T12:0xZ,none - post-seal pull,2026-09-02 02:13,250 paired parents (REPORT.md 2026-09-01 05:32),NO - 389 here; workspace postdates the report by 20h41m
rep02,ungated,2016[Zn][ths]3[FSR]2,2016[Zn][ths]3[FSR]2__1of2,88.379,3.954,170.162,3.164,+81.783,3000 prod,3000 prod,"ws/rep02/tables/{mod_rank,t1_wc}.csv",67d64b40bc9a35cf…,2026-09-02T12:0xZ,none - post-seal pull,2026-09-02 02:13,250 paired parents (REPORT.md 2026-09-01 05:32),NO - 389 here; workspace postdates the report by 20h41m
rep02,ungated,2005[Ag][dia]3[ASR]1,2005[Ag][dia]3[ASR]1__1of2,89.521,4.824,196.377,0.816,+106.856,3000 prod,10000 prod,"ws/rep02/tables/{mod_rank,t1_wc}.csv",67d64b40bc9a35cf…,2026-09-02T12:0xZ,none - post-seal pull,2026-09-02 02:13,250 paired parents (REPORT.md 2026-09-01 05:32),NO - 389 here; workspace postdates the report by 20h41m
rep02,ungated,2005[Ag][dia]3[ION]1,2005[Ag][dia]3[ION]1__1of2,83.729,5.331,195.619,1.541,+111.890,3000 prod,10000 prod,"ws/rep02/tables/{mod_rank,t1_wc}.csv",67d64b40bc9a35cf…,2026-09-02T12:0xZ,none - post-seal pull,2026-09-02 02:13,250 paired parents (REPORT.md 2026-09-01 05:32),NO - 389 here; workspace postdates the report by 20h41m
rep02,ungated,2016[Zn][ths]3[ASR]7,2016[Zn][ths]3[ASR]7__1of2,93.52,3.998,167.852,4.602,+74.332,3000 prod,3000 prod,"ws/rep02/tables/{mod_rank,t1_wc}.csv",67d64b40bc9a35cf…,2026-09-02T12:0xZ,none - post-seal pull,2026-09-02 02:13,250 paired parents (REPORT.md 2026-09-01 05:32),NO - 389 here; workspace postdates the report by 20h41m
rep02,ungated,2013[Zn][ths]3[ASR]4,2013[Zn][ths]3[ASR]4__1of2,92.65,2.221,166.565,1.339,+73.915,3000 prod,3000 prod,"ws/rep02/tables/{mod_rank,t1_wc}.csv",67d64b40bc9a35cf…,2026-09-02T12:0xZ,none - post-seal pull,2026-09-02 02:13,250 paired parents (REPORT.md 2026-09-01 05:32),NO - 389 here; workspace postdates the report by 20h41m
rep02,ungated,2016[Zn][ths]3[FSR]1,2016[Zn][ths]3[FSR]1__1of2,89.908,2.353,168.686,2.017,+78.778,3000 prod,3000 prod,"ws/rep02/tables/{mod_rank,t1_wc}.csv",67d64b40bc9a35cf…,2026-09-02T12:0xZ,none - post-seal pull,2026-09-02 02:13,250 paired parents (REPORT.md 2026-09-01 05:32),NO - 389 here; workspace postdates the report by 20h41m
rep02,ungated,2016[Zn][ths]3[ASR]11,2016[Zn][ths]3[ASR]11__1of2,91.228,3.09,169.895,3.206,+78.667,3000 prod,3000 prod,"ws/rep02/tables/{mod_rank,t1_wc}.csv",67d64b40bc9a35cf…,2026-09-02T12:0xZ,none - post-seal pull,2026-09-02 02:13,250 paired parents (REPORT.md 2026-09-01 05:32),NO - 389 here; workspace postdates the report by 20h41m
rep02,ungated,2013[Zn][ths]3[ASR]10,2013[Zn][ths]3[ASR]10__1of2,98.93,3.536,169.356,2.025,+70.426,3000 prod,3000 prod,"ws/rep02/tables/{mod_rank,t1_wc}.csv",67d64b40bc9a35cf…,2026-09-02T12:0xZ,none - post-seal pull,2026-09-02 02:13,250 paired parents (REPORT.md 2026-09-01 05:32),NO - 389 here; workspace postdates the report by 20h41m
rep02,ungated,2013[Zn][ths]3[ASR]1,2013[Zn][ths]3[ASR]1__1of2,93.026,3.857,169.575,3.822,+76.549,3000 prod,3000 prod,"ws/rep02/tables/{mod_rank,t1_wc}.csv",67d64b40bc9a35cf…,2026-09-02T12:0xZ,none - post-seal pull,2026-09-02 02:13,250 paired parents (REPORT.md 2026-09-01 05:32),NO - 389 here; workspace postdates the report by 20h41m
rep02,ungated,2013[Cu][lvt]3[ASR]1,2013[Cu][lvt]3[ASR]1__1of2,135.403,3.154,183.282,2.256,+47.879,3000 prod,3000 prod,"ws/rep02/tables/{mod_rank,t1_wc}.csv",67d64b40bc9a35cf…,2026-09-02T12:0xZ,none - post-seal pull,2026-09-02 02:13,250 paired parents (REPORT.md 2026-09-01 05:32),NO - 389 here; workspace postdates the report by 20h41m
rep02,ungated,2017[Zn][ths]3[ASR]3,2017[Zn][ths]3[ASR]3__1of2,99.328,5.195,166.598,2.261,+67.270,3000 prod,3000 prod,"ws/rep02/tables/{mod_rank,t1_wc}.csv",67d64b40bc9a35cf…,2026-09-02T12:0xZ,none - post-seal pull,2026-09-02 02:13,250 paired parents (REPORT.md 2026-09-01 05:32),NO - 389 here; workspace postdates the report by 20h41m
rep02,ungated,2016[Zn][ths]3[ASR]8,2016[Zn][ths]3[ASR]8__1of2,95.334,2.937,169.872,2.334,+74.538,3000 prod,3000 prod,"ws/rep02/tables/{mod_rank,t1_wc}.csv",67d64b40bc9a35cf…,2026-09-02T12:0xZ,none - post-seal pull,2026-09-02 02:13,250 paired parents (REPORT.md 2026-09-01 05:32),NO - 389 here; workspace postdates the report by 20h41m
rep02,ungated,2010[Mn][pts]3[ASR]1,2010[Mn][pts]3[ASR]1__1of2,26.34,1.632,165.388,2.312,+139.048,3000 prod,3000 prod,"ws/rep02/tables/{mod_rank,t1_wc}.csv",67d64b40bc9a35cf…,2026-09-02T12:0xZ,none - post-seal pull,2026-09-02 02:13,250 paired parents (REPORT.md 2026-09-01 05:32),NO - 389 here; workspace postdates the report by 20h41m
rep02,ungated,2017[Zn][ths]3[ASR]1,2017[Zn][ths]3[ASR]1__1of2,93.441,2.852,166.941,3.095,+73.500,3000 prod,3000 prod,"ws/rep02/tables/{mod_rank,t1_wc}.csv",67d64b40bc9a35cf…,2026-09-02T12:0xZ,none - post-seal pull,2026-09-02 02:13,250 paired parents (REPORT.md 2026-09-01 05:32),NO - 389 here; workspace postdates the report by 20h41m
rep02,ungated,2014[FeAu][fsc]3[FSR]2,2014[FeAu][fsc]3[FSR]2__1of2,57.175,2.978,156.713,2.905,+99.538,3000 prod,3000 prod,"ws/rep02/tables/{mod_rank,t1_wc}.csv",67d64b40bc9a35cf…,2026-09-02T12:0xZ,none - post-seal pull,2026-09-02 02:13,250 paired parents (REPORT.md 2026-09-01 05:32),NO - 389 here; workspace postdates the report by 20h41m
rep02,ungated,2019[Bi][sra]3[FSR]1,2019[Bi][sra]3[FSR]1__1of2,48.751,2.876,183.447,2.757,+134.696,3000 prod,3000 prod,"ws/rep02/tables/{mod_rank,t1_wc}.csv",67d64b40bc9a35cf…,2026-09-02T12:0xZ,none - post-seal pull,2026-09-02 02:13,250 paired parents (REPORT.md 2026-09-01 05:32),NO - 389 here; workspace postdates the report by 20h41m
rep02,ungated,2010[ZnPd][pts]3[FSR]1,2010[ZnPd][pts]3[FSR]1__1of2,42.489,1.833,161.774,1.702,+119.285,3000 prod,3000 prod,"ws/rep02/tables/{mod_rank,t1_wc}.csv",67d64b40bc9a35cf…,2026-09-02T12:0xZ,none - post-seal pull,2026-09-02 02:13,250 paired parents (REPORT.md 2026-09-01 05:32),NO - 389 here; workspace postdates the report by 20h41m
rep02,ungated,0000[Fe][pts]3[ASR]1,0000[Fe][pts]3[ASR]1__1of2,27.108,1.959,165.874,2.007,+138.766,3000 prod,3000 prod,"ws/rep02/tables/{mod_rank,t1_wc}.csv",67d64b40bc9a35cf…,2026-09-02T12:0xZ,none - post-seal pull,2026-09-02 02:13,250 paired parents (REPORT.md 2026-09-01 05:32),NO - 389 here; workspace postdates the report by 20h41m
rep02,ungated,2017[Zn][ths]3[ASR]4,2017[Zn][ths]3[ASR]4__1of2,99.317,4.043,168.602,2.925,+69.285,3000 prod,3000 prod,"ws/rep02/tables/{mod_rank,t1_wc}.csv",67d64b40bc9a35cf…,2026-09-02T12:0xZ,none - post-seal pull,2026-09-02 02:13,250 paired parents (REPORT.md 2026-09-01 05:32),NO - 389 here; workspace postdates the report by 20h41m
rep02,ungated,2013[Zn][ths]3[ASR]11,2013[Zn][ths]3[ASR]11__1of2,91.611,1.595,168.03,3.639,+76.419,3000 prod,3000 prod,"ws/rep02/tables/{mod_rank,t1_wc}.csv",67d64b40bc9a35cf…,2026-09-02T12:0xZ,none - post-seal pull,2026-09-02 02:13,250 paired parents (REPORT.md 2026-09-01 05:32),NO - 389 here; workspace postdates the report by 20h41m
rep02,ungated,2020[Zn][nan]3[ASR]1,2020[Zn][nan]3[ASR]1__1of2,92.876,5.072,182.939,2.009,+90.063,3000 prod,3000 prod,"ws/rep02/tables/{mod_rank,t1_wc}.csv",67d64b40bc9a35cf…,2026-09-02T12:0xZ,none - post-seal pull,2026-09-02 02:13,250 paired parents (REPORT.md 2026-09-01 05:32),NO - 389 here; workspace postdates the report by 20h41m
rep02,ungated,2016[Zn][ths]3[ASR]10,2016[Zn][ths]3[ASR]10__1of2,96.979,1.701,167.58,2.882,+70.601,3000 prod,3000 prod,"ws/rep02/tables/{mod_rank,t1_wc}.csv",67d64b40bc9a35cf…,2026-09-02T12:0xZ,none - post-seal pull,2026-09-02 02:13,250 paired parents (REPORT.md 2026-09-01 05:32),NO - 389 here; workspace postdates the report by 20h41m
rep02,ungated,2020[Zr][afw]3[ASR]1,2020[Zr][afw]3[ASR]1__1of2,87.05,1.755,145.625,2.462,+58.575,3000 prod,3000 prod,"ws/rep02/tables/{mod_rank,t1_wc}.csv",67d64b40bc9a35cf…,2026-09-02T12:0xZ,none - post-seal pull,2026-09-02 02:13,250 paired parents (REPORT.md 2026-09-01 05:32),NO - 389 here; workspace postdates the report by 20h41m
rep02,ungated,2016[Zn][ths]3[ASR]6,2016[Zn][ths]3[ASR]6__1of2,96.933,4.081,168.281,2.907,+71.348,3000 prod,3000 prod,"ws/rep02/tables/{mod_rank,t1_wc}.csv",67d64b40bc9a35cf…,2026-09-02T12:0xZ,none - post-seal pull,2026-09-02 02:13,250 paired parents (REPORT.md 2026-09-01 05:32),NO - 389 here; workspace postdates the report by 20h41m
rep02,ungated,2016[Zn][ths]3[ASR]3,2016[Zn][ths]3[ASR]3__1of2,102.98,4.425,166.768,2.564,+63.788,3000 prod,3000 prod,"ws/rep02/tables/{mod_rank,t1_wc}.csv",67d64b40bc9a35cf…,2026-09-02T12:0xZ,none - post-seal pull,2026-09-02 02:13,250 paired parents (REPORT.md 2026-09-01 05:32),NO - 389 here; workspace postdates the report by 20h41m
rep02,ungated,2014[Zn][pcu]3[ASR]19,2014[Zn][pcu]3[ASR]19__1of2,77.393,4.538,184.464,4.893,+107.071,3000 prod,3000 prod,"ws/rep02/tables/{mod_rank,t1_wc}.csv",67d64b40bc9a35cf…,2026-09-02T12:0xZ,none - post-seal pull,2026-09-02 02:13,250 paired parents (REPORT.md 2026-09-01 05:32),NO - 389 here; workspace postdates the report by 20h41m
rep02,ungated,2012[CuMn][dia]3[ASR]1,2012[CuMn][dia]3[ASR]1__1of2,92.819,2.994,149.297,1.971,+56.478,3000 prod,3000 prod,"ws/rep02/tables/{mod_rank,t1_wc}.csv",67d64b40bc9a35cf…,2026-09-02T12:0xZ,none - post-seal pull,2026-09-02 02:13,250 paired parents (REPORT.md 2026-09-01 05:32),NO - 389 here; workspace postdates the report by 20h41m
rep02,ungated,2013[Zn][pcu]3[ASR]11,2013[Zn][pcu]3[ASR]11__1of2,56.082,3.651,178.596,2.198,+122.514,3000 prod,3000 prod,"ws/rep02/tables/{mod_rank,t1_wc}.csv",67d64b40bc9a35cf…,2026-09-02T12:0xZ,none - post-seal pull,2026-09-02 02:13,250 paired parents (REPORT.md 2026-09-01 05:32),NO - 389 here; workspace postdates the report by 20h41m
rep02,ungated,2021[Cd][tfz]3[FSR]1,2021[Cd][tfz]3[FSR]1__1of2,53.435,4.608,180.821,4.537,+127.386,3000 prod,3000 prod,"ws/rep02/tables/{mod_rank,t1_wc}.csv",67d64b40bc9a35cf…,2026-09-02T12:0xZ,none - post-seal pull,2026-09-02 02:13,250 paired parents (REPORT.md 2026-09-01 05:32),NO - 389 here; workspace postdates the report by 20h41m
rep02,ungated,2019[Ni][dia]3[ASR]3,2019[Ni][dia]3[ASR]3__1of2,43.055,3.665,172.275,3.226,+129.220,3000 prod,3000 prod,"ws/rep02/tables/{mod_rank,t1_wc}.csv",67d64b40bc9a35cf…,2026-09-02T12:0xZ,none - post-seal pull,2026-09-02 02:13,250 paired parents (REPORT.md 2026-09-01 05:32),NO - 389 here; workspace postdates the report by 20h41m
rep02,ungated,2017[Zn][ths]3[ASR]2,2017[Zn][ths]3[ASR]2__1of2,100.263,2.939,165.476,3.326,+65.213,3000 prod,3000 prod,"ws/rep02/tables/{mod_rank,t1_wc}.csv",67d64b40bc9a35cf…,2026-09-02T12:0xZ,none - post-seal pull,2026-09-02 02:13,250 paired parents (REPORT.md 2026-09-01 05:32),NO - 389 here; workspace postdates the report by 20h41m
rep02,ungated,2016[Co][nan]3[ASR]26,2016[Co][nan]3[ASR]26__1of2,53.868,4.043,183.429,3.85,+129.561,3000 prod,3000 prod,"ws/rep02/tables/{mod_rank,t1_wc}.csv",67d64b40bc9a35cf…,2026-09-02T12:0xZ,none - post-seal pull,2026-09-02 02:13,250 paired parents (REPORT.md 2026-09-01 05:32),NO - 389 here; workspace postdates the report by 20h41m
rep02,ungated,2013[Zn][ths]3[ASR]7,2013[Zn][ths]3[ASR]7__1of2,106.847,2.803,166.196,2.515,+59.349,3000 prod,3000 prod,"ws/rep02/tables/{mod_rank,t1_wc}.csv",67d64b40bc9a35cf…,2026-09-02T12:0xZ,none - post-seal pull,2026-09-02 02:13,250 paired parents (REPORT.md 2026-09-01 05:32),NO - 389 here; workspace postdates the report by 20h41m
rep02,ungated,2007[Zn][ths]3[ASR]3,2007[Zn][ths]3[ASR]3__1of2,97.486,3.772,168.401,2.95,+70.915,3000 prod,3000 prod,"ws/rep02/tables/{mod_rank,t1_wc}.csv",67d64b40bc9a35cf…,2026-09-02T12:0xZ,none - post-seal pull,2026-09-02 02:13,250 paired parents (REPORT.md 2026-09-01 05:32),NO - 389 here; workspace postdates the report by 20h41m
rep02,ungated,2024[Th][llj]3[ASR]1,2024[Th][llj]3[ASR]1__1of2,78.557,2.896,164.339,1.484,+85.782,3000 prod,3000 prod,"ws/rep02/tables/{mod_rank,t1_wc}.csv",67d64b40bc9a35cf…,2026-09-02T12:0xZ,none - post-seal pull,2026-09-02 02:13,250 paired parents (REPORT.md 2026-09-01 05:32),NO - 389 here; workspace postdates the report by 20h41m
rep02,ungated,2007[Zn][ths]3[ASR]1,2007[Zn][ths]3[ASR]1__1of2,99.365,2.593,166.942,2.352,+67.577,3000 prod,3000 prod,"ws/rep02/tables/{mod_rank,t1_wc}.csv",67d64b40bc9a35cf…,2026-09-02T12:0xZ,none - post-seal pull,2026-09-02 02:13,250 paired parents (REPORT.md 2026-09-01 05:32),NO - 389 here; workspace postdates the report by 20h41m
rep02,ungated,2016[USi][ths]3[ASR]1,2016[USi][ths]3[ASR]1__1of2,50.453,3.578,181.355,3.227,+130.902,3000 prod,3000 prod,"ws/rep02/tables/{mod_rank,t1_wc}.csv",67d64b40bc9a35cf…,2026-09-02T12:0xZ,none - post-seal pull,2026-09-02 02:13,250 paired parents (REPORT.md 2026-09-01 05:32),NO - 389 here; workspace postdates the report by 20h41m
rep02,ungated,2007[Zn][ths]3[ASR]2,2007[Zn][ths]3[ASR]2__1of2,100.927,2.486,164.475,3.185,+63.548,3000 prod,3000 prod,"ws/rep02/tables/{mod_rank,t1_wc}.csv",67d64b40bc9a35cf…,2026-09-02T12:0xZ,none - post-seal pull,2026-09-02 02:13,250 paired parents (REPORT.md 2026-09-01 05:32),NO - 389 here; workspace postdates the report by 20h41m
rep02,ungated,2014[Cd][tfz]3[ASR]1,2014[Cd][tfz]3[ASR]1__1of2,63.229,2.752,189.722,2.578,+126.493,3000 prod,3000 prod,"ws/rep02/tables/{mod_rank,t1_wc}.csv",67d64b40bc9a35cf…,2026-09-02T12:0xZ,none - post-seal pull,2026-09-02 02:13,250 paired parents (REPORT.md 2026-09-01 05:32),NO - 389 here; workspace postdates the report by 20h41m
rep02,ungated,2018[Co][nan]3[ASR]2,2018[Co][nan]3[ASR]2__1of2,54.521,3.444,181.907,3.993,+127.386,3000 prod,3000 prod,"ws/rep02/tables/{mod_rank,t1_wc}.csv",67d64b40bc9a35cf…,2026-09-02T12:0xZ,none - post-seal pull,2026-09-02 02:13,250 paired parents (REPORT.md 2026-09-01 05:32),NO - 389 here; workspace postdates the report by 20h41m
rep02,ungated,2018[CuIn][nan]3[FSR]1,2018[CuIn][nan]3[FSR]1__1of2,43.27,6.7,174.774,1.943,+131.504,3000 prod,3000 prod,"ws/rep02/tables/{mod_rank,t1_wc}.csv",67d64b40bc9a35cf…,2026-09-02T12:0xZ,none - post-seal pull,2026-09-02 02:13,250 paired parents (REPORT.md 2026-09-01 05:32),NO - 389 here; workspace postdates the report by 20h41m
rep02,ungated,2012[Co][dia]3[FSR]5,2012[Co][dia]3[FSR]5__1of2,37.372,6.117,175.649,2.641,+138.277,3000 prod,3000 prod,"ws/rep02/tables/{mod_rank,t1_wc}.csv",67d64b40bc9a35cf…,2026-09-02T12:0xZ,none - post-seal pull,2026-09-02 02:13,250 paired parents (REPORT.md 2026-09-01 05:32),NO - 389 here; workspace postdates the report by 20h41m
rep02,ungated,2022[Cd][pcu]3[ASR]1,2022[Cd][pcu]3[ASR]1__1of2,44.921,3.732,178.523,2.743,+133.602,3000 prod,3000 prod,"ws/rep02/tables/{mod_rank,t1_wc}.csv",67d64b40bc9a35cf…,2026-09-02T12:0xZ,none - post-seal pull,2026-09-02 02:13,250 paired parents (REPORT.md 2026-09-01 05:32),NO - 389 here; workspace postdates the report by 20h41m
rep02,ungated,2024[Cd][nan]3[ASR]5,2024[Cd][nan]3[ASR]5__1of2,77.282,4.347,177.527,1.723,+100.245,3000 prod,3000 prod,"ws/rep02/tables/{mod_rank,t1_wc}.csv",67d64b40bc9a35cf…,2026-09-02T12:0xZ,none - post-seal pull,2026-09-02 02:13,250 paired parents (REPORT.md 2026-09-01 05:32),NO - 389 here; workspace postdates the report by 20h41m
rep02,ungated,2023[Cd][nan]3[ASR]3,2023[Cd][nan]3[ASR]3__1of2,78.038,6.03,178.764,2.229,+100.726,3000 prod,3000 prod,"ws/rep02/tables/{mod_rank,t1_wc}.csv",67d64b40bc9a35cf…,2026-09-02T12:0xZ,none - post-seal pull,2026-09-02 02:13,250 paired parents (REPORT.md 2026-09-01 05:32),NO - 389 here; workspace postdates the report by 20h41m
rep02,ungated,2016[Yb][lcy]3[ASR]1,2016[Yb][lcy]3[ASR]1__1of2,165.944,4.749,179.35,4.547,+13.406,3000 prod,3000 prod,"ws/rep02/tables/{mod_rank,t1_wc}.csv",67d64b40bc9a35cf…,2026-09-02T12:0xZ,none - post-seal pull,2026-09-02 02:13,250 paired parents (REPORT.md 2026-09-01 05:32),NO - 389 here; workspace postdates the report by 20h41m
rep02,ungated,2013[Zn][ths]3[ASR]8,2013[Zn][ths]3[ASR]8__1of2,107.243,3.162,166.214,3.868,+58.971,3000 prod,3000 prod,"ws/rep02/tables/{mod_rank,t1_wc}.csv",67d64b40bc9a35cf…,2026-09-02T12:0xZ,none - post-seal pull,2026-09-02 02:13,250 paired parents (REPORT.md 2026-09-01 05:32),NO - 389 here; workspace postdates the report by 20h41m
rep02,ungated,2011[In][dia]3[ASR]2,2011[In][dia]3[ASR]2__1of2,78.376,2.89,177.817,2.796,+99.441,3000 prod,3000 prod,"ws/rep02/tables/{mod_rank,t1_wc}.csv",67d64b40bc9a35cf…,2026-09-02T12:0xZ,none - post-seal pull,2026-09-02 02:13,250 paired parents (REPORT.md 2026-09-01 05:32),NO - 389 here; workspace postdates the report by 20h41m
rep02,ungated,2019[Mn][srs]3[ASR]1,2019[Mn][srs]3[ASR]1__1of2,56.113,4.07,176.15,1.997,+120.037,3000 prod,3000 prod,"ws/rep02/tables/{mod_rank,t1_wc}.csv",67d64b40bc9a35cf…,2026-09-02T12:0xZ,none - post-seal pull,2026-09-02 02:13,250 paired parents (REPORT.md 2026-09-01 05:32),NO - 389 here; workspace postdates the report by 20h41m
rep02,ungated,2016[Mg][hms]3[ASR]1,2016[Mg][hms]3[ASR]1__1of2,71.292,5.458,173.71,1.722,+102.418,3000 prod,3000 prod,"ws/rep02/tables/{mod_rank,t1_wc}.csv",67d64b40bc9a35cf…,2026-09-02T12:0xZ,none - post-seal pull,2026-09-02 02:13,250 paired parents (REPORT.md 2026-09-01 05:32),NO - 389 here; workspace postdates the report by 20h41m
rep02,ungated,2015[Zn][ths]3[ASR]2,2015[Zn][ths]3[ASR]2__1of2,100.201,3.739,162.516,4.333,+62.315,3000 prod,3000 prod,"ws/rep02/tables/{mod_rank,t1_wc}.csv",67d64b40bc9a35cf…,2026-09-02T12:0xZ,none - post-seal pull,2026-09-02 02:13,250 paired parents (REPORT.md 2026-09-01 05:32),NO - 389 here; workspace postdates the report by 20h41m
rep02,ungated,2020[Fe][pts]3[ASR]1,2020[Fe][pts]3[ASR]1__1of2,69.838,3.549,163.313,2.166,+93.475,3000 prod,3000 prod,"ws/rep02/tables/{mod_rank,t1_wc}.csv",67d64b40bc9a35cf…,2026-09-02T12:0xZ,none - post-seal pull,2026-09-02 02:13,250 paired parents (REPORT.md 2026-09-01 05:32),NO - 389 here; workspace postdates the report by 20h41m
rep02,ungated,2018[Zn][pcu]3[ASR]15,2018[Zn][pcu]3[ASR]15__1of2,39.349,4.513,177.44,5.252,+138.091,3000 prod,3000 prod,"ws/rep02/tables/{mod_rank,t1_wc}.csv",67d64b40bc9a35cf…,2026-09-02T12:0xZ,none - post-seal pull,2026-09-02 02:13,250 paired parents (REPORT.md 2026-09-01 05:32),NO - 389 here; workspace postdates the report by 20h41m
rep02,ungated,2011[In][dia]3[ASR]3,2011[In][dia]3[ASR]3__1of2,74.055,3.728,181.178,1.824,+107.123,3000 prod,3000 prod,"ws/rep02/tables/{mod_rank,t1_wc}.csv",67d64b40bc9a35cf…,2026-09-02T12:0xZ,none - post-seal pull,2026-09-02 02:13,250 paired parents (REPORT.md 2026-09-01 05:32),NO - 389 here; workspace postdates the report by 20h41m
rep02,ungated,2008[Zn][srs]3[FSR]8,2008[Zn][srs]3[FSR]8__1of2,121.518,3.178,161.732,1.852,+40.214,3000 prod,3000 prod,"ws/rep02/tables/{mod_rank,t1_wc}.csv",67d64b40bc9a35cf…,2026-09-02T12:0xZ,none - post-seal pull,2026-09-02 02:13,250 paired parents (REPORT.md 2026-09-01 05:32),NO - 389 here; workspace postdates the report by 20h41m
rep02,ungated,2023[Fe][ant]3[ASR]1,2023[Fe][ant]3[ASR]1__1of2,131.272,1.174,172.28,1.871,+41.008,3000 prod,3000 prod,"ws/rep02/tables/{mod_rank,t1_wc}.csv",67d64b40bc9a35cf…,2026-09-02T12:0xZ,none - post-seal pull,2026-09-02 02:13,250 paired parents (REPORT.md 2026-09-01 05:32),NO - 389 here; workspace postdates the report by 20h41m
rep02,ungated,2012[CuMo][dia]3[ASR]2,2012[CuMo][dia]3[ASR]2__1of2,39.245,3.059,169.948,3.733,+130.703,3000 prod,3000 prod,"ws/rep02/tables/{mod_rank,t1_wc}.csv",67d64b40bc9a35cf…,2026-09-02T12:0xZ,none - post-seal pull,2026-09-02 02:13,250 paired parents (REPORT.md 2026-09-01 05:32),NO - 389 here; workspace postdates the report by 20h41m
rep02,ungated,2008[Zn][srs]3[ASR]5,2008[Zn][srs]3[ASR]5__1of2,120.25,4.451,163.911,2.595,+43.661,3000 prod,3000 prod,"ws/rep02/tables/{mod_rank,t1_wc}.csv",67d64b40bc9a35cf…,2026-09-02T12:0xZ,none - post-seal pull,2026-09-02 02:13,250 paired parents (REPORT.md 2026-09-01 05:32),NO - 389 here; workspace postdates the report by 20h41m
rep02,ungated,2005[Zn][srs]3[ASR]2,2005[Zn][srs]3[ASR]2__1of2,119.995,3.07,163.832,2.656,+43.837,3000 prod,3000 prod,"ws/rep02/tables/{mod_rank,t1_wc}.csv",67d64b40bc9a35cf…,2026-09-02T12:0xZ,none - post-seal pull,2026-09-02 02:13,250 paired parents (REPORT.md 2026-09-01 05:32),NO - 389 here; workspace postdates the report by 20h41m
rep02,ungated,2023[In][nht]3[ASR]2,2023[In][nht]3[ASR]2__1of2,135.638,4.888,173.066,4.538,+37.428,3000 prod,3000 prod,"ws/rep02/tables/{mod_rank,t1_wc}.csv",67d64b40bc9a35cf…,2026-09-02T12:0xZ,none - post-seal pull,2026-09-02 02:13,250 paired parents (REPORT.md 2026-09-01 05:32),NO - 389 here; workspace postdates the report by 20h41m
rep02,ungated,2019[Zn][sit]3[ASR]1,2019[Zn][sit]3[ASR]1__1of2,51.47,6.902,180.161,4.315,+128.691,3000 prod,3000 prod,"ws/rep02/tables/{mod_rank,t1_wc}.csv",67d64b40bc9a35cf…,2026-09-02T12:0xZ,none - post-seal pull,2026-09-02 02:13,250 paired parents (REPORT.md 2026-09-01 05:32),NO - 389 here; workspace postdates the report by 20h41m
rep02,ungated,2008[Zn][nan]3[ASR]2,2008[Zn][nan]3[ASR]2__1of2,40.281,2.164,189.559,2.359,+149.278,3000 prod,3000 prod,"ws/rep02/tables/{mod_rank,t1_wc}.csv",67d64b40bc9a35cf…,2026-09-02T12:0xZ,none - post-seal pull,2026-09-02 02:13,250 paired parents (REPORT.md 2026-09-01 05:32),NO - 389 here; workspace postdates the report by 20h41m
rep02,ungated,0000[Fe][acs]3[ASR]2,0000[Fe][acs]3[ASR]2__1of2,145.062,2.389,169.405,2.62,+24.343,3000 prod,3000 prod,"ws/rep02/tables/{mod_rank,t1_wc}.csv",67d64b40bc9a35cf…,2026-09-02T12:0xZ,none - post-seal pull,2026-09-02 02:13,250 paired parents (REPORT.md 2026-09-01 05:32),NO - 389 here; workspace postdates the report by 20h41m
rep02,ungated,2012[CuMo][dia]3[ASR]3,2012[CuMo][dia]3[ASR]3__1of2,44.577,5.512,171.758,1.987,+127.181,3000 prod,3000 prod,"ws/rep02/tables/{mod_rank,t1_wc}.csv",67d64b40bc9a35cf…,2026-09-02T12:0xZ,none - post-seal pull,2026-09-02 02:13,250 paired parents (REPORT.md 2026-09-01 05:32),NO - 389 here; workspace postdates the report by 20h41m
rep02,ungated,2012[CuMo][dia]3[ASR]1,2012[CuMo][dia]3[ASR]1__1of2,39.503,2.391,172.439,2.799,+132.936,3000 prod,3000 prod,"ws/rep02/tables/{mod_rank,t1_wc}.csv",67d64b40bc9a35cf…,2026-09-02T12:0xZ,none - post-seal pull,2026-09-02 02:13,250 paired parents (REPORT.md 2026-09-01 05:32),NO - 389 here; workspace postdates the report by 20h41m
rep02,ungated,0000[Fe][acs]3[ASR]1,0000[Fe][acs]3[ASR]1__1of2,145.704,2.146,169.11,2.565,+23.406,3000 prod,3000 prod,"ws/rep02/tables/{mod_rank,t1_wc}.csv",67d64b40bc9a35cf…,2026-09-02T12:0xZ,none - post-seal pull,2026-09-02 02:13,250 paired parents (REPORT.md 2026-09-01 05:32),NO - 389 here; workspace postdates the report by 20h41m
rep02,ungated,2005[Zn][srs]3[ASR]8,2005[Zn][srs]3[ASR]8__1of2,111.381,2.558,163.02,2.288,+51.639,3000 prod,3000 prod,"ws/rep02/tables/{mod_rank,t1_wc}.csv",67d64b40bc9a35cf…,2026-09-02T12:0xZ,none - post-seal pull,2026-09-02 02:13,250 paired parents (REPORT.md 2026-09-01 05:32),NO - 389 here; workspace postdates the report by 20h41m
rep02,ungated,0000[Lu][lcy]3[ASR]1,0000[Lu][lcy]3[ASR]1__1of2,166.382,2.999,177.07,4.774,+10.688,3000 prod,3000 prod,"ws/rep02/tables/{mod_rank,t1_wc}.csv",67d64b40bc9a35cf…,2026-09-02T12:0xZ,none - post-seal pull,2026-09-02 02:13,250 paired parents (REPORT.md 2026-09-01 05:32),NO - 389 here; workspace postdates the report by 20h41m
rep02,ungated,2012[Zn][pcu]3[ASR]2,2012[Zn][pcu]3[ASR]2__1of2,81.435,3.432,170.579,3.26,+89.144,3000 prod,3000 prod,"ws/rep02/tables/{mod_rank,t1_wc}.csv",67d64b40bc9a35cf…,2026-09-02T12:0xZ,none - post-seal pull,2026-09-02 02:13,250 paired parents (REPORT.md 2026-09-01 05:32),NO - 389 here; workspace postdates the report by 20h41m
rep02,ungated,2005[Zn][srs]3[FSR]1,2005[Zn][srs]3[FSR]1__1of2,113.945,3.046,163.536,1.995,+49.591,3000 prod,3000 prod,"ws/rep02/tables/{mod_rank,t1_wc}.csv",67d64b40bc9a35cf…,2026-09-02T12:0xZ,none - post-seal pull,2026-09-02 02:13,250 paired parents (REPORT.md 2026-09-01 05:32),NO - 389 here; workspace postdates the report by 20h41m
rep02,ungated,2005[Zn][srs]3[FSR]3,2005[Zn][srs]3[FSR]3__1of2,113.941,4.121,164.301,2.96,+50.360,3000 prod,3000 prod,"ws/rep02/tables/{mod_rank,t1_wc}.csv",67d64b40bc9a35cf…,2026-09-02T12:0xZ,none - post-seal pull,2026-09-02 02:13,250 paired parents (REPORT.md 2026-09-01 05:32),NO - 389 here; workspace postdates the report by 20h41m
rep02,ungated,2007[Zn][srs]3[ASR]13,2007[Zn][srs]3[ASR]13__1of2,112.736,4.767,164.159,2.801,+51.423,3000 prod,3000 prod,"ws/rep02/tables/{mod_rank,t1_wc}.csv",67d64b40bc9a35cf…,2026-09-02T12:0xZ,none - post-seal pull,2026-09-02 02:13,250 paired parents (REPORT.md 2026-09-01 05:32),NO - 389 here; workspace postdates the report by 20h41m
rep02,ungated,2010[Zn][srs]3[FSR]3,2010[Zn][srs]3[FSR]3__1of2,114.62,4.686,163.342,2.083,+48.722,3000 prod,3000 prod,"ws/rep02/tables/{mod_rank,t1_wc}.csv",67d64b40bc9a35cf…,2026-09-02T12:0xZ,none - post-seal pull,2026-09-02 02:13,250 paired parents (REPORT.md 2026-09-01 05:32),NO - 389 here; workspace postdates the report by 20h41m
rep02,ungated,2014[Zn][srs]3[ASR]3,2014[Zn][srs]3[ASR]3__1of2,114.059,3.43,164.916,2.941,+50.857,3000 prod,3000 prod,"ws/rep02/tables/{mod_rank,t1_wc}.csv",67d64b40bc9a35cf…,2026-09-02T12:0xZ,none - post-seal pull,2026-09-02 02:13,250 paired parents (REPORT.md 2026-09-01 05:32),NO - 389 here; workspace postdates the report by 20h41m
rep02,ungated,2017[Cu][nan]3[FSR]6,2017[Cu][nan]3[FSR]6__1of2,58.917,3.625,178.988,2.64,+120.071,3000 prod,3000 prod,"ws/rep02/tables/{mod_rank,t1_wc}.csv",67d64b40bc9a35cf…,2026-09-02T12:0xZ,none - post-seal pull,2026-09-02 02:13,250 paired parents (REPORT.md 2026-09-01 05:32),NO - 389 here; workspace postdates the report by 20h41m
rep02,ungated,2017[Cu][nan]3[ASR]10,2017[Cu][nan]3[ASR]10__1of2,57.551,1.359,178.629,3.047,+121.078,3000 prod,3000 prod,"ws/rep02/tables/{mod_rank,t1_wc}.csv",67d64b40bc9a35cf…,2026-09-02T12:0xZ,none - post-seal pull,2026-09-02 02:13,250 paired parents (REPORT.md 2026-09-01 05:32),NO - 389 here; workspace postdates the report by 20h41m
rep02,ungated,2013[Zn][bor]3[ASR]1,2013[Zn][bor]3[ASR]1__1of2,67.509,5.449,186.548,2.462,+119.039,3000 prod,3000 prod,"ws/rep02/tables/{mod_rank,t1_wc}.csv",67d64b40bc9a35cf…,2026-09-02T12:0xZ,none - post-seal pull,2026-09-02 02:13,250 paired parents (REPORT.md 2026-09-01 05:32),NO - 389 here; workspace postdates the report by 20h41m
rep02,ungated,2008[Zn][srs]3[ASR]10,2008[Zn][srs]3[ASR]10__1of2,117.994,2.458,163.571,4.682,+45.577,3000 prod,3000 prod,"ws/rep02/tables/{mod_rank,t1_wc}.csv",67d64b40bc9a35cf…,2026-09-02T12:0xZ,none - post-seal pull,2026-09-02 02:13,250 paired parents (REPORT.md 2026-09-01 05:32),NO - 389 here; workspace postdates the report by 20h41m
rep02,ungated,2005[Zn][srs]3[ASR]6,2005[Zn][srs]3[ASR]6__1of2,112.082,4.305,164.261,1.508,+52.179,3000 prod,3000 prod,"ws/rep02/tables/{mod_rank,t1_wc}.csv",67d64b40bc9a35cf…,2026-09-02T12:0xZ,none - post-seal pull,2026-09-02 02:13,250 paired parents (REPORT.md 2026-09-01 05:32),NO - 389 here; workspace postdates the report by 20h41m
rep02,ungated,2011[Zn][srs]3[ASR]1,2011[Zn][srs]3[ASR]1__1of2,108.339,3.36,164.746,1.664,+56.407,3000 prod,3000 prod,"ws/rep02/tables/{mod_rank,t1_wc}.csv",67d64b40bc9a35cf…,2026-09-02T12:0xZ,none - post-seal pull,2026-09-02 02:13,250 paired parents (REPORT.md 2026-09-01 05:32),NO - 389 here; workspace postdates the report by 20h41m
rep02,ungated,2008[Zn][srs]3[ASR]7,2008[Zn][srs]3[ASR]7__1of2,117.413,3.685,165.574,2.978,+48.161,3000 prod,3000 prod,"ws/rep02/tables/{mod_rank,t1_wc}.csv",67d64b40bc9a35cf…,2026-09-02T12:0xZ,none - post-seal pull,2026-09-02 02:13,250 paired parents (REPORT.md 2026-09-01 05:32),NO - 389 here; workspace postdates the report by 20h41m
rep02,ungated,2014[Zn][srs]3[ASR]4,2014[Zn][srs]3[ASR]4__1of2,116.807,5.302,169.939,1.925,+53.132,3000 prod,3000 prod,"ws/rep02/tables/{mod_rank,t1_wc}.csv",67d64b40bc9a35cf…,2026-09-02T12:0xZ,none - post-seal pull,2026-09-02 02:13,250 paired parents (REPORT.md 2026-09-01 05:32),NO - 389 here; workspace postdates the report by 20h41m
rep02,ungated,0000[DyCu][sqc]3[ASR]1,0000[DyCu][sqc]3[ASR]1__1of2,151.694,2.735,141.65,2.03,-10.044,3000 prod,3000 prod,"ws/rep02/tables/{mod_rank,t1_wc}.csv",67d64b40bc9a35cf…,2026-09-02T12:0xZ,none - post-seal pull,2026-09-02 02:13,250 paired parents (REPORT.md 2026-09-01 05:32),NO - 389 here; workspace postdates the report by 20h41m
rep02,ungated,2005[Zn][srs]3[ASR]7,2005[Zn][srs]3[ASR]7__1of2,110.387,5.316,164.087,2.905,+53.700,3000 prod,3000 prod,"ws/rep02/tables/{mod_rank,t1_wc}.csv",67d64b40bc9a35cf…,2026-09-02T12:0xZ,none - post-seal pull,2026-09-02 02:13,250 paired parents (REPORT.md 2026-09-01 05:32),NO - 389 here; workspace postdates the report by 20h41m
rep02,ungated,2007[Zn][srs]3[ASR]12,2007[Zn][srs]3[ASR]12__1of2,107.849,3.471,162.578,3.026,+54.729,3000 prod,3000 prod,"ws/rep02/tables/{mod_rank,t1_wc}.csv",67d64b40bc9a35cf…,2026-09-02T12:0xZ,none - post-seal pull,2026-09-02 02:13,250 paired parents (REPORT.md 2026-09-01 05:32),NO - 389 here; workspace postdates the report by 20h41m
rep02,ungated,2010[Co][pts]3[ASR]2,2010[Co][pts]3[ASR]2__1of2,26.089,1.39,164.554,1.151,+138.465,3000 prod,3000 prod,"ws/rep02/tables/{mod_rank,t1_wc}.csv",67d64b40bc9a35cf…,2026-09-02T12:0xZ,none - post-seal pull,2026-09-02 02:13,250 paired parents (REPORT.md 2026-09-01 05:32),NO - 389 here; workspace postdates the report by 20h41m
rep02,ungated,2007[Zn][srs]3[FSR]10,2007[Zn][srs]3[FSR]10__1of2,106.695,2.316,166.691,1.932,+59.996,3000 prod,3000 prod,"ws/rep02/tables/{mod_rank,t1_wc}.csv",67d64b40bc9a35cf…,2026-09-02T12:0xZ,none - post-seal pull,2026-09-02 02:13,250 paired parents (REPORT.md 2026-09-01 05:32),NO - 389 here; workspace postdates the report by 20h41m
rep02,ungated,2007[Zn][srs]3[ASR]15,2007[Zn][srs]3[ASR]15__1of2,110.212,5.821,164.752,2.057,+54.540,3000 prod,3000 prod,"ws/rep02/tables/{mod_rank,t1_wc}.csv",67d64b40bc9a35cf…,2026-09-02T12:0xZ,none - post-seal pull,2026-09-02 02:13,250 paired parents (REPORT.md 2026-09-01 05:32),NO - 389 here; workspace postdates the report by 20h41m
rep02,ungated,2011[CuW][ths]3[ASR]1,2011[CuW][ths]3[ASR]1__1of2,130.314,1.369,144.022,1.891,+13.708,3000 prod,3000 prod,"ws/rep02/tables/{mod_rank,t1_wc}.csv",67d64b40bc9a35cf…,2026-09-02T12:0xZ,none - post-seal pull,2026-09-02 02:13,250 paired parents (REPORT.md 2026-09-01 05:32),NO - 389 here; workspace postdates the report by 20h41m
rep02,ungated,2011[Zn][srs]3[ASR]5,2011[Zn][srs]3[ASR]5__1of2,106.609,3.503,166.16,2.344,+59.551,3000 prod,3000 prod,"ws/rep02/tables/{mod_rank,t1_wc}.csv",67d64b40bc9a35cf…,2026-09-02T12:0xZ,none - post-seal pull,2026-09-02 02:13,250 paired parents (REPORT.md 2026-09-01 05:32),NO - 389 here; workspace postdates the report by 20h41m
rep02,ungated,2011[Zn][srs]3[ASR]4,2011[Zn][srs]3[ASR]4__1of2,116.534,2.821,166.799,1.396,+50.265,3000 prod,3000 prod,"ws/rep02/tables/{mod_rank,t1_wc}.csv",67d64b40bc9a35cf…,2026-09-02T12:0xZ,none - post-seal pull,2026-09-02 02:13,250 paired parents (REPORT.md 2026-09-01 05:32),NO - 389 here; workspace postdates the report by 20h41m
rep02,ungated,2011[Zn][srs]3[ASR]8,2011[Zn][srs]3[ASR]8__1of2,116.754,4.979,165.912,2.095,+49.158,3000 prod,3000 prod,"ws/rep02/tables/{mod_rank,t1_wc}.csv",67d64b40bc9a35cf…,2026-09-02T12:0xZ,none - post-seal pull,2026-09-02 02:13,250 paired parents (REPORT.md 2026-09-01 05:32),NO - 389 here; workspace postdates the report by 20h41m
rep02,ungated,2014[Zn][srs]3[ASR]2,2014[Zn][srs]3[ASR]2__1of2,115.171,3.051,166.553,4.255,+51.382,3000 prod,3000 prod,"ws/rep02/tables/{mod_rank,t1_wc}.csv",67d64b40bc9a35cf…,2026-09-02T12:0xZ,none - post-seal pull,2026-09-02 02:13,250 paired parents (REPORT.md 2026-09-01 05:32),NO - 389 here; workspace postdates the report by 20h41m
rep02,ungated,2024[In][nan]3[ASR]1,2024[In][nan]3[ASR]1__1of2,46.997,5.679,176.428,3.282,+129.431,3000 prod,3000 prod,"ws/rep02/tables/{mod_rank,t1_wc}.csv",67d64b40bc9a35cf…,2026-09-02T12:0xZ,none - post-seal pull,2026-09-02 02:13,250 paired parents (REPORT.md 2026-09-01 05:32),NO - 389 here; workspace postdates the report by 20h41m
rep02,ungated,2010[Cd][pts]3[ASR]1,2010[Cd][pts]3[ASR]1__1of2,27.918,2.164,167.442,2.183,+139.524,3000 prod,3000 prod,"ws/rep02/tables/{mod_rank,t1_wc}.csv",67d64b40bc9a35cf…,2026-09-02T12:0xZ,none - post-seal pull,2026-09-02 02:13,250 paired parents (REPORT.md 2026-09-01 05:32),NO - 389 here; workspace postdates the report by 20h41m
rep02,ungated,2014[Zn][srs]3[FSR]2,2014[Zn][srs]3[FSR]2__1of2,116.128,3.121,168.962,2.092,+52.834,3000 prod,3000 prod,"ws/rep02/tables/{mod_rank,t1_wc}.csv",67d64b40bc9a35cf…,2026-09-02T12:0xZ,none - post-seal pull,2026-09-02 02:13,250 paired parents (REPORT.md 2026-09-01 05:32),NO - 389 here; workspace postdates the report by 20h41m
rep02,ungated,2009[Zn][srs]3[ASR]2,2009[Zn][srs]3[ASR]2__1of2,117.169,5.107,164.831,4.182,+47.662,3000 prod,3000 prod,"ws/rep02/tables/{mod_rank,t1_wc}.csv",67d64b40bc9a35cf…,2026-09-02T12:0xZ,none - post-seal pull,2026-09-02 02:13,250 paired parents (REPORT.md 2026-09-01 05:32),NO - 389 here; workspace postdates the report by 20h41m
rep02,ungated,2008[Zn][srs]3[ASR]11,2008[Zn][srs]3[ASR]11__1of2,116.244,6.313,166.304,2.064,+50.060,3000 prod,3000 prod,"ws/rep02/tables/{mod_rank,t1_wc}.csv",67d64b40bc9a35cf…,2026-09-02T12:0xZ,none - post-seal pull,2026-09-02 02:13,250 paired parents (REPORT.md 2026-09-01 05:32),NO - 389 here; workspace postdates the report by 20h41m
rep02,ungated,2010[Zn][srs]3[ASR]2,2010[Zn][srs]3[ASR]2__1of2,115.011,3.299,164.343,2.513,+49.332,3000 prod,3000 prod,"ws/rep02/tables/{mod_rank,t1_wc}.csv",67d64b40bc9a35cf…,2026-09-02T12:0xZ,none - post-seal pull,2026-09-02 02:13,250 paired parents (REPORT.md 2026-09-01 05:32),NO - 389 here; workspace postdates the report by 20h41m
rep02,ungated,2000[Zn][pts]3[ASR]1,2000[Zn][pts]3[ASR]1__1of2,143.2,4.795,178.627,2.588,+35.427,3000 prod,3000 prod,"ws/rep02/tables/{mod_rank,t1_wc}.csv",67d64b40bc9a35cf…,2026-09-02T12:0xZ,none - post-seal pull,2026-09-02 02:13,250 paired parents (REPORT.md 2026-09-01 05:32),NO - 389 here; workspace postdates the report by 20h41m
rep02,ungated,2008[Zn][srs]3[ASR]6,2008[Zn][srs]3[ASR]6__1of2,116.428,4.178,166.846,3.221,+50.418,3000 prod,3000 prod,"ws/rep02/tables/{mod_rank,t1_wc}.csv",67d64b40bc9a35cf…,2026-09-02T12:0xZ,none - post-seal pull,2026-09-02 02:13,250 paired parents (REPORT.md 2026-09-01 05:32),NO - 389 here; workspace postdates the report by 20h41m
rep02,ungated,2011[Zn][srs]3[ASR]7,2011[Zn][srs]3[ASR]7__1of2,105.811,5.93,165.267,3.274,+59.456,3000 prod,3000 prod,"ws/rep02/tables/{mod_rank,t1_wc}.csv",67d64b40bc9a35cf…,2026-09-02T12:0xZ,none - post-seal pull,2026-09-02 02:13,250 paired parents (REPORT.md 2026-09-01 05:32),NO - 389 here; workspace postdates the report by 20h41m
rep02,ungated,2007[Zn][srs]3[ASR]10,2007[Zn][srs]3[ASR]10__1of2,105.499,3.93,164.486,1.777,+58.987,3000 prod,3000 prod,"ws/rep02/tables/{mod_rank,t1_wc}.csv",67d64b40bc9a35cf…,2026-09-02T12:0xZ,none - post-seal pull,2026-09-02 02:13,250 paired parents (REPORT.md 2026-09-01 05:32),NO - 389 here; workspace postdates the report by 20h41m
rep02,ungated,2005[Zn][srs]3[ASR]5,2005[Zn][srs]3[ASR]5__1of2,107.359,4.469,165.791,3.339,+58.432,3000 prod,3000 prod,"ws/rep02/tables/{mod_rank,t1_wc}.csv",67d64b40bc9a35cf…,2026-09-02T12:0xZ,none - post-seal pull,2026-09-02 02:13,250 paired parents (REPORT.md 2026-09-01 05:32),NO - 389 here; workspace postdates the report by 20h41m
rep02,ungated,2007[Zn][srs]3[ASR]11,2007[Zn][srs]3[ASR]11__1of2,107.077,2.66,163.992,3.264,+56.915,3000 prod,3000 prod,"ws/rep02/tables/{mod_rank,t1_wc}.csv",67d64b40bc9a35cf…,2026-09-02T12:0xZ,none - post-seal pull,2026-09-02 02:13,250 paired parents (REPORT.md 2026-09-01 05:32),NO - 389 here; workspace postdates the report by 20h41m
rep02,ungated,2023[Zn][fsc]3[ASR]1,2023[Zn][fsc]3[ASR]1__1of2,55.247,3.43,168.364,3.713,+113.117,3000 prod,3000 prod,"ws/rep02/tables/{mod_rank,t1_wc}.csv",67d64b40bc9a35cf…,2026-09-02T12:0xZ,none - post-seal pull,2026-09-02 02:13,250 paired parents (REPORT.md 2026-09-01 05:32),NO - 389 here; workspace postdates the report by 20h41m
rep02,ungated,2007[Zn][srs]3[FSR]9,2007[Zn][srs]3[FSR]9__1of2,110.618,6.395,165.639,2.985,+55.021,3000 prod,3000 prod,"ws/rep02/tables/{mod_rank,t1_wc}.csv",67d64b40bc9a35cf…,2026-09-02T12:0xZ,none - post-seal pull,2026-09-02 02:13,250 paired parents (REPORT.md 2026-09-01 05:32),NO - 389 here; workspace postdates the report by 20h41m
rep02,ungated,2010[Zn][srs]3[FSR]5,2010[Zn][srs]3[FSR]5__1of2,114.397,3.802,164.601,2.733,+50.204,3000 prod,3000 prod,"ws/rep02/tables/{mod_rank,t1_wc}.csv",67d64b40bc9a35cf…,2026-09-02T12:0xZ,none - post-seal pull,2026-09-02 02:13,250 paired parents (REPORT.md 2026-09-01 05:32),NO - 389 here; workspace postdates the report by 20h41m
rep02,ungated,2007[Zn][srs]3[ASR]14,2007[Zn][srs]3[ASR]14__1of2,110.036,3.542,164.675,1.538,+54.639,3000 prod,3000 prod,"ws/rep02/tables/{mod_rank,t1_wc}.csv",67d64b40bc9a35cf…,2026-09-02T12:0xZ,none - post-seal pull,2026-09-02 02:13,250 paired parents (REPORT.md 2026-09-01 05:32),NO - 389 here; workspace postdates the report by 20h41m
rep02,ungated,2012[Fe][acs]3[ASR]1,2012[Fe][acs]3[ASR]1__1of2,148.917,3.556,169.651,1.48,+20.734,3000 prod,3000 prod,"ws/rep02/tables/{mod_rank,t1_wc}.csv",67d64b40bc9a35cf…,2026-09-02T12:0xZ,none - post-seal pull,2026-09-02 02:13,250 paired parents (REPORT.md 2026-09-01 05:32),NO - 389 here; workspace postdates the report by 20h41m
rep02,ungated,2010[Zn][srs]3[FSR]4,2010[Zn][srs]3[FSR]4__1of2,112.286,1.898,165.362,2.261,+53.076,3000 prod,3000 prod,"ws/rep02/tables/{mod_rank,t1_wc}.csv",67d64b40bc9a35cf…,2026-09-02T12:0xZ,none - post-seal pull,2026-09-02 02:13,250 paired parents (REPORT.md 2026-09-01 05:32),NO - 389 here; workspace postdates the report by 20h41m
rep02,ungated,2011[Zn][srs]3[ASR]6,2011[Zn][srs]3[ASR]6__1of2,110.002,3.71,166.958,2.915,+56.956,3000 prod,3000 prod,"ws/rep02/tables/{mod_rank,t1_wc}.csv",67d64b40bc9a35cf…,2026-09-02T12:0xZ,none - post-seal pull,2026-09-02 02:13,250 paired parents (REPORT.md 2026-09-01 05:32),NO - 389 here; workspace postdates the report by 20h41m
rep02,ungated,2012[MoCu][dia]3[FSR]2,2012[MoCu][dia]3[FSR]2__1of2,32.016,3.267,164.21,1.221,+132.194,3000 prod,3000 prod,"ws/rep02/tables/{mod_rank,t1_wc}.csv",67d64b40bc9a35cf…,2026-09-02T12:0xZ,none - post-seal pull,2026-09-02 02:13,250 paired parents (REPORT.md 2026-09-01 05:32),NO - 389 here; workspace postdates the report by 20h41m
rep02,ungated,2013[Zn][ths]3[ASR]6,2013[Zn][ths]3[ASR]6__1of2,99.535,3.829,165.684,1.502,+66.149,3000 prod,3000 prod,"ws/rep02/tables/{mod_rank,t1_wc}.csv",67d64b40bc9a35cf…,2026-09-02T12:0xZ,none - post-seal pull,2026-09-02 02:13,250 paired parents (REPORT.md 2026-09-01 05:32),NO - 389 here; workspace postdates the report by 20h41m
rep02,ungated,2019[Co][pcu]3[FSR]2,2019[Co][pcu]3[FSR]2__1of2,53.677,2.793,183.213,3.541,+129.536,3000 prod,3000 prod,"ws/rep02/tables/{mod_rank,t1_wc}.csv",67d64b40bc9a35cf…,2026-09-02T12:0xZ,none - post-seal pull,2026-09-02 02:13,250 paired parents (REPORT.md 2026-09-01 05:32),NO - 389 here; workspace postdates the report by 20h41m
rep02,ungated,2009[Zn][srs]3[ASR]4,2009[Zn][srs]3[ASR]4__1of2,110.218,5.239,165.717,1.835,+55.499,3000 prod,3000 prod,"ws/rep02/tables/{mod_rank,t1_wc}.csv",67d64b40bc9a35cf…,2026-09-02T12:0xZ,none - post-seal pull,2026-09-02 02:13,250 paired parents (REPORT.md 2026-09-01 05:32),NO - 389 here; workspace postdates the report by 20h41m
rep02,ungated,2011[CuMo][ths]3[ASR]1,2011[CuMo][ths]3[ASR]1__1of2,130.978,2.048,144.871,1.679,+13.893,3000 prod,3000 prod,"ws/rep02/tables/{mod_rank,t1_wc}.csv",67d64b40bc9a35cf…,2026-09-02T12:0xZ,none - post-seal pull,2026-09-02 02:13,250 paired parents (REPORT.md 2026-09-01 05:32),NO - 389 here; workspace postdates the report by 20h41m
rep02,ungated,2017[Cu][nan]3[FSR]5,2017[Cu][nan]3[FSR]5__1of2,61.219,2.74,177.741,3.389,+116.522,3000 prod,3000 prod,"ws/rep02/tables/{mod_rank,t1_wc}.csv",67d64b40bc9a35cf…,2026-09-02T12:0xZ,none - post-seal pull,2026-09-02 02:13,250 paired parents (REPORT.md 2026-09-01 05:32),NO - 389 here; workspace postdates the report by 20h41m
rep02,ungated,2015[Co][sit]3[ASR]1,2015[Co][sit]3[ASR]1__1of2,64.524,4.777,182.178,4.733,+117.654,3000 prod,3000 prod,"ws/rep02/tables/{mod_rank,t1_wc}.csv",67d64b40bc9a35cf…,2026-09-02T12:0xZ,none - post-seal pull,2026-09-02 02:13,250 paired parents (REPORT.md 2026-09-01 05:32),NO - 389 here; workspace postdates the report by 20h41m
rep02,ungated,2014[Zn][nan]3[ASR]39,2014[Zn][nan]3[ASR]39__1of2,58.995,2.76,165.974,3.229,+106.979,3000 prod,3000 prod,"ws/rep02/tables/{mod_rank,t1_wc}.csv",67d64b40bc9a35cf…,2026-09-02T12:0xZ,none - post-seal pull,2026-09-02 02:13,250 paired parents (REPORT.md 2026-09-01 05:32),NO - 389 here; workspace postdates the report by 20h41m
rep02,ungated,2019[Co][nan]3[ASR]4,2019[Co][nan]3[ASR]4__1of2,58.445,3.78,155.255,2.382,+96.810,3000 prod,3000 prod,"ws/rep02/tables/{mod_rank,t1_wc}.csv",67d64b40bc9a35cf…,2026-09-02T12:0xZ,none - post-seal pull,2026-09-02 02:13,250 paired parents (REPORT.md 2026-09-01 05:32),NO - 389 here; workspace postdates the report by 20h41m
rep02,ungated,2003[Zn][hex]3[ASR]1,2003[Zn][hex]3[ASR]1__1of2,48.311,1.815,170.476,2.291,+122.165,3000 prod,3000 prod,"ws/rep02/tables/{mod_rank,t1_wc}.csv",67d64b40bc9a35cf…,2026-09-02T12:0xZ,none - post-seal pull,2026-09-02 02:13,250 paired parents (REPORT.md 2026-09-01 05:32),NO - 389 here; workspace postdates the report by 20h41m
rep02,ungated,2020[Zn][pcu]3[FSR]10,2020[Zn][pcu]3[FSR]10__1of2,51.381,3.847,179.983,3.009,+128.602,3000 prod,3000 prod,"ws/rep02/tables/{mod_rank,t1_wc}.csv",67d64b40bc9a35cf…,2026-09-02T12:0xZ,none - post-seal pull,2026-09-02 02:13,250 paired parents (REPORT.md 2026-09-01 05:32),NO - 389 here; workspace postdates the report by 20h41m
rep02,ungated,2020[Zn][pcu]3[ASR]10,2020[Zn][pcu]3[ASR]10__1of2,52.343,4.438,179.983,3.009,+127.640,3000 prod,3000 prod,"ws/rep02/tables/{mod_rank,t1_wc}.csv",67d64b40bc9a35cf…,2026-09-02T12:0xZ,none - post-seal pull,2026-09-02 02:13,250 paired parents (REPORT.md 2026-09-01 05:32),NO - 389 here; workspace postdates the report by 20h41m
rep02,ungated,2015[Ni][sit]3[FSR]1,2015[Ni][sit]3[FSR]1__1of2,67.975,3.937,180.766,4.488,+112.791,3000 prod,3000 prod,"ws/rep02/tables/{mod_rank,t1_wc}.csv",67d64b40bc9a35cf…,2026-09-02T12:0xZ,none - post-seal pull,2026-09-02 02:13,250 paired parents (REPORT.md 2026-09-01 05:32),NO - 389 here; workspace postdates the report by 20h41m
rep02,ungated,2024[Zn][sra]3[ASR]1,2024[Zn][sra]3[ASR]1__1of2,51.287,2.643,169.204,3.34,+117.917,3000 prod,3000 prod,"ws/rep02/tables/{mod_rank,t1_wc}.csv",67d64b40bc9a35cf…,2026-09-02T12:0xZ,none - post-seal pull,2026-09-02 02:13,250 paired parents (REPORT.md 2026-09-01 05:32),NO - 389 here; workspace postdates the report by 20h41m
rep02,ungated,2013[Ni][sit]3[ASR]1,2013[Ni][sit]3[ASR]1__1of2,68.654,5.378,181.021,4.542,+112.367,3000 prod,3000 prod,"ws/rep02/tables/{mod_rank,t1_wc}.csv",67d64b40bc9a35cf…,2026-09-02T12:0xZ,none - post-seal pull,2026-09-02 02:13,250 paired parents (REPORT.md 2026-09-01 05:32),NO - 389 here; workspace postdates the report by 20h41m
rep02,ungated,2014[Zn][dia]3[ASR]7,2014[Zn][dia]3[ASR]7__1of4,20.912,2.336,161.571,1.735,+140.659,3000 prod,3000 prod,"ws/rep02/tables/{mod_rank,t1_wc}.csv",67d64b40bc9a35cf…,2026-09-02T12:0xZ,none - post-seal pull,2026-09-02 02:13,250 paired parents (REPORT.md 2026-09-01 05:32),NO - 389 here; workspace postdates the report by 20h41m
rep02,ungated,2014[Cd][dia]3[FSR]5,2014[Cd][dia]3[FSR]5__1of2,59.122,4.271,178.185,3.764,+119.063,3000 prod,3000 prod,"ws/rep02/tables/{mod_rank,t1_wc}.csv",67d64b40bc9a35cf…,2026-09-02T12:0xZ,none - post-seal pull,2026-09-02 02:13,250 paired parents (REPORT.md 2026-09-01 05:32),NO - 389 here; workspace postdates the report by 20h41m
rep02,ungated,2021[Zn][pcu]3[ASR]2,2021[Zn][pcu]3[ASR]2__1of2,128.18,2.059,173.139,1.013,+44.959,3000 prod,3000 prod,"ws/rep02/tables/{mod_rank,t1_wc}.csv",67d64b40bc9a35cf…,2026-09-02T12:0xZ,none - post-seal pull,2026-09-02 02:13,250 paired parents (REPORT.md 2026-09-01 05:32),NO - 389 here; workspace postdates the report by 20h41m
rep02,ungated,2015[Zn][dia]3[ASR]5,2015[Zn][dia]3[ASR]5__1of4,23.903,3.734,166.49,3.261,+142.587,3000 prod,3000 prod,"ws/rep02/tables/{mod_rank,t1_wc}.csv",67d64b40bc9a35cf…,2026-09-02T12:0xZ,none - post-seal pull,2026-09-02 02:13,250 paired parents (REPORT.md 2026-09-01 05:32),NO - 389 here; workspace postdates the report by 20h41m
rep02,ungated,2011[Zn][pcu]3[FSR]14,2011[Zn][pcu]3[FSR]14__1of2,67.496,3.013,184.982,1.858,+117.486,3000 prod,3000 prod,"ws/rep02/tables/{mod_rank,t1_wc}.csv",67d64b40bc9a35cf…,2026-09-02T12:0xZ,none - post-seal pull,2026-09-02 02:13,250 paired parents (REPORT.md 2026-09-01 05:32),NO - 389 here; workspace postdates the report by 20h41m
rep02,ungated,2014[Cu][dia]3[FSR]8,2014[Cu][dia]3[FSR]8__1of2,56.044,4.958,176.028,2.534,+119.984,3000 prod,3000 prod,"ws/rep02/tables/{mod_rank,t1_wc}.csv",67d64b40bc9a35cf…,2026-09-02T12:0xZ,none - post-seal pull,2026-09-02 02:13,250 paired parents (REPORT.md 2026-09-01 05:32),NO - 389 here; workspace postdates the report by 20h41m
rep02,ungated,2011[CuW][dia]3[ASR]2,2011[CuW][dia]3[ASR]2__1of2,39.016,2.859,171.116,4.85,+132.100,3000 prod,3000 prod,"ws/rep02/tables/{mod_rank,t1_wc}.csv",67d64b40bc9a35cf…,2026-09-02T12:0xZ,none - post-seal pull,2026-09-02 02:13,250 paired parents (REPORT.md 2026-09-01 05:32),NO - 389 here; workspace postdates the report by 20h41m
rep02,ungated,2010[Cu][dia]3[ASR]1,2010[Cu][dia]3[ASR]1__1of2,61.324,1.446,154.519,2.571,+93.195,3000 prod,3000 prod,"ws/rep02/tables/{mod_rank,t1_wc}.csv",67d64b40bc9a35cf…,2026-09-02T12:0xZ,none - post-seal pull,2026-09-02 02:13,250 paired parents (REPORT.md 2026-09-01 05:32),NO - 389 here; workspace postdates the report by 20h41m
rep02,ungated,1999[Cd][dia]3[ASR]1,1999[Cd][dia]3[ASR]1__1of2,25.806,2.79,165.727,2.266,+139.921,3000 prod,3000 prod,"ws/rep02/tables/{mod_rank,t1_wc}.csv",67d64b40bc9a35cf…,2026-09-02T12:0xZ,none - post-seal pull,2026-09-02 02:13,250 paired parents (REPORT.md 2026-09-01 05:32),NO - 389 here; workspace postdates the report by 20h41m
rep02,ungated,2016[In][dia]3[ASR]2,2016[In][dia]3[ASR]2__1of2,42.327,3.624,182.071,2.943,+139.744,3000 prod,3000 prod,"ws/rep02/tables/{mod_rank,t1_wc}.csv",67d64b40bc9a35cf…,2026-09-02T12:0xZ,none - post-seal pull,2026-09-02 02:13,250 paired parents (REPORT.md 2026-09-01 05:32),NO - 389 here; workspace postdates the report by 20h41m
rep02,ungated,2020[Zn][pcu]3[ASR]2,2020[Zn][pcu]3[ASR]2__1of2,64.309,2.311,172.223,2.82,+107.914,3000 prod,3000 prod,"ws/rep02/tables/{mod_rank,t1_wc}.csv",67d64b40bc9a35cf…,2026-09-02T12:0xZ,none - post-seal pull,2026-09-02 02:13,250 paired parents (REPORT.md 2026-09-01 05:32),NO - 389 here; workspace postdates the report by 20h41m
rep02,ungated,2016[Cu][tbo]3[ASR]1,2016[Cu][tbo]3[ASR]1__1of2,142.293,1.922,165.258,1.536,+22.965,3000 prod,3000 prod,"ws/rep02/tables/{mod_rank,t1_wc}.csv",67d64b40bc9a35cf…,2026-09-02T12:0xZ,none - post-seal pull,2026-09-02 02:13,250 paired parents (REPORT.md 2026-09-01 05:32),NO - 389 here; workspace postdates the report by 20h41m
rep02,ungated,2023[Co][pcu]3[FSR]3,2023[Co][pcu]3[FSR]3__1of2,41.729,3.28,175.406,3.901,+133.677,3000 prod,3000 prod,"ws/rep02/tables/{mod_rank,t1_wc}.csv",67d64b40bc9a35cf…,2026-09-02T12:0xZ,none - post-seal pull,2026-09-02 02:13,250 paired parents (REPORT.md 2026-09-01 05:32),NO - 389 here; workspace postdates the report by 20h41m
rep02,ungated,2019[Zn][pcu]3[ASR]3,2019[Zn][pcu]3[ASR]3__1of2,52.406,3.67,184.872,3.428,+132.466,3000 prod,3000 prod,"ws/rep02/tables/{mod_rank,t1_wc}.csv",67d64b40bc9a35cf…,2026-09-02T12:0xZ,none - post-seal pull,2026-09-02 02:13,250 paired parents (REPORT.md 2026-09-01 05:32),NO - 389 here; workspace postdates the report by 20h41m
rep02,ungated,2016[Zn][pcu]3[ASR]19,2016[Zn][pcu]3[ASR]19__1of2,38.961,5.255,172.991,3.309,+134.030,3000 prod,3000 prod,"ws/rep02/tables/{mod_rank,t1_wc}.csv",67d64b40bc9a35cf…,2026-09-02T12:0xZ,none - post-seal pull,2026-09-02 02:13,250 paired parents (REPORT.md 2026-09-01 05:32),NO - 389 here; workspace postdates the report by 20h41m
rep02,ungated,2021[Zn][dia]3[ASR]4,2021[Zn][dia]3[ASR]4__1of2,68.678,3.603,172.765,2.038,+104.087,3000 prod,3000 prod,"ws/rep02/tables/{mod_rank,t1_wc}.csv",67d64b40bc9a35cf…,2026-09-02T12:0xZ,none - post-seal pull,2026-09-02 02:13,250 paired parents (REPORT.md 2026-09-01 05:32),NO - 389 here; workspace postdates the report by 20h41m
rep02,ungated,2020[Zn][nan]3[ASR]2,2020[Zn][nan]3[ASR]2__1of2,68.003,3.729,179.526,2.081,+111.523,3000 prod,3000 prod,"ws/rep02/tables/{mod_rank,t1_wc}.csv",67d64b40bc9a35cf…,2026-09-02T12:0xZ,none - post-seal pull,2026-09-02 02:13,250 paired parents (REPORT.md 2026-09-01 05:32),NO - 389 here; workspace postdates the report by 20h41m
rep02,ungated,2021[Zn][zst]3[ASR]1,2021[Zn][zst]3[ASR]1__1of2,79.172,2.193,160.133,2.883,+80.961,3000 prod,3000 prod,"ws/rep02/tables/{mod_rank,t1_wc}.csv",67d64b40bc9a35cf…,2026-09-02T12:0xZ,none - post-seal pull,2026-09-02 02:13,250 paired parents (REPORT.md 2026-09-01 05:32),NO - 389 here; workspace postdates the report by 20h41m
rep02,ungated,1999[Cd][dia]3[ASR]2,1999[Cd][dia]3[ASR]2__1of2,32.095,4.428,168.399,3.566,+136.304,3000 prod,3000 prod,"ws/rep02/tables/{mod_rank,t1_wc}.csv",67d64b40bc9a35cf…,2026-09-02T12:0xZ,none - post-seal pull,2026-09-02 02:13,250 paired parents (REPORT.md 2026-09-01 05:32),NO - 389 here; workspace postdates the report by 20h41m
rep02,ungated,2013[Zn][dia]3[ASR]10,2013[Zn][dia]3[ASR]10__1of2,45.418,4.866,169.058,4.026,+123.640,3000 prod,3000 prod,"ws/rep02/tables/{mod_rank,t1_wc}.csv",67d64b40bc9a35cf…,2026-09-02T12:0xZ,none - post-seal pull,2026-09-02 02:13,250 paired parents (REPORT.md 2026-09-01 05:32),NO - 389 here; workspace postdates the report by 20h41m
rep02,ungated,2013[Ni][sit]3[ASR]2,2013[Ni][sit]3[ASR]2__1of2,65.223,5.727,178.881,6.209,+113.658,3000 prod,3000 prod,"ws/rep02/tables/{mod_rank,t1_wc}.csv",67d64b40bc9a35cf…,2026-09-02T12:0xZ,none - post-seal pull,2026-09-02 02:13,250 paired parents (REPORT.md 2026-09-01 05:32),NO - 389 here; workspace postdates the report by 20h41m
rep02,ungated,2016[Ti][srs]3[FSR]2,2016[Ti][srs]3[FSR]2__1of2,146.282,0.943,145.099,3.085,-1.183,10000 prod,3000 prod,"ws/rep02/tables/{mod_rank,t1_wc}.csv",67d64b40bc9a35cf…,2026-09-02T12:0xZ,none - post-seal pull,2026-09-02 02:13,250 paired parents (REPORT.md 2026-09-01 05:32),NO - 389 here; workspace postdates the report by 20h41m
rep02,ungated,2013[Mn][nan]3[ASR]8,2013[Mn][nan]3[ASR]8__1of2,57.982,3.912,172.27,2.175,+114.288,3000 prod,3000 prod,"ws/rep02/tables/{mod_rank,t1_wc}.csv",67d64b40bc9a35cf…,2026-09-02T12:0xZ,none - post-seal pull,2026-09-02 02:13,250 paired parents (REPORT.md 2026-09-01 05:32),NO - 389 here; workspace postdates the report by 20h41m
rep02,ungated,2008[Cd][pcu]3[ASR]2,2008[Cd][pcu]3[ASR]2__1of2,39.564,2.878,183.731,3.365,+144.167,3000 prod,3000 prod,"ws/rep02/tables/{mod_rank,t1_wc}.csv",67d64b40bc9a35cf…,2026-09-02T12:0xZ,none - post-seal pull,2026-09-02 02:13,250 paired parents (REPORT.md 2026-09-01 05:32),NO - 389 here; workspace postdates the report by 20h41m
rep02,ungated,2012[MoCu][dia]3[FSR]3,2012[MoCu][dia]3[FSR]3__1of2,37.958,2.49,164.534,1.83,+126.576,3000 prod,3000 prod,"ws/rep02/tables/{mod_rank,t1_wc}.csv",67d64b40bc9a35cf…,2026-09-02T12:0xZ,none - post-seal pull,2026-09-02 02:13,250 paired parents (REPORT.md 2026-09-01 05:32),NO - 389 here; workspace postdates the report by 20h41m
rep02,ungated,2017[Zn][pcu]3[ASR]9,2017[Zn][pcu]3[ASR]9__1of2,49.659,5.952,181.315,2.557,+131.656,3000 prod,3000 prod,"ws/rep02/tables/{mod_rank,t1_wc}.csv",67d64b40bc9a35cf…,2026-09-02T12:0xZ,none - post-seal pull,2026-09-02 02:13,250 paired parents (REPORT.md 2026-09-01 05:32),NO - 389 here; workspace postdates the report by 20h41m
rep02,ungated,2016[Cu][ths]3[ASR]1,2016[Cu][ths]3[ASR]1__1of2,77.016,4.29,179.476,5.385,+102.460,3000 prod,3000 prod,"ws/rep02/tables/{mod_rank,t1_wc}.csv",67d64b40bc9a35cf…,2026-09-02T12:0xZ,none - post-seal pull,2026-09-02 02:13,250 paired parents (REPORT.md 2026-09-01 05:32),NO - 389 here; workspace postdates the report by 20h41m
rep02,ungated,2014[Cu][pts]3[ASR]1,2014[Cu][pts]3[ASR]1__1of2,20.469,1.849,177.982,2.998,+157.513,3000 prod,3000 prod,"ws/rep02/tables/{mod_rank,t1_wc}.csv",67d64b40bc9a35cf…,2026-09-02T12:0xZ,none - post-seal pull,2026-09-02 02:13,250 paired parents (REPORT.md 2026-09-01 05:32),NO - 389 here; workspace postdates the report by 20h41m
rep02,ungated,2014[Zn][etf]3[ASR]1,2014[Zn][etf]3[ASR]1__1of2,156.017,1.312,175.164,2.158,+19.147,3000 prod,3000 prod,"ws/rep02/tables/{mod_rank,t1_wc}.csv",67d64b40bc9a35cf…,2026-09-02T12:0xZ,none - post-seal pull,2026-09-02 02:13,250 paired parents (REPORT.md 2026-09-01 05:32),NO - 389 here; workspace postdates the report by 20h41m
rep02,ungated,2011[Zn][pcu]3[FSR]13,2011[Zn][pcu]3[FSR]13__1of2,50.704,5.087,176.515,2.889,+125.811,3000 prod,3000 prod,"ws/rep02/tables/{mod_rank,t1_wc}.csv",67d64b40bc9a35cf…,2026-09-02T12:0xZ,none - post-seal pull,2026-09-02 02:13,250 paired parents (REPORT.md 2026-09-01 05:32),NO - 389 here; workspace postdates the report by 20h41m
rep02,ungated,2015[Zn][pcu]3[FSR]2,2015[Zn][pcu]3[FSR]2__1of2,156.353,2.286,177.385,1.295,+21.032,3000 prod,3000 prod,"ws/rep02/tables/{mod_rank,t1_wc}.csv",67d64b40bc9a35cf…,2026-09-02T12:0xZ,none - post-seal pull,2026-09-02 02:13,250 paired parents (REPORT.md 2026-09-01 05:32),NO - 389 here; workspace postdates the report by 20h41m
rep02,ungated,2016[USi][ths]3[FSR]1,2016[USi][ths]3[FSR]1__1of2,39.777,3.268,176.173,3.341,+136.396,3000 prod,3000 prod,"ws/rep02/tables/{mod_rank,t1_wc}.csv",67d64b40bc9a35cf…,2026-09-02T12:0xZ,none - post-seal pull,2026-09-02 02:13,250 paired parents (REPORT.md 2026-09-01 05:32),NO - 389 here; workspace postdates the report by 20h41m
rep02,ungated,0000[Er][lcy]3[ASR]1,0000[Er][lcy]3[ASR]1__1of2,165.691,2.435,165.827,5.253,+0.136,3000 prod,3000 prod,"ws/rep02/tables/{mod_rank,t1_wc}.csv",67d64b40bc9a35cf…,2026-09-02T12:0xZ,none - post-seal pull,2026-09-02 02:13,250 paired parents (REPORT.md 2026-09-01 05:32),NO - 389 here; workspace postdates the report by 20h41m
rep02,ungated,2004[WCu][dia]3[ION]1,2004[WCu][dia]3[ION]1__1of4,22.639,2.673,138.133,2.609,+115.494,3000 prod,3000 prod,"ws/rep02/tables/{mod_rank,t1_wc}.csv",67d64b40bc9a35cf…,2026-09-02T12:0xZ,none - post-seal pull,2026-09-02 02:13,250 paired parents (REPORT.md 2026-09-01 05:32),NO - 389 here; workspace postdates the report by 20h41m
rep02,ungated,2013[Zn][sit]3[ASR]1,2013[Zn][sit]3[ASR]1__1of2,66.732,5.868,184.1,4.366,+117.368,3000 prod,3000 prod,"ws/rep02/tables/{mod_rank,t1_wc}.csv",67d64b40bc9a35cf…,2026-09-02T12:0xZ,none - post-seal pull,2026-09-02 02:13,250 paired parents (REPORT.md 2026-09-01 05:32),NO - 389 here; workspace postdates the report by 20h41m
rep02,ungated,0000[Zn][hex]3[ASR]1,0000[Zn][hex]3[ASR]1__1of2,40.656,3.085,167.762,1.434,+127.106,3000 prod,3000 prod,"ws/rep02/tables/{mod_rank,t1_wc}.csv",67d64b40bc9a35cf…,2026-09-02T12:0xZ,none - post-seal pull,2026-09-02 02:13,250 paired parents (REPORT.md 2026-09-01 05:32),NO - 389 here; workspace postdates the report by 20h41m
rep02,ungated,2017[Co][nan]3[FSR]2,2017[Co][nan]3[FSR]2__1of2,54.558,2.287,157.362,1.758,+102.804,3000 prod,3000 prod,"ws/rep02/tables/{mod_rank,t1_wc}.csv",67d64b40bc9a35cf…,2026-09-02T12:0xZ,none - post-seal pull,2026-09-02 02:13,250 paired parents (REPORT.md 2026-09-01 05:32),NO - 389 here; workspace postdates the report by 20h41m
rep02,ungated,2023[Cd][nan]3[FSR]2,2023[Cd][nan]3[FSR]2__1of2,72.324,3.691,175.023,3.51,+102.699,3000 prod,3000 prod,"ws/rep02/tables/{mod_rank,t1_wc}.csv",67d64b40bc9a35cf…,2026-09-02T12:0xZ,none - post-seal pull,2026-09-02 02:13,250 paired parents (REPORT.md 2026-09-01 05:32),NO - 389 here; workspace postdates the report by 20h41m
rep02,ungated,2011[WCu][dia]3[FSR]2,2011[WCu][dia]3[FSR]2__1of2,33.534,3.23,165.66,5.074,+132.126,3000 prod,3000 prod,"ws/rep02/tables/{mod_rank,t1_wc}.csv",67d64b40bc9a35cf…,2026-09-02T12:0xZ,none - post-seal pull,2026-09-02 02:13,250 paired parents (REPORT.md 2026-09-01 05:32),NO - 389 here; workspace postdates the report by 20h41m
rep02,ungated,2011[ZnSi][pcu]3[FSR]2,2011[ZnSi][pcu]3[FSR]2__1of2,15.903,2.059,155.416,4.857,+139.513,3000 prod,3000 prod,"ws/rep02/tables/{mod_rank,t1_wc}.csv",67d64b40bc9a35cf…,2026-09-02T12:0xZ,none - post-seal pull,2026-09-02 02:13,250 paired parents (REPORT.md 2026-09-01 05:32),NO - 389 here; workspace postdates the report by 20h41m
rep02,ungated,2018[Cd][tfz]3[ASR]5,2018[Cd][tfz]3[ASR]5__1of3,47.956,1.386,157.338,2.067,+109.382,3000 prod,3000 prod,"ws/rep02/tables/{mod_rank,t1_wc}.csv",67d64b40bc9a35cf…,2026-09-02T12:0xZ,none - post-seal pull,2026-09-02 02:13,250 paired parents (REPORT.md 2026-09-01 05:32),NO - 389 here; workspace postdates the report by 20h41m
rep02,ungated,2020[Zn][nan]3[ASR]17,2020[Zn][nan]3[ASR]17__1of2,39.232,5.25,178.847,3.378,+139.615,3000 prod,3000 prod,"ws/rep02/tables/{mod_rank,t1_wc}.csv",67d64b40bc9a35cf…,2026-09-02T12:0xZ,none - post-seal pull,2026-09-02 02:13,250 paired parents (REPORT.md 2026-09-01 05:32),NO - 389 here; workspace postdates the report by 20h41m
rep02,ungated,2012[Zn][pcu]3[FSR]8,2012[Zn][pcu]3[FSR]8__1of2,45.967,4.08,176.05,4.019,+130.083,3000 prod,3000 prod,"ws/rep02/tables/{mod_rank,t1_wc}.csv",67d64b40bc9a35cf…,2026-09-02T12:0xZ,none - post-seal pull,2026-09-02 02:13,250 paired parents (REPORT.md 2026-09-01 05:32),NO - 389 here; workspace postdates the report by 20h41m
rep02,ungated,2016[Ag][dia]3[FSR]1,2016[Ag][dia]3[FSR]1__1of4,12.298,2.444,177.34,3.137,+165.042,3000 prod,3000 prod,"ws/rep02/tables/{mod_rank,t1_wc}.csv",67d64b40bc9a35cf…,2026-09-02T12:0xZ,none - post-seal pull,2026-09-02 02:13,250 paired parents (REPORT.md 2026-09-01 05:32),NO - 389 here; workspace postdates the report by 20h41m
rep02,ungated,0000[Cd][pcu]3[ASR]4,0000[Cd][pcu]3[ASR]4__1of2,42.776,7.049,181.958,2.632,+139.182,3000 prod,3000 prod,"ws/rep02/tables/{mod_rank,t1_wc}.csv",67d64b40bc9a35cf…,2026-09-02T12:0xZ,none - post-seal pull,2026-09-02 02:13,250 paired parents (REPORT.md 2026-09-01 05:32),NO - 389 here; workspace postdates the report by 20h41m
rep02,ungated,2022[Zn][fsc]3[ASR]1,2022[Zn][fsc]3[ASR]1__1of2,32.289,3.96,161.516,3.23,+129.227,3000 prod,3000 prod,"ws/rep02/tables/{mod_rank,t1_wc}.csv",67d64b40bc9a35cf…,2026-09-02T12:0xZ,none - post-seal pull,2026-09-02 02:13,250 paired parents (REPORT.md 2026-09-01 05:32),NO - 389 here; workspace postdates the report by 20h41m
rep02,ungated,2017[Zn][dia]3[ASR]13,2017[Zn][dia]3[ASR]13__1of2,55.264,3.529,175.461,3.424,+120.197,3000 prod,3000 prod,"ws/rep02/tables/{mod_rank,t1_wc}.csv",67d64b40bc9a35cf…,2026-09-02T12:0xZ,none - post-seal pull,2026-09-02 02:13,250 paired parents (REPORT.md 2026-09-01 05:32),NO - 389 here; workspace postdates the report by 20h41m
rep02,ungated,2013[Zn][hex]3[FSR]1,2013[Zn][hex]3[FSR]1__1of2,36.191,3.978,166.884,2.807,+130.693,3000 prod,3000 prod,"ws/rep02/tables/{mod_rank,t1_wc}.csv",67d64b40bc9a35cf…,2026-09-02T12:0xZ,none - post-seal pull,2026-09-02 02:13,250 paired parents (REPORT.md 2026-09-01 05:32),NO - 389 here; workspace postdates the report by 20h41m
rep02,ungated,2020[Zn][pcu]3[ASR]7,2020[Zn][pcu]3[ASR]7__1of2,51.422,5.905,196.027,2.275,+144.605,3000 prod,10000 prod,"ws/rep02/tables/{mod_rank,t1_wc}.csv",67d64b40bc9a35cf…,2026-09-02T12:0xZ,none - post-seal pull,2026-09-02 02:13,250 paired parents (REPORT.md 2026-09-01 05:32),NO - 389 here; workspace postdates the report by 20h41m
rep02,ungated,2020[Cd][pcu]3[ASR]1,2020[Cd][pcu]3[ASR]1__1of2,68.402,3.348,176.372,3.534,+107.970,3000 prod,3000 prod,"ws/rep02/tables/{mod_rank,t1_wc}.csv",67d64b40bc9a35cf…,2026-09-02T12:0xZ,none - post-seal pull,2026-09-02 02:13,250 paired parents (REPORT.md 2026-09-01 05:32),NO - 389 here; workspace postdates the report by 20h41m
rep02,ungated,2014[Ag][ths]3[ASR]1,2014[Ag][ths]3[ASR]1__1of2,48.129,1.908,183.204,2.694,+135.075,3000 prod,3000 prod,"ws/rep02/tables/{mod_rank,t1_wc}.csv",67d64b40bc9a35cf…,2026-09-02T12:0xZ,none - post-seal pull,2026-09-02 02:13,250 paired parents (REPORT.md 2026-09-01 05:32),NO - 389 here; workspace postdates the report by 20h41m
rep02,ungated,2021[Cd][tfz]3[ASR]2,2021[Cd][tfz]3[ASR]2__1of2,65.851,4.188,175.444,3.688,+109.593,3000 prod,3000 prod,"ws/rep02/tables/{mod_rank,t1_wc}.csv",67d64b40bc9a35cf…,2026-09-02T12:0xZ,none - post-seal pull,2026-09-02 02:13,250 paired parents (REPORT.md 2026-09-01 05:32),NO - 389 here; workspace postdates the report by 20h41m
rep02,ungated,2021[Cd][tfz]3[ASR]3,2021[Cd][tfz]3[ASR]3__1of2,62.877,5.347,177.186,4.467,+114.309,3000 prod,3000 prod,"ws/rep02/tables/{mod_rank,t1_wc}.csv",67d64b40bc9a35cf…,2026-09-02T12:0xZ,none - post-seal pull,2026-09-02 02:13,250 paired parents (REPORT.md 2026-09-01 05:32),NO - 389 here; workspace postdates the report by 20h41m
rep02,ungated,2021[Zn][nan]3[ASR]5,2021[Zn][nan]3[ASR]5__1of2,37.552,2.924,158.361,5.687,+120.809,3000 prod,3000 prod,"ws/rep02/tables/{mod_rank,t1_wc}.csv",67d64b40bc9a35cf…,2026-09-02T12:0xZ,none - post-seal pull,2026-09-02 02:13,250 paired parents (REPORT.md 2026-09-01 05:32),NO - 389 here; workspace postdates the report by 20h41m
rep02,ungated,0000[Zn][nan]3[ASR]2,0000[Zn][nan]3[ASR]2__1of2,52.717,3.398,172.685,3.738,+119.968,3000 prod,3000 prod,"ws/rep02/tables/{mod_rank,t1_wc}.csv",67d64b40bc9a35cf…,2026-09-02T12:0xZ,none - post-seal pull,2026-09-02 02:13,250 paired parents (REPORT.md 2026-09-01 05:32),NO - 389 here; workspace postdates the report by 20h41m
rep02,ungated,2022[Zn][nan]3[ASR]3,2022[Zn][nan]3[ASR]3__1of2,49.409,3.661,171.168,2.774,+121.759,3000 prod,3000 prod,"ws/rep02/tables/{mod_rank,t1_wc}.csv",67d64b40bc9a35cf…,2026-09-02T12:0xZ,none - post-seal pull,2026-09-02 02:13,250 paired parents (REPORT.md 2026-09-01 05:32),NO - 389 here; workspace postdates the report by 20h41m
rep02,ungated,2016[Ti][srs]3[ASR]1,2016[Ti][srs]3[ASR]1__1of2,145.296,1.738,145.065,2.416,-0.231,3000 prod,3000 prod,"ws/rep02/tables/{mod_rank,t1_wc}.csv",67d64b40bc9a35cf…,2026-09-02T12:0xZ,none - post-seal pull,2026-09-02 02:13,250 paired parents (REPORT.md 2026-09-01 05:32),NO - 389 here; workspace postdates the report by 20h41m
rep02,ungated,1999[Ag][ths]3[FSR]1,1999[Ag][ths]3[FSR]1__1of2,47.242,5.324,175.826,3.306,+128.584,3000 prod,3000 prod,"ws/rep02/tables/{mod_rank,t1_wc}.csv",67d64b40bc9a35cf…,2026-09-02T12:0xZ,none - post-seal pull,2026-09-02 02:13,250 paired parents (REPORT.md 2026-09-01 05:32),NO - 389 here; workspace postdates the report by 20h41m
rep02,ungated,2009[Pr][sxb]3[FSR]1,2009[Pr][sxb]3[FSR]1__1of2,35.947,4.524,165.184,2.764,+129.237,3000 prod,3000 prod,"ws/rep02/tables/{mod_rank,t1_wc}.csv",67d64b40bc9a35cf…,2026-09-02T12:0xZ,none - post-seal pull,2026-09-02 02:13,250 paired parents (REPORT.md 2026-09-01 05:32),NO - 389 here; workspace postdates the report by 20h41m
rep02,ungated,2024[Cd][nan]3[FSR]5,2024[Cd][nan]3[FSR]5__1of2,67.657,4.982,170.568,3.45,+102.911,3000 prod,3000 prod,"ws/rep02/tables/{mod_rank,t1_wc}.csv",67d64b40bc9a35cf…,2026-09-02T12:0xZ,none - post-seal pull,2026-09-02 02:13,250 paired parents (REPORT.md 2026-09-01 05:32),NO - 389 here; workspace postdates the report by 20h41m
rep02,ungated,2015[Co][ths]3[ASR]1,2015[Co][ths]3[ASR]1__1of2,36.424,1.964,165.878,2.161,+129.454,3000 prod,3000 prod,"ws/rep02/tables/{mod_rank,t1_wc}.csv",67d64b40bc9a35cf…,2026-09-02T12:0xZ,none - post-seal pull,2026-09-02 02:13,250 paired parents (REPORT.md 2026-09-01 05:32),NO - 389 here; workspace postdates the report by 20h41m
rep02,ungated,0000[Cu][hex]3[ASR]1,0000[Cu][hex]3[ASR]1__1of2,49.367,3.965,167.432,4.22,+118.065,3000 prod,3000 prod,"ws/rep02/tables/{mod_rank,t1_wc}.csv",67d64b40bc9a35cf…,2026-09-02T12:0xZ,none - post-seal pull,2026-09-02 02:13,250 paired parents (REPORT.md 2026-09-01 05:32),NO - 389 here; workspace postdates the report by 20h41m
rep02,ungated,2014[Zn][pcu]3[FSR]1,2014[Zn][pcu]3[FSR]1__1of2,37.221,2.477,170.481,2.807,+133.260,3000 prod,3000 prod,"ws/rep02/tables/{mod_rank,t1_wc}.csv",67d64b40bc9a35cf…,2026-09-02T12:0xZ,none - post-seal pull,2026-09-02 02:13,250 paired parents (REPORT.md 2026-09-01 05:32),NO - 389 here; workspace postdates the report by 20h41m
rep02,ungated,2018[Cu][dia]3[ASR]3,2018[Cu][dia]3[ASR]3__1of2,36.498,4.041,175.216,2.051,+138.718,3000 prod,3000 prod,"ws/rep02/tables/{mod_rank,t1_wc}.csv",67d64b40bc9a35cf…,2026-09-02T12:0xZ,none - post-seal pull,2026-09-02 02:13,250 paired parents (REPORT.md 2026-09-01 05:32),NO - 389 here; workspace postdates the report by 20h41m
rep02,ungated,2015[Zn][nan]3[ASR]24,2015[Zn][nan]3[ASR]24__1of2,129.863,2.221,168.205,1.901,+38.342,3000 prod,3000 prod,"ws/rep02/tables/{mod_rank,t1_wc}.csv",67d64b40bc9a35cf…,2026-09-02T12:0xZ,none - post-seal pull,2026-09-02 02:13,250 paired parents (REPORT.md 2026-09-01 05:32),NO - 389 here; workspace postdates the report by 20h41m
rep02,ungated,2011[Eu][pcu]3[FSR]1,2011[Eu][pcu]3[FSR]1__1of2,118.718,1.834,152.51,3.41,+33.792,3000 prod,3000 prod,"ws/rep02/tables/{mod_rank,t1_wc}.csv",67d64b40bc9a35cf…,2026-09-02T12:0xZ,none - post-seal pull,2026-09-02 02:13,250 paired parents (REPORT.md 2026-09-01 05:32),NO - 389 here; workspace postdates the report by 20h41m
rep02,ungated,2011[WCu][ths]3[FSR]2,2011[WCu][ths]3[FSR]2__1of2,48.745,2.866,155.91,2.754,+107.165,3000 prod,3000 prod,"ws/rep02/tables/{mod_rank,t1_wc}.csv",67d64b40bc9a35cf…,2026-09-02T12:0xZ,none - post-seal pull,2026-09-02 02:13,250 paired parents (REPORT.md 2026-09-01 05:32),NO - 389 here; workspace postdates the report by 20h41m
rep02,ungated,2005[Zn][pcu]3[ASR]1,2005[Zn][pcu]3[ASR]1__1of2,30.412,3.945,193.757,4.597,+163.345,3000 prod,10000 prod,"ws/rep02/tables/{mod_rank,t1_wc}.csv",67d64b40bc9a35cf…,2026-09-02T12:0xZ,none - post-seal pull,2026-09-02 02:13,250 paired parents (REPORT.md 2026-09-01 05:32),NO - 389 here; workspace postdates the report by 20h41m
rep02,ungated,2011[CuW][ths]3[ASR]2,2011[CuW][ths]3[ASR]2__1of2,48.394,2.25,155.592,1.771,+107.198,3000 prod,3000 prod,"ws/rep02/tables/{mod_rank,t1_wc}.csv",67d64b40bc9a35cf…,2026-09-02T12:0xZ,none - post-seal pull,2026-09-02 02:13,250 paired parents (REPORT.md 2026-09-01 05:32),NO - 389 here; workspace postdates the report by 20h41m
rep02,ungated,2020[Ti][srs]3[FSR]1,2020[Ti][srs]3[FSR]1__1of2,156.409,2.744,173.208,1.63,+16.799,3000 prod,3000 prod,"ws/rep02/tables/{mod_rank,t1_wc}.csv",67d64b40bc9a35cf…,2026-09-02T12:0xZ,none - post-seal pull,2026-09-02 02:13,250 paired parents (REPORT.md 2026-09-01 05:32),NO - 389 here; workspace postdates the report by 20h41m
rep02,ungated,2018[Zn][pcu]3[FSR]19,2018[Zn][pcu]3[FSR]19__1of2,147.43,2.096,162.785,2.607,+15.355,3000 prod,3000 prod,"ws/rep02/tables/{mod_rank,t1_wc}.csv",67d64b40bc9a35cf…,2026-09-02T12:0xZ,none - post-seal pull,2026-09-02 02:13,250 paired parents (REPORT.md 2026-09-01 05:32),NO - 389 here; workspace postdates the report by 20h41m
rep02,ungated,2019[Co][pcu]3[FSR]4,2019[Co][pcu]3[FSR]4__1of2,30.079,4.301,177.486,2.374,+147.407,3000 prod,3000 prod,"ws/rep02/tables/{mod_rank,t1_wc}.csv",67d64b40bc9a35cf…,2026-09-02T12:0xZ,none - post-seal pull,2026-09-02 02:13,250 paired parents (REPORT.md 2026-09-01 05:32),NO - 389 here; workspace postdates the report by 20h41m
rep02,ungated,2020[Zn][nan]3[ASR]61,2020[Zn][nan]3[ASR]61__1of2,50.019,5.861,176.721,1.72,+126.702,3000 prod,3000 prod,"ws/rep02/tables/{mod_rank,t1_wc}.csv",67d64b40bc9a35cf…,2026-09-02T12:0xZ,none - post-seal pull,2026-09-02 02:13,250 paired parents (REPORT.md 2026-09-01 05:32),NO - 389 here; workspace postdates the report by 20h41m
rep02,ungated,2020[Zn][pcu]3[FSR]14,2020[Zn][pcu]3[FSR]14__1of2,36.738,3.963,170.336,1.61,+133.598,3000 prod,3000 prod,"ws/rep02/tables/{mod_rank,t1_wc}.csv",67d64b40bc9a35cf…,2026-09-02T12:0xZ,none - post-seal pull,2026-09-02 02:13,250 paired parents (REPORT.md 2026-09-01 05:32),NO - 389 here; workspace postdates the report by 20h41m
rep02,ungated,2021[Cd][tfz]3[FSR]2,2021[Cd][tfz]3[FSR]2__1of2,44.575,3.691,165.1,4.085,+120.525,3000 prod,3000 prod,"ws/rep02/tables/{mod_rank,t1_wc}.csv",67d64b40bc9a35cf…,2026-09-02T12:0xZ,none - post-seal pull,2026-09-02 02:13,250 paired parents (REPORT.md 2026-09-01 05:32),NO - 389 here; workspace postdates the report by 20h41m
rep02,ungated,2021[Cd][tfz]3[FSR]3,2021[Cd][tfz]3[FSR]3__1of2,42.405,3.331,167.976,3.741,+125.571,3000 prod,3000 prod,"ws/rep02/tables/{mod_rank,t1_wc}.csv",67d64b40bc9a35cf…,2026-09-02T12:0xZ,none - post-seal pull,2026-09-02 02:13,250 paired parents (REPORT.md 2026-09-01 05:32),NO - 389 here; workspace postdates the report by 20h41m
rep02,ungated,2023[U][nan]3[ASR]2,2023[U][nan]3[ASR]2__1of2,45.097,4.856,161.016,4.401,+115.919,3000 prod,3000 prod,"ws/rep02/tables/{mod_rank,t1_wc}.csv",67d64b40bc9a35cf…,2026-09-02T12:0xZ,none - post-seal pull,2026-09-02 02:13,250 paired parents (REPORT.md 2026-09-01 05:32),NO - 389 here; workspace postdates the report by 20h41m
rep02,ungated,2024[Cu][lvt]3[ASR]1,2024[Cu][lvt]3[ASR]1__1of2,161.905,5.046,170.059,1.792,+8.154,3000 prod,3000 prod,"ws/rep02/tables/{mod_rank,t1_wc}.csv",67d64b40bc9a35cf…,2026-09-02T12:0xZ,none - post-seal pull,2026-09-02 02:13,250 paired parents (REPORT.md 2026-09-01 05:32),NO - 389 here; workspace postdates the report by 20h41m
rep02,ungated,2022[Cd][nan]3[ASR]6,2022[Cd][nan]3[ASR]6__1of2,24.099,3.422,167.337,1.613,+143.238,3000 prod,3000 prod,"ws/rep02/tables/{mod_rank,t1_wc}.csv",67d64b40bc9a35cf…,2026-09-02T12:0xZ,none - post-seal pull,2026-09-02 02:13,250 paired parents (REPORT.md 2026-09-01 05:32),NO - 389 here; workspace postdates the report by 20h41m
rep02,ungated,2015[Zn][pcu]3[ASR]17,2015[Zn][pcu]3[ASR]17__1of2,46.119,6.418,170.8,3.068,+124.681,3000 prod,3000 prod,"ws/rep02/tables/{mod_rank,t1_wc}.csv",67d64b40bc9a35cf…,2026-09-02T12:0xZ,none - post-seal pull,2026-09-02 02:13,250 paired parents (REPORT.md 2026-09-01 05:32),NO - 389 here; workspace postdates the report by 20h41m
rep02,ungated,2022[Cd][nan]3[ASR]5,2022[Cd][nan]3[ASR]5__1of2,24.94,3.038,166.112,2.048,+141.172,3000 prod,3000 prod,"ws/rep02/tables/{mod_rank,t1_wc}.csv",67d64b40bc9a35cf…,2026-09-02T12:0xZ,none - post-seal pull,2026-09-02 02:13,250 paired parents (REPORT.md 2026-09-01 05:32),NO - 389 here; workspace postdates the report by 20h41m
rep02,ungated,2018[CuEr][dia]3[ASR]1,2018[CuEr][dia]3[ASR]1__1of2,26.11,3.678,156.625,1.614,+130.515,3000 prod,3000 prod,"ws/rep02/tables/{mod_rank,t1_wc}.csv",67d64b40bc9a35cf…,2026-09-02T12:0xZ,none - post-seal pull,2026-09-02 02:13,250 paired parents (REPORT.md 2026-09-01 05:32),NO - 389 here; workspace postdates the report by 20h41m
rep02,ungated,2006[Zn][dia]3[ASR]2,2006[Zn][dia]3[ASR]2__1of4,57.257,4.268,151.276,2.242,+94.019,3000 prod,3000 prod,"ws/rep02/tables/{mod_rank,t1_wc}.csv",67d64b40bc9a35cf…,2026-09-02T12:0xZ,none - post-seal pull,2026-09-02 02:13,250 paired parents (REPORT.md 2026-09-01 05:32),NO - 389 here; workspace postdates the report by 20h41m
rep02,ungated,2010[Zn][dia]3[ASR]1,2010[Zn][dia]3[ASR]1__1of2,42.116,3.922,171.38,4.213,+129.264,3000 prod,3000 prod,"ws/rep02/tables/{mod_rank,t1_wc}.csv",67d64b40bc9a35cf…,2026-09-02T12:0xZ,none - post-seal pull,2026-09-02 02:13,250 paired parents (REPORT.md 2026-09-01 05:32),NO - 389 here; workspace postdates the report by 20h41m
rep02,ungated,2011[Zn][pcu]3[FSR]16,2011[Zn][pcu]3[FSR]16__1of2,26.758,2.316,165.842,2.941,+139.084,3000 prod,3000 prod,"ws/rep02/tables/{mod_rank,t1_wc}.csv",67d64b40bc9a35cf…,2026-09-02T12:0xZ,none - post-seal pull,2026-09-02 02:13,250 paired parents (REPORT.md 2026-09-01 05:32),NO - 389 here; workspace postdates the report by 20h41m
rep02,ungated,2001[Cu][cds]3[FSR]1,2001[Cu][cds]3[FSR]1__1of2,53.6,7.65,177.099,4.233,+123.499,3000 prod,3000 prod,"ws/rep02/tables/{mod_rank,t1_wc}.csv",67d64b40bc9a35cf…,2026-09-02T12:0xZ,none - post-seal pull,2026-09-02 02:13,250 paired parents (REPORT.md 2026-09-01 05:32),NO - 389 here; workspace postdates the report by 20h41m
rep02,ungated,2006[Cd][dia]3[ASR]2,2006[Cd][dia]3[ASR]2__1of4,49.898,2.5,147.563,4.258,+97.665,3000 prod,3000 prod,"ws/rep02/tables/{mod_rank,t1_wc}.csv",67d64b40bc9a35cf…,2026-09-02T12:0xZ,none - post-seal pull,2026-09-02 02:13,250 paired parents (REPORT.md 2026-09-01 05:32),NO - 389 here; workspace postdates the report by 20h41m
rep02,ungated,2023[U][dia]3[ASR]1,2023[U][dia]3[ASR]1__1of2,47.329,2.341,159.356,3.472,+112.027,3000 prod,3000 prod,"ws/rep02/tables/{mod_rank,t1_wc}.csv",67d64b40bc9a35cf…,2026-09-02T12:0xZ,none - post-seal pull,2026-09-02 02:13,250 paired parents (REPORT.md 2026-09-01 05:32),NO - 389 here; workspace postdates the report by 20h41m
rep02,ungated,2007[Zn][dia]3[ASR]3,2007[Zn][dia]3[ASR]3__1of2,25.069,3.398,173.738,3.858,+148.669,3000 prod,3000 prod,"ws/rep02/tables/{mod_rank,t1_wc}.csv",67d64b40bc9a35cf…,2026-09-02T12:0xZ,none - post-seal pull,2026-09-02 02:13,250 paired parents (REPORT.md 2026-09-01 05:32),NO - 389 here; workspace postdates the report by 20h41m
rep02,ungated,2023[U][nan]3[ASR]1,2023[U][nan]3[ASR]1__1of2,44.052,3.097,160.469,1.995,+116.417,3000 prod,3000 prod,"ws/rep02/tables/{mod_rank,t1_wc}.csv",67d64b40bc9a35cf…,2026-09-02T12:0xZ,none - post-seal pull,2026-09-02 02:13,250 paired parents (REPORT.md 2026-09-01 05:32),NO - 389 here; workspace postdates the report by 20h41m
rep02,ungated,2024[Zn][pcu]3[ASR]3,2024[Zn][pcu]3[ASR]3__1of2,60.093,2.317,164.292,3.266,+104.199,3000 prod,3000 prod,"ws/rep02/tables/{mod_rank,t1_wc}.csv",67d64b40bc9a35cf…,2026-09-02T12:0xZ,none - post-seal pull,2026-09-02 02:13,250 paired parents (REPORT.md 2026-09-01 05:32),NO - 389 here; workspace postdates the report by 20h41m
rep02,ungated,2002[Cd][dia]3[ASR]1,2002[Cd][dia]3[ASR]1__1of4,54.801,4.99,145.285,1.613,+90.484,3000 prod,3000 prod,"ws/rep02/tables/{mod_rank,t1_wc}.csv",67d64b40bc9a35cf…,2026-09-02T12:0xZ,none - post-seal pull,2026-09-02 02:13,250 paired parents (REPORT.md 2026-09-01 05:32),NO - 389 here; workspace postdates the report by 20h41m
rep02,ungated,2008[Zn][ant]3[FSR]1,2008[Zn][ant]3[FSR]1__1of2,140.367,2.805,163.099,2.276,+22.732,3000 prod,3000 prod,"ws/rep02/tables/{mod_rank,t1_wc}.csv",67d64b40bc9a35cf…,2026-09-02T12:0xZ,none - post-seal pull,2026-09-02 02:13,250 paired parents (REPORT.md 2026-09-01 05:32),NO - 389 here; workspace postdates the report by 20h41m
rep02,ungated,0000[Co][dia]3[ASR]1,0000[Co][dia]3[ASR]1__1of2,33.865,4.229,172.512,3.334,+138.647,3000 prod,3000 prod,"ws/rep02/tables/{mod_rank,t1_wc}.csv",67d64b40bc9a35cf…,2026-09-02T12:0xZ,none - post-seal pull,2026-09-02 02:13,250 paired parents (REPORT.md 2026-09-01 05:32),NO - 389 here; workspace postdates the report by 20h41m
rep02,ungated,2004[Cd][bnn]3[ASR]1,2004[Cd][bnn]3[ASR]1__1of4,25.835,3.597,163.473,2.559,+137.638,3000 prod,3000 prod,"ws/rep02/tables/{mod_rank,t1_wc}.csv",67d64b40bc9a35cf…,2026-09-02T12:0xZ,none - post-seal pull,2026-09-02 02:13,250 paired parents (REPORT.md 2026-09-01 05:32),NO - 389 here; workspace postdates the report by 20h41m
rep02,ungated,2021[Cu][pcu]3[FSR]3,2021[Cu][pcu]3[FSR]3__1of2,160.493,1.654,164.508,1.749,+4.015,3000 prod,3000 prod,"ws/rep02/tables/{mod_rank,t1_wc}.csv",67d64b40bc9a35cf…,2026-09-02T12:0xZ,none - post-seal pull,2026-09-02 02:13,250 paired parents (REPORT.md 2026-09-01 05:32),NO - 389 here; workspace postdates the report by 20h41m
rep02,ungated,2008[Zn][pcu]3[ASR]3,2008[Zn][pcu]3[ASR]3__1of2,154.502,3.813,154.425,2.189,-0.077,3000 prod,3000 prod,"ws/rep02/tables/{mod_rank,t1_wc}.csv",67d64b40bc9a35cf…,2026-09-02T12:0xZ,none - post-seal pull,2026-09-02 02:13,250 paired parents (REPORT.md 2026-09-01 05:32),NO - 389 here; workspace postdates the report by 20h41m
rep02,ungated,2015[Zn][pcu]3[ASR]14,2015[Zn][pcu]3[ASR]14__1of2,164.819,2.582,155.335,2.306,-9.484,3000 prod,3000 prod,"ws/rep02/tables/{mod_rank,t1_wc}.csv",67d64b40bc9a35cf…,2026-09-02T12:0xZ,none - post-seal pull,2026-09-02 02:13,250 paired parents (REPORT.md 2026-09-01 05:32),NO - 389 here; workspace postdates the report by 20h41m
rep02,ungated,2016[Zn][ins]3[ASR]1,2016[Zn][ins]3[ASR]1__1of2,33.957,6.354,167.969,4.933,+134.012,3000 prod,3000 prod,"ws/rep02/tables/{mod_rank,t1_wc}.csv",67d64b40bc9a35cf…,2026-09-02T12:0xZ,none - post-seal pull,2026-09-02 02:13,250 paired parents (REPORT.md 2026-09-01 05:32),NO - 389 here; workspace postdates the report by 20h41m
rep02,ungated,2023[Zn][ant]3[ASR]1,2023[Zn][ant]3[ASR]1__1of2,144.331,3.402,162.572,1.338,+18.241,3000 prod,3000 prod,"ws/rep02/tables/{mod_rank,t1_wc}.csv",67d64b40bc9a35cf…,2026-09-02T12:0xZ,none - post-seal pull,2026-09-02 02:13,250 paired parents (REPORT.md 2026-09-01 05:32),NO - 389 here; workspace postdates the report by 20h41m
rep02,ungated,2015[Zn][pcu]3[FSR]6,2015[Zn][pcu]3[FSR]6__1of2,167.422,4.436,159.466,2.815,-7.956,3000 prod,3000 prod,"ws/rep02/tables/{mod_rank,t1_wc}.csv",67d64b40bc9a35cf…,2026-09-02T12:0xZ,none - post-seal pull,2026-09-02 02:13,250 paired parents (REPORT.md 2026-09-01 05:32),NO - 389 here; workspace postdates the report by 20h41m
rep02,ungated,2012[Zn][nan]3[ASR]5,2012[Zn][nan]3[ASR]5__1of2,150.49,2.46,153.956,1.926,+3.466,3000 prod,3000 prod,"ws/rep02/tables/{mod_rank,t1_wc}.csv",67d64b40bc9a35cf…,2026-09-02T12:0xZ,none - post-seal pull,2026-09-02 02:13,250 paired parents (REPORT.md 2026-09-01 05:32),NO - 389 here; workspace postdates the report by 20h41m
rep02,ungated,2017[Zn][pcu]3[ASR]20,2017[Zn][pcu]3[ASR]20__1of2,168.937,2.358,154.048,5.312,-14.889,3000 prod,3000 prod,"ws/rep02/tables/{mod_rank,t1_wc}.csv",67d64b40bc9a35cf…,2026-09-02T12:0xZ,none - post-seal pull,2026-09-02 02:13,250 paired parents (REPORT.md 2026-09-01 05:32),NO - 389 here; workspace postdates the report by 20h41m
rep02,ungated,2011[In][dia]3[ASR]1,2011[In][dia]3[ASR]1__1of2,118.88,2.925,162.679,2.954,+43.799,3000 prod,3000 prod,"ws/rep02/tables/{mod_rank,t1_wc}.csv",67d64b40bc9a35cf…,2026-09-02T12:0xZ,none - post-seal pull,2026-09-02 02:13,250 paired parents (REPORT.md 2026-09-01 05:32),NO - 389 here; workspace postdates the report by 20h41m
rep02,ungated,2019[Co][crs]3[ASR]1,2019[Co][crs]3[ASR]1__1of3,79.799,2.144,144.883,1.4,+65.084,3000 prod,3000 prod,"ws/rep02/tables/{mod_rank,t1_wc}.csv",67d64b40bc9a35cf…,2026-09-02T12:0xZ,none - post-seal pull,2026-09-02 02:13,250 paired parents (REPORT.md 2026-09-01 05:32),NO - 389 here; workspace postdates the report by 20h41m
rep02,ungated,2019[Co][crs]3[FSR]1,2019[Co][crs]3[FSR]1__1of3,80.26,1.253,144.883,1.4,+64.623,3000 prod,3000 prod,"ws/rep02/tables/{mod_rank,t1_wc}.csv",67d64b40bc9a35cf…,2026-09-02T12:0xZ,none - post-seal pull,2026-09-02 02:13,250 paired parents (REPORT.md 2026-09-01 05:32),NO - 389 here; workspace postdates the report by 20h41m
rep02,ungated,2015[Zn][pcu]3[ASR]6,2015[Zn][pcu]3[ASR]6__1of2,163.922,2.843,155.95,1.194,-7.972,3000 prod,3000 prod,"ws/rep02/tables/{mod_rank,t1_wc}.csv",67d64b40bc9a35cf…,2026-09-02T12:0xZ,none - post-seal pull,2026-09-02 02:13,250 paired parents (REPORT.md 2026-09-01 05:32),NO - 389 here; workspace postdates the report by 20h41m
rep02,ungated,2018[Zn][pcu]3[ASR]19,2018[Zn][pcu]3[ASR]19__1of2,158.558,3.032,159.37,2.765,+0.812,3000 prod,3000 prod,"ws/rep02/tables/{mod_rank,t1_wc}.csv",67d64b40bc9a35cf…,2026-09-02T12:0xZ,none - post-seal pull,2026-09-02 02:13,250 paired parents (REPORT.md 2026-09-01 05:32),NO - 389 here; workspace postdates the report by 20h41m
rep02,ungated,2016[Cd][dia]3[ASR]4,2016[Cd][dia]3[ASR]4__1of2,21.791,2.678,163.464,3.898,+141.673,3000 prod,3000 prod,"ws/rep02/tables/{mod_rank,t1_wc}.csv",67d64b40bc9a35cf…,2026-09-02T12:0xZ,none - post-seal pull,2026-09-02 02:13,250 paired parents (REPORT.md 2026-09-01 05:32),NO - 389 here; workspace postdates the report by 20h41m
rep02,ungated,2017[Zn][dia]3[ASR]9,2017[Zn][dia]3[ASR]9__1of4,26.236,2.333,154.799,2.694,+128.563,3000 prod,3000 prod,"ws/rep02/tables/{mod_rank,t1_wc}.csv",67d64b40bc9a35cf…,2026-09-02T12:0xZ,none - post-seal pull,2026-09-02 02:13,250 paired parents (REPORT.md 2026-09-01 05:32),NO - 389 here; workspace postdates the report by 20h41m
rep02,ungated,2011[Zr][fcu]3[ASR]1,2011[Zr][fcu]3[ASR]1__1of2,133.482,1.049,135.785,1.625,+2.303,3000 prod,3000 prod,"ws/rep02/tables/{mod_rank,t1_wc}.csv",67d64b40bc9a35cf…,2026-09-02T12:0xZ,none - post-seal pull,2026-09-02 02:13,250 paired parents (REPORT.md 2026-09-01 05:32),NO - 389 here; workspace postdates the report by 20h41m
rep02,ungated,2017[Zr][fcu]3[FSR]1,2017[Zr][fcu]3[FSR]1__1of2,123.855,1.861,134.537,1.664,+10.682,3000 prod,3000 prod,"ws/rep02/tables/{mod_rank,t1_wc}.csv",67d64b40bc9a35cf…,2026-09-02T12:0xZ,none - post-seal pull,2026-09-02 02:13,250 paired parents (REPORT.md 2026-09-01 05:32),NO - 389 here; workspace postdates the report by 20h41m
rep02,ungated,2016[Zn][dia]3[ASR]1,2016[Zn][dia]3[ASR]1__1of2,15.212,2.779,158.569,4.08,+143.357,3000 prod,3000 prod,"ws/rep02/tables/{mod_rank,t1_wc}.csv",67d64b40bc9a35cf…,2026-09-02T12:0xZ,none - post-seal pull,2026-09-02 02:13,250 paired parents (REPORT.md 2026-09-01 05:32),NO - 389 here; workspace postdates the report by 20h41m
rep02,ungated,2009[Cd][dia]3[ASR]3,2009[Cd][dia]3[ASR]3__1of2,14.06,1.881,157.857,3.767,+143.797,3000 prod,3000 prod,"ws/rep02/tables/{mod_rank,t1_wc}.csv",67d64b40bc9a35cf…,2026-09-02T12:0xZ,none - post-seal pull,2026-09-02 02:13,250 paired parents (REPORT.md 2026-09-01 05:32),NO - 389 here; workspace postdates the report by 20h41m
rep02,ungated,2018[Zn][pcu]3[ASR]18,2018[Zn][pcu]3[ASR]18__1of2,159.284,2.314,158.627,2.201,-0.657,3000 prod,3000 prod,"ws/rep02/tables/{mod_rank,t1_wc}.csv",67d64b40bc9a35cf…,2026-09-02T12:0xZ,none - post-seal pull,2026-09-02 02:13,250 paired parents (REPORT.md 2026-09-01 05:32),NO - 389 here; workspace postdates the report by 20h41m
rep02,ungated,2017[Cu][fog]3[ASR]1,2017[Cu][fog]3[ASR]1__1of2,140.306,1.925,147.239,1.244,+6.933,3000 prod,3000 prod,"ws/rep02/tables/{mod_rank,t1_wc}.csv",67d64b40bc9a35cf…,2026-09-02T12:0xZ,none - post-seal pull,2026-09-02 02:13,250 paired parents (REPORT.md 2026-09-01 05:32),NO - 389 here; workspace postdates the report by 20h41m
rep02,ungated,2014[In][nan]3[ASR]3,2014[In][nan]3[ASR]3__1of2,167.729,5.982,177.089,4.797,+9.360,3000 prod,3000 prod,"ws/rep02/tables/{mod_rank,t1_wc}.csv",67d64b40bc9a35cf…,2026-09-02T12:0xZ,none - post-seal pull,2026-09-02 02:13,250 paired parents (REPORT.md 2026-09-01 05:32),NO - 389 here; workspace postdates the report by 20h41m
rep02,ungated,2022[Cd][hms]3[ASR]1,2022[Cd][hms]3[ASR]1__1of4,29.531,2.626,151.12,1.699,+121.589,3000 prod,3000 prod,"ws/rep02/tables/{mod_rank,t1_wc}.csv",67d64b40bc9a35cf…,2026-09-02T12:0xZ,none - post-seal pull,2026-09-02 02:13,250 paired parents (REPORT.md 2026-09-01 05:32),NO - 389 here; workspace postdates the report by 20h41m
rep02,ungated,2022[CuIn][dia]3[FSR]1,2022[CuIn][dia]3[FSR]1__1of4,48.205,2.289,148.219,1.361,+100.014,3000 prod,3000 prod,"ws/rep02/tables/{mod_rank,t1_wc}.csv",67d64b40bc9a35cf…,2026-09-02T12:0xZ,none - post-seal pull,2026-09-02 02:13,250 paired parents (REPORT.md 2026-09-01 05:32),NO - 389 here; workspace postdates the report by 20h41m
rep02,ungated,2019[In][mmt]3[ASR]1,2019[In][mmt]3[ASR]1__1of2,182.899,2.101,176.806,3.341,-6.093,3000 prod,3000 prod,"ws/rep02/tables/{mod_rank,t1_wc}.csv",67d64b40bc9a35cf…,2026-09-02T12:0xZ,none - post-seal pull,2026-09-02 02:13,250 paired parents (REPORT.md 2026-09-01 05:32),NO - 389 here; workspace postdates the report by 20h41m
rep02,ungated,2010[Zn][rtl]3[ASR]1,2010[Zn][rtl]3[ASR]1__1of2,176.181,3.564,154.132,3.604,-22.049,3000 prod,3000 prod,"ws/rep02/tables/{mod_rank,t1_wc}.csv",67d64b40bc9a35cf…,2026-09-02T12:0xZ,none - post-seal pull,2026-09-02 02:13,250 paired parents (REPORT.md 2026-09-01 05:32),NO - 389 here; workspace postdates the report by 20h41m
rep02,ungated,2011[Eu][pcu]3[ASR]1,2011[Eu][pcu]3[ASR]1__1of2,171.799,3.191,148.074,4.016,-23.725,3000 prod,3000 prod,"ws/rep02/tables/{mod_rank,t1_wc}.csv",67d64b40bc9a35cf…,2026-09-02T12:0xZ,none - post-seal pull,2026-09-02 02:13,250 paired parents (REPORT.md 2026-09-01 05:32),NO - 389 here; workspace postdates the report by 20h41m
rep02,ungated,2021[Cu][nbo]3[ASR]1,2021[Cu][nbo]3[ASR]1__1of2,157.725,4.056,154.098,5.279,-3.627,3000 prod,3000 prod,"ws/rep02/tables/{mod_rank,t1_wc}.csv",67d64b40bc9a35cf…,2026-09-02T12:0xZ,none - post-seal pull,2026-09-02 02:13,250 paired parents (REPORT.md 2026-09-01 05:32),NO - 389 here; workspace postdates the report by 20h41m
rep02,ungated,2001[Zn][dia]3[ASR]2,2001[Zn][dia]3[ASR]2__1of2,13.315,3.277,151.806,3.975,+138.491,3000 prod,3000 prod,"ws/rep02/tables/{mod_rank,t1_wc}.csv",67d64b40bc9a35cf…,2026-09-02T12:0xZ,none - post-seal pull,2026-09-02 02:13,250 paired parents (REPORT.md 2026-09-01 05:32),NO - 389 here; workspace postdates the report by 20h41m
