structure_id,x,y
0000[Ag][nan]3[ASR]1,0.9819565,16.630968
0000[Ag][sql]2[ASR]1,-4.5743985,13.000734
0000[Ag][sra]3[ASR]1,0.7518976,9.353818
0000[AsCd][cds]3[ASR]1,-3.5888262,14.815615
0000[Cd][bcu]3[ASR]1,1.9854821,10.177751
0000[Cd][deh]3[ASR]1,1.2665819,5.453045
0000[Cd][dia]3[ASR]1,0.88930756,13.669051
0000[Cd][fsc]3[ASR]1,-2.432841,11.787309
0000[Cd][nan]2[ASR]1,3.601967,10.687669
0000[Cd][nan]2[ASR]2,-4.5756187,13.550521
0000[Cd][nan]3[ASR]1,4.9606104,10.46243
0000[Cd][nan]3[ASR]10,1.7680293,12.367629
0000[Cd][nan]3[ASR]11,1.6908392,12.428925
0000[Cd][nan]3[ASR]12,0.8247527,7.637677
0000[Cd][nan]3[ASR]13,6.037279,12.565249
0000[Cd][nan]3[ASR]4,2.3645077,14.012858
0000[Cd][nan]3[ASR]5,1.5632708,12.530334
0000[Cd][nan]3[ASR]6,0.5901842,3.8727026
0000[Cd][nan]3[ASR]7,2.298936,10.511085
0000[Cd][nan]3[ASR]8,0.15650012,12.838773
0000[Cd][nbo]3[ASR]1,-0.6582855,1.8586986
0000[Cd][pcu]3[ASR]2,5.0315886,11.431463
0000[Cd][pcu]3[ASR]3,-2.6663072,11.368376
0000[Cd][pcu]3[ASR]4,1.6375585,8.545675
0000[Cd][pts]3[ASR]2,-0.34781694,10.813357
0000[Cd][rob]3[ASR]1,0.677119,6.0825095
0000[Cd][sql]2[ASR]1,-4.6778197,12.149981
0000[Cd][sql]2[ASR]2,1.0921944,12.995362
0000[Cd][sql]2[ASR]4,-1.5759819,12.160338
0000[Cd][sra]3[ASR]2,2.3988757,14.426371
0000[Cd][sra]3[ASR]3,3.620211,11.291356
0000[Cd][tfw]3[ASR]1,3.7530077,14.430214
0000[CeZr][pth]3[ASR]1,-3.2036026,21.836475
0000[Ce][ant]3[ASR]1,-1.2860973,12.778942
0000[Ce][nan]3[ASR]1,2.3956409,14.617814
0000[Ce][nan]3[ASR]2,-3.0797205,21.952333
0000[CoSi][nan]3[ASR]1,1.8365096,6.7559266
0000[Co][bcu]3[ASR]1,1.6891767,13.252255
0000[Co][dia]3[ASR]1,-0.7981129,10.893879
0000[Co][ins]3[ASR]2,1.302097,13.54357
0000[Co][ins]3[ASR]3,1.6996398,12.740977
0000[Co][mab]3[ASR]1,0.98476714,11.7558975
0000[Co][nan]2[ASR]1,1.1404134,10.429726
0000[Co][nan]2[ASR]3,-4.1106315,13.709053
0000[Co][nan]2[ASR]4,-5.7678947,6.2244253
0000[Co][nan]3[ASR]1,1.8227905,13.123118
0000[Co][nan]3[ASR]10,-4.7246366,-2.5448303
0000[Co][nan]3[ASR]11,-4.724874,-2.5450635
0000[Co][nan]3[ASR]13,2.3810062,8.05211
0000[Co][nan]3[ASR]14,-6.9741173,17.450954
0000[Co][nan]3[ASR]15,-0.24728815,3.6617403
0000[Co][nan]3[ASR]18,4.79037,7.2365136
0000[Co][nan]3[ASR]19,2.8208172,10.540402
0000[Co][nan]3[ASR]2,1.8026513,16.325508
0000[Co][nan]3[ASR]3,1.7375165,13.281371
0000[Co][nan]3[ASR]4,-4.724451,-2.5449264
0000[Co][nan]3[ASR]5,-4.5641446,10.252582
0000[Co][nan]3[ASR]6,-4.7243924,-2.5445914
0000[Co][nan]3[ASR]7,-4.725434,-2.5456896
0000[Co][nan]3[ASR]8,-4.7248306,-2.5452888
0000[Co][nan]3[ASR]9,-4.7251983,-2.5453522
0000[Co][nan]3[FSR]1,1.8139684,16.290758
0000[Co][nan]3[FSR]2,1.8223292,13.15243
0000[Co][pcu]3[ASR]1,-4.393087,10.35232
0000[Co][pcu]3[ASR]2,1.4498906,12.872822
0000[Co][pcu]3[ASR]3,1.5033944,13.333012
0000[Co][rho]3[ASR]1,-0.8567111,3.21839
0000[Co][sit]3[ASR]1,0.34842426,3.8407454
0000[Co][sit]3[ASR]2,0.21081443,3.5465968
0000[Co][sql]2[ASR]2,0.075795285,12.771234
0000[Co][sql]2[ASR]3,-4.6928225,11.012858
0000[Co][sxb]3[ASR]1,3.8929338,7.6331186
0000[Co][tfz]3[ASR]1,1.6386513,13.552251
0000[CrMn][qtz]3[ASR]1,-3.0456688,21.991066
0000[CuMo][nan]2[ASR]1,0.5533443,16.276192
0000[CuNd][jaj]3[ASR]1,3.0460455,8.973834
0000[CuSi][pcu]3[ASR]1,1.0273734,2.6951835
0000[CuTb][stp]3[ASR]1,3.3681412,17.208931
0000[CuZr][flu]3[ASR]1,-1.1435283,6.901002
0000[Cu][acs]3[ASR]1,1.3516341,17.961267
0000[Cu][apo]3[ASR]1,2.3998585,9.405683
0000[Cu][bbf]3[ASR]1,0.25732785,6.618471
0000[Cu][dia]3[ASR]1,3.616137,13.889532
0000[Cu][dia]3[ASR]2,1.6991069,12.016964
0000[Cu][etb]3[ASR]1,4.1420445,12.711405
0000[Cu][hex]3[ASR]1,-2.9383926,9.689971
0000[Cu][nan]3[ASR]1,1.2946081,11.913244
0000[Cu][nan]3[ASR]4,-6.2937517,5.4252315
0000[Cu][nbo]3[ASR]1,5.7866635,11.935634
0000[Cu][pcu]3[ASR]1,6.385138,11.671916
0000[Cu][tbo]3[ASR]1,-2.099331,-0.12672427
0000[Cu][tbo]3[ASR]2,-2.0023339,2.4659178
0000[Cu][ths]3[ASR]1,6.4928336,21.778692
0000[Cu][ths]3[ASR]2,6.4775796,21.759956
0000[Cu][ths]3[ASR]3,1.3672087,12.239129
0000[Cu][ths]3[FSR]1,6.4775906,21.76
0000[DyCu][sqc]3[ASR]1,-0.3841766,3.1791153
0000[Dy][flu]3[ASR]1,3.2551615,13.455654
0000[Dy][sqc]3[ASR]1,1.7063897,15.13029
0000[Dy][tsi]3[ASR]1,-2.9925961,13.552179
0000[Er][lcy]3[ASR]1,-1.1133751,2.9393034
0000[Er][nan]3[ASR]1,-0.5212211,2.324705
0000[Er][pcu]3[ASR]1,-4.3504972,11.561428
0000[Er][unc]3[ASR]1,4.809404,10.949688
0000[Eu][flu]3[ASR]1,3.2072918,13.46024
0000[Eu][hcb]2[ASR]1,1.7475343,10.699145
0000[Eu][nan]3[ASR]1,1.9704678,15.238252
0000[Eu][nan]3[ASR]2,-4.6003375,11.0417
0000[Eu][sqc]3[ASR]1,5.0237775,9.352687
0000[Eu][sql]2[ASR]1,1.8587592,14.325493
0000[Fe][acs]3[ASR]1,0.39465892,3.257433
0000[Fe][acs]3[ASR]2,0.3772698,3.2386584
0000[Fe][dia]3[ASR]1,2.7774212,13.395345
0000[Fe][nbo]3[ASR]1,-2.0856943,-0.12639502
0000[Fe][pcu]3[ASR]2,0.2834206,17.968992
0000[Fe][pts]3[ASR]1,-0.46172726,10.58672
0000[Ga][bpq]3[ASR]1,-1.703014,17.549511
0000[Gd][flu]3[ASR]1,3.2391787,13.477567
0000[Gd][nan]3[ASR]1,-0.23311615,2.7748458
0000[Gd][nan]3[ASR]2,2.5809176,14.292448
0000[Gd][pcu]3[ASR]1,1.0869036,16.60248
0000[Gd][pcu]3[ASR]2,-3.2840354,14.262879
0000[Ho][bey]2[ASR]1,-3.899429,9.930147
0000[Ho][dia]3[ASR]1,-3.254066,21.783697
0000[Ho][dia]3[FSR]1,-2.9416819,15.5287485
0000[Ho][nan]3[ASR]1,0.031621173,3.0918517
0000[Ho][nan]3[ASR]2,-2.393128,9.6455555
0000[In][ctn]3[ASR]1,1.9367523,4.2912884
0000[In][lon]3[ASR]1,-3.1682255,8.752527
0000[In][pts]3[ASR]1,0.11206061,3.164487
0000[La][flu]3[ASR]1,-3.3074808,13.005079
0000[La][nan]3[ASR]1,1.3979282,16.541351
0000[La][nan]3[ASR]2,-3.3407075,21.704138
0000[La][nan]3[FSR]1,-2.9076455,15.359412
0000[La][noy]3[ASR]1,-0.4906441,3.9487548
0000[La][srs]3[ASR]1,-4.420264,12.541322
0000[Lu][lcy]3[ASR]1,-1.1501076,3.0193052
0000[Mg][acs]3[ASR]1,-10.906617,9.875403
0000[Mg][acs]3[ASR]2,-10.907089,9.875147
0000[Mg][kgd]2[ASR]1,0.61181164,4.2084694
0000[Mg][sra]3[ASR]1,2.1996737,4.859476
0000[Mn][ant]3[ASR]1,1.6699783,11.717143
0000[Mn][dia]3[ASR]1,0.36778122,12.953343
0000[Mn][fns]3[ASR]1,-0.5854724,1.9038348
0000[Mn][nan]2[ASR]1,3.0371072,14.195294
0000[Mn][nan]3[ASR]1,4.352432,5.7838564
0000[Mn][nan]3[ASR]2,2.016152,9.087058
0000[Mn][nan]3[ASR]3,-1.2497274,4.4264627
0000[Mn][nbo]3[ASR]1,1.157008,2.7439427
0000[Mn][nbo]3[FSR]1,1.1661415,2.7388864
0000[Mn][sra]3[ASR]1,-4.553525,12.097839
0000[Mn][tfz]3[ASR]1,4.120907,7.808063
0000[Nd][nan]3[ASR]1,-3.2745173,9.993972
0000[Nd][sqc]3[ASR]1,1.9573928,13.713236
0000[Nd][unc]3[ASR]1,4.843354,10.879339
0000[NiFe][bcu]3[ASR]1,2.2386954,13.013314
0000[NiLa][stp]3[ASR]1,3.52023,17.326569
0000[NiMo][nan]3[ASR]1,5.0022635,13.160071
0000[Ni][ant]3[ASR]1,-3.351853,13.231873
0000[Ni][dia]3[ASR]3,-0.15717068,17.07525
0000[Ni][nan]2[ASR]1,-4.015391,11.294188
0000[Ni][nan]3[ASR]1,-0.5225483,11.35653
0000[Ni][pcu]3[ASR]2,0.69334215,12.846287
0000[PrSb][dia]3[ASR]1,1.7175711,15.1752615
0000[Pr][crs]3[ASR]1,4.677256,12.84795
0000[Pr][nan]3[ASR]1,2.0955174,7.1350946
0000[Pr][rtl]3[ASR]1,-3.1286345,14.267589
0000[SiCu][pcu]3[ASR]1,-8.361825,10.817352
0000[Sm][bcu]3[ASR]1,-1.1441171,11.639086
0000[Tb][flu]3[ASR]1,-3.2743287,13.400426
0000[Tb][nan]2[ASR]1,-1.1166955,11.436786
0000[Tb][nan]2[ASR]2,-2.4203146,9.626439
0000[Tb][nan]3[ASR]1,-9.066205,11.213553
0000[Tb][nan]3[ASR]2,2.3638043,7.744433
0000[Tb][nan]3[ASR]4,4.481862,7.283066
0000[Tb][nan]3[ASR]5,3.0948904,6.999846
0000[Tb][pcu]3[ASR]1,-3.0259824,13.890494
0000[Tb][rtl]3[ASR]1,2.8040276,7.102028
0000[Tb][tcs]3[ASR]1,4.993523,9.598657
0000[U][bcu]3[ASR]1,-1.2286782,2.1284516
0000[U][nan]3[ASR]1,1.9061435,15.577866
0000[U][pcu]3[ASR]1,1.099572,16.07591
0000[ZnCd][nan]3[ASR]1,0.4020737,3.515444
0000[ZnSi][pcu]3[ASR]1,0.74499637,6.70696
0000[Zn][dia]3[ASR]2,5.403702,12.333502
0000[Zn][dia]3[ASR]4,6.2483754,11.964956
0000[Zn][hcb]2[ASR]2,-1.1088885,11.629577
0000[Zn][hcb]2[ASR]3,-1.0573237,11.65928
0000[Zn][hcb]2[ASR]4,-3.132153,9.039142
0000[Zn][hex]3[ASR]1,1.8886853,8.20249
0000[Zn][hms]3[ASR]1,1.8183955,12.740193
0000[Zn][ith]3[ASR]1,-0.6119928,0.9531066
0000[Zn][kgd]2[ASR]1,2.1290884,11.894632
0000[Zn][nan]2[ASR]1,-4.802428,12.628394
0000[Zn][nan]2[ASR]2,2.5264807,9.389761
0000[Zn][nan]2[ASR]3,3.0076542,14.193963
0000[Zn][nan]3[ASR]1,1.9594132,9.983088
0000[Zn][nan]3[ASR]10,-2.9992394,13.280314
0000[Zn][nan]3[ASR]11,-4.791437,12.174758
0000[Zn][nan]3[ASR]12,4.8018804,7.2623744
0000[Zn][nan]3[ASR]2,1.2422961,8.483391
0000[Zn][nan]3[ASR]3,-1.0834417,4.3699265
0000[Zn][nan]3[ASR]4,1.5899861,11.415243
0000[Zn][nan]3[ASR]7,-1.7609798,8.750269
0000[Zn][nan]3[ASR]8,3.6134844,6.8726945
0000[Zn][nan]3[ASR]9,1.1588356,9.39937
0000[Zn][nou]3[ASR]1,4.013058,5.265569
0000[Zn][nts]3[ASR]1,-1.5743722,0.5522431
0000[Zn][pcu]3[ASR]2,6.206793,12.366868
0000[Zn][pcu]3[ASR]3,2.0500915,11.642151
0000[Zn][pcu]3[ASR]4,-1.2189367,4.006767
0000[Zn][pcu]3[ASR]5,0.30696797,9.551341
0000[Zn][rtl]3[ASR]2,4.531719,5.952574
0000[Zn][rtl]3[ASR]3,3.2276359,5.091803
0000[Zn][sql]2[ASR]1,4.949415,15.742689
0000[Zn][sql]2[ASR]3,0.6855208,12.926269
0000[Zn][sql]2[ASR]4,0.44112307,9.401182
0000[Zn][sra]3[ASR]1,7.9489603,12.076608
0000[Zn][sra]3[FSR]1,7.942196,12.119324
0000[Zn][srs]3[ASR]1,-12.397052,5.2391105
0000[Zn][ths]3[ASR]1,6.4757605,21.759207
0000[Zr][bcu]3[ASR]1,-1.5873213,0.7493825
1979[Cu][cds]3[ASR]1,-2.5298889,5.869498
1979[Cu][cds]3[FSR]1,-2.5321975,5.8684926
1983[In][qtz]3[ION]1,1.3678764,17.865856
1986[Nd][sqc]3[ASR]1,1.7025313,15.013793
1986[Nd][sqc]3[FSR]1,1.7031771,15.167008
1991[Ag][eci]3[ASR]1,-1.4540176,11.600032
1991[Ag][eci]3[FSR]1,-1.4522343,11.59826
1993[CoCu][tfk]3[FSR]1,-6.386441,6.4874763
1993[CuCo][tfk]3[ASR]1,-6.392739,6.481284
1993[Ti][qtz]3[ION]1,1.3649614,17.832468
1994[Ag][dia]3[ASR]1,4.263942,13.114126
1994[Ag][dia]3[FSR]1,4.275315,13.120287
1995[Ag][nan]3[ION]1,0.08241493,3.2963967
1996[Ce][nan]3[ASR]1,-3.3628335,21.683142
1996[Ce][nan]3[FSR]1,-3.4192128,21.627493
1996[Cu][dia]3[ION]1,-3.9252138,9.664586
1996[La][nia]3[ASR]1,1.8030492,16.05022
1996[Ti][qtz]3[ION]1,1.3264494,17.851679
1996[Ti][qtz]3[ION]2,1.3256884,17.875662
1996[Ti][qtz]3[ION]3,1.3488185,17.868176
1996[Zn][dia]3[ASR]1,0.1339114,13.014184
1996[Zn][dia]3[FSR]1,0.13807306,13.030699
1997[Ag][nan]3[ASR]1,0.7564584,9.980884
1997[Ag][nan]3[FSR]1,0.7630356,9.947549
1997[Ag][nan]3[ION]1,-7.4264565,3.0142832
1997[Ce][pts]3[ASR]1,-3.2038438,8.291282
1997[Ce][pts]3[FSR]1,-3.1749957,8.3762455
1997[Cu][dia]3[ASR]1,2.6951191,12.008663
1997[Cu][dia]3[FSR]1,2.701938,12.013712
1997[Cu][dia]3[ION]1,-4.0249267,9.692362
1998[Ag][pcl]3[ION]1,-8.407811,10.799337
1998[Co][nan]3[ASR]1,-3.5273747,14.365518
1998[Co][nan]3[FSR]1,-3.558485,14.312082
1998[CuMo][nan]3[ASR]1,-2.4035828,15.040171
1998[Cu][cds]3[ASR]1,0.4125133,5.4440823
1998[In][nan]3[ASR]1,-3.3623793,21.688742
1998[In][nan]3[FSR]1,-3.3892543,21.661667
1998[La][nan]3[ASR]1,1.7689763,14.361292
1998[La][nan]3[FSR]1,-3.6731293,14.1620455
1998[MoCu][nan]3[FSR]1,-2.224681,15.099712
1998[Nd][sqc]3[ASR]1,1.6903269,14.908146
1998[Nd][sqc]3[FSR]1,1.6952828,15.132926
1998[Ni][pcu]3[ASR]1,-0.97774285,10.590705
1998[Ni][pcu]3[FSR]1,-0.97502226,10.589439
1998[V][nan]3[ASR]1,-0.037473273,17.05596
1998[V][nan]3[ASR]2,-0.41269824,17.58292
1999[Ag][dia]3[ION]1,-7.4383035,3.0026045
1999[Ag][nan]3[ION]1,1.7184172,14.750982
1999[Ag][ths]3[ASR]1,-2.887102,8.41885
1999[Ag][ths]3[FSR]1,-7.6514554,10.628389
1999[Cd][dia]3[ASR]1,4.9980464,10.373103
1999[Cd][dia]3[ASR]2,5.014644,10.320559
1999[Cd][nan]3[ASR]1,-1.4285004,12.045719
1999[Cd][nan]3[FSR]1,-1.4906236,12.217749
1999[Co][crb]3[ASR]1,5.9098315,11.107728
1999[Co][crb]3[FSR]1,-3.0180733,11.960429
1999[Co][pcu]3[ION]1,-6.115357,7.0752807
1999[Co][ths]3[ASR]1,1.2138512,7.5015903
1999[Co][ths]3[FSR]1,1.4992838,8.697539
1999[Cu][pts]3[ASR]1,2.7017515,8.346861
1999[Cu][pts]3[FSR]1,2.7022896,8.379523
1999[Fe][nan]3[ASR]1,-1.2622602,16.260601
1999[Fe][nan]3[ASR]2,-3.4262934,21.617651
1999[Fe][nan]3[FSR]1,-1.2348017,16.241333
1999[Fe][nan]3[FSR]2,-3.389634,21.654966
1999[Mn][pcu]3[ASR]1,0.10522317,9.622882
1999[Ti][bcu]3[ASR]1,2.0752683,11.445679
1999[Ti][hex]3[ASR]1,2.1727142,8.445856
1999[Zn][nan]3[ION]1,-2.6448462,13.901498
1999[Zn][ths]3[FSR]1,6.476518,21.759928
2000[Ag][bpv]3[ASR]1,1.8237574,8.909354
2000[Ag][bpv]3[FSR]1,1.8212891,8.921234
2000[Ag][srs]3[ION]1,1.3970978,8.463182
2000[Ag][srs]3[ION]2,5.9065356,18.36507
2000[Al][nan]3[ASR]1,-3.194232,21.851952
2000[Al][sqc]3[ASR]1,0.13866693,17.165142
2000[Cd][nan]3[ION]1,2.6456974,9.641486
2000[Cd][pcu]3[ASR]1,5.148864,11.697463
2000[Co][nan]3[ASR]1,-1.1253322,16.165462
2000[Co][nan]3[FSR]1,-1.2204313,16.212639
2000[Co][nan]3[ION]1,-1.3033249,16.308004
2000[Cu][dia]3[FSR]1,3.602602,13.895262
2000[Cu][dia]3[ION]1,0.78016526,12.876626
2000[Cu][pts]3[ASR]1,2.3153405,13.147288
2000[Cu][pts]3[ASR]2,2.3241463,9.713267
2000[Cu][pts]3[ASR]3,2.314177,9.746838
2000[Cu][pts]3[FSR]1,-3.341029,12.340328
2000[Cu][pts]3[FSR]2,2.3369772,9.699906
2000[Cu][pts]3[FSR]3,2.3202693,9.788301
2000[Cu][sod]3[ASR]1,4.9647584,11.485819
2000[Cu][sod]3[FSR]1,4.979005,11.487241
2000[Er][scu]3[ASR]1,1.8425453,14.874879
2000[Er][scu]3[FSR]1,1.7271805,15.224994
2000[Eu][nia]3[ASR]1,1.7819563,16.161995
2000[Eu][nia]3[FSR]1,1.4579073,15.8613615
2000[Mn][fet]3[ASR]1,-4.535927,11.102584
2000[Mn][fet]3[FSR]1,-3.9395924,12.026765
2000[Mn][lvt]2[ASR]1,-0.19618659,4.760273
2000[Mn][lvt]2[FSR]1,-0.17736308,4.9648185
2000[Mn][sxd]3[ASR]1,0.13205808,9.573098
2000[Nd][pcu]3[ASR]1,0.1424417,9.663202
2000[Pr][nia]3[ASR]1,1.8157593,16.11671
2000[Zn][nan]3[ION]1,1.5278105,15.280401
2000[Zn][pts]3[ASR]1,0.08875786,3.2875154
2001[CdZr][sqc]3[ASR]1,-3.3663628,21.684212
2001[Cd][lvt]3[ASR]1,-1.0842844,1.9745871
2001[Cd][lvt]3[FSR]1,-1.0552509,1.9579355
2001[Cd][nan]3[ASR]1,2.2839155,14.803944
2001[Cd][nan]3[FSR]1,2.2842762,14.809473
2001[Co][dia]3[ASR]1,-3.2759728,12.058705
2001[Co][dia]3[ASR]3,-3.5393555,12.051627
2001[Co][dia]3[ASR]4,-3.6490474,12.106043
2001[Co][dia]3[ASR]5,1.6191443,12.014777
2001[Co][dia]3[FSR]1,-3.2849894,12.055421
2001[Co][dia]3[FSR]3,-3.5623415,12.037367
2001[Co][dia]3[FSR]4,-3.6746063,12.119176
2001[Co][dia]3[FSR]5,1.6245862,12.020961
2001[Co][lvt]3[FSR]1,-3.2400093,8.438131
2001[Co][nan]3[ASR]1,-3.483803,14.399288
2001[Cu][cag]3[ION]1,-7.46528,2.975698
2001[Cu][cds]3[ASR]1,0.2493607,9.574195
2001[Cu][cds]3[FSR]1,-4.168842,10.2479725
2001[Cu][kdd]3[ASR]1,2.6400836,13.749669
2001[Cu][kdd]3[FSR]1,2.6175463,13.719208
2001[Cu][lvt]3[ION]1,-7.4410515,2.999049
2001[Cu][nan]3[ASR]1,1.963434,15.680746
2001[Cu][nan]3[ASR]2,-0.2969682,2.0760958
2001[Cu][nan]3[ASR]3,-0.3041521,2.0674496
2001[Cu][nan]3[ASR]4,1.0441082,8.018222
2001[Cu][nan]3[FSR]1,1.951066,15.638116
2001[Cu][sod]3[ASR]1,5.1851254,11.865442
2001[La][nan]3[ASR]1,1.7774297,14.231325
2001[La][nan]3[FSR]1,-3.6209595,14.135584
2001[La][noy]3[FSR]1,-1.2689792,4.1456704
2001[La][noz]3[ION]1,-1.3284942,3.3205914
2001[Ni][dia]3[ASR]1,1.5604079,12.016278
2001[Ni][dia]3[FSR]1,1.5512885,12.0028305
2001[Ni][nan]3[ASR]1,-3.1393883,8.987582
2001[Ni][nan]3[FSR]1,-3.1094842,9.017221
2001[Ni][sni]3[ASR]1,2.7588573,13.6116
2001[Ni][sni]3[FSR]1,2.7611492,13.6549425
2001[Ni][sra]3[ASR]1,-3.6817427,12.925219
2001[Ni][sra]3[FSR]1,-3.816037,14.113274
2001[Tm][scu]3[ASR]1,-3.317375,21.694584
2001[Tm][scu]3[FSR]1,-2.8458154,15.477657
2001[Zn][cag]3[ASR]1,3.487269,8.102809
2001[Zn][cag]3[FSR]1,2.1315932,13.396421
2001[Zn][dia]3[ASR]1,1.9924054,11.895575
2001[Zn][dia]3[ASR]2,1.2604871,9.958016
2001[Zn][dia]3[FSR]1,1.9181833,11.934728
2001[Zn][dia]3[FSR]2,1.2745913,9.945176
2001[Zn][nan]3[ASR]1,-3.40519,21.642466
2001[Zn][nan]3[FSR]1,-3.4221406,21.62535
2001[Zn][nia]3[ASR]1,-0.70859677,1.4626222
2001[Zn][pcu]3[ION]1,-3.3839693,8.826864
2001[Zn][sab]3[ASR]1,4.314163,5.839623
2001[Zn][sit]3[ASR]1,-1.2950493,4.0409775
2002[Ag][dia]3[ION]1,5.0263457,11.996583
2002[AsFe][nan]3[ASR]1,-3.4024959,21.636784
2002[CdZr][qtz]3[ION]1,1.3183725,17.861374
2002[CdZr][qtz]3[ION]2,1.1694396,17.721384
2002[Cd][dia]3[ASR]1,-2.863178,9.635786
2002[Cd][dia]3[FSR]1,-2.8558002,9.646931
2002[Cd][nan]3[ASR]1,2.4957726,15.62195
2002[Cd][nan]3[FSR]1,2.5300584,15.629815
2002[Cd][nan]3[ION]1,5.516967,12.363752
2002[Cd][nan]3[ION]2,5.5694404,12.314414
2002[Cd][pcu]3[ION]1,0.74022007,12.759907
2002[Cd][scu]3[ASR]1,-0.4628039,6.8836737
2002[Cd][scu]3[FSR]1,-0.46225768,6.882325
2002[Ce][nan]3[ASR]1,1.726064,14.314081
2002[Ce][nan]3[FSR]1,-3.764391,14.184465
2002[Ce][pcu]3[ASR]1,0.5354556,3.692518
2002[Ce][sqc]3[ASR]1,1.9544849,13.746807
2002[Ce][sqc]3[FSR]1,-3.3752794,12.801211
2002[Co][pcu]3[ASR]1,0.6890464,12.84019
2002[Co][pcu]3[FSR]1,0.7142126,12.835112
2002[Cr][bpq]3[ASR]1,4.3570366,8.2386465
2002[CuMo][nan]3[ASR]1,0.22678867,16.420118
2002[Cu][dia]3[ASR]1,0.44915017,6.573429
2002[Cu][dia]3[FSR]1,-3.3584945,11.937118
2002[Cu][kdd]3[ASR]1,2.6644464,13.763666
2002[Cu][kdd]3[ASR]2,2.6070333,13.750113
2002[Cu][kdd]3[ASR]3,2.7666454,13.473962
2002[Cu][kdd]3[ASR]5,2.6516507,13.777005
2002[Cu][kdd]3[FSR]1,2.669049,13.764287
2002[Cu][kdd]3[FSR]2,2.6094294,13.743597
2002[Cu][kdd]3[FSR]3,2.7719727,13.503642
2002[Cu][kdd]3[FSR]5,2.6786745,13.735447
2002[Cu][lvt]3[ASR]1,0.22970112,5.178836
2002[Cu][pcu]3[ION]1,5.638333,17.506794
2002[Cu][srs]3[ASR]1,1.8085519,14.597438
2002[Cu][srs]3[FSR]1,1.828297,14.616406
2002[Cu][sur]3[ASR]1,-3.6441703,10.902486
2002[Cu][sxd]3[ASR]1,-3.7858865,14.593891
2002[Cu][sxd]3[FSR]1,-3.7887619,14.601727
2002[Cu][ths]3[FSR]1,1.3613688,12.227844
2002[Er][nan]3[ASR]1,-5.9773345,6.98139
2002[Er][nan]3[FSR]1,-6.0500464,7.053286
2002[Eu][pcu]3[ASR]1,0.55621636,3.7329514
2002[FeAs][nan]3[FSR]1,-3.4216502,21.625116
2002[Fe][dia]3[ASR]1,-6.399467,5.2940273
2002[Fe][dia]3[FSR]1,-6.398719,5.2959385
2002[Ga][nan]3[ION]1,0.18063335,16.93056
2002[Lu][ins]3[ASR]1,1.7710029,16.034685
2002[Lu][ins]3[FSR]1,-3.5013442,14.276584
2002[Mn][lvt]3[ASR]1,-4.020926,12.452873
2002[Mn][lvt]3[FSR]1,-4.064008,12.764111
2002[MoCu][nan]3[FSR]1,0.2651594,16.447144
2002[MoNi][nan]3[FSR]1,2.0617988,11.976533
2002[NiMo][nan]3[ASR]1,2.0628633,10.663637
2002[Tb][pcu]3[ASR]1,0.58362484,3.7133548
2002[V][pcu]3[ASR]1,3.6126099,7.562503
2002[V][pcu]3[FSR]1,3.9669185,8.740838
2002[Y][dia]3[ASR]1,-6.2688065,5.435663
2002[Y][dia]3[FSR]1,-6.2723565,5.425229
2002[ZnAs][nan]3[ASR]1,-0.8917522,16.446716
2002[ZnAs][nan]3[FSR]1,-0.84767336,16.471966
2002[Zn][jxj]3[ASR]1,1.380923,17.846712
2002[Zn][lvt]3[ASR]1,2.6219397,10.535799
2002[Zn][lvt]3[FSR]1,2.6383147,10.515723
2002[Zn][nan]3[ASR]1,-0.05796403,16.928026
2002[Zn][nan]3[FSR]1,-0.040484857,16.933851
2002[Zn][nan]3[ION]1,-0.40602097,16.652985
2002[Zn][pcu]3[ASR]1,-1.9744,1.062601
2002[Zn][pcu]3[ASR]2,-0.7699452,2.1940813
2002[Zn][pcu]3[ASR]3,-1.9578243,0.018031944
2002[Zn][pcu]3[ASR]4,-2.1366606,-0.13941544
2002[Zn][pcu]3[FSR]1,-1.9665835,1.0595864
2002[Zn][pcu]3[FSR]2,-0.77128416,2.1958737
2002[Zn][pcu]3[FSR]3,-1.9559406,0.022203064
2002[Zn][pts]3[ION]1,-3.0545177,10.206458
2003[Ag][nan]3[ASR]1,1.7564194,14.721395
2003[Ag][nan]3[FSR]1,1.763739,14.675081
2003[Al][nan]3[ASR]1,-1.5667224,15.991938
2003[Al][nan]3[FSR]1,-1.5665622,15.986424
2003[BiK][cds]3[ION]1,1.8641409,15.972095
2003[Bi][dia]3[ASR]1,-3.3516123,21.70009
2003[Bi][dia]3[FSR]1,-3.303256,21.748728
2003[Ca][dia]3[ION]1,-6.291827,7.0374312
2003[Cd][pcu]3[ASR]2,-1.4338589,11.6068125
2003[Cd][pcu]3[FSR]2,-1.4297564,11.6064415
2003[Ce][nia]3[ASR]1,1.7536166,16.048985
2003[Ce][nia]3[FSR]1,1.2609867,16.684797
2003[Ce][stp]3[ASR]1,1.7805455,16.3377
2003[Ce][stp]3[FSR]1,1.7896641,16.339617
2003[Co][kag]3[ASR]2,-2.8574753,10.6989565
2003[Co][kag]3[FSR]2,-2.8506105,10.712197
2003[Co][nan]3[ASR]1,0.641918,7.73671
2003[Co][nan]3[ASR]2,1.5745708,11.098202
2003[Co][nan]3[ASR]3,-1.6212279,16.03241
2003[Co][nan]3[FSR]2,1.5599375,11.061448
2003[Co][nan]3[FSR]3,-1.6287333,16.02689
2003[Co][neb]3[ASR]1,5.311254,11.683904
2003[Co][neb]3[ASR]2,5.204551,11.7242565
2003[Co][neb]3[FSR]1,5.297858,11.710316
2003[Co][neb]3[FSR]2,5.202743,11.716505
2003[Co][pcu]3[ASR]1,0.84058744,7.6929026
2003[Co][pcu]3[FSR]1,0.84535414,7.698851
2003[Co][pts]3[ASR]1,-5.7757616,6.8345566
2003[Co][pts]3[FSR]1,-5.7807107,6.8277936
2003[Co][usf]3[ASR]1,1.8439507,10.081252
2003[Co][usf]3[FSR]1,1.7923391,10.127856
2003[CuEr][stp]3[ASR]1,3.2742488,17.115057
2003[CuEu][stp]3[ASR]1,3.3792887,17.218992
2003[CuEu][stp]3[ASR]2,3.376807,17.217419
2003[CuEu][stp]3[FSR]1,3.4081397,17.248892
2003[CuEu][stp]3[FSR]2,3.3593423,17.200308
2003[CuLa][stp]3[ASR]1,3.5486388,17.34629
2003[CuLa][stp]3[ASR]2,3.5485468,17.34228
2003[CuNd][stp]3[ASR]1,3.4989347,17.31123
2003[CuNd][stp]3[FSR]1,3.4986305,17.311983
2003[Cu][gra]3[ASR]1,-1.3806367,11.70589
2003[Cu][gra]3[ASR]2,-1.2590964,11.83777
2003[Cu][gra]3[FSR]1,-1.8678881,11.897505
2003[Cu][kdd]3[ASR]1,2.65546,13.742437
2003[Cu][kdd]3[ASR]2,2.6544023,13.763306
2003[Cu][kdd]3[FSR]1,2.6574445,13.770344
2003[Cu][kdd]3[FSR]2,2.69882,13.727394
2003[Cu][nan]3[ASR]1,2.4850135,15.873891
2003[Cu][pcl]3[ION]1,-7.4509296,2.990974
2003[Cu][pcu]3[ASR]1,-0.607648,7.026118
2003[Cu][pcu]3[FSR]1,0.30904338,9.50872
2003[Cu][pts]3[ION]1,4.9633703,10.547164
2003[Cu][rob]3[ASR]2,1.5704111,13.689676
2003[Cu][rob]3[ASR]3,1.5641639,13.6564245
2003[Cu][rob]3[ASR]4,1.5377051,13.559123
2003[Cu][rob]3[ASR]5,1.5201391,13.574391
2003[Cu][rob]3[ASR]6,0.70654005,11.431542
2003[Cu][rob]3[FSR]2,1.609201,13.680606
2003[Cu][rob]3[FSR]3,1.5630652,13.694393
2003[Cu][rob]3[FSR]4,1.5373147,13.565158
2003[Cu][rob]3[FSR]5,1.5563164,13.58465
2003[Cu][rob]3[FSR]6,0.7058938,11.42715
2003[Cu][tcb]3[ASR]1,0.92539114,10.2445135
2003[Cu][tcb]3[FSR]1,-3.9146,11.162005
2003[Cu][usf]3[ASR]1,1.8163327,10.117954
2003[Cu][usf]3[FSR]1,1.8430899,10.086193
2003[ErCu][stp]3[FSR]1,3.2716532,17.112795
2003[Er][nan]3[ASR]1,4.613541,7.65948
2003[Er][nan]3[FSR]1,2.0370233,16.170141
2003[Er][pcu]3[ASR]1,-2.964371,22.033869
2003[Er][pcu]3[FSR]1,-3.0723147,21.973455
2003[Er][tcs]3[ASR]1,-2.0913131,10.073054
2003[Er][tcs]3[ASR]2,-2.1956413,9.672099
2003[Eu][nan]3[ASR]1,2.5232942,14.01542
2003[Eu][nan]3[FSR]1,2.548141,14.154469
2003[Fe][nan]3[ASR]1,-1.1247817,16.315746
2003[Fe][nan]3[FSR]1,-1.1206003,16.320244
2003[GdZn][stp]3[FSR]1,-2.3575463,12.767441
2003[LaCu][stp]3[FSR]1,3.5571644,17.351404
2003[LaCu][stp]3[FSR]2,3.5495698,17.342026
2003[La][stp]3[ASR]1,1.7789178,16.337215
2003[La][stp]3[FSR]1,1.786862,16.33967
2003[Mn][dia]3[ASR]2,-0.57256836,17.462265
2003[Mn][dia]3[FSR]2,-0.57781714,17.474869
2003[Nd][stp]3[ASR]1,1.7647221,16.3277
2003[Nd][stp]3[FSR]1,1.7693465,16.318508
2003[Ni][nan]3[ASR]1,-1.0893329,4.881973
2003[Ni][nan]3[FSR]1,-1.0957984,4.841128
2003[Ni][tfz]3[ASR]1,-1.3252376,0.9620493
2003[Pr][stp]3[ASR]1,1.7858402,16.316309
2003[Pr][stp]3[FSR]1,1.7842333,16.312344
2003[RbGa][nan]3[ION]1,0.0045416853,16.988789
2003[RbGa][nan]3[ION]2,-0.31776655,16.747746
2003[V][fsc]3[ASR]1,-2.7626755,14.615492
2003[V][fsc]3[FSR]1,-2.742874,14.623118
2003[V][nan]3[ASR]1,-0.2619142,17.487219
2003[V][sea]3[ASR]1,-2.964568,14.3654995
2003[V][sea]3[FSR]1,-2.9376018,14.377284
2003[Zn][hex]3[ASR]1,1.7917087,7.873216
2003[Zn][hex]3[FSR]1,1.8048427,7.8920593
2003[Zn][llj]3[ASR]1,-1.8071094,9.363519
2003[Zn][llj]3[FSR]1,-1.788625,9.350734
2003[Zn][nan]3[ASR]1,-3.048198,12.895007
2003[Zn][nan]3[ASR]2,-3.0437107,12.954574
2003[Zn][nan]3[ASR]3,-3.0012176,12.996468
2003[Zn][nan]3[ASR]5,4.7887506,7.296239
2003[Zn][nan]3[FSR]1,-3.029569,12.907826
2003[Zn][nan]3[FSR]2,-3.0312254,12.93412
2003[Zn][nan]3[FSR]3,-3.0149152,12.969517
2003[Zn][nan]3[FSR]5,-2.50608,14.818312
2003[Zn][nia]3[ASR]1,1.9440942,13.654326
2003[Zn][nia]3[FSR]1,1.9720665,13.687593
2003[Zn][pts]3[ASR]1,3.9914038,5.241222
2003[Zn][pts]3[FSR]1,3.9590037,5.2176366
2003[Zn][usf]3[ASR]1,1.8034735,10.146746
2003[Zn][usf]3[FSR]1,1.8074679,10.14955
2004[Ag][cds]3[ION]1,-1.4691154,11.55594
2004[Ag][gis]3[ASR]1,-2.9901419,12.576662
2004[Ag][gis]3[ASR]2,-2.428355,12.018451
2004[Ag][gis]3[FSR]1,-3.0133896,12.581725
2004[Ag][gis]3[FSR]2,-2.445536,12.045558
2004[Ag][pts]3[ASR]1,-0.24008392,3.782091
2004[Ag][pts]3[ASR]2,-0.2479251,3.759536
2004[Ag][pts]3[ASR]3,-0.22887874,3.7590587
2004[Ag][pts]3[FSR]1,-0.26175967,3.8140888
2004[Ag][pts]3[FSR]2,-0.25367343,3.735198
2004[Ag][pts]3[FSR]3,-0.17988218,3.8296878
2004[Ag][sra]3[ASR]1,5.1514215,11.893208
2004[Ag][vtx]3[ION]1,4.632619,12.5458555
2004[Al][bpq]3[ASR]1,-2.1297112,8.414985
2004[Al][bpq]3[ASR]2,-2.0267088,8.320511
2004[CdMo][nan]3[ASR]1,-0.36365232,16.828949
2004[CdV][xbe]3[ASR]1,2.4137077,12.588848
2004[CdV][xbe]3[FSR]1,-3.516013,13.461827
2004[Cd][bnn]3[ASR]1,1.4400631,10.726409
2004[Cd][bnn]3[FSR]1,1.4377087,10.6941805
2004[Cd][dia]3[ASR]1,-4.79415,13.28622
2004[Cd][dia]3[FSR]1,-4.661717,13.4726925
2004[Cd][nan]3[FSR]1,-2.9655402,11.898213
2004[Cd][pcu]3[ION]1,0.7439949,12.927838
2004[Cd][rob]3[ASR]1,2.1227906,13.654549
2004[Cd][rob]3[FSR]1,2.1172323,13.663836
2004[CoV][xbe]3[ASR]1,2.3171046,12.781845
2004[Co][cag]3[ASR]1,-2.5027208,11.923618
2004[Co][cag]3[FSR]1,-2.4953547,11.926125
2004[Co][nbo]3[ASR]1,-4.330138,2.3330514
2004[Co][pcu]3[ASR]1,4.9884014,10.475692
2004[Co][pcu]3[ASR]2,2.067094,12.323792
2004[Co][pcu]3[FSR]1,2.0262022,12.320735
2004[Co][rtl]3[ASR]1,2.642704,13.794215
2004[Co][rtl]3[FSR]1,2.616701,13.817146
2004[Cr][flu]3[ASR]1,-2.2693303,0.6592415
2004[Cr][reo]3[ASR]1,-2.2796152,0.6552712
2004[Cu][asf]3[ASR]1,4.1325955,13.014334
2004[Cu][asf]3[ASR]2,4.14653,13.27428
2004[Cu][asf]3[FSR]1,4.115362,13.007309
2004[Cu][asf]3[FSR]2,4.1612444,13.270356
2004[Cu][dia]3[ASR]1,5.1435833,9.801693
2004[Cu][dia]3[ASR]2,-0.9545801,11.469999
2004[Cu][dia]3[ASR]3,-0.93772763,11.496027
2004[Cu][dia]3[ASR]4,-2.4687586,5.8956685
2004[Cu][dia]3[FSR]1,-0.95277876,11.445752
2004[Cu][dia]3[FSR]2,-0.97318006,11.465214
2004[Cu][dia]3[FSR]3,-2.4570065,5.8966208
2004[Cu][mog]3[ASR]1,-1.049587,11.302928
2004[Cu][mog]3[ASR]2,-1.0719552,11.359404
2004[Cu][mog]3[FSR]1,-1.0643849,11.311897
2004[Cu][mog]3[FSR]2,-1.0915402,11.341738
2004[Cu][nan]3[ASR]1,3.097471,14.593636
2004[Cu][nan]3[ASR]2,3.1034985,14.58762
2004[Cu][nan]3[FSR]1,3.0918572,14.590379
2004[Cu][nan]3[FSR]2,3.132484,14.587473
2004[Cu][nbo]3[ASR]1,-1.537699,7.0119057
2004[Cu][nbo]3[FSR]1,-1.899989,7.9314237
2004[Cu][pts]3[ASR]1,-0.25640795,3.7713246
2004[Cu][pts]3[FSR]1,-0.24402618,3.78499
2004[Cu][sqc]3[ASR]1,4.991708,11.462891
2004[Cu][sqc]3[FSR]1,4.97276,11.455398
2004[Cu][sra]3[ASR]1,5.349392,12.384052
2004[Cu][sra]3[FSR]1,5.3636336,12.391409
2004[Eu][nan]3[ION]1,-5.612932,6.531156
2004[Fe][dia]3[ASR]2,-6.393692,5.2990537
2004[Fe][dia]3[ASR]3,-6.3908267,5.303363
2004[Fe][dia]3[FSR]2,-6.392052,5.301498
2004[Fe][dia]3[FSR]3,-6.3925867,5.3027425
2004[Ho][pcu]3[ASR]1,3.7347014,11.147663
2004[In][nan]3[ASR]1,-3.1885955,21.853733
2004[In][tcs]3[ASR]1,-3.398363,21.649366
2004[In][tcs]3[FSR]1,-3.400305,21.64757
2004[La][lhb]3[ION]1,-5.4742703,6.455858
2004[La][nan]3[ASR]1,1.6805267,12.552085
2004[La][nan]3[FSR]1,1.698528,12.549061
2004[Mn][bnn]3[ASR]2,2.4660285,14.329389
2004[Mn][bnn]3[FSR]2,2.4759588,14.316882
2004[Mn][dia]3[ASR]1,-0.43102553,17.579773
2004[Mn][dia]3[ASR]2,-0.44230443,17.602297
2004[Mn][dia]3[ASR]3,-0.6998852,17.244997
2004[Mn][dia]3[ASR]4,-0.4619244,17.544754
2004[Mn][dia]3[ASR]5,0.9735485,17.818815
2004[Mn][dia]3[FSR]1,-0.43377852,17.580208
2004[Mn][dia]3[FSR]2,-0.43492815,17.58569
2004[Mn][dia]3[FSR]3,-0.67602015,17.246704
2004[Mn][dia]3[FSR]4,-0.4599597,17.548855
2004[Mn][fet]3[ASR]1,1.502874,12.099264
2004[Mn][fet]3[ASR]2,1.4921033,12.145447
2004[Mn][fet]3[FSR]1,-4.3438563,12.040489
2004[Mn][fet]3[FSR]2,-4.184081,12.214475
2004[Ni][pcu]3[ASR]1,-2.8689485,8.344358
2004[Ni][pcu]3[FSR]1,-2.835848,8.332508
2004[PbK][nan]3[ION]1,-1.4024314,12.500703
2004[Pr][nan]3[ASR]1,4.913397,10.564701
2004[Pr][sqc]3[ASR]1,1.9443265,13.713294
2004[Pr][sqc]3[FSR]1,-3.4092543,12.465439
2004[Tb][mog]3[ASR]1,2.4915068,11.0771475
2004[Tb][mog]3[FSR]1,2.5061264,11.041469
2004[VCo][xbe]3[FSR]1,-3.6749892,13.42296
2004[WCu][dia]3[ION]1,-1.3225728,11.205906
2004[Yb][mog]3[ASR]1,2.4941797,11.08356
2004[Yb][mog]3[FSR]1,2.4684153,11.093468
2004[Yb][pcu]3[ASR]1,2.573445,14.835774
2004[Yb][sxd]3[ION]1,0.8648751,2.6664732
2004[Zn][nan]3[ASR]1,4.941167,10.596508
2004[Zn][nan]3[ASR]2,-0.18661387,16.877228
2004[Zn][nan]3[ASR]3,2.515356,13.929763
2004[Zn][nan]3[ASR]4,-0.019962503,17.042234
2004[Zn][nan]3[FSR]1,2.6586409,13.892056
2004[Zn][pcu]3[ASR]1,2.3641257,9.27231
2004[Zn][pcu]3[ASR]2,5.1178293,9.474882
2004[Zn][pcu]3[ASR]3,5.1307955,9.505425
2004[Zn][pcu]3[FSR]1,2.3383293,9.2615
2004[Zn][ths]3[ASR]1,-9.4259615,2.5518918
2004[Zn][ths]3[FSR]1,-9.457142,2.5219543
2005[Ag][dia]3[ASR]1,0.5777378,9.953427
2005[Ag][dia]3[ASR]2,5.7617846,12.23432
2005[Ag][dia]3[FSR]1,0.5858345,9.965813
2005[Ag][dia]3[ION]1,0.56602865,9.966893
2005[Ag][pts]3[ASR]2,4.821784,12.338074
2005[Cd][cds]3[ASR]1,-4.202434,11.499194
2005[Cd][cds]3[FSR]1,-4.222602,11.496853
2005[Cd][nan]3[ASR]1,2.5198188,14.788543
2005[Cd][nan]3[FSR]1,2.5193958,14.796924
2005[Cd][nan]3[FSR]2,-3.768155,14.150023
2005[Ce][nan]3[ASR]1,2.356815,12.985877
2005[Ce][nan]3[FSR]1,2.3206987,13.3695755
2005[Ce][nan]3[FSR]2,2.2116096,14.884634
2005[CoAg][utp]3[ASR]1,0.69241977,7.5440106
2005[CoAg][utp]3[FSR]1,1.3648645,9.432697
2005[Co][cds]3[ASR]1,1.3982097,9.565853
2005[Co][dia]3[ASR]1,-1.456309,16.127579
2005[Co][dia]3[ASR]2,-0.20218763,17.018175
2005[Co][dia]3[ASR]3,-0.8652026,16.497078
2005[Co][dia]3[ASR]6,-0.608614,17.128054
2005[Co][dia]3[FSR]1,-1.4712764,16.11478
2005[Co][dia]3[FSR]2,-0.2029858,17.050299
2005[Co][dia]3[FSR]3,-0.87206745,16.491072
2005[Co][dia]3[FSR]6,-0.6325457,17.11644
2005[Co][nan]3[ASR]1,2.1824734,9.562434
2005[Co][nan]3[ASR]2,-0.07566987,16.930817
2005[Co][nan]3[ASR]3,-4.448282,2.1956031
2005[Co][nan]3[ASR]5,-1.604645,16.049608
2005[Co][nan]3[FSR]1,2.1242,9.50526
2005[Co][nan]3[FSR]2,5.8693957,11.822646
2005[Co][nan]3[FSR]3,-0.080943584,16.91665
2005[Co][nan]3[FSR]4,-1.87038,8.835518
2005[Co][nan]3[FSR]6,-1.5963707,16.054811
2005[Co][srs]3[ASR]1,-0.055478416,6.6305
2005[Cr][mtn]3[ASR]1,-2.0735643,0.3385062
2005[CuMo][nan]3[ASR]1,2.73592,14.114998
2005[CuSm][stp]3[ASR]1,3.4129326,17.254433
2005[Cu][dia]3[ASR]1,0.93362784,12.470987
2005[Cu][dia]3[FSR]1,0.94817245,12.464124
2005[Cu][eta]3[ASR]1,-6.31288,6.9989915
2005[Cu][eta]3[FSR]1,-6.2811,7.034018
2005[Cu][etb]3[FSR]1,4.148172,12.720222
2005[Cu][lvt]3[ASR]1,-1.119995,1.0247954
2005[Cu][nbo]3[ASR]1,5.4712205,11.315855
2005[Cu][nbo]3[ASR]2,0.46458673,3.657763
2005[Cu][nbo]3[FSR]1,3.459075,11.643749
2005[Cu][pts]3[ASR]1,5.2444253,7.8287425
2005[Cu][pts]3[ASR]2,-1.1020167,1.046296
2005[Cu][pts]3[FSR]1,5.2135224,7.8240547
2005[Cu][sxd]3[ASR]1,-3.7982755,14.587381
2005[Cu][sxd]3[FSR]1,-3.8110526,14.586424
2005[Er][nan]3[ASR]1,0.8536651,16.56496
2005[Er][nan]3[ASR]2,-2.9046075,15.406991
2005[Er][nan]3[ASR]3,0.25968173,3.6838973
2005[Er][nan]3[FSR]1,1.0011507,16.621765
2005[Er][nan]3[FSR]2,-2.9803224,15.503185
2005[Eu][nan]3[ASR]1,2.5735283,14.195145
2005[Eu][nan]3[FSR]1,2.5270278,14.431692
2005[Eu][nov]3[ASR]1,-4.065687,11.76353
2005[Eu][nov]3[FSR]1,-3.9891708,12.022783
2005[FeAg][utp]3[ION]1,-7.380637,3.0568073
2005[Fe][bpq]3[ASR]1,3.7284446,7.223197
2005[Fe][bpq]3[ASR]2,3.6885967,6.9871182
2005[Fe][dia]3[ASR]1,-6.393674,5.299525
2005[Fe][dia]3[ASR]2,-1.5634037,16.0404
2005[Fe][dia]3[FSR]1,-6.4056683,5.288236
2005[Fe][dia]3[FSR]2,-1.572431,16.03568
2005[Fe][nan]3[ASR]1,-0.09482512,16.932615
2005[Fe][nan]3[FSR]1,-0.09289141,16.926369
2005[Fe][srs]3[ASR]1,0.006320243,6.626367
2005[Fe][srs]3[FSR]1,-2.6637855,10.864022
2005[Gd][dia]3[ASR]1,-3.0267081,22.006514
2005[Gd][dia]3[ASR]2,-3.0146606,22.015348
2005[Gd][dia]3[FSR]1,-3.0768754,21.963827
2005[Gd][dia]3[FSR]2,-3.0663037,21.972448
2005[Gd][nan]3[ASR]1,0.43915907,16.597847
2005[Gd][nan]3[FSR]1,1.0540645,16.725014
2005[Gd][nan]3[FSR]2,2.5930002,14.431519
2005[Ho][nan]3[ASR]1,0.21792363,3.697068
2005[In][bpq]3[ASR]1,-1.9524187,8.922138
2005[In][bpq]3[FSR]1,-1.9497733,8.90393
2005[In][nan]3[ASR]1,4.7319946,7.4397874
2005[In][nan]3[ASR]2,4.6998105,7.442436
2005[In][nan]3[FSR]1,4.686988,7.429895
2005[In][nan]3[FSR]2,4.705287,7.4306746
2005[LaNi][stp]3[FSR]1,3.5196931,17.326906
2005[La][nan]3[ASR]1,2.3554518,13.035516
2005[La][nan]3[ASR]2,2.394618,14.684963
2005[Mn][ins]3[ASR]1,1.9927695,12.831706
2005[Mn][ins]3[FSR]1,-3.7647219,12.760058
2005[Mn][lvt]2[ASR]1,-0.21331772,4.932828
2005[Mn][lvt]2[ASR]10,0.16072221,7.3488197
2005[Mn][lvt]2[ASR]11,0.18229164,7.2937546
2005[Mn][lvt]2[ASR]2,-0.19713701,4.8119826
2005[Mn][lvt]2[ASR]3,-0.2028627,4.9666796
2005[Mn][lvt]2[ASR]4,-0.12518139,5.028868
2005[Mn][lvt]2[ASR]5,-0.24204801,4.9243155
2005[Mn][lvt]2[ASR]6,-0.18525703,4.964825
2005[Mn][lvt]2[ASR]7,-0.22144115,4.956864
2005[Mn][lvt]2[ASR]8,-0.22376233,4.9784083
2005[Mn][lvt]2[ASR]9,0.14379469,7.273518
2005[Mn][lvt]2[FSR]1,-0.14847475,5.1843696
2005[Mn][lvt]2[FSR]2,-0.18708797,5.153788
2005[Mn][lvt]2[FSR]4,0.17642054,7.3693485
2005[Mn][lvt]3[ASR]1,-0.1294832,4.772332
2005[Mn][lvt]3[ASR]2,-0.2097852,4.9467216
2005[Mn][lvt]3[ASR]3,-0.21447138,4.9306808
2005[Mn][lvt]3[ASR]4,0.14508706,7.286248
2005[Mn][lvt]3[ASR]5,0.14006646,7.255075
2005[Mn][lvt]3[ASR]6,0.1863963,7.3906875
2005[Mn][lvt]3[FSR]1,-0.19960155,5.013155
2005[Mn][lvt]3[FSR]2,-0.16561618,5.3194613
2005[Mn][lvt]3[FSR]3,0.13101378,7.337628
2005[Mn][lvt]3[FSR]4,0.12516136,7.3458357
2005[Mn][lvt]3[FSR]5,0.13696675,7.3900065
2005[Mn][nan]3[ASR]1,-3.3890157,21.652641
2005[MoCu][nan]3[FSR]1,1.6279579,16.043041
2005[Nd][dia]3[ASR]1,-3.0287206,22.002953
2005[Nd][dia]3[ASR]2,-2.989122,22.03791
2005[Nd][dia]3[FSR]1,-3.0665736,21.970898
2005[Nd][dia]3[FSR]2,-3.056273,21.98539
2005[Nd][dia]3[ION]1,2.1618366,16.019476
2005[Nd][nan]3[ASR]1,2.3202093,13.055121
2005[Nd][nan]3[ASR]2,1.7226127,14.376413
2005[Nd][nan]3[ASR]3,-3.5361958,13.791825
2005[Nd][nan]3[FSR]1,2.3827415,13.6189995
2005[Nd][nan]3[FSR]2,-3.6900854,14.157396
2005[Nd][pcu]3[ASR]1,-2.2166436,7.350264
2005[Nd][pcu]3[FSR]1,-2.2336226,7.341591
2005[Nd][sqc]3[FSR]1,1.9709499,13.865735
2005[NiV][nan]3[ION]1,-0.5181742,16.98022
2005[Ni][cds]3[ASR]1,1.3671006,9.573156
2005[Ni][cds]3[FSR]1,1.6996857,12.820686
2005[Ni][nan]3[ASR]1,0.98951936,13.528701
2005[Ni][nan]3[FSR]1,0.94895935,13.577491
2005[Pr][nan]3[ASR]1,2.3554082,13.039168
2005[Pr][nan]3[ASR]2,-2.8107722,14.839779
2005[Pr][nan]3[ASR]3,2.7769392,7.198666
2005[Pr][nan]3[FSR]1,2.344133,13.528254
2005[Pr][nan]3[FSR]2,-2.786032,15.027908
2005[Pr][nan]3[FSR]3,2.9727526,12.226299
2005[Pr][noy]3[ASR]1,2.1288438,15.988759
2005[Sc][nan]3[ASR]1,1.5235598,12.748878
2005[Sc][nan]3[ASR]2,7.959462,12.161596
2005[Sc][nan]3[FSR]1,1.5211114,12.773584
2005[Sc][nan]3[FSR]2,7.963956,12.162556
2005[Sc][rob]3[ION]1,-8.07126,10.704452
2005[SmCu][stp]3[FSR]1,3.392216,17.232388
2005[TbCu][stp]3[FSR]1,3.3677392,17.208788
2005[Tb][nan]3[ASR]1,4.4778733,7.3007455
2005[Tb][nan]3[ASR]2,0.49933052,4.366849
2005[Tb][nan]3[ASR]3,0.17011231,3.7087002
2005[Tb][nan]3[FSR]1,0.5659775,4.409184
2005[U][bnn]3[ASR]1,-3.056386,21.98194
2005[U][bnn]3[FSR]1,-3.0892367,21.951118
2005[Y][nan]3[ASR]1,-0.72724336,1.9047201
2005[ZnK][nan]3[ION]1,4.7087536,7.1884837
2005[ZnU][nan]3[ASR]1,-9.171032,11.265662
2005[ZnU][nan]3[FSR]1,-9.175273,11.271499
2005[Zn][bcg]3[ION]1,-3.3015115,8.887269
2005[Zn][dia]3[ASR]1,-0.8897346,16.459772
2005[Zn][dia]3[ASR]2,0.9285122,12.566132
2005[Zn][dia]3[FSR]1,-0.8916196,16.461168
2005[Zn][dia]3[FSR]2,-4.8049054,12.440376
2005[Zn][hex]3[FSR]1,1.8798733,8.212058
2005[Zn][nan]3[ASR]1,-1.9919788,9.857265
2005[Zn][nan]3[ASR]2,3.7806401,6.665908
2005[Zn][nan]3[ASR]3,-4.3569326,2.3180344
2005[Zn][nan]3[ASR]4,3.634529,9.357657
2005[Zn][nan]3[ASR]5,2.5775511,9.209899
2005[Zn][nan]3[ASR]6,2.1755955,9.538534
2005[Zn][nan]3[ASR]7,-9.263126,11.369845
2005[Zn][nan]3[FSR]1,-1.9947987,9.860204
2005[Zn][nan]3[FSR]2,3.7792368,6.6302633
2005[Zn][nan]3[FSR]3,2.7123575,10.916921
2005[Zn][nan]3[FSR]4,2.192179,9.534879
2005[Zn][nan]3[FSR]5,-9.2624855,11.368124
2005[Zn][pcu]3[ASR]1,2.6808877,10.853031
2005[Zn][pcu]3[ASR]12,2.657127,14.00292
2005[Zn][pcu]3[ASR]13,-3.3151343,11.980825
2005[Zn][pcu]3[ASR]14,2.791328,9.645524
2005[Zn][pcu]3[ASR]4,-2.1139822,1.0507795
2005[Zn][pcu]3[ASR]5,-2.0735598,1.0930734
2005[Zn][pcu]3[ASR]6,-2.0684385,1.090225
2005[Zn][pcu]3[ASR]7,-2.08352,1.0939262
2005[Zn][pcu]3[ASR]8,-2.0874207,1.1352727
2005[Zn][pcu]3[ASR]9,-2.0859392,1.0999914
2005[Zn][pcu]3[FSR]1,2.7070205,10.864799
2005[Zn][pcu]3[FSR]12,2.6484365,14.01565
2005[Zn][pcu]3[FSR]13,-3.3095593,12.03069
2005[Zn][pcu]3[FSR]14,2.8382196,10.461693
2005[Zn][pcu]3[FSR]4,-2.0991247,1.0723128
2005[Zn][pcu]3[FSR]5,-2.0845766,1.08146
2005[Zn][pcu]3[FSR]6,-2.070203,1.0813013
2005[Zn][pcu]3[FSR]7,-2.0888126,1.0888312
2005[Zn][pcu]3[FSR]8,-2.0818102,1.1319677
2005[Zn][pcu]3[FSR]9,-2.0570672,1.1224996
2005[Zn][rtl]3[ION]1,1.7853304,13.12775
2005[Zn][srs]3[ASR]1,-12.325093,4.1681824
2005[Zn][srs]3[ASR]2,-12.429183,4.0067577
2005[Zn][srs]3[ASR]3,-12.32397,4.161367
2005[Zn][srs]3[ASR]4,-12.40192,4.070818
2005[Zn][srs]3[ASR]5,-12.229185,5.120597
2005[Zn][srs]3[ASR]6,-12.5496435,5.3548236
2005[Zn][srs]3[ASR]7,-12.529795,5.3402195
2005[Zn][srs]3[ASR]8,-12.320489,4.1768003
2005[Zn][srs]3[FSR]1,-12.32507,4.1682744
2005[Zn][srs]3[FSR]2,-12.424189,4.0119953
2005[Zn][srs]3[FSR]3,-12.323893,4.1609626
2005[Zn][srs]3[FSR]4,-12.401776,4.0711174
2005[Zn][srs]3[FSR]5,-12.238885,5.112521
2005[Zn][srs]3[FSR]6,-12.524884,5.344247
2005[Zn][srs]3[FSR]7,-12.524536,5.341389
2005[Zn][srs]3[FSR]8,-12.323963,4.155378
2006[Ag][mog]3[ASR]1,4.661702,13.245476
2006[Ag][mog]3[FSR]1,4.6747165,13.275237
2006[Ag][nan]3[ASR]1,0.78294945,16.729595
2006[Ag][nan]3[ASR]2,4.1815853,12.72739
2006[Ag][nan]3[ASR]3,4.1783066,12.705796
2006[Ag][nan]3[FSR]1,0.9700087,16.637125
2006[Ag][nan]3[FSR]2,0.76835376,16.7302
2006[Ag][nan]3[FSR]3,4.175658,12.723421
2006[Ag][nan]3[FSR]4,4.188195,12.691919
2006[Ag][srs]3[ASR]1,-1.3988578,11.996097
2006[Ag][srs]3[FSR]1,-1.420592,12.019314
2006[AsFe][nan]3[ASR]1,-0.9120111,16.44171
2006[Bi][dia]3[ION]1,-2.726182,15.246167
2006[Bi][eca]3[ASR]1,-3.3774734,21.652002
2006[Bi][eca]3[FSR]1,-3.379759,21.64923
2006[CdSi][nan]3[ION]1,4.75633,12.573043
2006[Cd][dia]3[ASR]2,-2.8712785,9.707463
2006[Cd][dia]3[FSR]2,-2.874011,9.714599
2006[Cd][nan]3[ASR]1,-3.7080595,10.8222
2006[Cd][nan]3[ASR]2,-3.687455,10.88409
2006[Cd][nan]3[ASR]3,4.3219843,5.803306
2006[Cd][nan]3[ASR]4,4.2378435,5.721337
2006[Cd][nan]3[ASR]5,2.9950602,12.293285
2006[Cd][nan]3[ASR]6,2.392198,15.998903
2006[Cd][nan]3[FSR]1,-3.7016656,10.753687
2006[Cd][nan]3[FSR]2,-3.6460152,10.886701
2006[Cd][nan]3[FSR]3,1.8163276,10.145068
2006[Cd][nan]3[FSR]5,-3.4730363,14.174782
2006[Cd][pyr]3[ASR]1,8.640163,14.833196
2006[Cd][pyr]3[FSR]1,8.637908,14.830881
2006[Cd][pyr]3[ION]1,-5.828096,6.2985606
2006[CoAg][utp]3[ASR]1,0.6893922,7.647029
2006[CoAg][utp]3[ASR]2,0.727488,7.5757422
2006[CoAg][utp]3[ASR]3,0.7081584,7.691182
2006[CoAg][utp]3[FSR]1,0.6886269,7.6551757
2006[CoAg][utp]3[FSR]2,0.75477874,7.5617094
2006[CoAg][utp]3[FSR]3,0.69955933,7.6848593
2006[Co][acs]3[ASR]1,1.3747709,17.855251
2006[Co][acs]3[FSR]1,1.3553329,17.874338
2006[Co][bcg]3[ION]1,-3.2648168,8.873687
2006[Co][cds]3[ASR]1,1.3141865,9.548382
2006[Co][dia]3[ASR]1,-0.7001716,17.24888
2006[Co][dia]3[ASR]2,-4.8146586,13.145136
2006[Co][dia]3[FSR]1,-0.6857899,17.271101
2006[Co][mot]3[ASR]1,1.730738,9.48797
2006[Co][mot]3[FSR]1,1.864123,10.271003
2006[Co][nan]3[ASR]1,2.502458,13.132199
2006[Co][nan]3[ASR]2,-1.8597231,9.364951
2006[Co][nan]3[ASR]3,-1.3444602,11.431996
2006[Co][nan]3[ASR]6,2.1910686,9.586994
2006[Co][nan]3[ASR]7,-0.7207727,10.247488
2006[Co][nan]3[FSR]1,2.483914,13.104958
2006[Co][nan]3[FSR]2,-1.8909065,9.387984
2006[Co][nan]3[FSR]3,-1.3825685,11.408406
2006[Co][nan]3[FSR]6,2.20362,9.564178
2006[Co][nan]3[FSR]7,-0.72594,10.24957
2006[Co][rob]3[ASR]1,0.65397525,5.466685
2006[Co][rob]3[FSR]1,0.63752973,5.446497
2006[Co][sod]3[ASR]1,7.1496506,2.708366
2006[Co][sod]3[FSR]1,7.1497164,2.7082958
2006[Co][ths]3[ASR]1,5.071936,9.890525
2006[CuW][nan]3[ASR]1,-1.4644033,11.610211
2006[Cu][bcu]3[ASR]1,3.3807156,9.135933
2006[Cu][bcu]3[FSR]1,2.1134713,12.998619
2006[Cu][dia]3[ION]1,-6.09315,7.099423
2006[Cu][hxg]3[ASR]1,5.873859,12.10749
2006[Cu][ins]3[ASR]1,2.3617692,9.466569
2006[Cu][ins]3[FSR]1,2.3259523,9.459397
2006[Cu][nan]2[ASR]1,-1.5634326,7.123362
2006[Cu][nan]3[ASR]1,0.8268256,12.927984
2006[Cu][nan]3[ASR]2,3.1253643,14.582574
2006[Cu][nan]3[FSR]1,3.124593,14.592971
2006[Cu][pcu]3[ASR]1,4.9190993,10.4722395
2006[Cu][sra]3[ASR]1,0.87320316,9.599264
2006[Cu][sra]3[ION]1,1.1060227,8.883166
2006[Cu][srs]3[ASR]1,0.76893854,7.595861
2006[Cu][srs]3[ION]1,5.9298472,18.411453
2006[Dy][nan]3[ASR]1,2.4605772,10.250682
2006[Dy][nan]3[ASR]2,4.5251746,7.359972
2006[Dy][sqc]3[FSR]1,-3.5989034,14.382531
2006[Er][dia]3[ASR]1,-2.7908852,14.916964
2006[Er][dia]3[FSR]1,-2.9376771,15.39159
2006[Er][nan]3[ASR]1,3.7492597,10.967396
2006[Er][nan]3[ASR]2,4.247269,6.8664165
2006[Er][nan]3[FSR]1,2.5522847,15.100206
2006[Er][tfz]3[ASR]1,-10.034062,12.224251
2006[Er][tfz]3[FSR]1,-9.204547,11.322333
2006[Eu][nan]3[ASR]1,4.4549003,7.2486734
2006[FeAs][nan]3[FSR]1,-0.9358129,16.432837
2006[Fe][nan]3[ASR]1,-0.06854675,16.947245
2006[Fe][nan]3[ASR]2,-0.05983359,16.991928
2006[Fe][nan]3[FSR]1,-0.048848007,16.932716
2006[Fe][nan]3[FSR]2,-0.038431525,16.975851
2006[Fe][pts]3[ASR]1,1.7030567,14.773573
2006[Fe][pts]3[FSR]1,1.6870387,14.773707
2006[Ga][nan]3[ASR]1,-3.4067433,21.642305
2006[Ga][nan]3[ASR]2,-3.3929331,21.65519
2006[Ga][nan]3[ASR]3,-3.3081863,21.736546
2006[Ga][nan]3[FSR]1,-3.4092188,21.639866
2006[Ga][nan]3[FSR]2,-3.2788787,21.766382
2006[Gd][nan]3[ASR]1,-2.843989,15.365206
2006[Gd][nan]3[FSR]1,-2.8849833,15.451796
2006[Gd][pcu]3[ASR]1,3.7027514,10.841048
2006[In][bpq]3[ASR]1,-2.9849598,15.351158
2006[In][bpq]3[FSR]1,-2.9558954,15.316968
2006[In][nan]3[ASR]1,4.584899,6.3761644
2006[In][qtz]3[ASR]1,-3.3466017,21.711456
2006[In][qtz]3[FSR]1,-3.344761,21.714165
2006[In][sod]3[ASR]1,4.6341033,8.300579
2006[In][sod]3[FSR]1,4.7013097,8.350709
2006[La][bnn]3[ASR]1,-3.0741608,21.967216
2006[La][bnn]3[FSR]1,-3.0395446,22.00076
2006[La][nan]3[ASR]1,-3.4279382,13.246433
2006[La][sqc]3[ASR]1,1.9633148,13.731087
2006[La][sqc]3[FSR]1,-3.416177,12.877405
2006[Lu][dia]3[ASR]1,-2.8543007,15.151383
2006[Lu][dia]3[FSR]1,-2.9463603,15.453327
2006[Mg][dia]3[ASR]2,-7.5323563,18.516039
2006[Mg][dia]3[ASR]3,-7.527202,18.518097
2006[Mg][dia]3[ASR]4,-7.526117,18.517134
2006[Mg][dia]3[ASR]5,-7.5178356,18.514929
2006[Mg][dia]3[ASR]6,-7.520838,18.52584
2006[Mg][dia]3[ASR]7,-7.5155554,18.531994
2006[Mg][dia]3[ASR]8,-7.530815,18.516665
2006[Mg][dia]3[FSR]2,-7.531647,18.516445
2006[Mg][dia]3[FSR]3,-7.525886,18.519938
2006[Mg][dia]3[FSR]4,-7.5252037,18.518991
2006[Mg][dia]3[FSR]5,-7.5176187,18.516138
2006[Mg][dia]3[FSR]6,-7.5202045,18.526884
2006[Mg][dia]3[FSR]7,-7.5174246,18.529783
2006[Mg][dia]3[FSR]8,-7.5328712,18.521809
2006[Mn][dia]3[ASR]1,-0.41073948,17.581882
2006[Mn][dia]3[ASR]2,-0.42645684,17.567152
2006[Mn][dia]3[ASR]3,-1.8005841,15.789891
2006[Mn][dia]3[FSR]1,-0.42153886,17.576906
2006[Mn][dia]3[FSR]2,-0.42013806,17.613554
2006[Mn][dia]3[FSR]3,-1.7968978,15.789873
2006[Mn][fsc]3[ASR]1,1.4709477,9.229648
2006[Mn][fsc]3[ASR]2,1.4456661,7.8977995
2006[Mn][fsc]3[ASR]3,1.3201072,8.739973
2006[Mn][fsc]3[FSR]1,1.4757564,9.167353
2006[Mn][fsc]3[FSR]2,1.4203477,7.8899198
2006[Mn][fsc]3[FSR]3,1.3496087,8.694308
2006[Mn][nan]3[ASR]1,-3.0115972,14.047991
2006[Mn][nan]3[ASR]2,-5.972978,5.850865
2006[Mn][nan]3[FSR]1,-2.9855812,14.06581
2006[Nd][irl]3[ASR]1,-3.3196867,21.732979
2006[Nd][irl]3[FSR]1,-1.1844137,15.916855
2006[Nd][nan]3[ASR]1,0.055413015,2.9465241
2006[Nd][nan]3[ASR]2,1.7530277,14.71673
2006[Nd][sqc]3[ASR]1,1.9612964,13.690417
2006[Nd][sqc]3[FSR]1,-3.395288,12.885973
2006[NiMo][nan]3[ASR]1,-0.69888103,16.7285
2006[Ni][ins]3[ASR]1,1.3224592,13.446833
2006[Ni][ins]3[FSR]1,1.2893362,13.421177
2006[Ni][mot]3[ASR]1,1.6921902,10.799003
2006[Ni][mot]3[ASR]2,1.8879362,10.8510895
2006[Ni][mot]3[FSR]1,-4.048675,11.0613365
2006[Ni][mot]3[FSR]2,-4.137669,11.148331
2006[Ni][nan]3[ASR]1,1.979012,13.71796
2006[Ni][nan]3[ASR]2,-3.023677,14.05162
2006[Ni][nan]3[ASR]3,2.5030134,13.124933
2006[Ni][nan]3[ASR]4,2.497406,13.118503
2006[Ni][nan]3[ASR]5,-2.4148266,10.434438
2006[Ni][nan]3[ASR]6,0.9941801,13.841643
2006[Ni][nan]3[FSR]1,-3.036408,14.032876
2006[Ni][nan]3[FSR]2,2.5129988,13.150831
2006[Ni][nan]3[FSR]3,2.5016913,13.136638
2006[Ni][nan]3[FSR]4,-2.4116483,10.4403305
2006[Ni][nan]3[FSR]5,0.9768201,13.82363
2006[Ni][pyr]3[ASR]1,4.110452,8.313324
2006[Ni][pyr]3[FSR]1,4.105837,8.322327
2006[Pr][crs]3[FSR]1,4.6708307,12.842362
2006[Pr][fsc]3[ASR]1,-2.4063232,7.7492023
2006[Sc][acs]3[ASR]1,-1.1590923,3.8924415
2006[V][bpq]3[ASR]2,3.5604477,6.494386
2006[V][bpq]3[ASR]3,3.1310773,5.681948
2006[V][bpq]3[ASR]4,3.5710802,6.537832
2006[V][bpq]3[ASR]5,4.0810366,8.144634
2006[V][bpq]3[FSR]2,3.5666447,6.512588
2006[V][bpq]3[FSR]3,3.1225784,5.690392
2006[V][bpq]3[FSR]4,3.542441,6.548469
2006[V][bpq]3[FSR]5,4.0854354,8.146837
2006[V][nan]3[ASR]1,-2.1033988,15.464307
2006[V][nan]3[ASR]2,-2.116607,15.448993
2006[V][nan]3[ASR]3,-0.56922096,17.395857
2006[V][nan]3[ASR]4,-0.37276173,17.630781
2006[V][nan]3[ASR]5,0.085879065,17.157831
2006[V][nan]3[FSR]1,-2.1649358,15.4303875
2006[V][nan]3[FSR]2,-2.162387,15.404019
2006[V][nan]3[FSR]3,-0.3146815,17.374361
2006[V][nan]3[FSR]4,-0.21871722,17.299345
2006[V][rna]3[FSR]1,-0.46842715,17.544268
2006[V][rna]3[FSR]2,-0.4519422,17.561258
2006[V][sqc]3[ASR]1,-3.3436563,14.291281
2006[V][sqc]3[FSR]1,-3.4147797,14.319944
2006[WCu][nan]3[FSR]1,-1.43526,11.60978
2006[Y][dia]3[ASR]1,-2.9563444,14.625419
2006[Y][nan]3[ASR]1,3.5394032,6.0081005
2006[Yb][neb]3[ASR]1,-3.3541183,21.694283
2006[Yb][neb]3[FSR]1,-3.3491373,21.69929
2006[ZnSi][cds]3[ASR]1,-8.132617,10.768531
2006[ZnSi][cds]3[FSR]1,-8.176231,10.803413
2006[Zn][bcg]3[ION]1,-3.2988133,8.916428
2006[Zn][bcg]3[ION]2,-3.284855,8.856752
2006[Zn][bcg]3[ION]3,-3.3545337,8.893348
2006[Zn][bcg]3[ION]4,-3.271841,8.904251
2006[Zn][bcg]3[ION]5,-3.2540877,8.821526
2006[Zn][cml]3[ASR]1,-0.15886751,2.7031326
2006[Zn][crb]3[ASR]1,6.7130485,10.932929
2006[Zn][crb]3[FSR]1,6.7155614,10.932265
2006[Zn][dft]3[ASR]1,6.637667,11.014887
2006[Zn][dft]3[FSR]1,6.6417613,11.006038
2006[Zn][dia]3[ASR]1,-3.861136,12.653797
2006[Zn][dia]3[ASR]10,-0.112659305,17.084768
2006[Zn][dia]3[ASR]2,-2.8920982,9.615597
2006[Zn][dia]3[ASR]4,-0.037135232,17.030777
2006[Zn][dia]3[ASR]5,-0.020922495,17.06952
2006[Zn][dia]3[ASR]6,-0.5333288,17.16094
2006[Zn][dia]3[ASR]7,0.014795124,16.984877
2006[Zn][dia]3[ASR]8,-0.119900785,17.104427
2006[Zn][dia]3[ASR]9,0.0011180316,16.979984
2006[Zn][dia]3[FSR]1,-3.8920248,12.6808195
2006[Zn][dia]3[FSR]10,-0.0848663,17.077234
2006[Zn][dia]3[FSR]2,-2.876187,9.621686
2006[Zn][dia]3[FSR]4,-0.02083433,17.042915
2006[Zn][dia]3[FSR]5,-0.04060691,17.068014
2006[Zn][dia]3[FSR]6,-0.56360614,17.14607
2006[Zn][dia]3[FSR]7,-0.007462321,17.007887
2006[Zn][dia]3[FSR]8,-0.087055475,17.074638
2006[Zn][dia]3[FSR]9,-0.0071994388,16.999062
2006[Zn][nan]3[ASR]1,3.7390385,15.242739
2006[Zn][nan]3[ASR]3,0.5737984,5.7481003
2006[Zn][nan]3[ASR]4,1.7112359,14.659334
2006[Zn][nan]3[ASR]5,1.8859953,13.822669
2006[Zn][nan]3[ASR]6,-3.1509373,11.954947
2006[Zn][nan]3[ASR]7,-0.7120979,11.091965
2006[Zn][nan]3[FSR]1,3.730913,15.245888
2006[Zn][nan]3[FSR]4,1.7271848,14.695694
2006[Zn][nan]3[FSR]5,1.8981568,13.837846
2006[Zn][nan]3[FSR]6,-3.1201806,11.979718
2006[Zn][pcu]3[ASR]1,-2.2877681,0.68137807
2006[Zn][pcu]3[ASR]2,-2.580734,7.702316
2006[Zn][pcu]3[ASR]7,-2.3091543,0.7063174
2006[Zn][pcu]3[ASR]8,-2.299055,0.7192731
2006[Zn][pcu]3[ASR]9,-2.0902736,5.856632
2006[Zn][pcu]3[FSR]1,-2.2994635,0.65974736
2006[Zn][pcu]3[FSR]2,-2.5552437,7.6892366
2006[Zn][pcu]3[FSR]7,-2.2995737,0.69702846
2006[Zn][pcu]3[FSR]8,-2.30059,0.7190137
2006[Zn][sod]3[ASR]1,2.8253539,2.939532
2006[Zn][sod]3[ASR]2,7.149318,2.7087119
2006[Zn][sod]3[FSR]1,7.1485267,2.70997
2006[Zn][tfw]3[ASR]1,-3.0357096,14.454286
2006[Zn][tfw]3[FSR]1,-3.0597553,14.460019
2007[AgGa][ths]3[ION]1,1.2543958,8.372669
2007[AgGa][ths]3[ION]2,0.63229585,12.102596
2007[AgIn][ths]3[ION]1,-8.534181,10.544611
2007[Ag][dia]3[ION]1,-0.6601962,11.500596
2007[Ag][dia]3[ION]2,-8.150725,10.779209
2007[Ag][nan]3[ASR]2,-0.13849926,10.669615
2007[Ag][nan]3[ION]1,-3.1956081,12.12034
2007[Ag][nbo]3[ASR]1,2.8545914,3.0028796
2007[Ag][nbo]3[FSR]1,2.8617365,2.9841464
2007[Ag][uni]3[ASR]1,5.1086097,11.704614
2007[Ag][uni]3[FSR]1,5.135867,11.684873
2007[CaLa][nan]3[ASR]1,2.3108163,10.453584
2007[CaSm][bnn]3[ASR]1,2.2263072,12.399949
2007[CdFe][pcu]3[ASR]1,-0.49576885,11.582552
2007[CdFe][pcu]3[ASR]2,-0.48342225,11.601499
2007[CdFe][pcu]3[FSR]1,-0.4694446,11.596465
2007[CdFe][pcu]3[FSR]2,-0.4903106,11.612363
2007[CdMo][nan]3[ASR]1,-0.47435966,16.691183
2007[Cd][bcu]3[ASR]1,1.5597404,14.345387
2007[Cd][dia]3[ASR]2,-8.561534,10.627123
2007[Cd][dia]3[ASR]3,-8.505813,10.598037
2007[Cd][dia]3[ASR]4,-8.530518,10.670524
2007[Cd][dia]3[ASR]5,-8.524835,10.669578
2007[Cd][dia]3[ASR]6,-8.532624,10.625294
2007[Cd][dia]3[ASR]7,-8.541909,10.666164
2007[Cd][dia]3[FSR]2,-8.5662,10.68575
2007[Cd][dia]3[FSR]3,-8.56568,10.646021
2007[Cd][dia]3[FSR]4,-8.508982,10.795234
2007[Cd][dia]3[FSR]5,-8.529825,10.68607
2007[Cd][dia]3[FSR]6,-8.584552,10.638365
2007[Cd][dia]3[FSR]7,-8.541154,10.708422
2007[Cd][nan]3[ASR]2,-4.2144184,12.897908
2007[Cd][nan]3[ASR]3,-1.1623154,1.5526856
2007[Cd][nan]3[FSR]2,-4.235762,12.853285
2007[Cd][pyr]3[ASR]1,-1.1343238,5.1537685
2007[Cd][pyr]3[FSR]1,-1.1271873,5.1510253
2007[Cd][rtl]3[ASR]1,3.7503345,5.379784
2007[Cd][rtl]3[ASR]2,3.715916,5.3559384
2007[Cd][rtl]3[FSR]1,3.6886947,5.3485904
2007[Cd][thp]3[ASR]1,-3.368628,21.67467
2007[Cd][thp]3[FSR]1,-3.3683882,21.67507
2007[Cd][ths]3[ASR]1,-1.8729402,9.324509
2007[Cd][ths]3[FSR]1,-3.047496,15.532656
2007[Cd][uom]3[ASR]1,2.5069962,15.991642
2007[Cd][uom]3[ASR]2,2.5325973,15.960651
2007[Cd][uom]3[FSR]1,2.5422196,15.9645605
2007[Cd][uom]3[FSR]2,2.5200298,15.966106
2007[CeCu][nan]3[ASR]1,1.0873464,16.221794
2007[CeRu][tfi]3[ASR]1,-0.5653861,17.419596
2007[CeZr][pth]3[FSR]1,-3.2882812,21.777678
2007[CoK][nan]3[ION]1,3.1541343,8.958966
2007[CoK][nan]3[ION]2,3.8092058,7.6641684
2007[CoV][nan]3[ION]1,-0.54414773,16.997957
2007[Co][bcg]3[ASR]1,-4.685933,12.416875
2007[Co][bcg]3[FSR]1,-4.70499,12.413718
2007[Co][dmc]3[FSR]1,-2.763475,14.850276
2007[Co][lta]3[ASR]1,2.7865877,2.924214
2007[Co][lta]3[FSR]1,2.7499082,2.9560091
2007[Co][lvt]3[ASR]1,5.227858,7.8627663
2007[Co][lvt]3[FSR]1,-3.009985,13.808507
2007[Co][nan]3[ASR]1,1.6718981,14.94459
2007[Co][nan]3[ASR]2,4.676783,7.3059106
2007[Co][nan]3[ASR]3,4.6861014,7.305031
2007[Co][nan]3[ASR]4,-0.0011537472,17.024803
2007[Co][nan]3[ASR]6,-1.339052,16.286077
2007[Co][nan]3[FSR]1,1.6558522,14.942936
2007[Co][nan]3[FSR]2,4.6398892,7.362598
2007[Co][nan]3[FSR]3,-2.7929835,10.897165
2007[Co][nan]3[FSR]5,-1.3364093,16.29717
2007[Co][nou]3[ASR]1,1.3334603,12.482595
2007[Co][nou]3[FSR]1,-4.6704025,12.669885
2007[Co][uon]3[ASR]1,-4.5602007,12.914366
2007[Co][uon]3[FSR]1,-4.5573235,12.876648
2007[CuCe][nan]3[FSR]1,1.092658,16.223602
2007[CuEu][nan]3[ASR]1,2.5699577,14.916338
2007[CuEu][nan]3[ASR]2,2.4969969,14.988204
2007[CuEu][nan]3[ASR]3,1.0618795,16.234013
2007[CuEu][nan]3[FSR]1,2.5115983,15.035091
2007[CuEu][nan]3[FSR]2,2.4899988,15.113992
2007[CuEu][nan]3[FSR]3,1.0853949,16.214958
2007[CuGd][stp]3[ASR]1,3.3643537,17.20252
2007[CuLa][nan]3[ASR]1,1.0930603,16.224749
2007[CuMn][pcu]3[ASR]1,6.491942,11.475105
2007[CuMn][pcu]3[ASR]2,6.492545,11.469876
2007[CuMn][pcu]3[FSR]1,6.49301,11.470753
2007[CuMn][pcu]3[FSR]2,6.4952374,11.47497
2007[CuNd][nan]3[ASR]1,1.0898079,16.201233
2007[CuNd][nan]3[FSR]1,1.1014034,16.227173
2007[CuNd][stp]3[ASR]1,3.5142643,17.323193
2007[CuNd][stp]3[FSR]1,3.5156636,17.324114
2007[CuPr][nan]3[FSR]1,1.0852672,16.219831
2007[CuSm][nan]3[ASR]1,2.594388,14.966211
2007[CuSm][stp]3[ASR]1,3.5334022,17.330603
2007[CuW][pcu]3[ASR]1,-1.3763442,10.908758
2007[Cu][cds]3[ASR]1,-2.5230935,11.791662
2007[Cu][dia]3[ASR]1,0.027154807,4.3848553
2007[Cu][dia]3[ASR]2,1.7458256,11.843611
2007[Cu][dia]3[FSR]1,0.043294292,4.390656
2007[Cu][dia]3[FSR]2,1.3023773,12.697377
2007[Cu][nan]3[ASR]1,2.4982035,10.110399
2007[Cu][nan]3[ASR]2,-1.3243644,12.888977
2007[Cu][nan]3[FSR]1,1.8086383,12.944037
2007[Cu][nbo]3[ASR]1,2.6837041,13.457591
2007[Cu][nbo]3[ASR]2,0.20359145,3.6802802
2007[Cu][nbo]3[FSR]1,2.6925447,13.466322
2007[Cu][reo]3[ION]1,-5.6591935,6.2331057
2007[Cu][tbo]3[ASR]1,-2.0448701,-0.08492333
2007[Cu][tbo]3[ASR]2,-2.1114786,-0.14933428
2007[Cu][the]3[ION]1,-1.8070724,0.57059497
2007[DyCu][nan]3[ASR]1,2.413818,10.304583
2007[DyRu][tfi]3[ASR]1,-0.93606275,16.81973
2007[Dy][mog]3[ASR]1,-4.0758343,12.031622
2007[ErRu][tfi]3[ASR]1,-1.1172186,16.493792
2007[Er][sqp]3[ASR]1,-3.3523123,21.70079
2007[Er][sqp]3[FSR]1,-3.3333364,21.71982
2007[Er][sra]3[ASR]1,-4.0169625,10.0124235
2007[EuCu][nan]3[ASR]1,2.3976572,10.205504
2007[Eu][pcu]3[ASR]1,0.3699342,3.7240121
2007[Eu][pcu]3[ASR]2,-2.7524343,9.746422
2007[Eu][pcu]3[FSR]1,-3.6083841,12.775241
2007[Fe][dia]3[ASR]1,-0.19044746,17.235365
2007[Fe][dia]3[ASR]10,-0.07061826,17.184734
2007[Fe][dia]3[ASR]11,-0.081303604,17.209766
2007[Fe][dia]3[ASR]12,-0.49521682,17.210161
2007[Fe][dia]3[ASR]13,-0.50494534,17.239334
2007[Fe][dia]3[ASR]14,-0.69271696,17.229692
2007[Fe][dia]3[ASR]15,-0.7548333,17.284998
2007[Fe][dia]3[ASR]16,-0.061333857,17.168472
2007[Fe][dia]3[ASR]17,-0.09290136,17.225286
2007[Fe][dia]3[ASR]18,-0.5123674,17.133705
2007[Fe][dia]3[ASR]19,-0.6274974,17.179096
2007[Fe][dia]3[ASR]2,-0.22656858,17.261116
2007[Fe][dia]3[ASR]20,-0.39943913,17.301943
2007[Fe][dia]3[ASR]21,-0.69610256,17.276546
2007[Fe][dia]3[ASR]3,-0.61654854,17.222355
2007[Fe][dia]3[ASR]4,-0.23111589,17.266457
2007[Fe][dia]3[ASR]5,-0.6888338,17.180819
2007[Fe][dia]3[ASR]6,-0.69939303,17.255013
2007[Fe][dia]3[ASR]7,-0.6731092,17.30266
2007[Fe][dia]3[ASR]8,-0.7775651,17.323069
2007[Fe][dia]3[ASR]9,-0.64570814,17.411634
2007[Fe][dia]3[FSR]1,-0.187255,17.249987
2007[Fe][dia]3[FSR]10,-0.05464491,17.190514
2007[Fe][dia]3[FSR]11,-0.048570104,17.16744
2007[Fe][dia]3[FSR]12,-0.5510114,17.190935
2007[Fe][dia]3[FSR]13,-0.51312023,17.243332
2007[Fe][dia]3[FSR]14,-0.69329953,17.23408
2007[Fe][dia]3[FSR]15,-0.7362422,17.302505
2007[Fe][dia]3[FSR]16,-0.013290461,17.180084
2007[Fe][dia]3[FSR]17,-0.028781816,17.29599
2007[Fe][dia]3[FSR]18,-0.5214502,17.143337
2007[Fe][dia]3[FSR]19,-0.6269962,17.179783
2007[Fe][dia]3[FSR]2,-0.27760866,17.304049
2007[Fe][dia]3[FSR]20,-0.39895344,17.335386
2007[Fe][dia]3[FSR]21,-0.69698507,17.295866
2007[Fe][dia]3[FSR]3,-0.60170525,17.189882
2007[Fe][dia]3[FSR]4,-0.24334362,17.261679
2007[Fe][dia]3[FSR]5,-0.69543993,17.175219
2007[Fe][dia]3[FSR]6,-0.6829156,17.24599
2007[Fe][dia]3[FSR]7,-0.6796719,17.303461
2007[Fe][dia]3[FSR]8,-0.7669614,17.313387
2007[Fe][dia]3[FSR]9,-0.64647806,17.405916
2007[Fe][pcu]3[ASR]1,6.0191975,12.15136
2007[Fe][tbo]3[ASR]1,-1.9364877,2.0089145
2007[Fe][the]3[ASR]2,0.43355456,4.186791
2007[Ga][nan]3[ASR]1,4.604511,6.3975573
2007[Ga][nan]3[ASR]2,-3.4219913,21.62679
2007[Ga][nan]3[FSR]1,-3.4325829,21.615902
2007[GdCo][nan]3[FSR]1,-2.9604561,12.6259
2007[GdCu][pcu]3[ASR]1,4.959684,10.460967
2007[GdCu][stp]3[FSR]1,3.3644507,17.205484
2007[HoRu][tfi]3[ASR]1,-1.1554537,16.492285
2007[InAg][ths]3[ASR]1,0.75401324,6.794107
2007[InAg][ths]3[FSR]1,0.7212173,6.7842507
2007[In][ctn]3[ASR]1,1.9866608,4.319
2007[In][ctn]3[ASR]2,1.9536344,4.2758403
2007[In][ctn]3[FSR]1,1.9641825,4.2945457
2007[In][ctn]3[FSR]2,1.9468766,4.275466
2007[KCu][nan]3[ION]1,3.377709,17.193142
2007[LaCu][nan]3[FSR]1,1.0887105,16.229977
2007[LaRu][tfi]3[ASR]1,-0.5688547,17.461866
2007[La][nan]3[ASR]1,-3.3929791,21.649626
2007[La][nan]3[ASR]2,3.8292665,12.355532
2007[La][nan]3[ASR]3,1.6626893,14.705093
2007[Mg][dia]3[ASR]1,-7.4935446,18.552334
2007[Mg][dia]3[FSR]1,-7.501504,18.544676
2007[MnV][nan]3[ION]1,-0.54142964,16.950409
2007[Mn][dia]3[ASR]1,-0.46294698,17.595047
2007[Mn][dia]3[ASR]3,-0.6616219,17.38303
2007[Mn][dia]3[ASR]4,-0.62976134,17.40398
2007[Mn][dia]3[ASR]5,-0.7810339,17.364098
2007[Mn][dia]3[FSR]1,-0.45575082,17.588951
2007[Mn][dia]3[FSR]3,-0.61315775,17.425974
2007[Mn][dia]3[FSR]4,-0.63984144,17.41052
2007[Mn][dia]3[FSR]5,-0.79377425,17.29802
2007[Mn][nan]3[ASR]1,-0.07576131,17.035168
2007[Mn][nan]3[FSR]1,-0.03143878,17.048182
2007[Mn][the]3[ION]1,-0.75412774,2.9585302
2007[NdRu][tfi]3[ASR]1,-1.0853031,16.614157
2007[Nd][bcu]3[ASR]1,2.2370944,14.789136
2007[Nd][nan]3[ASR]1,2.0043867,13.705591
2007[Nd][nan]3[ASR]2,-1.0932088,16.159071
2007[Nd][nan]3[ASR]3,1.8377073,16.135843
2007[Nd][nan]3[FSR]1,2.0135145,13.720264
2007[Nd][nan]3[FSR]2,-1.495545,15.931528
2007[Nd][nan]3[FSR]3,1.6314521,15.780315
2007[NiV][nan]3[ION]1,-0.53960186,16.978106
2007[NiV][nan]3[ION]3,-0.53433645,16.985214
2007[Ni][crb]3[ASR]1,1.9059083,10.234018
2007[Ni][crb]3[FSR]1,-4.4756413,12.499902
2007[Ni][dia]3[ASR]1,2.2385657,4.567188
2007[Ni][dia]3[ASR]2,2.1996818,4.4880104
2007[Ni][dia]3[FSR]1,-2.1990206,8.41452
2007[Ni][lvt]3[ASR]1,5.2366323,7.833667
2007[Ni][lvt]3[FSR]1,-2.881162,13.831581
2007[Ni][pcu]3[ASR]1,0.30784944,9.541693
2007[Ni][pcu]3[ASR]2,0.32011062,9.535708
2007[Ni][pcu]3[ASR]3,0.30051753,9.538232
2007[Ni][pcu]3[FSR]1,0.3089536,9.558041
2007[Ni][pcu]3[FSR]2,0.3000443,9.550443
2007[Ni][pcu]3[FSR]3,0.31419563,9.553518
2007[Ni][sit]3[ASR]1,0.03870604,3.6557221
2007[Ni][uon]3[ASR]1,-4.6188736,12.716077
2007[Ni][uon]3[FSR]1,-4.5219293,12.891779
2007[Pb][nan]3[ASR]1,4.546017,7.7882876
2007[Pb][nan]3[FSR]1,4.5425954,7.7978497
2007[Pd][sod]3[ASR]1,-8.599124,10.767319
2007[Pd][sod]3[FSR]1,-8.600443,10.768142
2007[PrCu][nan]3[ASR]1,1.1060919,16.208748
2007[PrRu][tfi]3[ASR]1,-1.07873,16.63887
2007[PrSb][dia]3[FSR]1,1.5363528,15.280095
2007[Pr][bnn]3[ASR]1,-4.4992695,11.062131
2007[Pr][nan]3[ASR]1,1.6691163,14.152987
2007[Pr][nan]3[ASR]2,1.8809595,13.954209
2007[Pr][nan]3[FSR]1,-3.7851954,13.823022
2007[Pr][nan]3[FSR]2,-3.4173136,12.929883
2007[Pr][sqc]3[ASR]1,-4.2301044,11.002566
2007[PtNd][nan]3[ASR]1,2.4535496,10.271025
2007[RuGd][tfi]3[ASR]1,-0.93328756,16.891258
2007[RuTb][tfi]3[ASR]1,-1.1178846,16.569016
2007[SiAg][nan]3[ION]1,-9.076604,11.244975
2007[SmCu][nan]3[FSR]1,2.4883106,15.067306
2007[SmCu][stp]3[FSR]1,3.5144029,17.310282
2007[TbV][nan]3[ASR]1,-1.9001292,7.379757
2007[TbV][nan]3[FSR]1,-1.9934012,7.7397046
2007[Tb][sqc]3[ASR]1,1.6869577,15.116294
2007[Tb][sqc]3[FSR]1,-3.611437,14.495783
2007[U][nan]3[FSR]1,1.7982932,15.664637
2007[V][bpq]3[ASR]1,3.0464838,5.562343
2007[V][bpq]3[FSR]1,3.0160077,5.533267
2007[WCu][pcu]3[FSR]1,-1.3982279,10.923765
2007[Y][sqp]3[ASR]1,-3.3414242,21.71454
2007[Y][sqp]3[FSR]1,-3.3590884,21.698063
2007[ZnPt][tfi]3[FSR]1,-5.98116,6.9332767
2007[ZnSm][stp]3[FSR]1,-2.34105,12.697318
2007[ZnV][nan]3[ASR]1,-0.49936366,16.91415
2007[ZnV][nan]3[FSR]1,-0.51304567,16.95964
2007[Zn][bcs]3[ASR]1,2.38239,7.3515625
2007[Zn][cag]3[ASR]1,5.1590157,11.763783
2007[Zn][cag]3[FSR]1,5.1772423,11.777654
2007[Zn][crb]3[ASR]1,6.715819,10.929885
2007[Zn][crb]3[FSR]1,6.718321,10.928521
2007[Zn][dia]3[ASR]1,-0.5331773,11.50237
2007[Zn][dia]3[ASR]2,1.7939616,6.593257
2007[Zn][dia]3[ASR]3,-4.077634,10.404783
2007[Zn][dia]3[ASR]5,2.8042817,10.500446
2007[Zn][dia]3[FSR]1,-0.4835513,11.531552
2007[Zn][dia]3[FSR]2,1.3829019,8.873035
2007[Zn][dia]3[FSR]3,-4.1126833,10.440425
2007[Zn][dia]3[FSR]5,2.8046663,10.50813
2007[Zn][dia]3[FSR]6,-2.6861992,10.993743
2007[Zn][lta]3[ASR]1,2.7575073,2.9571638
2007[Zn][lta]3[ASR]2,-0.31024805,4.9147596
2007[Zn][lta]3[FSR]1,2.7800415,2.9253132
2007[Zn][lta]3[FSR]2,-0.3596989,4.8430185
2007[Zn][nan]3[ASR]1,3.7992148,9.735174
2007[Zn][nan]3[ASR]10,2.0022852,6.5855184
2007[Zn][nan]3[ASR]12,5.7892632,11.091329
2007[Zn][nan]3[ASR]13,-2.715992,10.113751
2007[Zn][nan]3[ASR]2,3.7734365,9.649466
2007[Zn][nan]3[ASR]3,6.021879,12.65498
2007[Zn][nan]3[ASR]5,3.7929416,9.717607
2007[Zn][nan]3[ASR]6,3.7660277,9.642533
2007[Zn][nan]3[ASR]7,4.1168194,7.698473
2007[Zn][nan]3[ASR]8,4.9810033,10.647783
2007[Zn][nan]3[ASR]9,-1.6440954,4.5953617
2007[Zn][nan]3[FSR]1,3.8099704,9.73905
2007[Zn][nan]3[FSR]11,-2.72256,10.084054
2007[Zn][nan]3[FSR]2,3.7719824,9.640139
2007[Zn][nan]3[FSR]3,6.0259547,12.646222
2007[Zn][nan]3[FSR]5,3.8097157,9.73026
2007[Zn][nan]3[FSR]6,3.7749743,9.620777
2007[Zn][nan]3[FSR]7,1.1155255,14.136117
2007[Zn][nan]3[FSR]8,-1.688359,4.6457295
2007[Zn][nan]3[FSR]9,1.3065572,8.071159
2007[Zn][nan]3[ION]1,-2.9965267,10.269444
2007[Zn][nog]3[ASR]1,5.6069503,11.5276575
2007[Zn][nog]3[FSR]1,5.591655,11.526624
2007[Zn][nou]3[ASR]1,3.9910853,5.2186546
2007[Zn][nou]3[FSR]1,3.9848156,5.2209105
2007[Zn][pcu]3[ASR]3,-1.956699,1.0759151
2007[Zn][pcu]3[ASR]5,-1.9591422,1.0798374
2007[Zn][pcu]3[FSR]3,-1.9653156,1.0801247
2007[Zn][pcu]3[FSR]5,-1.9589499,1.0850685
2007[Zn][pts]3[ASR]1,-2.047464,9.366811
2007[Zn][pts]3[FSR]1,-2.0422287,9.363776
2007[Zn][rob]3[ASR]1,-0.60620934,1.3742979
2007[Zn][rob]3[ASR]2,1.5132159,13.285978
2007[Zn][rob]3[FSR]1,-0.61983657,1.3497603
2007[Zn][rob]3[FSR]2,1.5117368,13.300526
2007[Zn][srs]3[ASR]1,-12.395851,5.237891
2007[Zn][srs]3[ASR]10,-11.872779,5.2800283
2007[Zn][srs]3[ASR]11,-12.238385,5.11609
2007[Zn][srs]3[ASR]12,-12.537885,5.34805
2007[Zn][srs]3[ASR]13,-12.324348,4.150331
2007[Zn][srs]3[ASR]14,-12.31285,4.6578784
2007[Zn][srs]3[ASR]15,-12.449512,5.292664
2007[Zn][srs]3[ASR]2,-11.864333,5.2861066
2007[Zn][srs]3[ASR]3,-11.873274,5.279679
2007[Zn][srs]3[ASR]4,-12.526571,5.343417
2007[Zn][srs]3[ASR]5,-12.312671,4.657785
2007[Zn][srs]3[ASR]6,-12.428682,5.2610726
2007[Zn][srs]3[ASR]7,-12.256122,5.128153
2007[Zn][srs]3[ASR]8,-12.319352,4.1611023
2007[Zn][srs]3[ASR]9,-11.863069,5.2894545
2007[Zn][srs]3[FSR]1,-12.393336,5.237097
2007[Zn][srs]3[FSR]10,-11.865212,5.285131
2007[Zn][srs]3[FSR]11,-11.873742,5.2795835
2007[Zn][srs]3[FSR]12,-12.256828,5.1243644
2007[Zn][srs]3[FSR]13,-12.527077,5.3448153
2007[Zn][srs]3[FSR]14,-12.323678,4.155361
2007[Zn][srs]3[FSR]15,-12.313187,4.6565566
2007[Zn][srs]3[FSR]16,-12.424753,5.262414
2007[Zn][srs]3[FSR]2,-11.858404,5.2911563
2007[Zn][srs]3[FSR]3,-11.87316,5.2799325
2007[Zn][srs]3[FSR]4,-12.52776,5.34643
2007[Zn][srs]3[FSR]5,-12.313782,4.6552944
2007[Zn][srs]3[FSR]6,-12.424558,5.2590857
2007[Zn][srs]3[FSR]7,-12.259856,5.127056
2007[Zn][srs]3[FSR]8,-12.323626,4.1559944
2007[Zn][srs]3[FSR]9,-12.38667,5.231608
2007[Zn][ths]3[ASR]1,-9.6455145,2.415355
2007[Zn][ths]3[ASR]2,-9.697685,2.405448
2007[Zn][ths]3[ASR]3,-9.639976,2.4209359
2007[Zn][ths]3[FSR]1,-9.645206,2.4155912
2007[Zn][ths]3[FSR]2,-9.699094,2.4070702
2007[Zn][ths]3[FSR]3,-9.637115,2.4235063
2008[Ag][nan]3[ASR]1,4.194735,12.668773
2008[Ag][nan]3[FSR]1,4.2207403,12.683425
2008[Ag][nan]3[FSR]4,-3.8561893,14.609139
2008[Al][bpq]3[ASR]1,-2.033576,8.228352
2008[Al][bpq]3[ASR]2,-2.0336418,8.251776
2008[Al][bpq]3[ASR]3,-1.9822459,8.239436
2008[Al][bpq]3[ASR]4,-2.0551093,8.418932
2008[Al][bpq]3[FSR]1,-2.0577838,8.424125
2008[BiPr][sra]3[ION]1,1.1558442,16.324783
2008[Bi][dia]3[ASR]1,-3.352521,21.701162
2008[Bi][dia]3[FSR]1,-3.3472376,21.705837
2008[Bi][dia]3[ION]1,-3.226964,12.01748
2008[Cd][dia]3[ASR]2,-3.0404882,21.992867
2008[Cd][dia]3[FSR]2,-1.17484,15.887606
2008[Cd][nan]3[ASR]1,1.0423645,13.454963
2008[Cd][nan]3[ASR]2,1.7806648,10.298531
2008[Cd][nan]3[ASR]3,1.9193053,13.038711
2008[Cd][nan]3[FSR]1,1.0239153,13.46922
2008[Cd][nan]3[FSR]2,-3.9776793,11.036865
2008[Cd][nan]3[FSR]3,2.0073442,13.110517
2008[Cd][nan]3[ION]1,1.0178162,13.32614
2008[Cd][nan]3[ION]2,3.0259542,14.50514
2008[Cd][nbo]3[ASR]1,-0.4228989,6.8403683
2008[Cd][nbo]3[ASR]2,-0.4519603,6.872872
2008[Cd][nbo]3[FSR]1,-0.42325094,6.845001
2008[Cd][nbo]3[FSR]2,-0.4532457,6.873875
2008[Cd][pcu]3[ASR]1,2.153162,13.457494
2008[Cd][pcu]3[ASR]2,1.3141401,9.57673
2008[Cd][pcu]3[FSR]1,-3.6834173,12.481506
2008[Cd][pts]3[ASR]1,3.774997,5.276638
2008[Cd][pts]3[FSR]1,3.783076,5.281941
2008[Cd][pyr]3[ASR]1,-1.1323279,5.171069
2008[Cd][pyr]3[FSR]1,-1.1266263,5.190042
2008[Cd][rho]3[ASR]1,-0.82383764,3.326219
2008[Cd][rho]3[ASR]2,-0.75990033,3.2524335
2008[Cd][rho]3[FSR]1,-0.82551104,3.2951412
2008[Cd][rho]3[FSR]2,-0.72998637,3.2388268
2008[Cd][rtl]3[ASR]1,-2.2049131,9.549402
2008[Cd][rtl]3[ASR]2,-2.0476463,9.038462
2008[Cd][rtl]3[FSR]1,-2.1959379,9.528389
2008[Cd][rtl]3[FSR]2,-2.342777,9.449195
2008[Cd][sxd]3[ASR]1,4.666113,12.966722
2008[Cd][sxd]3[FSR]1,-3.9492338,13.929199
2008[Cd][tfz]3[ASR]1,-3.128399,9.726716
2008[Cd][tfz]3[ASR]2,2.2837243,7.791451
2008[Cd][tfz]3[FSR]1,0.73571634,11.197112
2008[Cd][ths]3[ASR]1,-1.8629854,9.322444
2008[Cd][ths]3[ASR]2,-1.8845346,9.277021
2008[Cd][ths]3[FSR]1,-2.9913378,15.508045
2008[Cd][ths]3[FSR]2,-2.9928975,15.540706
2008[Ce][nan]3[ASR]1,1.2708242,5.114101
2008[Ce][nan]3[ASR]2,1.9707088,14.682297
2008[Ce][nan]3[ASR]3,-3.892193,9.805077
2008[Ce][nan]3[FSR]2,2.0541255,14.756533
2008[CoEu][nan]3[ASR]1,2.2375455,16.03468
2008[CoEu][nan]3[FSR]1,2.1418867,16.032253
2008[CoGd][nan]3[ASR]1,-2.5665689,14.450222
2008[CoMo][nan]3[ASR]1,5.805479,11.043549
2008[Co][bcg]3[ASR]1,2.5296931,5.08161
2008[Co][bcg]3[FSR]1,2.5176294,5.075531
2008[Co][bcg]3[ION]1,4.7464585,10.221268
2008[Co][dia]3[ASR]1,-0.60707265,17.162956
2008[Co][dia]3[ASR]2,-0.23817693,17.08688
2008[Co][dia]3[ASR]3,-0.55387104,17.154636
2008[Co][dia]3[ASR]4,-0.14058058,17.20957
2008[Co][dia]3[ASR]5,-0.7247566,17.291636
2008[Co][dia]3[FSR]1,-0.5745867,17.133434
2008[Co][dia]3[FSR]2,-0.24433798,17.07822
2008[Co][dia]3[FSR]3,-0.5781151,17.165567
2008[Co][dia]3[FSR]4,-0.15633294,17.232094
2008[Co][dia]3[FSR]5,-0.7556582,17.28384
2008[Co][dmp]3[ASR]1,1.1971369,7.5126615
2008[Co][dmp]3[FSR]1,1.7530422,12.563273
2008[Co][hex]3[ASR]1,2.3247404,8.11031
2008[Co][hex]3[ION]1,-3.2825077,8.730949
2008[Co][mog]3[ASR]1,-1.2826952,11.760168
2008[Co][mog]3[FSR]1,-1.2581183,11.757703
2008[Co][nan]3[ASR]1,-1.8713865,9.388086
2008[Co][nan]3[ASR]2,-4.344556,2.3662682
2008[Co][neb]3[ASR]1,1.31354,8.661072
2008[Co][neb]3[FSR]1,-3.9462197,10.710536
2008[Co][pcu]3[ASR]1,1.3040807,12.459585
2008[Co][pcu]3[FSR]1,1.3080586,12.456828
2008[Co][pts]3[ASR]1,-0.2068582,3.6128824
2008[Co][pts]3[FSR]1,-0.17879565,3.6183465
2008[Co][rob]3[ASR]1,0.84182537,11.756033
2008[Co][rob]3[FSR]1,0.792976,11.73094
2008[Co][scu]3[ASR]1,2.638951,14.101577
2008[Co][scu]3[FSR]1,-3.747013,14.645689
2008[Co][sod]3[ASR]2,2.8322186,2.9331875
2008[Co][sql]2[ASR]1,-8.935702,11.078456
2008[Co][sql]2[FSR]1,-8.9974985,11.136638
2008[CuEu][nan]3[ASR]1,1.9841183,15.643097
2008[CuEu][nan]3[FSR]1,1.983217,15.647166
2008[CuGd][nan]3[ASR]1,1.9266919,15.669335
2008[CuLa][nan]3[ASR]1,2.02107,15.660798
2008[CuLa][nan]3[ASR]2,1.9999843,15.630172
2008[CuLa][stp]3[ASR]1,-2.4118316,13.011911
2008[CuLa][stp]3[ASR]2,-2.440168,13.018453
2008[CuLa][stp]3[ASR]3,-2.4120424,13.012402
2008[CuLa][stp]3[ASR]4,-2.4146483,13.01417
2008[CuLa][stp]3[ASR]5,-2.4168658,13.010304
2008[CuMo][nan]2[ASR]1,-1.8788288,9.10803
2008[CuW][acs]3[ASR]1,-2.502596,5.876853
2008[Cu][bpq]3[ASR]1,-0.72362727,10.192166
2008[Cu][bpq]3[FSR]1,-0.72959834,10.193112
2008[Cu][dia]3[ASR]2,6.722278,10.887611
2008[Cu][dia]3[ASR]3,1.6837169,11.89336
2008[Cu][dia]3[ASR]4,-3.5219476,11.406486
2008[Cu][dia]3[FSR]2,6.7238894,10.887209
2008[Cu][dia]3[FSR]3,-4.7819743,12.335698
2008[Cu][dia]3[FSR]4,-3.504189,11.417574
2008[Cu][mab]3[ASR]1,0.2627227,13.460374
2008[Cu][mab]3[FSR]1,0.22773695,13.434183
2008[Cu][nan]3[ASR]1,-1.6096362,16.048246
2008[Cu][nan]3[ASR]2,1.7618275,10.523381
2008[Cu][nan]3[ASR]3,-2.08956,15.459875
2008[Cu][nan]3[ASR]4,1.7630346,14.70836
2008[Cu][nan]3[ASR]7,-0.34811702,16.628328
2008[Cu][nan]3[FSR]1,-1.6188191,16.034325
2008[Cu][nan]3[FSR]2,-2.539521,15.113155
2008[Cu][nan]3[FSR]3,1.7405475,14.76288
2008[Cu][nbo]3[ASR]1,-2.2036405,0.60265213
2008[Cu][nbo]3[ASR]2,-0.66273314,0.9244958
2008[Cu][pcu]3[ASR]1,6.1618094,12.2313595
2008[Cu][pcu]3[ASR]2,6.1949983,12.252085
2008[Cu][pcu]3[FSR]1,6.1818976,12.225343
2008[Cu][pcu]3[FSR]2,6.1701784,12.2594795
2008[Cu][rob]3[ASR]3,0.7250406,11.3686
2008[Cu][rob]3[ASR]4,0.35609126,13.536771
2008[Cu][rob]3[FSR]3,0.72657776,11.390831
2008[Cu][rob]3[FSR]4,0.35665798,13.560761
2008[Cu][snz]3[ASR]1,-0.25935435,2.5527701
2008[Cu][snz]3[FSR]1,-0.23089088,2.5414827
2008[Cu][sql]2[FSR]1,5.5853214,12.271249
2008[Cu][sql]2[FSR]2,5.5976067,12.243777
2008[Cu][ssa]3[ASR]1,0.18995558,3.5462468
2008[Cu][xft]3[ASR]1,-8.674508,11.021641
2008[Cu][xft]3[FSR]1,-8.660402,11.014948
2008[Dy][rtl]3[ASR]1,2.7703276,7.1048512
2008[Dy][rtl]3[FSR]1,1.663077,14.219517
2008[Er][ctn]3[ASR]1,-4.506652,12.225349
2008[Er][ctn]3[FSR]1,-4.5404387,12.2628565
2008[Er][nan]3[ASR]1,4.3976536,7.8407817
2008[Er][nan]3[FSR]1,2.382014,16.00437
2008[Er][rtl]3[ASR]1,2.7797394,7.1520987
2008[Er][rtl]3[FSR]1,1.6524996,14.300179
2008[Eu][ctn]3[ASR]1,-4.43716,12.058933
2008[Eu][ctn]3[FSR]1,-4.4460645,11.990401
2008[Eu][nan]3[ASR]1,1.4209664,5.3096294
2008[Eu][nan]3[ASR]2,4.2175946,6.9186735
2008[Fe][bpq]3[ASR]1,3.6856384,7.197212
2008[Fe][bpq]3[ASR]3,-1.7124352,17.551893
2008[Fe][bpq]3[FSR]1,3.6833367,7.1623807
2008[Fe][bpq]3[FSR]3,-1.7174709,17.555586
2008[Ga][bpq]3[ASR]1,3.7510667,6.7828765
2008[Ga][bpq]3[ASR]2,3.7645712,6.6071954
2008[Ga][bpq]3[ASR]3,-2.4146867,9.48661
2008[Ga][bpq]3[FSR]1,3.756492,6.7699676
2008[Ga][bpq]3[FSR]2,3.796084,6.597002
2008[Ga][nan]3[ASR]1,-1.4222201,2.6564133
2008[GdCo][nan]3[FSR]1,-2.7102861,14.620498
2008[GdCu][nan]3[FSR]1,1.9186294,15.67832
2008[Gd][nan]3[ASR]1,1.4406595,5.3665104
2008[Gd][nan]3[ASR]2,1.9332976,14.755939
2008[Gd][nan]3[ASR]3,-2.645276,14.989864
2008[Gd][nan]3[FSR]2,1.935275,14.799989
2008[Gd][nan]3[FSR]3,-2.93357,15.279227
2008[Gd][pcu]3[ASR]1,2.796383,5.5624638
2008[Ho][rtl]3[ASR]1,2.7890453,7.131708
2008[Ho][rtl]3[FSR]1,1.6193501,14.172891
2008[In][cds]3[ION]1,0.31390607,12.502195
2008[In][dia]3[ASR]1,-1.0967642,7.3108444
2008[In][dia]3[ASR]2,-1.1142979,7.3423185
2008[In][dia]3[ASR]3,-1.0972863,7.2594023
2008[In][dia]3[ASR]4,-1.103939,7.3118978
2008[In][dia]3[ASR]5,-1.0902741,7.278105
2008[In][dia]3[FSR]1,-1.0623045,7.350313
2008[In][dia]3[FSR]2,-1.092015,7.273349
2008[In][dia]3[FSR]3,-1.097693,7.2590947
2008[In][dia]3[FSR]4,-1.096948,7.298512
2008[In][dia]3[FSR]5,-1.0849874,7.276639
2008[In][dia]3[ION]1,-0.92607796,10.852423
2008[In][med]3[ASR]1,3.5588644,5.6456985
2008[In][med]3[FSR]1,3.553424,5.6387863
2008[In][nan]3[ASR]1,-1.5741445,2.540901
2008[In][nan]3[FSR]1,-1.9255292,2.4734762
2008[LaCu][nan]3[FSR]1,2.047711,15.690682
2008[LaCu][nan]3[FSR]2,2.0171123,15.61455
2008[LaCu][stp]3[FSR]1,-2.4140449,13.016946
2008[LaCu][stp]3[FSR]2,-2.426308,13.013928
2008[LaCu][stp]3[FSR]3,-2.4139411,13.01534
2008[LaCu][stp]3[FSR]4,-2.418528,13.011819
2008[LaCu][stp]3[FSR]5,-2.4279144,13.011668
2008[La][nan]3[ASR]1,1.718075,16.371256
2008[La][nan]3[ASR]2,1.4284304,5.2933917
2008[La][nan]3[ASR]3,4.682276,8.063175
2008[La][nan]3[FSR]2,-2.3877647,13.560337
2008[Mn][dia]3[ASR]1,-0.6189897,17.427778
2008[Mn][dia]3[ASR]2,-1.1987373,10.782307
2008[Mn][dia]3[FSR]1,-0.6218958,17.433529
2008[Mn][dia]3[FSR]2,-1.3443354,11.203749
2008[Mn][etd]3[ION]1,5.912072,11.24249
2008[Mn][fet]3[ASR]1,-2.7277682,10.841726
2008[Mn][fet]3[FSR]1,-2.7636986,10.838227
2008[Mn][nan]3[ASR]2,-1.2302835,16.282192
2008[Mn][nan]3[FSR]2,-1.2858517,16.28087
2008[Mn][sql]2[ASR]1,-3.385207,9.611921
2008[MoCu][nan]2[FSR]1,-1.876574,9.4022255
2008[MoCu][nan]3[ASR]1,-0.15761562,16.652592
2008[Nd][nan]3[ASR]1,1.421373,5.274211
2008[Nd][nan]3[ASR]2,1.6809984,16.376183
2008[Nd][nan]3[FSR]2,1.3989271,17.115557
2008[NiMo][nan]3[ASR]1,-2.8907652,13.302516
2008[NiW][nan]3[ASR]1,-0.8294803,16.47107
2008[Ni][dia]3[FSR]1,-0.1667312,17.078337
2008[Ni][fsc]3[ASR]1,-1.8740994,8.788069
2008[Ni][fsc]3[FSR]1,-2.6172643,9.984348
2008[Ni][ins]3[ASR]1,1.4180406,13.460076
2008[Ni][ins]3[FSR]1,1.4121587,13.489609
2008[Ni][mot]3[ASR]1,-8.621467,10.937383
2008[Ni][mot]3[FSR]1,-4.896598,13.179248
2008[Ni][nan]3[ASR]1,1.3782784,13.072277
2008[Ni][nan]3[ASR]2,-2.1842759,7.6726403
2008[Ni][nan]3[ASR]3,-4.333331,2.382213
2008[Ni][nan]3[ASR]4,1.7809186,11.960773
2008[Ni][nan]3[ASR]5,3.7043886,9.706031
2008[Ni][nan]3[FSR]1,1.3804398,13.064583
2008[Ni][nan]3[FSR]2,-3.6709225,11.975249
2008[Ni][nan]3[FSR]3,-2.2033272,7.6711674
2008[Ni][nan]3[ION]1,2.2716582,12.621223
2008[Ni][tfz]3[ASR]1,1.173072,12.164267
2008[Ni][tfz]3[FSR]1,1.1665674,12.167065
2008[Pr][nan]3[ASR]1,1.6336839,16.441488
2008[Pr][nan]3[FSR]1,1.385979,17.05677
2008[SiZn][bnn]3[ASR]1,1.3793437,11.620702
2008[Sm][nan]3[ASR]1,1.3922566,5.2547617
2008[Tb][nan]3[ASR]1,3.9910586,8.055417
2008[Tb][nan]3[FSR]1,3.998893,8.094034
2008[Tb][rtl]3[FSR]1,1.6290319,14.144921
2008[Th][nan]3[ASR]1,1.958356,15.668984
2008[Th][nan]3[FSR]1,1.9003013,15.650362
2008[Tm][rtl]3[ASR]1,2.8172224,7.1061034
2008[Tm][rtl]3[FSR]1,1.6913837,14.237115
2008[UZn][nan]3[ION]1,-1.0170987,16.172688
2008[U][fsc]3[FSR]1,-2.71625,15.579623
2008[Y][nan]3[ASR]1,4.152769,6.9688044
2008[ZnCo][nan]3[ASR]1,4.5295095,5.8893266
2008[ZnCo][pcu]3[ASR]1,-3.5180914,12.722864
2008[ZnCo][pcu]3[FSR]1,-3.5193098,12.741852
2008[ZnCo][sit]3[ASR]1,0.5018077,4.41499
2008[ZnCo][sit]3[FSR]1,0.5295984,4.4279923
2008[ZnMn][nan]3[ASR]1,-3.3107553,10.503153
2008[ZnMn][nan]3[FSR]1,-3.3583105,10.502071
2008[ZnNi][sit]3[ASR]1,0.4154918,4.2323265
2008[ZnNi][sit]3[FSR]1,0.41269657,4.229358
2008[ZnPd][nan]3[ASR]1,-5.908499,5.828851
2008[ZnSi][bnn]3[FSR]1,1.4616134,11.595458
2008[ZnSi][cds]3[ASR]1,2.0156786,8.407565
2008[ZnSi][nan]3[ASR]1,2.1660798,6.8181486
2008[ZnSi][nan]3[ASR]2,2.1013005,6.8523993
2008[ZnSm][nan]3[ASR]1,2.5542269,15.245557
2008[Zn][ant]3[ASR]1,-0.52330446,2.4116871
2008[Zn][ant]3[FSR]1,-0.4927624,2.4410412
2008[Zn][cdq]3[ASR]1,1.2340677,7.6497445
2008[Zn][cdq]3[FSR]1,1.2582855,7.7041926
2008[Zn][dia]3[ASR]1,1.3717397,9.475898
2008[Zn][dia]3[ASR]2,2.1132445,8.258523
2008[Zn][dia]3[FSR]1,1.3924222,9.458627
2008[Zn][dia]3[FSR]2,2.1370418,8.27313
2008[Zn][gis]3[ION]1,1.5278081,13.781882
2008[Zn][gra]3[ASR]1,-1.3648264,11.744789
2008[Zn][gra]3[FSR]1,-1.7032608,11.813622
2008[Zn][lcy]3[ASR]1,3.526751,6.710493
2008[Zn][lcy]3[FSR]1,1.4099222,11.376766
2008[Zn][lvt]3[ASR]1,0.79448056,4.292128
2008[Zn][nan]3[ASR]1,-3.983586,14.218747
2008[Zn][nan]3[ASR]10,1.846676,13.879576
2008[Zn][nan]3[ASR]11,2.3082275,7.8632684
2008[Zn][nan]3[ASR]12,4.9731016,10.4789295
2008[Zn][nan]3[ASR]14,-4.3218193,2.3760579
2008[Zn][nan]3[ASR]15,-6.9797864,17.49168
2008[Zn][nan]3[ASR]16,-4.3453283,2.3612697
2008[Zn][nan]3[ASR]2,2.4146929,7.727647
2008[Zn][nan]3[ASR]20,-4.353767,2.3557513
2008[Zn][nan]3[ASR]21,-2.8541067,13.968778
2008[Zn][nan]3[ASR]22,3.7517068,6.6950026
2008[Zn][nan]3[ASR]3,6.0008497,12.612622
2008[Zn][nan]3[ASR]4,-0.6394475,11.18886
2008[Zn][nan]3[ASR]5,5.814283,12.869582
2008[Zn][nan]3[ASR]6,5.813181,12.900744
2008[Zn][nan]3[ASR]7,2.175891,14.145837
2008[Zn][nan]3[ASR]8,5.787239,12.912477
2008[Zn][nan]3[ASR]9,5.911633,10.740804
2008[Zn][nan]3[FSR]1,-3.980901,14.218118
2008[Zn][nan]3[FSR]10,1.8186454,13.869924
2008[Zn][nan]3[FSR]11,2.33481,7.874907
2008[Zn][nan]3[FSR]13,-1.8782674,8.824614
2008[Zn][nan]3[FSR]17,-2.8626785,14.012913
2008[Zn][nan]3[FSR]18,3.7578044,6.6968613
2008[Zn][nan]3[FSR]3,5.9463863,12.568552
2008[Zn][nan]3[FSR]4,-2.7714179,12.235642
2008[Zn][nan]3[FSR]5,5.811941,12.883923
2008[Zn][nan]3[FSR]6,5.8294845,12.878049
2008[Zn][nan]3[FSR]7,2.200027,14.167483
2008[Zn][nan]3[FSR]8,5.830053,12.874378
2008[Zn][nan]3[FSR]9,6.7605267,9.067847
2008[Zn][pcu]3[ASR]2,1.2226459,10.987198
2008[Zn][pcu]3[ASR]3,-0.7342048,1.9165479
2008[Zn][pcu]3[ASR]4,5.4700875,12.5217705
2008[Zn][pcu]3[ASR]6,-2.701462,8.3777895
2008[Zn][pcu]3[ASR]7,0.08172503,4.629414
2008[Zn][pcu]3[ASR]8,-4.1582055,13.312878
2008[Zn][pcu]3[ASR]9,-9.261568,11.365476
2008[Zn][pcu]3[FSR]2,1.211658,10.9809265
2008[Zn][pcu]3[FSR]3,5.466443,12.534672
2008[Zn][pcu]3[FSR]5,-2.7018504,8.353705
2008[Zn][pcu]3[FSR]6,0.08267383,4.6393175
2008[Zn][pcu]3[FSR]7,-4.1718416,13.313766
2008[Zn][pcu]3[FSR]8,-9.145711,11.223553
2008[Zn][pcu]3[ION]1,0.89267415,9.817748
2008[Zn][pts]3[ASR]1,3.9506443,5.195807
2008[Zn][pts]3[FSR]1,3.9495494,5.1944904
2008[Zn][rtl]3[ASR]1,4.6134663,6.298606
2008[Zn][rtl]3[FSR]1,4.6107864,6.2880354
2008[Zn][sqc]3[ASR]1,2.5648754,14.522225
2008[Zn][sqc]3[FSR]1,2.5886505,14.538923
2008[Zn][srs]3[ASR]1,-12.355522,4.203689
2008[Zn][srs]3[ASR]10,-12.361021,4.209198
2008[Zn][srs]3[ASR]11,-12.341763,4.5447025
2008[Zn][srs]3[ASR]2,-12.388223,4.088569
2008[Zn][srs]3[ASR]3,-12.423536,4.0232596
2008[Zn][srs]3[ASR]4,-12.421515,4.0174437
2008[Zn][srs]3[ASR]5,-12.383284,4.103955
2008[Zn][srs]3[ASR]6,-12.326775,4.6072316
2008[Zn][srs]3[ASR]7,-12.37796,4.150075
2008[Zn][srs]3[ASR]8,-12.418173,4.0197787
2008[Zn][srs]3[ASR]9,-12.424529,4.016042
2008[Zn][srs]3[FSR]1,-12.356822,4.2000084
2008[Zn][srs]3[FSR]10,-12.352354,4.204591
2008[Zn][srs]3[FSR]11,-12.341672,4.52476
2008[Zn][srs]3[FSR]2,-12.361643,4.064888
2008[Zn][srs]3[FSR]3,-12.419542,4.050093
2008[Zn][srs]3[FSR]4,-12.442776,3.9978025
2008[Zn][srs]3[FSR]5,-12.382691,4.1072764
2008[Zn][srs]3[FSR]6,-12.327484,4.601905
2008[Zn][srs]3[FSR]7,-12.379396,4.138068
2008[Zn][srs]3[FSR]8,-12.419209,4.021065
2008[Zn][srs]3[FSR]9,-12.4421425,3.999735
2008[Zn][tfw]3[ASR]1,1.8389938,13.880366
2008[Zn][tfw]3[FSR]1,1.8332187,13.880727
2008[Zn][ths]3[ASR]1,1.4681113,12.075457
2008[Zn][ths]3[FSR]1,1.4420805,12.062395
2009[AgDy][nan]3[FSR]1,1.5357823,15.94756
2009[AgDy][rtl]3[ASR]1,4.832507,10.890355
2009[AgEu][nan]3[FSR]1,1.6468807,15.8843565
2009[AgHo][nan]3[ASR]1,4.8512115,10.879768
2009[AgSm][nan]3[ASR]1,1.7892587,15.824329
2009[AgTb][nan]3[ASR]1,1.4914538,15.973609
2009[Ag][nan]3[ASR]1,0.57619405,16.46276
2009[Ag][nan]3[ASR]2,5.270225,12.588696
2009[Ag][nan]3[ASR]3,2.642301,14.453989
2009[Ag][nan]3[FSR]1,0.6016006,16.46402
2009[Ag][nan]3[FSR]2,5.292685,12.65053
2009[Ag][nan]3[FSR]3,2.618163,14.469149
2009[Ag][nbo]3[ION]1,1.280804,2.6369698
2009[Ag][nbo]3[ION]2,-8.716282,10.749231
2009[Ag][nbo]3[ION]3,-9.190444,11.297287
2009[Ag][nbo]3[ION]4,-9.210537,11.314845
2009[Al][bpq]3[ASR]1,-2.0599444,8.269396
2009[Al][nan]3[ASR]1,-1.7235962,15.860875
2009[Al][nan]3[FSR]1,-1.7441176,15.847514
2009[Cd][bcu]3[ASR]1,2.1847973,7.297398
2009[Cd][bcu]3[FSR]1,2.187475,7.281399
2009[Cd][cds]3[ASR]1,1.2499691,14.036006
2009[Cd][cds]3[FSR]1,1.2674408,14.03937
2009[Cd][dia]3[ASR]1,0.7754091,12.730278
2009[Cd][dia]3[ASR]2,1.4895697,8.849451
2009[Cd][dia]3[ASR]3,2.1107297,10.509924
2009[Cd][dia]3[ASR]4,1.6744301,11.741521
2009[Cd][dia]3[FSR]1,0.7440974,12.710241
2009[Cd][dia]3[FSR]2,1.5142648,8.857269
2009[Cd][dia]3[FSR]3,2.0697186,10.430099
2009[Cd][dia]3[FSR]4,1.6794399,11.716848
2009[Cd][gpu]3[ASR]1,3.117808,13.673685
2009[Cd][gpu]3[FSR]1,3.183846,13.64968
2009[Cd][met]3[ASR]1,6.000276,12.254398
2009[Cd][met]3[FSR]1,6.0272694,12.272876
2009[Cd][nan]3[ASR]1,-0.78285414,2.9706104
2009[Cd][nan]3[ASR]2,1.5144408,8.19859
2009[Cd][nan]3[ASR]3,2.383976,5.562142
2009[Cd][nan]3[ASR]5,-3.9617984,14.461112
2009[Cd][nan]3[ASR]6,-4.683248,12.81214
2009[Cd][nan]3[ASR]8,-6.319382,7.0566096
2009[Cd][nan]3[ASR]9,4.6203523,13.073732
2009[Cd][nan]3[FSR]2,-4.0027585,14.439091
2009[Cd][nan]3[FSR]3,-4.685598,12.773346
2009[Cd][nan]3[FSR]5,-6.334181,7.0509505
2009[Cd][nan]3[FSR]6,4.654117,13.0944805
2009[Cd][nan]3[ION]1,6.028009,12.543801
2009[Cd][nuc]3[ASR]1,-1.5116,-2.9698894
2009[Cd][nuc]3[ASR]10,-1.5019109,-2.9770234
2009[Cd][nuc]3[ASR]11,0.0003045918,9.251916
2009[Cd][nuc]3[ASR]2,0.004939509,9.272278
2009[Cd][nuc]3[ASR]3,-1.4892153,-2.994581
2009[Cd][nuc]3[ASR]4,-1.4686872,-2.9314733
2009[Cd][nuc]3[ASR]5,-1.4923806,-2.9891198
2009[Cd][nuc]3[ASR]6,-1.4887192,-2.9939127
2009[Cd][nuc]3[ASR]7,-0.019195827,9.264266
2009[Cd][nuc]3[ASR]8,0.010293892,9.29331
2009[Cd][nuc]3[ASR]9,0.00839856,9.281492
2009[Cd][nuc]3[FSR]1,-1.508579,-2.9731455
2009[Cd][nuc]3[FSR]10,-1.499833,-2.9782848
2009[Cd][nuc]3[FSR]11,0.03477988,9.265576
2009[Cd][nuc]3[FSR]2,0.021706102,9.284972
2009[Cd][nuc]3[FSR]3,-1.4755509,-3.008886
2009[Cd][nuc]3[FSR]4,-1.4527155,-2.9132864
2009[Cd][nuc]3[FSR]5,-1.4619731,-3.019322
2009[Cd][nuc]3[FSR]6,-1.4862925,-2.9964907
2009[Cd][nuc]3[FSR]7,0.0034006527,9.282255
2009[Cd][nuc]3[FSR]8,0.0110207945,9.289036
2009[Cd][nuc]3[FSR]9,-0.03430606,9.26282
2009[Cd][nuc]3[ION]1,-5.8867826,7.468703
2009[Cd][nuc]3[ION]2,-5.901529,7.4767957
2009[Cd][pcu]3[ASR]2,-1.1268653,10.792867
2009[Cd][pcu]3[FSR]2,-1.1541808,10.809784
2009[Cd][pts]3[ASR]1,4.787156,11.0353985
2009[Cd][rho]3[ASR]1,-0.84830177,3.183074
2009[Cd][rho]3[FSR]1,-0.8476576,3.1844282
2009[Cd][sqc]3[ASR]1,0.6955528,12.852293
2009[Cd][sqc]3[ASR]2,0.6774044,12.906369
2009[Cd][sqc]3[FSR]1,0.73599267,12.829114
2009[Cd][sqc]3[FSR]2,0.69168246,12.910056
2009[Cd][tfz]3[ASR]1,1.2743368,13.632035
2009[Cd][tfz]3[FSR]1,1.3103207,13.700684
2009[Ce][nan]3[FSR]1,-0.7205432,10.950311
2009[Co][cds]3[ASR]1,-0.080134034,5.686477
2009[Co][cds]3[FSR]1,-3.322222,8.563506
2009[Co][dia]3[ASR]1,0.27528962,9.551978
2009[Co][dia]3[FSR]1,0.17376244,9.704524
2009[Co][nan]3[ASR]1,2.6776426,13.045402
2009[Co][nan]3[ASR]2,2.4361703,14.14056
2009[Co][nan]3[FSR]1,-3.531684,13.634623
2009[Co][nan]3[FSR]2,1.2432278,14.271538
2009[Co][pcu]3[ASR]1,1.131076,13.16704
2009[Co][pcu]3[ASR]2,0.49439076,17.987652
2009[Co][pcu]3[ASR]3,0.295868,9.393298
2009[Co][pcu]3[FSR]1,1.1161155,13.130975
2009[Co][pcu]3[FSR]2,0.5171075,17.98974
2009[Co][pcu]3[FSR]3,0.29789948,9.395178
2009[CuDy][nan]3[FSR]1,1.7352276,15.74748
2009[CuDy][stp]3[FSR]1,3.2784832,17.118338
2009[CuLa][nan]3[ASR]1,0.5022424,16.859894
2009[CuMo][nan]3[ASR]1,0.6298839,16.470888
2009[CuSi][vme]3[ION]1,5.9253397,18.415531
2009[CuSm][nan]3[ASR]1,1.9958783,15.663066
2009[CuTb][stp]3[ASR]1,3.3504195,17.193039
2009[CuW][nan]3[ASR]1,-1.3825935,10.706635
2009[Cu][dia]2[ION]1,1.1299725,12.946256
2009[Cu][dia]3[ASR]1,1.6003722,11.613596
2009[Cu][dia]3[ASR]2,0.8388015,6.6727285
2009[Cu][dia]3[ASR]3,1.2820101,5.1600704
2009[Cu][dia]3[FSR]1,-4.573489,11.747319
2009[Cu][dia]3[FSR]2,0.84217685,6.6744156
2009[Cu][hex]3[ASR]1,6.2192473,11.665144
2009[Cu][kag]3[ASR]1,4.9725585,10.6493635
2009[Cu][nan]3[ION]1,6.058305,12.597103
2009[Cu][nan]3[ION]2,-3.2500498,8.498144
2009[Cu][nbo]3[ASR]1,-0.793421,1.8326749
2009[Cu][nbo]3[ASR]2,-0.30243036,2.8326595
2009[Cu][nbo]3[ASR]3,-0.87000793,2.3577375
2009[Cu][pcu]3[ASR]2,1.5800189,12.917866
2009[Cu][pcu]3[FSR]2,1.5575265,12.913088
2009[Cu][pts]3[ASR]1,5.2852087,11.935209
2009[Cu][pts]3[ASR]2,-1.7630033,0.33892107
2009[Cu][pts]3[FSR]1,5.258679,11.894174
2009[Cu][rho]3[ASR]1,-7.358464,3.0591178
2009[Cu][rho]3[FSR]1,-7.385357,3.032785
2009[Cu][sra]3[ION]1,-7.447912,2.993064
2009[Cu][tbo]3[ASR]1,-1.7324674,0.5104416
2009[Cu][tbo]3[ASR]2,0.50445867,4.9686317
2009[Cu][tbo]3[ASR]3,-1.9961597,2.4521482
2009[Cu][tbo]3[ASR]4,-2.002733,2.4413028
2009[Cu][tbo]3[ASR]5,-1.9980967,2.4305558
2009[Cu][tbo]3[ASR]6,-1.978736,2.4240236
2009[Cu][tbo]3[ASR]7,-2.0181048,2.4487057
2009[Cu][tbo]3[ASR]8,-1.9547561,2.0314624
2009[Cu][tbo]3[ASR]9,-1.9355333,2.038279
2009[Cu][tbo]3[FSR]4,-1.958825,2.0311189
2009[Cu][tbo]3[FSR]5,-1.937067,2.006054
2009[DyAg][nan]3[ASR]1,1.5318408,15.955812
2009[DyCu][nan]3[ASR]1,1.7633569,15.774716
2009[DyCu][stp]3[ASR]1,3.277743,17.117247
2009[Dy][pts]3[ASR]1,2.854799,15.556478
2009[Dy][pts]3[FSR]1,2.7465374,15.5782175
2009[ErAg][nan]3[ASR]1,1.8830607,15.223219
2009[Er][vna]3[ASR]1,-0.23434125,16.27985
2009[Er][vna]3[FSR]1,-0.27405697,16.282375
2009[EuAg][nan]3[ASR]1,1.7139004,15.867942
2009[Eu][nan]3[ASR]1,-3.5983937,13.53183
2009[Eu][nan]3[ASR]2,2.2180786,16.00777
2009[Eu][nan]3[FSR]1,-3.626664,13.591232
2009[Eu][nan]3[FSR]2,2.0590515,15.991614
2009[Eu][pcu]3[ASR]1,2.5178745,14.579077
2009[Eu][pcu]3[ASR]2,2.8826025,5.6248946
2009[Eu][pcu]3[FSR]1,-3.6605518,14.333982
2009[Eu][pts]3[ASR]1,2.8830245,15.577299
2009[Eu][pts]3[ASR]2,-0.21423969,6.8484244
2009[Eu][pts]3[FSR]1,2.7529101,15.589654
2009[Eu][pts]3[FSR]2,-0.20410807,6.8456454
2009[Eu][sxb]3[ASR]1,-0.54721946,7.1584687
2009[Eu][sxb]3[ASR]2,-0.53944826,7.1475735
2009[Fe][cds]3[ASR]1,1.3429214,9.571201
2009[Fe][cds]3[FSR]1,-4.2229786,12.155562
2009[Fe][pcu]3[ASR]1,3.63751,7.6493487
2009[Fe][utp]3[ASR]1,-4.5402336,13.758762
2009[Fe][utp]3[FSR]1,-3.448487,12.707798
2009[Ga][bpq]3[ASR]1,4.101662,8.171338
2009[Ga][bpq]3[ASR]2,3.7673626,8.066513
2009[Ga][bpq]3[FSR]2,-1.6941708,17.551561
2009[Gd][nan]3[ASR]1,2.157607,13.853314
2009[Gd][nan]3[FSR]1,2.2758126,14.736582
2009[Gd][pts]3[ASR]1,2.8969295,15.545336
2009[Gd][pts]3[FSR]1,2.7782357,15.576719
2009[Gd][rtl]3[ASR]1,1.8359879,14.161549
2009[Gd][rtl]3[FSR]1,-3.7532997,14.179131
2009[Gd][sxb]3[ASR]1,-0.567014,7.1455936
2009[HoAg][nan]3[ASR]1,1.5463774,15.955952
2009[HoAg][nan]3[FSR]1,1.5451436,15.943609
2009[In][ctn]3[ASR]2,1.8593667,4.2530017
2009[In][ctn]3[ASR]3,1.88118,4.276506
2009[In][ctn]3[FSR]2,1.828725,4.241681
2009[In][ctn]3[FSR]3,1.8771582,4.273245
2009[In][gis]3[ION]1,0.554915,6.1284256
2009[In][nan]3[ASR]1,-2.0586042,7.5048795
2009[In][nan]3[FSR]1,-2.0634174,7.482983
2009[In][neb]3[ASR]1,-3.3521903,21.707367
2009[In][neb]3[FSR]1,-3.3420136,21.716219
2009[In][neb]3[ION]1,-2.894127,15.264227
2009[In][rho]3[ASR]1,-0.8450995,3.341355
2009[LaAg][nan]3[ASR]1,1.9951234,15.669438
2009[LaAg][nan]3[FSR]1,1.9831553,15.670406
2009[LaCu][nan]3[FSR]1,-2.947854,15.374192
2009[La][nan]3[ASR]1,1.4055725,14.996789
2009[La][nan]3[FSR]1,1.423782,15.008261
2009[La][nan]3[FSR]2,-0.59764814,11.131028
2009[La][nan]3[ION]1,-6.3220286,7.0478163
2009[La][pcu]3[ASR]1,-5.706056,6.257338
2009[La][pcu]3[FSR]1,-5.7016654,6.259523
2009[LiCd][nan]3[ION]1,-4.227905,13.402983
2009[MgIn][rho]3[ION]1,4.022918,6.728077
2009[Mg][lvt]3[ASR]1,0.087317094,3.1046517
2009[Mg][nan]3[ASR]1,-1.6358291,4.564847
2009[Mn][ins]3[ASR]1,-3.1015613,21.928541
2009[Mn][ins]3[FSR]1,-1.2936331,16.313856
2009[Mn][mog]3[ASR]1,2.407927,8.713313
2009[Mn][mog]3[FSR]1,2.415577,8.7247
2009[Mn][nan]3[ASR]1,-3.3280408,8.53149
2009[Mn][nan]3[ASR]2,-2.613471,7.6794515
2009[Mn][nan]3[ASR]3,-2.6222336,7.6718597
2009[Mn][nan]3[ASR]4,-2.676215,7.771822
2009[Mn][nan]3[ASR]5,-2.6298296,7.690745
2009[Mn][nan]3[ASR]6,-2.6554956,7.7336197
2009[Mn][nan]3[ASR]7,-4.192637,10.488872
2009[Mn][nan]3[ASR]8,-3.2310443,14.206711
2009[Mn][nan]3[FSR]1,-3.3626733,8.57371
2009[Mn][nan]3[FSR]2,-3.272825,14.12088
2009[MoCu][nan]3[FSR]1,0.6596423,16.495913
2009[NdAg][nan]3[ASR]1,1.8482102,15.784716
2009[NdAg][nan]3[FSR]1,1.8588341,15.741774
2009[Nd][nan]3[ASR]1,-3.594439,13.539788
2009[Nd][nan]3[ASR]2,2.599095,14.726521
2009[Nd][nan]3[FSR]1,-3.6718829,13.74299
2009[Nd][nan]3[FSR]2,2.524808,14.8550825
2009[Nd][sxb]3[ASR]1,-0.5901523,7.1392317
2009[Ni][acs]3[ASR]1,0.53249484,4.33373
2009[Ni][pcu]3[ASR]1,1.143231,13.212095
2009[Ni][pcu]3[FSR]1,1.1409386,13.219757
2009[Ni][pyr]3[ASR]1,4.1154275,8.27262
2009[Ni][pyr]3[ASR]2,4.089176,8.188323
2009[Ni][pyr]3[FSR]1,4.0923605,8.258019
2009[Ni][pyr]3[FSR]2,4.058907,8.199076
2009[Ni][tfz]3[ASR]1,4.1017303,7.8459687
2009[Ni][tfz]3[ASR]2,4.0597205,7.827125
2009[Ni][tfz]3[FSR]1,4.1040454,7.8602242
2009[Ni][tfz]3[FSR]2,4.061845,7.814652
2009[Ni][xbe]3[ASR]1,4.173729,13.940516
2009[Ni][xbe]3[FSR]1,-3.8011677,13.84894
2009[Np][nan]3[ASR]1,1.203077,16.040707
2009[Pr][pcu]3[ASR]1,2.5036955,14.4848795
2009[Pr][pcu]3[FSR]1,-3.7300992,14.158123
2009[Pr][sxb]3[FSR]1,-0.6663394,11.008566
2009[SmAg][nan]3[FSR]1,1.7936846,15.820688
2009[SmCu][nan]3[FSR]1,1.9940939,15.643979
2009[Sm][nan]3[ASR]1,-3.5988333,13.527485
2009[Sm][nan]3[FSR]1,-3.6373897,13.679933
2009[Sm][pcu]3[ASR]1,4.879816,10.569026
2009[TbAg][nan]3[FSR]1,1.5046175,15.96743
2009[TbCu][stp]3[FSR]1,3.3571396,17.200317
2009[Tb][nan]3[ASR]1,-2.8520837,15.420315
2009[Tb][nan]3[FSR]1,-2.8521123,15.432855
2009[Tb][pts]3[ASR]1,2.8963654,15.559825
2009[Tb][pts]3[FSR]1,2.7607572,15.599311
2009[U][nan]3[ASR]1,0.7201596,16.302382
2009[U][nan]3[FSR]1,0.9743958,16.486086
2009[U][nan]3[ION]1,0.883561,16.470545
2009[WCu][nan]3[FSR]1,-1.4223171,10.713368
2009[Yb][nan]3[ASR]1,-0.39227062,2.2216153
2009[Yb][rtl]3[ASR]1,2.061001,13.6356
2009[ZnCd][nan]3[ASR]1,2.8716724,12.512238
2009[ZnPtAu][pth]3[ASR]1,-1.4515753,12.262912
2009[ZnPtAu][pth]3[FSR]1,-1.4556544,12.271301
2009[ZnSi][pcu]3[ASR]2,5.6468077,17.510067
2009[ZnSi][pcu]3[ASR]3,0.8598476,2.7183316
2009[ZnSi][pcu]3[FSR]2,5.642421,17.505527
2009[ZnSi][pcu]3[FSR]3,0.86576647,2.7176433
2009[Zn][dia]3[ASR]1,4.622269,13.132874
2009[Zn][dia]3[ASR]2,1.8853824,14.370663
2009[Zn][dia]3[ASR]3,0.27511388,9.558611
2009[Zn][dia]3[ASR]4,1.3057375,9.598514
2009[Zn][dia]3[FSR]1,4.6108913,13.150438
2009[Zn][dia]3[FSR]2,1.3966626,13.860972
2009[Zn][dia]3[FSR]4,1.2598065,9.639331
2009[Zn][dmd]3[ASR]1,2.570879,9.579952
2009[Zn][dmd]3[FSR]1,2.5709867,9.567258
2009[Zn][nan]3[ASR]1,1.7193551,10.737971
2009[Zn][nan]3[ASR]11,-9.2796545,11.378706
2009[Zn][nan]3[ASR]12,-9.291746,11.393788
2009[Zn][nan]3[ASR]13,2.058946,8.315781
2009[Zn][nan]3[ASR]14,-8.675932,11.036988
2009[Zn][nan]3[ASR]2,-8.61266,10.952031
2009[Zn][nan]3[ASR]3,0.87212837,5.0029106
2009[Zn][nan]3[ASR]4,1.747433,10.696378
2009[Zn][nan]3[ASR]5,0.7959634,7.3509054
2009[Zn][nan]3[ASR]6,-2.2611322,7.4138737
2009[Zn][nan]3[ASR]8,5.8048034,12.9104805
2009[Zn][nan]3[ASR]9,-0.035215016,16.961348
2009[Zn][nan]3[FSR]1,1.7499629,10.706006
2009[Zn][nan]3[FSR]2,-8.591276,10.928468
2009[Zn][nan]3[FSR]3,1.7360052,10.697035
2009[Zn][nan]3[FSR]5,5.8094206,12.915863
2009[Zn][nan]3[FSR]7,-9.284812,11.382625
2009[Zn][nan]3[FSR]8,-9.362443,11.46355
2009[Zn][nan]3[FSR]9,-4.0358944,10.347487
2009[Zn][npo]3[ASR]1,-5.999496,5.835783
2009[Zn][npo]3[FSR]1,-6.0000954,5.8329415
2009[Zn][nts]3[ASR]1,-1.2604041,1.1241591
2009[Zn][pcu]3[ASR]1,5.8563523,12.001636
2009[Zn][pcu]3[ASR]10,-1.4335924,1.505829
2009[Zn][pcu]3[ASR]2,5.842044,12.13475
2009[Zn][pcu]3[ASR]3,1.5612313,6.244608
2009[Zn][pcu]3[ASR]4,0.72184026,6.180093
2009[Zn][pcu]3[ASR]5,-5.0541863,13.409012
2009[Zn][pcu]3[ASR]6,1.3003677,12.418048
2009[Zn][pcu]3[ASR]7,1.270096,12.506717
2009[Zn][pcu]3[ASR]8,1.3180073,12.918251
2009[Zn][pcu]3[ASR]9,-1.2867091,4.206177
2009[Zn][pcu]3[FSR]1,5.8402953,11.972706
2009[Zn][pcu]3[FSR]10,-1.4338006,1.5031009
2009[Zn][pcu]3[FSR]2,5.842746,12.115152
2009[Zn][pcu]3[FSR]3,1.5620402,6.2530713
2009[Zn][pcu]3[FSR]4,0.71154463,6.192247
2009[Zn][pcu]3[FSR]5,-5.056959,13.391336
2009[Zn][pcu]3[FSR]6,1.2838693,12.431382
2009[Zn][pcu]3[FSR]7,1.2506917,12.571109
2009[Zn][pcu]3[FSR]8,1.405567,12.900099
2009[Zn][pcu]3[FSR]9,-1.292237,4.2115417
2009[Zn][pts]3[ASR]1,5.231875,7.816696
2009[Zn][pts]3[FSR]1,5.260409,7.8295326
2009[Zn][sql]2[ION]1,-5.137615,6.291536
2009[Zn][sql]2[ION]2,-5.1721654,6.2718873
2009[Zn][sqp]3[ASR]1,-1.5282844,1.3250378
2009[Zn][srs]3[ASR]1,5.1520867,9.364545
2009[Zn][srs]3[ASR]2,-12.343316,4.514897
2009[Zn][srs]3[ASR]3,-12.428524,4.008938
2009[Zn][srs]3[ASR]4,-12.244194,4.9594917
2009[Zn][srs]3[FSR]1,1.4370872,12.3076725
2009[Zn][srs]3[FSR]2,-12.333679,4.553436
2009[Zn][srs]3[FSR]3,-12.420662,4.0213246
2009[Zn][srs]3[FSR]4,-12.2436905,4.965584
2010[AgDy][nan]3[FSR]1,-1.7589709,15.079083
2010[AgReCd][srs]3[ION]1,3.8853707,13.491857
2010[AgSm][nan]3[ASR]1,-1.701297,15.100524
2010[AgTb][nan]3[ASR]1,-1.7169385,15.093864
2010[AgTb][nan]3[ASR]2,2.2975397,15.143759
2010[Ag][nan]3[ASR]1,0.9530107,16.717232
2010[Ag][nan]3[ASR]2,0.35959497,10.871651
2010[Ag][nan]3[FSR]1,0.927365,16.701168
2010[Ag][nan]3[FSR]2,0.3654431,10.871216
2010[Ag][nan]3[ION]1,-7.238046,3.1519818
2010[Ag][nan]3[ION]2,1.208175,13.266001
2010[Ag][pts]3[ASR]1,5.290666,11.87298
2010[Ag][pts]3[FSR]1,5.3153496,11.862708
2010[Al][bpq]3[ASR]1,-2.057883,8.317789
2010[Al][bpq]3[ASR]2,-2.0569546,8.297198
2010[Bi][dia]3[ASR]1,3.6893504,10.7477255
2010[Bi][dia]3[FSR]1,3.7053428,10.738948
2010[Bi][sxb]3[ASR]1,1.5820149,16.30773
2010[Bi][sxb]3[FSR]1,1.5785198,16.33127
2010[CdAs][cds]3[FSR]1,-3.57191,14.838274
2010[CdCo][nan]3[FSR]1,-4.0134096,13.863661
2010[Cd][cds]3[ASR]1,-0.9282691,11.305171
2010[Cd][dia]3[ASR]1,0.78391874,12.585066
2010[Cd][dia]3[ASR]2,1.7522084,13.225843
2010[Cd][dia]3[ASR]3,1.6598647,12.090386
2010[Cd][dia]3[ASR]4,-0.70331675,11.323532
2010[Cd][dia]3[ASR]5,0.8057661,12.898987
2010[Cd][dia]3[FSR]1,0.7826168,12.619862
2010[Cd][dia]3[FSR]2,1.7401854,13.243703
2010[Cd][dia]3[FSR]3,1.6888211,12.095997
2010[Cd][dia]3[FSR]4,-3.4935603,12.184885
2010[Cd][dia]3[FSR]5,0.7890836,12.913863
2010[Cd][flu]3[ASR]1,0.569236,4.4990172
2010[Cd][fsc]3[ASR]1,-1.3061249,11.495541
2010[Cd][fsc]3[FSR]1,-1.2911181,11.474437
2010[Cd][nan]3[ASR]1,-9.264583,11.368067
2010[Cd][nan]3[ASR]10,1.218153,13.385699
2010[Cd][nan]3[ASR]11,1.3009795,8.96822
2010[Cd][nan]3[ASR]12,-1.410354,12.02149
2010[Cd][nan]3[ASR]13,1.8388118,7.179604
2010[Cd][nan]3[ASR]2,2.19477,8.159677
2010[Cd][nan]3[ASR]3,3.6025085,10.4579315
2010[Cd][nan]3[ASR]5,-7.398532,3.03405
2010[Cd][nan]3[ASR]6,5.0578837,9.444654
2010[Cd][nan]3[ASR]7,2.3036547,14.578728
2010[Cd][nan]3[ASR]8,2.3865259,11.929599
2010[Cd][nan]3[ASR]9,-1.4276087,12.700222
2010[Cd][nan]3[FSR]1,-9.229566,11.354051
2010[Cd][nan]3[FSR]2,3.617606,10.472395
2010[Cd][nan]3[FSR]4,2.3944004,11.9167795
2010[Cd][nan]3[FSR]5,-4.1328197,13.509998
2010[Cd][nan]3[FSR]6,1.2460566,13.413899
2010[Cd][nan]3[FSR]7,1.2954917,8.92861
2010[Cd][nan]3[FSR]8,1.8129729,7.1714635
2010[Cd][nbo]3[ASR]1,-5.4981365,6.1931696
2010[Cd][nbo]3[FSR]1,-5.463518,6.1715903
2010[Cd][nuc]3[ASR]1,0.019754868,9.2747755
2010[Cd][nuc]3[ASR]2,0.09498003,9.2618885
2010[Cd][nuc]3[ASR]3,0.112365425,9.241216
2010[Cd][nuc]3[ASR]4,0.17203441,9.30078
2010[Cd][nuc]3[ASR]5,0.017173374,9.280171
2010[Cd][nuc]3[ASR]6,-1.4762353,-2.9872952
2010[Cd][nuc]3[ASR]7,-1.509268,-2.962992
2010[Cd][nuc]3[ASR]8,-1.5344497,-2.947506
2010[Cd][nuc]3[ASR]9,-1.5068568,-2.9698422
2010[Cd][nuc]3[FSR]1,0.028694397,9.262385
2010[Cd][nuc]3[FSR]2,0.0928818,9.261785
2010[Cd][nuc]3[FSR]3,0.099556066,9.255258
2010[Cd][nuc]3[FSR]4,0.19989258,9.25887
2010[Cd][nuc]3[FSR]5,0.024089014,9.2765875
2010[Cd][nuc]3[FSR]6,-1.4640226,-3.0042894
2010[Cd][nuc]3[FSR]7,-1.5048127,-2.9678895
2010[Cd][nuc]3[FSR]8,-1.5332758,-2.9494083
2010[Cd][nuc]3[FSR]9,-1.5068142,-2.970212
2010[Cd][nuc]3[ION]1,-5.8895545,7.4684777
2010[Cd][nuc]3[ION]10,-5.885574,7.4740124
2010[Cd][nuc]3[ION]11,-5.8875513,7.4781084
2010[Cd][nuc]3[ION]12,-5.8867927,7.46528
2010[Cd][nuc]3[ION]13,-5.880094,7.4712863
2010[Cd][nuc]3[ION]14,-5.9164853,7.4204774
2010[Cd][nuc]3[ION]15,-5.88234,7.464738
2010[Cd][nuc]3[ION]2,-5.886665,7.467929
2010[Cd][nuc]3[ION]3,-5.853179,7.4917717
2010[Cd][nuc]3[ION]4,-5.9518924,7.5411596
2010[Cd][nuc]3[ION]5,-5.9075894,7.473407
2010[Cd][nuc]3[ION]6,-5.9050307,7.4916773
2010[Cd][nuc]3[ION]7,-5.9017644,7.472121
2010[Cd][nuc]3[ION]8,-5.879611,7.493421
2010[Cd][nuc]3[ION]9,-5.8830214,7.4529967
2010[Cd][pcu]3[ASR]1,0.34419772,9.334424
2010[Cd][pcu]3[ASR]2,0.55594254,6.0805116
2010[Cd][pcu]3[ASR]3,1.8838847,10.305788
2010[Cd][pcu]3[FSR]1,0.34434822,9.335634
2010[Cd][pcu]3[FSR]2,0.5045326,5.9564877
2010[Cd][pcu]3[FSR]3,1.8730698,10.360795
2010[Cd][pcu]3[ION]1,-5.898239,7.2613044
2010[Cd][pts]3[ASR]1,-0.46494046,10.591308
2010[Cd][pts]3[FSR]1,-0.47625786,10.601842
2010[Cd][rtl]3[ION]1,-3.0395408,10.249689
2010[Cd][sqc]3[ASR]1,1.6794487,13.857166
2010[Cd][sqc]3[FSR]1,1.7093605,13.88673
2010[Cd][tsa]3[ASR]1,5.9343944,12.538913
2010[Cd][umc]3[ASR]1,-1.4281803,11.636151
2010[Cd][umc]3[FSR]1,-1.4485333,11.630542
2010[Ce][nan]3[ASR]1,-0.6584837,7.0764017
2010[Ce][pcu]3[ASR]1,-1.6601839,0.38204244
2010[Ce][pcu]3[FSR]1,-1.6779329,0.3658922
2010[Ce][rtl]3[ASR]1,1.86344,14.139115
2010[Ce][rtl]3[FSR]1,-3.7404885,14.216791
2010[CoCd][nan]3[ASR]1,3.05852,14.538616
2010[CoDy][nan]3[FSR]1,-2.9906154,12.64964
2010[CoEu][nan]3[FSR]1,-2.9617562,12.648261
2010[CoLa][pcu]3[ASR]1,-1.4402049,11.837161
2010[CoYb][pth]3[ASR]1,-1.4346942,11.641936
2010[Co][bcg]3[ASR]1,2.5787914,5.140497
2010[Co][bcg]3[ASR]2,5.135425,9.317891
2010[Co][bcg]3[FSR]1,2.5821035,5.1436563
2010[Co][bcg]3[ION]1,-3.2303104,9.513619
2010[Co][ins]3[FSR]2,1.2885691,13.558325
2010[Co][lvt]3[ASR]1,-1.8981855,0.11794589
2010[Co][nan]3[ASR]10,-9.256041,11.368406
2010[Co][nan]3[ASR]11,3.6273942,6.709201
2010[Co][nan]3[ASR]2,-4.8632956,12.022369
2010[Co][nan]3[ASR]3,-6.941641,17.534975
2010[Co][nan]3[ASR]4,0.78940696,3.8216226
2010[Co][nan]3[ASR]5,0.82209903,3.8323345
2010[Co][nan]3[ASR]6,3.2113686,5.186521
2010[Co][nan]3[ASR]7,1.4862717,13.326407
2010[Co][nan]3[ASR]8,-0.2898932,3.6496122
2010[Co][nan]3[ASR]9,-2.92787,13.566292
2010[Co][nan]3[FSR]2,-4.9259067,12.017015
2010[Co][nan]3[FSR]3,-6.9647703,17.510586
2010[Co][nan]3[FSR]5,1.4642755,13.346846
2010[Co][nan]3[FSR]6,-3.2319217,13.999137
2010[Co][nan]3[FSR]7,-9.283598,11.395643
2010[Co][nbo]3[ASR]1,0.91436756,8.893103
2010[Co][nbo]3[FSR]1,0.91514045,8.889527
2010[Co][nts]3[ASR]1,-1.3269345,1.8274575
2010[Co][pcu]3[ASR]2,-9.223243,11.336967
2010[Co][pcu]3[ASR]3,3.827466,7.376101
2010[Co][pcu]3[FSR]2,-9.212211,11.326148
2010[Co][pcu]3[FSR]3,-3.5684612,12.767549
2010[Co][pts]3[ASR]1,0.70008105,12.870438
2010[Co][pts]3[ASR]2,-0.44518593,10.583479
2010[Co][pts]3[FSR]1,0.7157691,12.877948
2010[Co][pts]3[FSR]2,-0.473857,10.593246
2010[Co][sqc]3[ASR]1,2.5736096,13.242257
2010[Co][sqc]3[FSR]1,2.57557,13.2965
2010[Co][tbo]3[ASR]1,-1.5115327,0.97424746
2010[Co][tbo]3[FSR]1,-1.5072136,0.9980119
2010[Co][tfz]3[ASR]1,-5.092031,13.790276
2010[Co][tfz]3[FSR]1,-5.076833,13.79722
2010[Cr][bpq]3[ASR]1,5.1239705,9.239736
2010[Cr][bpq]3[FSR]1,5.138056,9.260055
2010[Cr][tbo]3[ASR]2,-2.1080246,2.2372692
2010[Cr][tbo]3[FSR]2,0.4315843,3.6890779
2010[CuCo][agw]3[ASR]1,-1.1399779,1.5511216
2010[CuEu][nan]3[ASR]1,1.9702896,15.667973
2010[CuEu][nan]3[FSR]1,1.976166,15.651979
2010[CuLa][nan]3[ASR]1,2.4555788,12.9313965
2010[CuMo][nan]3[ASR]1,0.19074723,16.42068
2010[CuSi][pts]3[ASR]1,-0.6450038,1.5450091
2010[Cu][bor]3[ION]1,-1.4014744,10.816215
2010[Cu][bor]3[ION]2,-1.3915837,10.7716875
2010[Cu][dia]3[ASR]1,4.1527658,12.864703
2010[Cu][dia]3[FSR]1,4.164543,12.864489
2010[Cu][fsc]3[ASR]1,-4.4210896,13.4620905
2010[Cu][fsc]3[FSR]1,-4.4902477,13.466706
2010[Cu][hxg]3[ASR]1,-0.83660513,5.056489
2010[Cu][hxg]3[FSR]1,-0.8791887,4.993049
2010[Cu][ins]3[ASR]1,2.8874657,14.048993
2010[Cu][ins]3[FSR]1,2.8761106,14.048635
2010[Cu][lvt]3[ASR]1,2.7732372,7.756739
2010[Cu][lvt]3[ASR]2,3.6802173,14.566482
2010[Cu][lvt]3[ASR]3,-1.8518531,0.1675813
2010[Cu][lvt]3[FSR]1,-3.973553,13.23531
2010[Cu][nan]3[ASR]1,-0.9045639,1.5025269
2010[Cu][nan]3[ASR]10,-1.2894644,12.82716
2010[Cu][nan]3[ASR]11,-1.2863234,12.794153
2010[Cu][nan]3[ASR]12,-1.2972891,12.830202
2010[Cu][nan]3[ASR]13,-1.2921649,12.835981
2010[Cu][nan]3[ASR]14,-1.270459,12.864705
2010[Cu][nan]3[ASR]15,-1.2717091,12.850566
2010[Cu][nan]3[ASR]16,-1.2663264,12.886985
2010[Cu][nan]3[ASR]19,3.6536338,13.882664
2010[Cu][nan]3[ASR]20,-1.2803097,12.880244
2010[Cu][nan]3[ASR]21,-1.2802442,12.850443
2010[Cu][nan]3[ASR]22,-1.2922708,12.846574
2010[Cu][nan]3[ASR]23,-1.2799587,12.853756
2010[Cu][nan]3[ASR]24,-1.2856025,12.849932
2010[Cu][nan]3[ASR]25,-1.2964954,12.82503
2010[Cu][nan]3[ASR]26,-1.2850306,12.846129
2010[Cu][nan]3[ASR]27,-1.295684,12.819784
2010[Cu][nan]3[ASR]28,-1.2874448,12.875818
2010[Cu][nan]3[ASR]29,-1.2957168,12.855601
2010[Cu][nan]3[ASR]30,-1.2880516,12.826979
2010[Cu][nan]3[ASR]31,-3.2057364,8.712481
2010[Cu][nan]3[ASR]32,-2.3865194,14.973059
2010[Cu][nan]3[ASR]35,-1.1568145,11.720679
2010[Cu][nan]3[ASR]37,-1.7488967,0.41181633
2010[Cu][nan]3[ASR]4,-4.0501466,11.24556
2010[Cu][nan]3[ASR]5,1.5341821,6.900882
2010[Cu][nan]3[ASR]7,-1.3181473,12.866789
2010[Cu][nan]3[ASR]8,-1.2880309,12.847573
2010[Cu][nan]3[ASR]9,-1.291608,12.846633
2010[Cu][nan]3[FSR]10,-2.3472338,14.993249
2010[Cu][nan]3[FSR]13,-1.1468804,11.718796
2010[Cu][nan]3[FSR]3,-4.07887,11.279154
2010[Cu][nan]3[FSR]4,1.3785005,7.339747
2010[Cu][nan]3[FSR]8,3.655097,13.882906
2010[Cu][nan]3[FSR]9,-3.2739167,8.71733
2010[Cu][nbo]3[ASR]1,2.3004918,9.775416
2010[Cu][nbo]3[ASR]2,-1.1049535,1.5940529
2010[Cu][nbo]3[ASR]3,-0.8593497,2.354772
2010[Cu][nbo]3[FSR]1,2.3108463,9.734836
2010[Cu][nia]3[ASR]1,-0.25754794,3.2294269
2010[Cu][nia]3[FSR]1,-0.29144844,3.1823556
2010[Cu][nts]3[ASR]1,-2.0718951,-0.11458892
2010[Cu][nts]3[ASR]2,-2.0481076,0.18429494
2010[Cu][rtl]3[ASR]1,3.7123892,9.511359
2010[Cu][rtl]3[FSR]1,3.7384214,9.543851
2010[Cu][srs]3[ION]1,-7.894179,10.644152
2010[Cu][ssa]3[ASR]1,-0.30094215,3.1844425
2010[Cu][tbo]3[ASR]1,-1.9861898,2.425716
2010[Cu][tbo]3[ASR]2,-2.0025146,2.4162488
2010[Cu][tfz]3[ASR]1,2.4077134,14.727845
2010[Cu][tfz]3[FSR]1,2.3965049,14.724442
2010[Cu][wbl]3[ASR]1,-1.8307014,0.21110792
2010[Cu][wbl]3[ASR]2,-1.9456275,0.057979207
2010[Cu][wbl]3[ASR]3,-2.0960133,-0.12374735
2010[DyAg][nan]3[ASR]1,-1.7628008,15.074491
2010[Dy][nan]3[ASR]1,4.4952693,7.3157783
2010[Dy][pcu]3[ASR]1,0.20903209,3.9400027
2010[ErAg][nan]3[ASR]1,-1.7215018,15.092216
2010[ErAg][nan]3[FSR]1,-1.7255248,15.094302
2010[Er][mog]3[ASR]2,2.5212584,13.728715
2010[Er][mog]3[FSR]2,2.5286827,13.72962
2010[Er][nan]3[ASR]1,4.524979,7.4056363
2010[Er][nan]3[ASR]2,4.574282,7.432694
2010[Eu][flu]3[ASR]1,2.318761,6.867925
2010[Eu][llj]3[ASR]1,-1.3330746,12.646895
2010[Eu][llj]3[FSR]1,-1.4099592,12.632653
2010[Eu][mog]3[ASR]1,-2.3634727,14.587647
2010[Eu][mog]3[FSR]1,-2.6228333,14.709961
2010[Eu][nan]3[ASR]1,3.4483304,7.299111
2010[Eu][nan]3[FSR]1,1.9810882,15.234707
2010[Eu][nan]3[FSR]2,2.532251,13.338051
2010[Eu][nan]3[ION]1,-1.4609985,12.573093
2010[Eu][pcu]3[ASR]1,-0.68379086,1.6335982
2010[Eu][pcu]3[FSR]1,0.17202488,5.8516912
2010[Eu][rtl]3[ASR]1,1.8317175,14.151662
2010[Eu][rtl]3[FSR]1,-3.7131042,14.164044
2010[Fe][bpq]3[ASR]1,-1.7285163,17.550861
2010[Fe][bpq]3[ASR]2,-1.7296909,17.550886
2010[Fe][bpq]3[ASR]3,2.9666283,5.6003537
2010[Fe][bpq]3[FSR]1,-1.7290133,17.550285
2010[Fe][bpq]3[FSR]2,-1.7575076,17.534454
2010[Fe][bpq]3[FSR]3,2.9765887,5.5751014
2010[Fe][fsc]3[ASR]1,0.40647677,6.2671833
2010[Fe][fsc]3[FSR]1,0.4362632,6.205579
2010[Fe][nbo]3[ASR]3,0.90295863,8.883348
2010[Fe][nbo]3[ASR]4,-0.2266943,3.7275155
2010[Fe][nbo]3[FSR]3,0.89177024,8.885896
2010[Fe][nbo]3[FSR]4,-0.23353033,3.7128007
2010[Fe][pts]3[FSR]1,-0.43464026,10.594327
2010[Fe][the]3[ASR]1,-0.806062,3.0224655
2010[Ga][ctn]3[FSR]2,2.0492032,4.385806
2010[Ga][nan]3[ASR]1,0.038970448,17.008978
2010[Ga][nan]3[FSR]1,-1.0995213,16.341694
2010[GdNa][nan]3[ION]1,-2.1461494,7.395936
2010[Gd][flu]3[ASR]1,2.3194914,6.834452
2010[Gd][llj]3[ASR]1,-1.3305479,12.667012
2010[Gd][llj]3[FSR]1,-1.4157387,12.642195
2010[Gd][rtl]3[ASR]1,1.8414453,14.189682
2010[Gd][rtl]3[FSR]1,-3.7542393,14.164835
2010[HoAg][nan]3[ASR]1,-1.7565566,15.088018
2010[HoAg][nan]3[ASR]2,2.315512,15.174675
2010[HoAg][nan]3[FSR]1,-1.7590282,15.0891285
2010[HoAg][nan]3[FSR]2,-3.3797476,14.51764
2010[In][nan]3[ASR]1,1.2245005,3.9944758
2010[In][nan]3[ION]1,5.158664,9.256923
2010[LaCo][pcu]3[FSR]1,-1.428934,11.812816
2010[LaPb][nan]3[ASR]1,1.7727742,16.147137
2010[La][flu]3[ASR]1,3.6685262,10.735677
2010[La][flu]3[ASR]2,3.659049,10.783459
2010[La][flu]3[ASR]3,3.6447423,10.7378
2010[La][flu]3[ASR]4,3.6922553,10.699119
2010[La][flu]3[FSR]1,-3.4996414,13.191738
2010[La][flu]3[FSR]2,-3.498438,13.132955
2010[La][flu]3[FSR]3,-3.4809272,13.094534
2010[La][flu]3[FSR]4,-3.482154,13.279226
2010[La][flu]3[FSR]5,-3.4763265,13.348324
2010[La][nan]3[ASR]1,2.3607664,15.1554165
2010[La][nan]3[ASR]2,-0.61288136,7.152602
2010[La][nan]3[FSR]1,-3.523137,14.369031
2010[Mg][lon]3[ASR]1,-7.529792,18.51585
2010[Mg][lon]3[FSR]1,-7.5297995,18.515997
2010[Mg][nan]3[ASR]1,3.7104304,6.8712025
2010[MnCr][nod]3[ASR]1,11.438089,9.892872
2010[MnMo][nan]3[ION]1,-1.1721418,16.336048
2010[Mn][nan]3[ASR]1,2.8327253,9.594949
2010[Mn][nan]3[ASR]10,-0.37331986,3.0903168
2010[Mn][nan]3[ASR]11,0.06863306,3.467166
2010[Mn][nan]3[ASR]12,0.20748821,3.6586897
2010[Mn][nan]3[ASR]2,1.4111711,8.5585575
2010[Mn][nan]3[ASR]4,2.56489,9.3960085
2010[Mn][nan]3[ASR]5,2.647399,9.936114
2010[Mn][nan]3[ASR]7,2.5094194,8.813804
2010[Mn][nan]3[ASR]8,2.496825,8.87892
2010[Mn][nan]3[ASR]9,2.4937975,8.806962
2010[Mn][nan]3[FSR]1,-3.8500247,10.109526
2010[Mn][nan]3[FSR]3,2.548648,9.381248
2010[Mn][nan]3[FSR]4,2.6208227,9.944474
2010[Mn][nan]3[FSR]6,2.5042868,8.822333
2010[Mn][nan]3[FSR]7,2.4775555,8.868556
2010[Mn][nan]3[FSR]8,2.502607,8.827819
2010[Mn][nan]3[FSR]9,-3.397006,12.029814
2010[Mn][pcu]3[ASR]1,-8.587113,10.615889
2010[Mn][pcu]3[FSR]1,-8.555314,10.614954
2010[Mn][pts]3[ASR]1,-0.43718946,10.576739
2010[Mn][pts]3[FSR]1,-0.4400073,10.580566
2010[Mn][ths]3[ASR]1,-4.480139,13.7347975
2010[Mn][ths]3[FSR]1,-4.2080755,13.754702
2010[Mo][nan]3[ASR]1,1.5150778,13.348987
2010[Mo][nan]3[FSR]1,1.8039008,14.623625
2010[Nd][flu]3[ASR]1,2.2454011,6.8713803
2010[Nd][nan]3[ASR]1,4.4632735,7.2240233
2010[Nd][nan]3[ASR]3,2.7960696,7.0777264
2010[Nd][nan]3[FSR]3,-2.771767,9.922686
2010[Nd][rtl]3[ASR]1,1.8469622,14.089418
2010[Nd][rtl]3[FSR]1,-3.7671604,14.197991
2010[Ni][lvt]3[ASR]1,3.6878693,14.686419
2010[Ni][lvt]3[FSR]1,-3.8970654,13.479263
2010[Ni][nan]3[ASR]1,-4.1936765,11.517438
2010[Ni][nan]3[ASR]2,2.5643253,13.174492
2010[Ni][nan]3[ASR]3,1.7370081,10.918543
2010[Ni][nan]3[FSR]1,-4.2022643,11.467993
2010[Ni][nan]3[FSR]2,-4.4296255,10.849792
2010[Ni][noz]3[FSR]1,2.5907981,13.8633995
2010[Ni][scu]3[ASR]1,1.1325809,10.017094
2010[Ni][sqc]3[ASR]1,5.2113876,11.966041
2010[Pr][nan]3[ASR]1,-3.250728,12.898976
2010[Pr][nan]3[FSR]1,-3.2885585,12.920565
2010[Pr][rtl]3[ASR]1,1.8407407,14.099387
2010[Pr][rtl]3[FSR]1,-3.748719,14.14267
2010[Pr][sxb]3[ASR]1,-0.5470836,7.1204653
2010[SmAg][nan]3[FSR]1,-1.7146306,15.087618
2010[Sm][flu]3[ASR]1,2.3099558,6.8011575
2010[Sm][rtl]3[ASR]1,1.8328654,14.13993
2010[Sm][rtl]3[FSR]1,-3.7293828,14.199293
2010[TbAg][nan]3[FSR]1,-1.7214845,15.086217
2010[TbAg][nan]3[FSR]2,-3.3899927,14.534733
2010[Tb][llj]3[ASR]1,-1.3195934,12.652411
2010[Tb][llj]3[FSR]1,-1.4101031,12.614214
2010[Tb][nan]3[ASR]1,4.454401,7.2391467
2010[Tm][pcu]3[ASR]1,1.4302177,7.4623594
2010[Tm][pcu]3[FSR]1,-3.6157916,9.05768
2010[U][nan]3[ASR]1,-2.594741,14.509212
2010[U][pts]3[ASR]1,-3.2765949,8.530054
2010[U][pts]3[FSR]1,-3.3081248,8.9599285
2010[U][she]3[ASR]1,-3.0521216,21.980917
2010[V][bpq]3[ASR]1,5.154759,9.281227
2010[Y][htp]3[ASR]1,3.8467398,10.625885
2010[Y][rtl]3[ASR]1,1.8362901,14.046231
2010[Y][rtl]3[FSR]1,-3.7868378,14.107053
2010[YbCo][pth]3[FSR]1,-1.4265134,11.718073
2010[Yb][nan]3[ASR]1,4.553818,7.4437323
2010[Yb][nan]3[ASR]2,4.5609827,7.4107146
2010[ZnPd][pts]3[ASR]1,2.3976026,7.405498
2010[ZnPd][pts]3[FSR]1,2.3725357,7.4259405
2010[Zn][acs]3[ASR]1,1.5939292,18.125017
2010[Zn][acs]3[FSR]1,1.5968223,18.124447
2010[Zn][dia]3[ASR]1,1.2659004,8.429669
2010[Zn][dia]3[ASR]2,0.84068435,13.584093
2010[Zn][dia]3[ASR]3,-8.485109,10.751825
2010[Zn][dia]3[FSR]1,1.2924176,8.398232
2010[Zn][dia]3[FSR]2,0.8085315,13.568006
2010[Zn][dia]3[FSR]3,-8.538648,10.721015
2010[Zn][hex]3[ION]1,1.1827276,9.495736
2010[Zn][ins]3[ASR]1,4.8961525,10.755505
2010[Zn][jeb]3[FSR]1,-4.4998465,12.93404
2010[Zn][lcy]3[ASR]1,3.284364,7.5963645
2010[Zn][lvt]3[ASR]1,-1.8549498,0.18024416
2010[Zn][lvt]3[ASR]2,-1.9195571,0.07402628
2010[Zn][lvt]3[ASR]3,-1.8581893,0.16776094
2010[Zn][nan]3[ASR]1,2.8916857,14.387946
2010[Zn][nan]3[ASR]10,-0.051881593,5.504879
2010[Zn][nan]3[ASR]12,-2.933454,13.789864
2010[Zn][nan]3[ASR]13,2.4776518,11.960055
2010[Zn][nan]3[ASR]14,1.422484,11.749626
2010[Zn][nan]3[ASR]15,-9.27053,11.403729
2010[Zn][nan]3[ASR]16,5.7883005,12.941139
2010[Zn][nan]3[ASR]17,5.821038,12.931828
2010[Zn][nan]3[ASR]18,5.811955,12.913728
2010[Zn][nan]3[ASR]19,5.806085,12.923772
2010[Zn][nan]3[ASR]2,1.3996603,13.067424
2010[Zn][nan]3[ASR]21,-0.4620035,11.386625
2010[Zn][nan]3[ASR]22,1.4331021,11.358097
2010[Zn][nan]3[ASR]3,-7.4500566,2.992518
2010[Zn][nan]3[ASR]4,2.0937498,7.4782124
2010[Zn][nan]3[ASR]5,0.64104253,4.254195
2010[Zn][nan]3[ASR]6,-7.3944592,3.0345027
2010[Zn][nan]3[ASR]7,-7.4470534,2.9955552
2010[Zn][nan]3[ASR]8,-8.573926,10.915026
2010[Zn][nan]3[ASR]9,4.7311215,7.114871
2010[Zn][nan]3[FSR]1,2.915802,14.42025
2010[Zn][nan]3[FSR]10,-2.911955,13.764589
2010[Zn][nan]3[FSR]11,2.4686987,11.968837
2010[Zn][nan]3[FSR]12,1.409084,11.812682
2010[Zn][nan]3[FSR]13,-9.299151,11.410692
2010[Zn][nan]3[FSR]14,5.7933855,12.932664
2010[Zn][nan]3[FSR]15,5.824259,12.923606
2010[Zn][nan]3[FSR]16,5.8158317,12.920711
2010[Zn][nan]3[FSR]17,5.820584,12.91853
2010[Zn][nan]3[FSR]19,-4.02993,12.22259
2010[Zn][nan]3[FSR]2,1.4125279,13.072747
2010[Zn][nan]3[FSR]20,1.4136682,11.332252
2010[Zn][nan]3[FSR]3,1.36229,9.7322645
2010[Zn][nan]3[FSR]4,-7.4193482,3.0102284
2010[Zn][nan]3[FSR]5,-7.447994,2.994311
2010[Zn][nan]3[FSR]6,-8.549777,10.866759
2010[Zn][nan]3[FSR]7,-2.8769906,13.426704
2010[Zn][nan]3[FSR]8,-0.05252869,5.5038495
2010[Zn][neb]3[ASR]1,0.70903784,5.3393154
2010[Zn][neb]3[ASR]2,-0.98487705,11.293712
2010[Zn][pcu]3[ASR]2,-9.289254,11.392214
2010[Zn][pcu]3[ASR]24,-5.795823,6.139752
2010[Zn][pcu]3[FSR]28,0.31231028,9.561566
2010[Zn][pcu]3[FSR]3,-9.122173,11.233948
2010[Zn][pts]3[ASR]1,7.688786,11.896659
2010[Zn][pts]3[ASR]2,3.975736,5.2562995
2010[Zn][pts]3[ASR]3,2.0312293,8.157042
2010[Zn][pts]3[ASR]4,-1.8455578,0.17194916
2010[Zn][pts]3[FSR]1,7.687378,11.900866
2010[Zn][pts]3[FSR]2,3.9733255,5.231538
2010[Zn][pts]3[FSR]3,7.710899,11.903961
2010[Zn][pts]3[ION]1,7.469841,11.872751
2010[Zn][pyr]3[ASR]1,-1.9130669,0.36613208
2010[Zn][qtz]3[ASR]1,1.3817089,7.0322704
2010[Zn][qtz]3[FSR]1,1.3923281,7.0311093
2010[Zn][rtl]3[ASR]1,-0.9173904,2.309307
2010[Zn][rtl]3[ASR]2,4.522095,5.915439
2010[Zn][rtl]3[FSR]1,4.5420294,5.959531
2010[Zn][rtl]3[FSR]2,4.5215707,5.915489
2010[Zn][rtl]3[ION]1,3.1830394,7.9362392
2010[Zn][scu]3[ASR]1,-3.0941682,13.934221
2010[Zn][scu]3[FSR]1,-3.6730857,14.656553
2010[Zn][sra]3[ASR]1,3.8017178,5.143278
2010[Zn][sra]3[ASR]2,2.6033678,13.881041
2010[Zn][sra]3[FSR]1,3.7991865,5.1446433
2010[Zn][sra]3[FSR]2,2.607856,13.867891
2010[Zn][srs]3[ASR]1,6.14164,12.413626
2010[Zn][srs]3[ASR]2,-12.352951,4.448836
2010[Zn][srs]3[ASR]3,-12.334256,4.1747785
2010[Zn][srs]3[ASR]4,-12.2570915,4.9018583
2010[Zn][srs]3[ASR]5,-12.328496,4.605649
2010[Zn][srs]3[FSR]1,6.1167,12.418287
2010[Zn][srs]3[FSR]2,-12.355365,4.4268384
2010[Zn][srs]3[FSR]3,-12.362096,4.1640635
2010[Zn][srs]3[FSR]4,-12.257617,4.905645
2010[Zn][srs]3[FSR]5,-12.330609,4.580784
2010[Zn][tfz]3[ASR]1,2.5148287,13.846835
2010[Zn][tfz]3[ASR]2,-4.0007567,12.245272
2010[Zn][tfz]3[FSR]1,2.497767,13.896958
2010[Zn][tfz]3[FSR]2,-4.052036,12.228844
2010[Zn][ttt]3[ASR]1,0.099427104,7.2647448
2010[Zn][ttt]3[FSR]1,0.11138577,7.264163
2010[Zn][unc]3[ASR]1,0.20353317,3.9989007
2010[Zn][unc]3[ASR]2,-1.1116078,3.8151598
2010[Zr][fcu]3[ASR]1,-1.9038824,8.773047
2010[Zr][sqc]3[ASR]1,1.7503662,14.663015
2011[AgSm][rtl]3[ASR]1,4.849088,10.870921
2011[Ag][nan]3[ASR]1,-1.4239931,12.375934
2011[Ag][nan]3[ASR]2,1.7280514,14.739812
2011[Ag][nan]3[ASR]4,4.853889,13.248078
2011[Ag][nan]3[ASR]5,4.8559356,13.265577
2011[Ag][nan]3[ASR]6,4.8675647,13.26377
2011[Ag][nan]3[FSR]1,-1.4311676,12.385485
2011[Ag][nan]3[FSR]3,4.8708878,13.262801
2011[Ag][nan]3[FSR]4,4.89659,13.298838
2011[Ag][nan]3[FSR]5,4.8970594,13.264353
2011[Ag][nan]3[ION]1,3.3749988,11.955363
2011[Al][bpq]3[ASR]1,-2.0141265,8.371602
2011[Al][bpq]3[FSR]1,-2.021052,8.365445
2011[Cd][bcu]3[ASR]1,-0.61829114,11.052434
2011[Cd][bcu]3[ASR]2,1.3399931,9.76096
2011[Cd][bcu]3[FSR]2,1.3332902,9.713042
2011[Cd][dia]3[ASR]5,0.40484098,13.021252
2011[Cd][dia]3[FSR]5,0.3748541,13.025704
2011[Cd][dmp]3[ION]1,-4.6572175,12.722388
2011[Cd][flu]3[ASR]1,3.8521328,10.774062
2011[Cd][flu]3[FSR]1,3.876483,10.739476
2011[Cd][flu]3[ION]1,5.062623,9.683563
2011[Cd][nan]3[ASR]1,-0.35603264,11.148481
2011[Cd][nan]3[ASR]2,1.6322266,7.6466613
2011[Cd][nan]3[ASR]3,1.9631647,9.951556
2011[Cd][nan]3[ASR]5,2.5938148,14.279861
2011[Cd][nan]3[ASR]6,-3.6972992,14.153246
2011[Cd][nan]3[ASR]8,-9.246313,11.35208
2011[Cd][nan]3[FSR]1,-0.551594,11.586634
2011[Cd][nan]3[FSR]6,2.6202276,14.235327
2011[Cd][nan]3[FSR]7,-3.6779144,14.138134
2011[Cd][nan]3[FSR]9,-9.228465,11.341954
2011[Cd][nuc]3[ASR]1,0.0155348545,9.284366
2011[Cd][nuc]3[ASR]2,-1.6302869,-2.8057675
2011[Cd][nuc]3[ASR]3,-1.6562558,-2.8204174
2011[Cd][nuc]3[ASR]4,-1.5673491,-2.914329
2011[Cd][nuc]3[ASR]5,-1.6066803,-2.8749316
2011[Cd][nuc]3[ASR]6,-1.4651138,-3.0135067
2011[Cd][nuc]3[ASR]7,-1.5820671,-2.9622085
2011[Cd][nuc]3[FSR]1,0.000966244,9.280034
2011[Cd][nuc]3[FSR]2,-1.6451728,-2.8229501
2011[Cd][nuc]3[FSR]3,-1.6379867,-2.8362665
2011[Cd][nuc]3[FSR]4,-1.5670731,-2.914549
2011[Cd][nuc]3[FSR]5,-1.6047876,-2.8773034
2011[Cd][nuc]3[FSR]6,-1.5008752,-2.9782083
2011[Cd][nuc]3[FSR]7,-1.5833789,-2.9611387
2011[Cd][nuc]3[ION]1,-5.8873744,7.465328
2011[Cd][nuc]3[ION]2,-5.8648715,7.501348
2011[Cd][pcu]3[ASR]1,0.20517021,12.734199
2011[Cd][pcu]3[ASR]2,-4.7523913,11.044301
2011[Cd][pcu]3[ASR]3,-4.8066707,11.126378
2011[Cd][pcu]3[FSR]1,0.20582205,12.7148075
2011[Cd][pcu]3[FSR]2,-4.7400246,11.023559
2011[Cd][pcu]3[FSR]3,-4.7812986,11.152041
2011[Cd][pts]3[ASR]1,-6.243652,7.043503
2011[Cd][pts]3[FSR]1,-6.2480416,7.0491557
2011[Cd][rob]3[FSR]1,0.65011287,6.0537543
2011[Cd][rtl]3[ASR]1,3.951397,5.4914784
2011[Cd][rtl]3[FSR]1,-2.2060905,9.316821
2011[Cd][scu]3[ASR]1,-0.18528552,3.2383373
2011[Cd][scu]3[ASR]2,1.871857,6.455086
2011[Cd][scu]3[ASR]3,1.082865,4.542105
2011[Cd][sqc]3[ASR]1,1.3498652,5.405185
2011[Cd][sqc]3[FSR]1,-2.3402755,7.395108
2011[Cd][sql]2[FSR]1,-1.6236323,12.259008
2011[Cd][sra]3[FSR]1,2.2596807,14.750744
2011[Cd][zzz]3[ASR]1,-1.0174564,2.0282612
2011[CeCu][stp]3[ASR]1,3.547286,17.345129
2011[Ce][flu]3[ASR]1,3.6734543,10.672122
2011[Ce][flu]3[ASR]2,3.610616,10.741112
2011[Ce][flu]3[FSR]1,3.7558413,10.952013
2011[Ce][flu]3[FSR]2,-3.487363,13.385338
2011[Ce][nan]3[ASR]1,2.5223696,15.903506
2011[Ce][nan]3[ASR]2,-2.7038343,8.142376
2011[Ce][nan]3[FSR]1,-2.4743373,14.791861
2011[CoDy][nan]3[FSR]1,-2.9645655,12.631064
2011[CoEu][nan]3[FSR]1,-2.9055543,12.610163
2011[CoGd][nan]3[ION]1,-3.6591663,12.897471
2011[CoLa][nan]3[ASR]1,2.3406336,6.353149
2011[CoMo][nan]3[ASR]1,0.15250036,16.287016
2011[CoNa][ant]3[ION]1,1.798201,12.539913
2011[CoNa][ant]3[ION]2,1.8296039,12.502493
2011[CoNd][stp]3[FSR]1,-2.5646682,10.107206
2011[CoSm][nan]3[ION]1,-3.709275,12.736087
2011[Co][acs]3[ASR]1,1.3914865,17.862436
2011[Co][acs]3[FSR]1,1.4062778,17.862055
2011[Co][bbf]3[ASR]1,0.52889204,13.894965
2011[Co][bbf]3[FSR]1,0.52227694,13.891536
2011[Co][cds]3[ASR]1,-0.39273006,11.202864
2011[Co][cds]3[FSR]1,-0.4199675,11.223339
2011[Co][crb]3[ASR]1,1.8078961,8.993795
2011[Co][crb]3[FSR]1,1.8106629,9.012957
2011[Co][dia]3[ASR]3,-0.8237138,10.469192
2011[Co][dia]3[ASR]4,-5.307101,12.707517
2011[Co][dia]3[ASR]5,0.9954384,9.845754
2011[Co][dia]3[FSR]3,-0.8281309,10.902661
2011[Co][dia]3[FSR]4,-0.8083141,10.448867
2011[Co][dia]3[FSR]5,-5.3018694,12.705177
2011[Co][dia]3[FSR]6,1.0146836,9.850423
2011[Co][flu]3[ASR]1,0.6955337,5.2978544
2011[Co][flu]3[ASR]2,5.057902,8.034746
2011[Co][flu]3[FSR]1,0.7056453,5.2708693
2011[Co][hex]3[ASR]1,-3.5829976,8.621711
2011[Co][hex]3[ASR]2,-3.5966985,8.63587
2011[Co][hex]3[FSR]1,-3.5785513,8.63362
2011[Co][hex]3[FSR]2,-3.5969493,8.636055
2011[Co][mok]3[ASR]1,-3.7472224,9.445395
2011[Co][mok]3[FSR]1,-3.773011,9.439789
2011[Co][nan]2[FSR]2,-4.154701,13.728808
2011[Co][nan]3[ASR]1,0.97221875,4.7007313
2011[Co][nan]3[ASR]10,5.593571,12.905911
2011[Co][nan]3[ASR]12,2.4412239,7.3455467
2011[Co][nan]3[ASR]13,-1.0261258,16.305742
2011[Co][nan]3[ASR]2,1.7109606,6.3044696
2011[Co][nan]3[ASR]3,2.0368543,6.161947
2011[Co][nan]3[ASR]5,-3.5951858,10.502775
2011[Co][nan]3[ASR]7,-3.6355593,10.5550375
2011[Co][nan]3[ASR]8,1.7274133,8.894154
2011[Co][nan]3[ASR]9,-0.5680861,11.299591
2011[Co][nan]3[FSR]11,-3.9514947,11.953789
2011[Co][nan]3[FSR]2,-3.6292202,10.510283
2011[Co][nan]3[FSR]4,-3.6756139,10.58496
2011[Co][nan]3[FSR]5,1.7803187,8.910947
2011[Co][nan]3[FSR]6,-0.5877074,11.288627
2011[Co][nan]3[FSR]7,5.5801373,12.935451
2011[Co][nan]3[FSR]9,-1.0469698,16.265697
2011[Co][pts]3[ASR]1,3.965067,5.2088203
2011[Co][pts]3[FSR]1,3.9617438,5.2058177
2011[Co][qzd]3[FSR]1,-2.7858517,11.392822
2011[Co][rtl]3[ASR]1,1.761488,6.758886
2011[Co][rtl]3[ASR]2,2.7179844,13.566772
2011[Co][rtl]3[ASR]3,3.7663798,5.106104
2011[Co][rtl]3[FSR]1,1.775652,6.764104
2011[Co][rtl]3[FSR]2,2.7659447,13.510641
2011[Co][rtl]3[FSR]3,-2.0865743,8.794382
2011[Co][sit]3[ASR]1,0.32056466,3.7703383
2011[Co][tfz]3[FSR]1,1.6601819,13.6082115
2011[Co][xbe]3[ASR]1,4.1816382,13.980066
2011[Co][xbe]3[FSR]1,-3.6350648,13.765201
2011[CrMn][qtz]3[ASR]1,-3.1049557,21.93559
2011[CrMn][qtz]3[FSR]1,-3.093215,21.947378
2011[Cr][bpq]3[ASR]1,-1.7132081,17.552969
2011[Cr][bpq]3[ASR]2,3.0509582,5.6462393
2011[Cr][bpq]3[FSR]1,-1.7212666,17.553104
2011[Cr][bpq]3[FSR]2,2.967048,5.575819
2011[CuCe][stp]3[FSR]1,3.5809145,17.378023
2011[CuEr][stp]3[ASR]1,3.2532985,17.096472
2011[CuGd][stp]3[ASR]1,3.4083536,17.240337
2011[CuLa][stp]3[ASR]1,3.5478854,17.34572
2011[CuMo][ths]3[ASR]1,-0.9250348,6.961884
2011[CuNd][jaj]3[FSR]1,-3.3323295,13.007747
2011[CuNd][stp]3[ASR]1,3.5091653,17.320406
2011[CuNd][stp]3[FSR]1,3.5079496,17.320288
2011[CuSm][stp]3[ASR]1,3.433971,17.257011
2011[CuW][dia]3[ASR]2,-1.3904216,10.913878
2011[CuW][nan]3[ASR]1,-1.390021,10.779279
2011[CuW][ths]3[ASR]1,-0.97806567,6.9626784
2011[CuW][ths]3[ASR]2,-1.379006,10.932216
2011[Cu][bbf]3[FSR]1,0.24332055,6.6579056
2011[Cu][bcu]3[ASR]1,0.51589704,5.3027153
2011[Cu][bcu]3[FSR]1,0.5392794,5.2417355
2011[Cu][cds]3[ASR]1,4.883928,10.230646
2011[Cu][dia]3[ASR]1,5.0624895,11.79576
2011[Cu][dia]3[ASR]2,5.079769,11.873887
2011[Cu][fjh]3[ION]1,-3.3191667,11.081097
2011[Cu][lvt]3[ASR]1,1.804218,4.3924403
2011[Cu][lvt]3[ASR]2,1.5651742,4.254566
2011[Cu][lvt]3[ASR]3,0.26685095,5.226139
2011[Cu][lvt]3[ASR]4,0.25995275,5.2792783
2011[Cu][lvt]3[ASR]5,0.38881767,5.2762117
2011[Cu][nan]3[ASR]10,-4.7329717,13.639857
2011[Cu][nan]3[ASR]2,1.2570583,13.170687
2011[Cu][nan]3[ASR]3,1.4867482,9.945328
2011[Cu][nan]3[ASR]4,-4.192899,13.293276
2011[Cu][nan]3[ASR]5,1.7001786,4.6027837
2011[Cu][nan]3[ASR]6,-6.325293,5.3619914
2011[Cu][nan]3[ASR]7,-4.726034,13.616143
2011[Cu][nan]3[ASR]8,-4.6185827,13.626409
2011[Cu][nan]3[FSR]3,1.2728381,13.167071
2011[Cu][nan]3[FSR]4,1.5197486,9.963303
2011[Cu][nan]3[FSR]5,-4.1557174,13.292733
2011[Cu][nan]3[FSR]6,-4.727323,13.616885
2011[Cu][nan]3[FSR]7,-4.663263,13.668872
2011[Cu][nan]3[FSR]9,-4.7225075,13.611932
2011[Cu][nbo]3[ASR]1,1.169768,9.380083
2011[Cu][nbo]3[ASR]3,1.1513598,9.418063
2011[Cu][nbo]3[FSR]1,1.1569991,9.438507
2011[Cu][nbo]3[FSR]3,1.1781272,9.480453
2011[Cu][nts]3[ASR]1,-1.2966379,1.4641304
2011[Cu][nts]3[ASR]2,-1.2734263,2.493357
2011[Cu][pcu]3[FSR]1,-2.5912387,7.6483645
2011[Cu][pto]3[ASR]1,-1.9946795,-0.020862423
2011[Cu][pts]3[ASR]1,2.1992345,7.7481313
2011[Cu][pts]3[ASR]2,1.642115,14.69661
2011[Cu][pts]3[ASR]3,1.3460886,5.1587934
2011[Cu][pts]3[FSR]1,1.4144365,13.318088
2011[Cu][pts]3[FSR]2,1.6425731,14.709957
2011[Cu][pts]3[FSR]3,1.0748299,9.556664
2011[Cu][scu]3[ASR]1,-0.9697423,2.1592083
2011[Cu][scu]3[ASR]2,-0.69939065,2.2291079
2011[Cu][ssb]3[ASR]1,-0.558057,3.054623
2011[Cu][uki]3[ASR]1,-3.199403,8.264426
2011[Cu][uki]3[FSR]1,-3.1962466,8.268117
2011[DyNi][sra]3[ASR]1,2.2540197,9.926463
2011[Dy][flu]3[ASR]1,3.6916773,10.850675
2011[Dy][flu]3[FSR]1,3.8211157,11.051565
2011[Dy][mog]3[ASR]1,4.643921,8.20662
2011[Dy][mog]3[FSR]1,-2.6855834,14.706181
2011[Dy][nan]3[ASR]1,5.089227,9.787706
2011[ErCu][stp]3[FSR]1,3.2590246,17.102932
2011[Er][bnn]3[ASR]1,3.7196858,10.873729
2011[Er][bnn]3[FSR]1,3.7803936,11.013568
2011[Er][ecu]3[ASR]1,1.0474119,16.545313
2011[Er][ecu]3[ASR]2,1.0410424,16.560284
2011[Er][ecu]3[FSR]1,1.0449495,16.551214
2011[Er][ecu]3[FSR]2,1.11801,16.515335
2011[Er][eea]3[ASR]1,0.43005335,4.451926
2011[Er][eea]3[FSR]1,0.36156395,4.461144
2011[Er][nan]3[ASR]1,-2.6367457,14.983745
2011[Er][nan]3[ASR]2,2.1985044,14.220296
2011[Er][nan]3[ASR]3,3.6942356,10.927999
2011[Er][nan]3[FSR]1,-2.8856218,15.084237
2011[Er][nan]3[FSR]2,-3.770576,13.348606
2011[Er][nan]3[FSR]3,1.6658391,14.935588
2011[Er][sxd]3[ASR]1,1.123899,16.595879
2011[Er][sxd]3[FSR]1,1.1039679,16.562613
2011[EuCo][nan]3[ION]1,-3.6452787,12.754403
2011[Eu][cds]3[ASR]1,1.8609072,8.556842
2011[Eu][cds]3[FSR]1,-3.5554683,10.175822
2011[Eu][flu]3[ASR]1,3.6575928,10.867847
2011[Eu][flu]3[FSR]1,3.7912433,11.0370655
2011[Eu][hcb]2[FSR]1,2.0374484,12.239751
2011[Eu][mog]3[ASR]1,4.653712,8.232558
2011[Eu][mog]3[FSR]1,-2.704671,14.715252
2011[Eu][nan]3[ASR]1,2.4580145,15.95569
2011[Eu][nan]3[FSR]1,-2.5798423,14.911734
2011[Eu][pcu]3[ASR]1,-0.40440938,1.4369166
2011[Eu][pcu]3[FSR]1,0.45980904,5.5650325
2011[FeAg][nan]3[ION]1,5.116979,9.5820265
2011[FeAg][nan]3[ION]2,-6.3446274,7.0220523
2011[FeHo][nan]3[FSR]1,-2.9499626,12.659384
2011[Fe][acs]3[ASR]1,1.3859979,17.85144
2011[Fe][acs]3[FSR]1,1.3672475,17.82808
2011[Fe][dia]3[ASR]1,1.1554157,10.727022
2011[Fe][dia]3[FSR]1,1.1105872,10.713546
2011[Fe][nan]3[ASR]1,4.9823656,6.8611937
2011[Fe][nan]3[ASR]2,3.8112931,15.289724
2011[Fe][nan]3[FSR]1,4.9924374,6.849779
2011[Fe][nan]3[FSR]2,3.8129733,15.287747
2011[Fe][pcu]3[FSR]1,0.2766877,17.966896
2011[Ga][nan]3[ASR]1,-1.1881981,16.272903
2011[Ga][nan]3[FSR]1,-1.1882521,16.269827
2011[GdCu][stp]3[FSR]1,3.4241452,17.261082
2011[GdZn][nan]3[FSR]1,-2.7453902,14.602282
2011[Gd][cds]3[ASR]1,1.9118302,8.831106
2011[Gd][cds]3[FSR]1,-3.3141956,11.83252
2011[Gd][flu]3[ASR]1,3.679825,10.87914
2011[Gd][flu]3[FSR]1,3.7982693,11.0441265
2011[Gd][llj]3[ION]1,-7.820525,10.635384
2011[Gd][mog]3[ASR]1,4.6395116,8.165084
2011[Gd][mog]3[FSR]1,-2.6471527,14.714496
2011[Gd][nan]3[ASR]1,2.4470508,15.972492
2011[Gd][nan]3[ASR]2,4.4598866,7.2446494
2011[Gd][nan]3[ASR]5,4.4643173,7.139888
2011[Gd][nan]3[ASR]6,4.482628,7.359974
2011[Gd][nan]3[ASR]7,4.492249,7.3724804
2011[Gd][nan]3[FSR]1,-2.5963879,14.944998
2011[Gd][nan]3[FSR]5,4.530354,7.6703215
2011[Gd][nan]3[FSR]6,-3.4993954,13.645307
2011[Gd][nan]3[FSR]7,-3.5043263,13.598544
2011[Gd][pcu]3[ASR]1,4.916593,9.026618
2011[Gd][pcu]3[ION]1,-6.3672175,7.173452
2011[Gd][sra]3[ASR]1,-2.9153616,15.527897
2011[HoCu][stp]3[ASR]1,3.2759297,17.119339
2011[HoCu][stp]3[ASR]2,3.2427065,17.09018
2011[HoCu][stp]3[FSR]1,3.2983198,17.14332
2011[HoCu][stp]3[FSR]2,3.2624536,17.108425
2011[Ho][nan]3[ASR]1,1.6015222,15.533433
2011[In][dia]3[ASR]1,-2.5378544,5.8642783
2011[In][dia]3[ASR]2,-2.5377653,5.879104
2011[In][dia]3[ASR]3,-2.5160823,5.9087043
2011[In][dia]3[FSR]1,-2.568279,5.835317
2011[In][dia]3[FSR]2,-2.5156956,5.8886733
2011[In][dia]3[FSR]3,-2.4826148,5.9285426
2011[In][dia]3[ION]1,1.6883923,11.744052
2011[In][nan]3[ASR]1,2.5411508,7.3675084
2011[In][nan]3[ASR]2,4.646678,7.4342804
2011[In][nan]3[FSR]1,2.7001953,7.1909575
2011[In][nan]3[FSR]2,4.661545,7.3423586
2011[In][nan]3[ION]1,4.825291,10.573053
2011[In][nan]3[ION]2,0.5888765,4.2900043
2011[In][pth]3[ASR]1,5.227203,7.829488
2011[In][pth]3[FSR]1,5.233955,7.8384085
2011[LaCo][nan]3[FSR]1,2.2902327,6.384058
2011[LaCu][stp]3[FSR]1,3.5455809,17.342846
2011[LaMg][nan]3[FSR]1,-2.9186373,12.5498495
2011[La][cds]3[ASR]1,1.6704988,8.045313
2011[La][cds]3[FSR]1,-3.4617808,9.78266
2011[La][fsc]3[ASR]1,4.9910097,10.420635
2011[La][nan]3[ASR]1,2.622079,15.837214
2011[La][nan]3[ASR]2,-1.206525,10.893873
2011[La][nan]3[FSR]1,-2.5270858,14.830418
2011[La][nan]3[ION]1,-1.30347,12.537169
2011[LiIn][flu]3[ION]1,2.0100834,8.403151
2011[Mg][flu]3[ASR]1,0.6035911,4.4701233
2011[Mg][nan]3[ASR]1,3.061625,5.5666842
2011[Mg][nan]3[ASR]2,-3.6748319,10.86282
2011[Mg][nan]3[ASR]3,3.106928,5.65229
2011[Mg][nan]3[ASR]4,3.642337,6.8064504
2011[Mg][nan]3[FSR]1,-4.2798133,11.722098
2011[Mn][apo]3[ASR]1,2.867658,8.546496
2011[Mn][apo]3[FSR]1,2.8732805,8.575286
2011[Mn][flu]3[ASR]1,0.7368913,5.315588
2011[Mn][flu]3[FSR]1,0.7550919,5.3252053
2011[Mn][gra]3[ASR]1,-10.002078,12.204871
2011[Mn][nan]2[FSR]1,-4.1049905,13.872356
2011[Mn][nan]3[ASR]1,2.5405107,9.815814
2011[Mn][nan]3[ASR]2,-3.0122929,13.936403
2011[Mn][nan]3[ASR]3,-3.0349498,13.906338
2011[Mn][nan]3[FSR]1,-4.3522696,11.761262
2011[Mn][nan]3[FSR]2,-3.0156224,13.938451
2011[Mn][nan]3[FSR]3,-3.0099678,13.936515
2011[Mn][nan]3[ION]1,1.6090451,13.303072
2011[Mn][pcu]3[ASR]1,2.2435672,11.332095
2011[Mn][pcu]3[FSR]2,1.7187984,12.587214
2011[Mn][sra]3[FSR]1,-4.5488915,12.116968
2011[Mn][tfz]3[FSR]1,4.1309104,7.813244
2011[Mn][utp]3[ASR]1,-0.98818076,11.279629
2011[Mn][zzz]3[ASR]1,-0.9699286,1.8473263
2011[MoCo][nan]3[FSR]1,0.18920907,16.267279
2011[MoMn][nan]3[FSR]1,0.1155824,16.301878
2011[Nd][flu]3[ASR]1,3.6606588,10.765868
2011[Nd][flu]3[ASR]2,3.5131636,10.872083
2011[Nd][flu]3[FSR]1,3.7937045,11.009806
2011[Nd][flu]3[FSR]2,-3.4394872,13.458794
2011[Nd][mog]3[ASR]1,4.6684422,8.182002
2011[Nd][mog]3[FSR]1,-2.636792,14.693742
2011[Nd][nan]3[ASR]1,-2.4636352,14.825781
2011[Nd][nan]3[ASR]2,-1.1843945,10.889915
2011[Nd][nan]3[FSR]1,-2.48252,14.839999
2011[Nd][pcu]3[ION]1,-6.3700347,7.216621
2011[Nd][rob]3[ASR]1,-1.1033202,7.262459
2011[Nd][rob]3[ASR]2,-1.097696,7.235395
2011[Nd][rob]3[ASR]3,-1.1132737,7.2563624
2011[Nd][rob]3[FSR]1,-2.1295407,11.5353565
2011[Nd][rob]3[FSR]2,-2.1800523,11.524276
2011[Nd][rob]3[FSR]3,-2.1870193,11.581299
2011[NiDy][sra]3[FSR]1,-4.2636523,11.3159485
2011[Ni][bcu]3[ASR]1,3.8559296,9.766674
2011[Ni][bcu]3[FSR]1,3.8490663,9.736298
2011[Ni][cds]3[FSR]1,-4.6651735,11.815752
2011[Ni][dia]3[ASR]1,-4.9047155,12.003618
2011[Ni][dia]3[FSR]1,-4.861731,12.006478
2011[Ni][fsy]3[ASR]1,6.459112,11.489373
2011[Ni][hex]3[ASR]1,-3.6262999,8.711437
2011[Ni][hex]3[FSR]1,-3.6469855,8.687028
2011[Ni][nan]3[ASR]1,-0.5447994,2.7385604
2011[Ni][nan]3[ASR]10,0.96384555,12.628738
2011[Ni][nan]3[ASR]2,-3.0171819,13.976295
2011[Ni][nan]3[ASR]3,-2.9115725,8.437344
2011[Ni][nan]3[ASR]5,-3.0028996,8.475172
2011[Ni][nan]3[ASR]6,5.0871153,9.82733
2011[Ni][nan]3[ASR]7,1.3402274,7.581254
2011[Ni][nan]3[ASR]8,-2.957033,8.435606
2011[Ni][nan]3[ASR]9,1.5552936,13.393995
2011[Ni][nan]3[FSR]1,-3.02093,13.981949
2011[Ni][nan]3[FSR]2,-2.9412804,8.431585
2011[Ni][nan]3[FSR]4,-3.036489,8.485306
2011[Ni][nan]3[FSR]5,1.3424816,7.599596
2011[Ni][nan]3[FSR]6,-4.0889997,11.856014
2011[Ni][uki]3[ASR]1,-3.2150118,8.268692
2011[Ni][uki]3[FSR]1,-3.206596,8.233782
2011[PrCo][nan]3[ASR]1,3.6054947,10.297187
2011[Pr][deh]3[ASR]1,0.7627182,3.8713968
2011[Pr][flu]3[ASR]1,3.689892,10.752674
2011[Pr][flu]3[FSR]1,3.8054798,10.984514
2011[Pr][nan]3[ASR]1,2.5068603,15.955043
2011[Pr][nan]3[ASR]2,2.449219,13.46552
2011[Pr][nan]3[ASR]3,4.000684,7.765676
2011[Pr][nan]3[FSR]1,-2.5320644,14.820938
2011[Pr][nan]3[FSR]2,2.4006977,13.405831
2011[Pr][nan]3[FSR]4,2.2127976,7.224854
2011[Sc][bpq]3[ASR]1,4.6480217,8.475963
2011[Sc][bpq]3[FSR]1,4.6514173,8.608869
2011[Sc][nan]3[ASR]1,-1.991096,8.419928
2011[Sc][nan]3[ASR]3,5.0233207,10.658009
2011[Sc][nan]3[ASR]4,5.064289,10.700696
2011[Sc][nan]3[ASR]5,5.052144,10.704408
2011[Sc][nan]3[ASR]6,5.053326,10.707026
2011[Sc][nan]3[ASR]7,5.0626025,10.708154
2011[Sc][nan]3[ASR]8,5.0527368,10.6846285
2011[Sc][nan]3[FSR]1,-2.0008612,8.3812
2011[SiCa][nan]3[ION]1,0.09998558,12.660936
2011[SmCu][stp]3[FSR]1,3.4650645,17.288256
2011[SmV][sqc]3[ASR]2,-1.0845966,11.585412
2011[SmV][sqc]3[FSR]2,-1.0583227,11.601194
2011[Sm][flu]3[ASR]1,3.68776,10.810194
2011[Sm][flu]3[FSR]1,3.7951372,11.015662
2011[Sm][mog]3[ASR]1,4.6532483,8.201266
2011[Sm][mog]3[FSR]1,-2.6420834,14.717733
2011[Sm][nan]3[ASR]1,2.425342,15.991491
2011[Sm][nan]3[FSR]1,-2.5688896,14.859025
2011[Sm][pcu]3[ION]1,-6.3989034,7.202353
2011[Tb][cds]3[ASR]1,1.8585149,8.760926
2011[Tb][cds]3[FSR]1,-3.5483499,10.185395
2011[Tb][fit]3[ASR]1,2.896741,9.8874655
2011[Tb][fit]3[FSR]1,1.5992256,13.187592
2011[Tb][mog]3[ASR]1,4.647262,8.203565
2011[Tb][mog]3[FSR]1,-2.6339645,14.733491
2011[Tb][nan]3[ASR]1,2.8562665,6.575479
2011[Tb][nan]3[ASR]2,-2.3383942,14.703637
2011[Tb][nan]3[FSR]2,-2.4790318,14.783981
2011[Tm][bnn]3[ASR]1,3.7133255,10.851064
2011[Tm][bnn]3[FSR]1,3.8252316,11.070085
2011[UCe][nan]3[FSR]1,-3.3494477,21.697845
2011[UNd][nan]3[FSR]1,-3.400527,21.64876
2011[U][gfy]3[ASR]1,-4.369436,2.262054
2011[U][gfy]3[FSR]1,4.3556747,6.8153014
2011[U][mab]3[ION]1,-3.7069585,14.307009
2011[U][nan]3[ASR]1,0.6651868,16.3068
2011[U][nan]3[ASR]2,1.3774178,16.532803
2011[U][nan]3[ASR]3,-0.3839576,16.527718
2011[U][nan]3[FSR]1,-1.8535361,15.568994
2011[U][nan]3[FSR]2,1.2302927,16.408003
2011[U][nan]3[FSR]3,-0.14473836,16.560019
2011[U][nan]3[ION]1,1.2552066,16.562256
2011[U][nan]3[ION]2,0.61966425,16.586618
2011[V][bpq]3[ASR]1,2.2827318,8.344383
2011[V][bpq]3[ASR]2,3.0687673,5.605357
2011[V][bpq]3[ASR]3,3.0161862,5.5713754
2011[V][bpq]3[ASR]4,3.1247277,5.652642
2011[V][bpq]3[ASR]5,3.0333505,5.5799894
2011[V][bpq]3[ASR]6,3.4985116,6.4079275
2011[V][bpq]3[ASR]7,3.0386722,5.5860405
2011[V][bpq]3[ASR]8,3.0315032,5.5825486
2011[V][bpq]3[FSR]1,2.3019059,8.314251
2011[V][bpq]3[FSR]2,3.0749934,5.62538
2011[V][bpq]3[FSR]3,3.0420656,5.5749803
2011[V][bpq]3[FSR]4,3.1074154,5.577427
2011[V][bpq]3[FSR]5,3.0466604,5.6039767
2011[V][bpq]3[FSR]6,3.5007522,6.4092016
2011[V][bpq]3[FSR]7,3.0838962,5.5325885
2011[V][bpq]3[FSR]8,3.0440698,5.569967
2011[V][sra]3[ASR]1,0.36700633,17.977097
2011[V][sra]3[ASR]2,0.36165285,17.964157
2011[V][sra]3[FSR]1,0.46208903,18.002714
2011[V][sra]3[FSR]2,0.5182143,18.021233
2011[V][ths]3[ASR]1,-0.07208553,17.338806
2011[WCu][dia]3[FSR]2,-1.4022903,10.964182
2011[WCu][nan]3[FSR]1,-1.3378333,10.782713
2011[WCu][ths]3[FSR]2,-1.3513559,10.941238
2011[Y][deh]3[ASR]1,0.8105123,3.785244
2011[Y][flu]3[ASR]1,3.6058214,10.601014
2011[Y][nan]3[ASR]1,2.06501,8.020239
2011[Y][nan]3[ASR]2,2.4512403,13.1290045
2011[Y][nan]3[FSR]1,1.6935685,14.354976
2011[Yb][nan]3[ASR]1,-1.1579758,10.758606
2011[Yb][nan]3[ASR]2,0.5858079,3.9118001
2011[Yb][nan]3[FSR]1,-1.2332339,11.264521
2011[ZnCo][rtl]3[ASR]1,4.5128393,5.9325128
2011[ZnCo][rtl]3[FSR]1,4.5134125,5.935302
2011[ZnEu][nan]3[ASR]1,2.6297452,15.647786
2011[ZnEu][nan]3[FSR]1,-2.729072,14.632367
2011[ZnGd][nan]3[ASR]1,2.592585,15.68994
2011[ZnNd][nan]3[ASR]1,2.7002165,15.616824
2011[ZnNd][nan]3[FSR]1,-2.7695858,14.60951
2011[ZnSi][pcu]3[ASR]1,-8.493248,10.666661
2011[ZnSi][pcu]3[FSR]1,0.78714645,6.681518
2011[ZnSi][pcu]3[FSR]2,-8.498329,10.67013
2011[Zn][acs]3[ASR]1,0.57019025,4.3381734
2011[Zn][bbf]3[ASR]1,0.5442117,13.915838
2011[Zn][bbf]3[FSR]1,0.53902715,13.907074
2011[Zn][bcs]3[ASR]1,0.93390334,9.602999
2011[Zn][bto]3[ION]1,-4.6301556,12.507608
2011[Zn][cag]3[ASR]1,5.157057,11.859915
2011[Zn][cag]3[FSR]1,5.1268497,11.8378525
2011[Zn][dia]3[ASR]1,1.2115455,11.532372
2011[Zn][dia]3[ASR]10,1.3762633,11.806406
2011[Zn][dia]3[ASR]12,1.0359259,9.824969
2011[Zn][dia]3[ASR]14,0.7547643,13.593628
2011[Zn][dia]3[ASR]3,1.9557819,7.2556887
2011[Zn][dia]3[ASR]5,6.1602216,12.063862
2011[Zn][dia]3[ASR]6,6.253599,11.9417
2011[Zn][dia]3[ASR]7,1.2967122,11.814071
2011[Zn][dia]3[ASR]8,1.3621657,11.780781
2011[Zn][dia]3[ASR]9,1.308283,11.8910885
2011[Zn][dia]3[FSR]1,1.2186637,11.526156
2011[Zn][dia]3[FSR]10,1.319358,11.915778
2011[Zn][dia]3[FSR]11,1.3397862,11.831671
2011[Zn][dia]3[FSR]13,1.0241809,9.831069
2011[Zn][dia]3[FSR]15,0.725808,13.566454
2011[Zn][dia]3[FSR]3,1.95546,7.273004
2011[Zn][dia]3[FSR]6,6.2371483,11.972413
2011[Zn][dia]3[FSR]7,6.2555175,11.961523
2011[Zn][dia]3[FSR]8,1.3243289,11.823036
2011[Zn][dia]3[FSR]9,1.3446718,11.773033
2011[Zn][dmc]3[ASR]1,1.2261345,10.448205
2011[Zn][dmc]3[FSR]1,1.2085894,10.426283
2011[Zn][dmp]3[ASR]3,-2.3965833,12.006193
2011[Zn][dmp]3[FSR]3,-2.3788302,12.0117855
2011[Zn][flu]3[ASR]1,2.5410013,10.628798
2011[Zn][flu]3[ASR]2,0.97686714,4.1357203
2011[Zn][flu]3[FSR]1,2.494696,10.630229
2011[Zn][frl]3[ASR]1,4.9623804,10.644951
2011[Zn][gis]3[ION]1,-2.8541045,10.048706
2011[Zn][gis]3[ION]2,1.4804666,13.77408
2011[Zn][gra]3[ASR]1,-10.005606,12.206006
2011[Zn][hcb]2[FSR]1,-2.114471,11.728196
2011[Zn][hcb]2[FSR]2,-2.0007405,11.86116
2011[Zn][hms]3[FSR]1,1.8078611,12.720219
2011[Zn][lon]3[ION]1,0.44918442,11.773545
2011[Zn][moa]3[ASR]1,-6.3615737,7.0835505
2011[Zn][moa]3[FSR]1,-6.3619823,7.09003
2011[Zn][muo]3[ASR]1,-1.6735317,0.519029
2011[Zn][nan]2[FSR]1,-4.4345202,13.07014
2011[Zn][nan]3[ASR]1,-0.033837754,5.196042
2011[Zn][nan]3[ASR]10,-1.1349673,3.1928723
2011[Zn][nan]3[ASR]11,-1.1339208,3.1281042
2011[Zn][nan]3[ASR]12,-1.7683264,8.689691
2011[Zn][nan]3[ASR]13,4.460772,5.871654
2011[Zn][nan]3[ASR]14,1.3116122,13.316547
2011[Zn][nan]3[ASR]15,-2.8571208,14.594232
2011[Zn][nan]3[ASR]16,3.3626695,13.62551
2011[Zn][nan]3[ASR]17,0.0564675,16.990923
2011[Zn][nan]3[ASR]18,0.011706794,17.06142
2011[Zn][nan]3[ASR]19,-1.2815223,11.272347
2011[Zn][nan]3[ASR]2,-0.09749486,5.11948
2011[Zn][nan]3[ASR]20,-0.2771148,3.1835935
2011[Zn][nan]3[ASR]21,2.2465324,5.7459197
2011[Zn][nan]3[ASR]22,1.122794,12.82214
2011[Zn][nan]3[ASR]26,-4.390484,12.898135
2011[Zn][nan]3[ASR]27,-2.873287,14.619279
2011[Zn][nan]3[ASR]29,1.3275218,12.502096
2011[Zn][nan]3[ASR]3,-0.09841061,5.11171
2011[Zn][nan]3[ASR]31,2.418468,8.910039
2011[Zn][nan]3[ASR]32,1.9957079,12.1888275
2011[Zn][nan]3[ASR]33,1.402863,11.221798
2011[Zn][nan]3[ASR]4,-1.206869,4.2824154
2011[Zn][nan]3[ASR]5,-1.1935604,4.252223
2011[Zn][nan]3[ASR]6,-2.578878,14.539611
2011[Zn][nan]3[ASR]7,-1.9593035,9.327033
2011[Zn][nan]3[ASR]8,-1.9506809,9.281957
2011[Zn][nan]3[ASR]9,1.7317063,13.390812
2011[Zn][nan]3[FSR]1,-0.102852136,5.404273
2011[Zn][nan]3[FSR]10,1.6793259,13.393558
2011[Zn][nan]3[FSR]11,-1.1537013,3.1824186
2011[Zn][nan]3[FSR]12,-1.1520159,3.1241307
2011[Zn][nan]3[FSR]13,-1.7639148,8.680267
2011[Zn][nan]3[FSR]14,4.43166,5.8415914
2011[Zn][nan]3[FSR]15,1.2921113,13.253787
2011[Zn][nan]3[FSR]16,-2.8445868,14.576636
2011[Zn][nan]3[FSR]17,3.4232528,13.661341
2011[Zn][nan]3[FSR]18,-1.2831411,11.246074
2011[Zn][nan]3[FSR]19,2.250616,5.762257
2011[Zn][nan]3[FSR]20,1.0929477,12.840389
2011[Zn][nan]3[FSR]24,-3.033217,13.274042
2011[Zn][nan]3[FSR]25,-4.41258,12.900046
2011[Zn][nan]3[FSR]26,-2.8396633,14.6206875
2011[Zn][nan]3[FSR]28,1.3791078,12.4630165
2011[Zn][nan]3[FSR]3,-0.11865445,5.326267
2011[Zn][nan]3[FSR]31,-4.524937,12.240073
2011[Zn][nan]3[FSR]32,1.4281542,11.193704
2011[Zn][nan]3[FSR]4,-1.1792303,4.3072114
2011[Zn][nan]3[FSR]5,-1.1814028,4.3098836
2011[Zn][nan]3[FSR]6,-2.5853546,14.538122
2011[Zn][nan]3[FSR]8,-1.9696854,9.307579
2011[Zn][nan]3[FSR]9,-1.9210259,9.251153
2011[Zn][nan]3[ION]1,1.1591476,8.408181
2011[Zn][nan]3[ION]2,1.1542758,13.2796
2011[Zn][nbo]3[ASR]1,0.05731445,4.7949486
2011[Zn][nbo]3[FSR]1,0.005155162,4.7551756
2011[Zn][pcu]3[ASR]11,2.651354,11.1975355
2011[Zn][pcu]3[ASR]13,1.9456695,8.74756
2011[Zn][pcu]3[ASR]14,2.6259797,9.008024
2011[Zn][pcu]3[ASR]15,2.3820906,11.291715
2011[Zn][pcu]3[ASR]16,1.7261392,8.512738
2011[Zn][pcu]3[ASR]19,1.8365877,7.3665514
2011[Zn][pcu]3[ASR]21,2.1861668,11.16678
2011[Zn][pcu]3[ASR]22,-4.206899,13.994007
2011[Zn][pcu]3[ASR]6,-9.2957325,11.397764
2011[Zn][pcu]3[ASR]8,-2.321375,0.6713214
2011[Zn][pcu]3[FSR]11,2.6754525,11.2393
2011[Zn][pcu]3[FSR]13,1.9798717,8.714579
2011[Zn][pcu]3[FSR]14,2.6112356,9.041523
2011[Zn][pcu]3[FSR]15,2.3581784,11.294799
2011[Zn][pcu]3[FSR]16,1.7443098,8.6061325
2011[Zn][pcu]3[FSR]19,1.8142194,7.395957
2011[Zn][pcu]3[FSR]22,2.1835716,11.18578
2011[Zn][pcu]3[FSR]23,-4.2230806,14.007112
2011[Zn][pcu]3[FSR]6,-9.079486,11.192894
2011[Zn][pcu]3[FSR]8,-2.3136032,0.66442513
2011[Zn][pts]3[ION]1,0.20004776,7.4609494
2011[Zn][rob]3[ASR]1,2.0640802,11.71367
2011[Zn][rob]3[ASR]2,2.0504174,11.704585
2011[Zn][rob]3[FSR]1,2.0647447,11.709833
2011[Zn][rob]3[FSR]2,2.080271,11.7120075
2011[Zn][rtl]3[ASR]1,-2.4751818,8.028832
2011[Zn][rtl]3[ASR]2,-2.5261128,8.1242285
2011[Zn][rtl]3[FSR]1,-2.4610362,8.015829
2011[Zn][rtl]3[FSR]2,-2.4869568,8.131123
2011[Zn][sod]3[ASR]1,2.841707,2.8858557
2011[Zn][sod]3[ASR]2,2.8228176,2.9247823
2011[Zn][sod]3[ASR]3,2.8329508,2.8911507
2011[Zn][sod]3[FSR]1,2.8417513,2.8882113
2011[Zn][sod]3[FSR]2,2.8326151,2.8916092
2011[Zn][sql]2[FSR]1,0.7279535,12.897294
2011[Zn][sra]3[ASR]1,2.6320465,9.721068
2011[Zn][sra]3[ASR]2,3.6098108,6.707208
2011[Zn][sra]3[ASR]3,-3.2705238,9.32303
2011[Zn][sra]3[ASR]4,3.4346855,5.0970225
2011[Zn][sra]3[FSR]1,-4.125867,11.214758
2011[Zn][sra]3[FSR]2,-3.2362719,9.303021
2011[Zn][sra]3[FSR]3,3.4484425,5.0973506
2011[Zn][srs]3[ASR]1,-12.52735,5.3427224
2011[Zn][srs]3[ASR]4,-12.363209,4.3795433
2011[Zn][srs]3[ASR]5,-11.864559,5.2859783
2011[Zn][srs]3[ASR]6,-12.184707,5.021644
2011[Zn][srs]3[ASR]7,-12.230939,5.1262326
2011[Zn][srs]3[ASR]8,-12.363031,4.4165645
2011[Zn][srs]3[FSR]1,-12.522234,5.3433294
2011[Zn][srs]3[FSR]4,-12.366697,4.4001455
2011[Zn][srs]3[FSR]5,-11.864262,5.286428
2011[Zn][srs]3[FSR]6,-12.197652,5.0039387
2011[Zn][srs]3[FSR]7,-12.2588415,5.1164064
2011[Zn][srs]3[FSR]8,-12.354953,4.425249
2011[Zn][tfw]3[ASR]1,-1.9496533,9.278699
2011[Zn][tfw]3[FSR]1,-1.9539177,9.297348
2011[Zn][uni]3[ASR]1,-5.467031,6.210922
2011[Zn][uni]3[ASR]2,-0.15595768,5.6966224
2011[Zn][uni]3[ASR]3,-5.4383473,6.221495
2011[Zn][uni]3[ASR]4,-0.202586,5.7341413
2011[Zn][uni]3[FSR]1,-5.469025,6.211709
2011[Zn][uni]3[FSR]2,-0.17460369,5.6953406
2011[Zn][uni]3[FSR]3,-5.4434166,6.232432
2011[Zn][uni]3[FSR]4,-0.20182128,5.7298636
2011[Zr][fcu]3[ASR]1,-1.2490561,1.8282304
2012[Ag][dia]3[ASR]1,1.5229783,12.153735
2012[Ag][dia]3[FSR]1,1.507345,12.12787
2012[Ag][nan]3[ASR]1,5.535217,11.646463
2012[Ag][nbo]3[ION]1,-5.504971,6.14886
2012[Ag][nbo]3[ION]2,-5.637676,6.37959
2012[Ag][nbo]3[ION]3,-5.5316606,6.2067666
2012[Ag][pts]3[ASR]1,0.72941315,13.50228
2012[Ag][pts]3[FSR]1,0.7168764,13.536717
2012[Ag][pts]3[ION]1,0.825715,13.602847
2012[Ag][sra]3[ASR]1,4.665317,12.860648
2012[Ag][sra]3[FSR]1,4.6912246,12.837985
2012[Ag][srs]3[ASR]1,-1.3169512,3.2868285
2012[Ag][srs]3[ASR]2,-1.322559,3.3571432
2012[Ag][srs]3[ASR]3,-1.2983178,3.356635
2012[Ag][srs]3[FSR]1,-1.3400728,3.2929468
2012[Ag][srs]3[FSR]2,-1.3154004,3.3756313
2012[Ag][srs]3[FSR]3,-1.3166056,3.3582954
2012[AlCu][dia]3[ASR]1,1.7897369,11.668307
2012[AlCu][dia]3[FSR]1,1.7639312,11.67803
2012[Al][bpq]3[ASR]1,-1.7010268,17.542091
2012[Al][nan]3[ASR]1,4.9763126,10.341997
2012[Be][nan]3[ION]1,0.508746,11.9123535
2012[Cd][ant]3[ASR]1,2.6742926,9.356725
2012[Cd][ant]3[FSR]1,1.8807918,12.703336
2012[Cd][bbf]3[ASR]1,4.999905,10.600336
2012[Cd][bbf]3[FSR]1,-4.2057657,12.52264
2012[Cd][bcu]3[ASR]2,-6.100852,6.194014
2012[Cd][bcu]3[FSR]2,-6.115793,6.1747227
2012[Cd][bpq]3[ASR]1,-6.2377453,6.694424
2012[Cd][bpq]3[FSR]1,-6.2219033,6.6895323
2012[Cd][bpq]3[ION]1,-6.1172485,6.751314
2012[Cd][cds]3[ASR]1,1.7824239,14.447884
2012[Cd][cds]3[FSR]1,-3.726214,14.106412
2012[Cd][crs]3[ASR]1,3.023402,10.693212
2012[Cd][crs]3[FSR]1,3.034073,10.693642
2012[Cd][dia]3[ASR]1,-2.6593392,14.290161
2012[Cd][dia]3[ASR]2,-2.6279156,14.327065
2012[Cd][dia]3[ASR]3,-2.6295185,14.326217
2012[Cd][dia]3[ASR]4,-6.179002,6.981317
2012[Cd][dia]3[FSR]1,-2.6610875,14.279429
2012[Cd][dia]3[FSR]2,-2.646472,14.30526
2012[Cd][dia]3[FSR]3,-2.639771,14.304784
2012[Cd][dia]3[FSR]4,-6.1945963,6.9396353
2012[Cd][etb]3[ASR]1,1.2749927,6.9547915
2012[Cd][etb]3[FSR]1,1.2741785,6.9754744
2012[Cd][gpu]3[ASR]1,1.5750463,9.950406
2012[Cd][gpu]3[FSR]1,1.5892009,9.965723
2012[Cd][hex]3[ASR]1,1.6769348,10.143841
2012[Cd][hex]3[FSR]1,1.6245451,10.213068
2012[Cd][ins]3[ASR]1,0.08422389,3.566029
2012[Cd][nan]3[ASR]10,-1.097875,16.311943
2012[Cd][nan]3[ASR]11,1.8919612,14.474776
2012[Cd][nan]3[ASR]12,2.2428827,12.277646
2012[Cd][nan]3[ASR]13,0.67556274,16.083857
2012[Cd][nan]3[ASR]2,1.3330258,5.482045
2012[Cd][nan]3[ASR]3,2.2084777,11.473244
2012[Cd][nan]3[ASR]5,0.8731511,4.4617796
2012[Cd][nan]3[ASR]6,0.9779286,13.504075
2012[Cd][nan]3[ASR]7,3.344484,11.872193
2012[Cd][nan]3[ASR]8,-4.583372,12.826528
2012[Cd][nan]3[ASR]9,2.2253773,14.797801
2012[Cd][nan]3[FSR]2,2.21075,11.454949
2012[Cd][nan]3[FSR]4,1.0045518,13.4956255
2012[Cd][nan]3[FSR]5,3.3453543,11.878759
2012[Cd][nan]3[FSR]6,-4.516487,13.391467
2012[Cd][nan]3[FSR]7,2.1867914,14.810418
2012[Cd][nan]3[FSR]8,-1.5099478,15.983323
2012[Cd][nan]3[ION]1,-1.3581674,11.490275
2012[Cd][pcu]3[ASR]3,1.335188,13.154401
2012[Cd][pcu]3[FSR]3,1.3094507,13.158601
2012[Cd][pts]3[ASR]1,4.8066545,10.947984
2012[Cd][rob]3[ASR]1,3.4723992,9.32194
2012[Cd][rob]3[FSR]1,3.466661,9.321283
2012[Cd][rtl]3[ASR]1,-0.6207952,2.380992
2012[Cd][sra]3[ASR]1,0.44744256,4.4948487
2012[Cd][ths]3[ASR]1,1.6720668,11.593451
2012[Cd][ths]3[FSR]1,-4.6218247,11.721539
2012[Cd][uni]3[ASR]1,2.198379,11.107995
2012[Cd][uni]3[FSR]1,2.1696308,11.113562
2012[Cd][uoc]3[ASR]1,1.2341763,8.028064
2012[Cd][uoc]3[ASR]2,1.2398279,8.0260515
2012[Cd][uoc]3[FSR]1,-3.8455656,9.444559
2012[Cd][uoc]3[FSR]2,-3.8335147,9.45848
2012[CeSi][flu]3[ASR]1,-2.8345096,8.428212
2012[CeW][nan]3[ION]1,-0.20678355,16.686863
2012[Ce][hex]3[ASR]1,-3.5238538,13.470172
2012[Ce][hex]3[FSR]1,-3.6383648,13.698592
2012[Ce][nan]3[ASR]1,-3.125316,21.967869
2012[Ce][nan]3[ASR]2,-2.331625,14.678312
2012[Ce][nan]3[ASR]3,-2.8527691,15.314495
2012[Ce][nan]3[FSR]1,-3.0951152,21.956768
2012[Ce][nan]3[FSR]2,-2.7072163,14.728062
2012[Ce][nan]3[FSR]3,-2.9760041,15.384697
2012[Ce][nan]3[ION]1,-1.4316983,12.574445
2012[Ce][seh]3[ASR]2,1.9007806,7.081289
2012[CoCr][mmo]3[ASR]1,1.2349242,9.319558
2012[CoDy][nan]3[ION]1,-4.0020914,13.476709
2012[CoGd][nan]3[ASR]1,-4.186218,13.2317915
2012[CoLu][nan]3[ION]1,-4.0016146,13.477685
2012[CoNd][nan]3[ASR]1,-2.323559,14.722655
2012[CoNd][nan]3[FSR]1,-2.4032679,14.802705
2012[CoPr][nan]3[FSR]1,-2.4158726,14.719297
2012[CoSm][nan]3[ASR]1,-2.3551376,14.701225
2012[CoTm][nan]3[ION]1,-3.9910667,13.514369
2012[Co][anh]3[ASR]1,-2.9062195,8.815662
2012[Co][dia]3[ASR]1,0.53059113,5.869395
2012[Co][dia]3[ASR]2,2.5073278,10.268245
2012[Co][dia]3[ASR]3,-5.309839,12.700218
2012[Co][dia]3[ASR]4,-5.317609,12.700784
2012[Co][dia]3[ASR]5,-3.9086442,9.719717
2012[Co][dia]3[ASR]6,1.0866199,9.982072
2012[Co][dia]3[FSR]1,0.52473277,5.876807
2012[Co][dia]3[FSR]2,2.5658987,10.216527
2012[Co][dia]3[FSR]3,-5.3379498,12.707596
2012[Co][dia]3[FSR]4,-5.3217187,12.693484
2012[Co][dia]3[FSR]5,-3.8897235,9.689612
2012[Co][ecu]3[ASR]1,2.4341753,7.8445606
2012[Co][ecu]3[ASR]3,2.3662436,7.961522
2012[Co][ecu]3[ASR]4,2.4230685,7.908455
2012[Co][ecu]3[ASR]5,2.4071145,7.9625087
2012[Co][ecu]3[ASR]6,2.38322,7.953023
2012[Co][ecu]3[ASR]7,2.41753,7.9360023
2012[Co][ecu]3[ASR]8,2.414515,7.9211035
2012[Co][ecu]3[FSR]1,2.4145176,7.841663
2012[Co][ecu]3[FSR]3,2.3633666,7.9313583
2012[Co][ecu]3[FSR]4,2.4338732,7.918714
2012[Co][ecu]3[FSR]5,2.424628,7.975069
2012[Co][ecu]3[FSR]6,2.4034162,7.9361305
2012[Co][ecu]3[FSR]7,2.4527287,7.968423
2012[Co][ecu]3[FSR]8,2.4232824,7.922377
2012[Co][fsc]3[ASR]1,1.427385,9.32473
2012[Co][fsc]3[FSR]1,1.4543808,9.277931
2012[Co][gra]2[ASR]1,1.4996327,11.627777
2012[Co][gra]2[FSR]1,1.4806792,11.62569
2012[Co][hex]3[ASR]1,1.6187202,7.676899
2012[Co][hex]3[FSR]1,1.6469256,7.6960855
2012[Co][hms]3[ASR]1,1.5548415,10.962748
2012[Co][hms]3[FSR]1,1.4929706,10.9346075
2012[Co][ins]3[ASR]1,2.259443,12.611549
2012[Co][ins]3[FSR]1,2.2767851,12.613856
2012[Co][jeb]3[FSR]1,-4.5963244,12.615361
2012[Co][lon]3[FSR]1,-1.2255473,3.5769916
2012[Co][msq]3[ASR]1,0.862852,4.1394067
2012[Co][nan]3[ASR]1,2.6262498,9.58265
2012[Co][nan]3[ASR]11,1.0723726,10.840518
2012[Co][nan]3[ASR]12,-9.185198,11.305254
2012[Co][nan]3[ASR]13,-1.2206334,3.5367966
2012[Co][nan]3[ASR]2,2.2834275,8.024664
2012[Co][nan]3[ASR]3,2.8905787,5.5704474
2012[Co][nan]3[ASR]4,1.6071413,7.600485
2012[Co][nan]3[ASR]6,0.3390253,3.313965
2012[Co][nan]3[ASR]7,-2.586337,14.082894
2012[Co][nan]3[ASR]8,-6.981941,17.517654
2012[Co][nan]3[ASR]9,0.78814864,12.453821
2012[Co][nan]3[FSR]1,2.662531,9.610408
2012[Co][nan]3[FSR]3,1.6122392,7.578758
2012[Co][nan]3[FSR]5,-2.7612674,14.3846035
2012[Co][nan]3[FSR]6,-4.4329276,12.373101
2012[Co][nan]3[FSR]8,1.0839951,10.811483
2012[Co][nbo]3[FSR]1,-5.0802517,13.239152
2012[Co][ncb]3[ASR]1,2.1755645,6.1129627
2012[Co][ncb]3[FSR]1,2.1691117,6.1273866
2012[Co][pcu]3[ASR]10,1.256348,11.349786
2012[Co][pcu]3[ASR]11,1.2444227,12.879068
2012[Co][pcu]3[ASR]12,-4.1091866,11.439076
2012[Co][pcu]3[ASR]2,4.9622903,10.407493
2012[Co][pcu]3[ASR]6,1.4397388,9.249127
2012[Co][pcu]3[FSR]11,-4.1076326,11.562787
2012[Co][pcu]3[FSR]5,1.3942403,9.229504
2012[Co][pcu]3[ION]1,-2.9256396,10.032839
2012[Co][pts]3[ASR]1,0.8153189,5.4416394
2012[Co][pts]3[FSR]1,1.3234638,7.755274
2012[Co][pts]3[FSR]2,-4.221153,11.52182
2012[Co][rtl]3[ASR]1,1.6113878,12.009546
2012[Co][rtl]3[ASR]2,2.7414906,13.602203
2012[Co][rtl]3[FSR]1,1.6059718,11.968491
2012[Co][rtl]3[FSR]2,2.7463524,13.575458
2012[Co][scu]3[ASR]1,-1.1253841,3.49618
2012[Co][sit]3[ASR]1,-1.2626197,4.4163113
2012[Co][sqp]3[ASR]1,2.487913,13.065513
2012[Co][sqp]3[ASR]2,2.4827638,13.063141
2012[Co][sqp]3[FSR]1,2.49622,13.072853
2012[Co][sqp]3[FSR]2,2.4785924,13.10345
2012[Co][tsn]3[ASR]1,0.08945448,3.2967327
2012[Co][tsn]3[ASR]2,0.029565217,3.3550527
2012[Co][tsn]3[FSR]1,0.0715681,3.2848704
2012[CrNi][mmo]3[FSR]1,1.4880271,9.959492
2012[CuCd][hex]3[ASR]1,2.1168635,7.8504763
2012[CuCd][hex]3[ASR]2,2.1049116,7.8518867
2012[CuGd][sqc]3[ASR]1,0.02322031,7.1363435
2012[CuLa][stp]3[ASR]1,1.44712,15.004952
2012[CuMn][dia]3[ASR]1,-1.9263444,9.120936
2012[CuMo][dia]3[ASR]1,-1.3890717,10.907607
2012[CuMo][dia]3[ASR]2,-1.4125721,10.923344
2012[CuMo][dia]3[ASR]3,-1.3577349,10.8938055
2012[CuMo][nan]3[ASR]1,-1.3561449,10.715238
2012[CuMo][nan]3[ASR]2,-0.77270585,5.4007654
2012[CuNb][pcu]3[ASR]1,5.95006,18.436163
2012[CuNb][pcu]3[FSR]1,5.9356046,18.421688
2012[CuPr][stp]3[FSR]1,1.4160446,15.027959
2012[CuRh][zim]3[ASR]1,-6.323985,6.9501395
2012[CuRh][zim]3[FSR]1,-6.2877374,6.943515
2012[CuSi][scu]3[ASR]1,4.3284936,5.821689
2012[CuU][sqc]3[ASR]1,1.8589315,16.255709
2012[CuV][pcu]3[ASR]1,5.9118457,18.398767
2012[Cu][bcu]3[ASR]1,2.6141443,10.40503
2012[Cu][bcu]3[FSR]1,2.5929635,10.373844
2012[Cu][bpq]3[ASR]1,1.9083761,7.0032334
2012[Cu][bpq]3[ION]1,-1.3153374,11.428253
2012[Cu][crs]3[ASR]1,0.5311047,13.887304
2012[Cu][crs]3[FSR]1,0.53657514,13.905432
2012[Cu][dia]3[ASR]1,3.3254435,11.77246
2012[Cu][dia]3[ASR]2,-3.6727388,11.73848
2012[Cu][dia]3[ASR]3,-3.552654,11.616033
2012[Cu][dia]3[ASR]4,0.6636331,5.115055
2012[Cu][dia]3[FSR]1,3.3224375,11.779189
2012[Cu][dia]3[FSR]2,-3.6186082,11.694681
2012[Cu][dia]3[FSR]3,-3.5710623,11.615543
2012[Cu][gfy]3[ASR]1,5.7556343,11.943341
2012[Cu][hxg]3[ASR]1,-0.85381716,5.0825796
2012[Cu][hxg]3[FSR]1,-0.8757918,5.112462
2012[Cu][ith]3[ASR]1,-2.034361,0.44099283
2012[Cu][kgd]3[ASR]1,-3.8619614,10.635759
2012[Cu][kgd]3[FSR]1,-3.8598135,10.655306
2012[Cu][lvt]3[ASR]1,-2.5327573,7.7083836
2012[Cu][moa]3[ASR]1,1.258106,14.140976
2012[Cu][moa]3[FSR]1,1.253676,14.138062
2012[Cu][nan]3[ASR]1,-0.80877215,1.5623744
2012[Cu][nan]3[ASR]2,-0.79593056,3.2163239
2012[Cu][nan]3[FSR]1,-1.7912097,4.85689
2012[Cu][nbo]3[ASR]1,-1.1466315,1.162684
2012[Cu][nbo]3[ASR]2,-0.61595213,0.95434403
2012[Cu][nts]3[ASR]1,-1.1418878,1.5597537
2012[Cu][nts]3[ASR]2,-2.1104982,-0.107038535
2012[Cu][nts]3[ASR]4,-1.1746211,2.6236517
2012[Cu][ntt]3[ASR]1,-1.8354907,0.16291657
2012[Cu][pcu]3[ASR]1,5.5811687,11.182137
2012[Cu][pcu]3[ASR]2,-2.7713647,9.927815
2012[Cu][pcu]3[ASR]4,1.5532347,10.270252
2012[Cu][pcu]3[ASR]5,-3.3678207,8.841361
2012[Cu][pcu]3[FSR]1,3.697593,11.577787
2012[Cu][pcu]3[FSR]3,1.5263623,10.256885
2012[Cu][pcu]3[FSR]4,-3.3308249,8.833397
2012[Cu][pcu]3[ION]1,-5.662716,6.400374
2012[Cu][pto]3[ASR]1,-1.3197553,0.9670499
2012[Cu][qtz]3[ASR]1,1.4313246,8.141841
2012[Cu][qtz]3[FSR]1,1.4140191,8.139585
2012[Cu][rhr]3[ASR]1,-1.1699065,2.417651
2012[Cu][rob]3[ASR]1,0.725228,11.2400055
2012[Cu][rob]3[ASR]2,0.55515295,11.0273485
2012[Cu][rob]3[FSR]1,0.7112372,11.231072
2012[Cu][rob]3[FSR]2,0.58426917,11.050225
2012[Cu][rtl]3[ASR]1,2.72482,10.894325
2012[Cu][rtl]3[ASR]2,2.52739,9.400661
2012[Cu][rtl]3[FSR]1,2.6897001,10.911645
2012[Cu][rtl]3[FSR]2,2.5355,9.351578
2012[Cu][scu]3[ASR]1,-0.28870964,3.1888514
2012[Cu][scu]3[ASR]2,-1.1863942,1.2978268
2012[Cu][sra]3[ASR]1,5.282006,12.425603
2012[Cu][sra]3[ASR]2,0.70557773,9.457562
2012[Cu][sra]3[FSR]1,5.285145,12.420044
2012[Cu][sra]3[FSR]2,-3.4573216,11.466515
2012[Cu][tbo]3[ASR]1,-1.99558,0.9580862
2012[Cu][tbo]3[ASR]2,-2.174188,2.3077397
2012[Cu][tbo]3[ASR]3,-2.2227414,2.2693129
2012[Cu][tbo]3[ASR]4,-2.161803,2.2910733
2012[Cu][tbo]3[ASR]5,-2.159965,2.3259237
2012[Cu][tbo]3[ASR]6,-2.1227028,2.3585627
2012[Cu][tbo]3[ASR]7,-2.183597,2.2923827
2012[Cu][tbo]3[ASR]8,-2.2458198,2.3348663
2012[Cu][tbo]3[ASR]9,-2.2269683,2.2497163
2012[Cu][tfw]3[ASR]1,4.669657,13.211436
2012[Cu][tfw]3[ASR]2,4.7061834,12.9382305
2012[Cu][tfw]3[FSR]1,4.6755447,13.210977
2012[Cu][tfw]3[FSR]2,4.6951547,12.94829
2012[Cu][ths]3[ASR]1,6.4944735,21.779383
2012[Cu][ths]3[ASR]2,6.498624,21.783749
2012[Cu][ths]3[ASR]3,6.4788156,21.764112
2012[Cu][ths]3[FSR]1,6.494455,21.77936
2012[Cu][ths]3[FSR]2,6.4988637,21.783884
2012[Cu][ths]3[FSR]3,6.477364,21.762976
2012[Cu][ths]3[ION]1,1.8840292,13.860611
2012[Cu][twf]3[ASR]1,-1.0813714,3.7103755
2012[Cu][twf]3[ASR]2,-1.0820105,3.7192369
2012[Cu][unc]3[ASR]1,5.977478,12.31443
2012[Cu][unc]3[ASR]10,6.0020704,12.295688
2012[Cu][unc]3[ASR]2,6.0124583,12.323002
2012[Cu][unc]3[FSR]1,5.978219,12.314379
2012[Cu][unc]3[FSR]10,6.036509,12.298739
2012[Cu][unc]3[FSR]2,6.0366125,12.286667
2012[Cu][wbl]3[ASR]1,-2.0651684,-0.112013705
2012[DyZn][nan]3[ASR]1,-1.9535521,9.081934
2012[DyZn][nan]3[ASR]2,2.9119434,9.092828
2012[Dy][nan]3[ASR]2,-2.9076903,14.33879
2012[Dy][nan]3[FSR]2,-3.3483586,14.900837
2012[Er][nan]3[ASR]2,3.780365,11.171162
2012[Er][nan]3[FSR]2,-3.430913,12.637908
2012[Eu][acs]3[ION]1,0.4409251,10.776054
2012[Eu][gra]3[ASR]1,1.7330073,4.317021
2012[Eu][gra]3[FSR]1,1.887551,4.4159384
2012[Eu][nan]3[ASR]1,1.9348358,9.945325
2012[Eu][nan]3[ASR]3,-2.2925324,14.684404
2012[Eu][nan]3[ASR]4,2.631872,15.71157
2012[Eu][nan]3[ASR]5,2.2007873,7.157643
2012[Eu][nan]3[FSR]1,1.9413326,9.953011
2012[Eu][nan]3[FSR]3,-2.619842,14.773399
2012[Eu][nan]3[FSR]4,2.5526638,15.728149
2012[Eu][nan]3[FSR]5,2.38962,7.2432957
2012[Eu][pcu]3[ASR]1,2.8813007,15.354675
2012[Eu][pcu]3[FSR]1,2.9031668,15.330631
2012[Eu][tfz]3[ASR]1,-3.5950327,8.843391
2012[Eu][tfz]3[FSR]1,-3.6510375,9.025879
2012[FeMnSb][dia]3[ASR]1,4.9027348,6.6888256
2012[FeZr][csq]3[ASR]1,-1.775587,0.47706985
2012[FeZr][csq]3[ASR]2,-1.7592622,0.5673886
2012[FeZr][csq]3[FSR]1,-1.6057742,0.50996035
2012[Fe][acs]3[ASR]1,0.31715804,3.237774
2012[Fe][bpq]3[ASR]1,2.969438,5.5785875
2012[Fe][bpq]3[ASR]2,3.0096087,5.6196504
2012[Fe][bpq]3[ASR]3,2.9552798,5.557593
2012[Fe][bpq]3[FSR]1,2.963903,5.5698023
2012[Fe][bpq]3[FSR]2,2.9667675,5.569323
2012[Fe][bpq]3[FSR]3,2.9627585,5.5628004
2012[Fe][nan]3[ASR]1,5.0085726,6.919517
2012[Fe][nan]3[ASR]2,5.041554,6.98542
2012[Fe][nan]3[ASR]3,-1.2040216,6.3493595
2012[Fe][nan]3[ASR]4,-1.2568167,6.3620534
2012[Fe][nan]3[ASR]5,-1.2715592,6.399023
2012[Fe][nan]3[ASR]6,-1.3006316,6.386066
2012[Fe][nan]3[ASR]7,-6.988426,17.494274
2012[Fe][nan]3[ASR]8,3.0064623,12.222957
2012[Fe][nan]3[FSR]1,5.014222,6.9132667
2012[Fe][nan]3[FSR]2,5.04007,6.9630876
2012[Fe][nan]3[FSR]7,-6.9886665,17.494307
2012[Fe][nan]3[FSR]8,3.0050154,12.230999
2012[Fe][pts]3[ASR]1,0.5503948,7.728195
2012[Fe][pts]3[FSR]1,0.55368316,7.706781
2012[Fe][sql]2[ASR]1,-1.4020103,11.7494955
2012[Fe][sql]2[FSR]1,-1.3638964,11.727701
2012[Ga][ctn]3[ASR]1,2.0487757,4.38562
2012[Ga][ctn]3[FSR]1,2.0547233,4.3898873
2012[GdCo][nan]3[FSR]1,-4.154214,13.3548565
2012[Gd][nan]3[ASR]2,-1.1497265,16.07107
2012[Gd][nan]3[ASR]3,0.9100885,4.66568
2012[Gd][nan]3[ASR]4,2.5117342,7.5399213
2012[Gd][nan]3[ASR]5,-2.3704557,14.644421
2012[Gd][nan]3[ASR]6,-2.8107088,14.295978
2012[Gd][nan]3[FSR]5,-2.4270508,14.83556
2012[Gd][nan]3[FSR]6,-3.3854244,14.895058
2012[Gd][pcu]3[ASR]1,3.5202713,5.648817
2012[Gd][pcu]3[ASR]2,3.4612455,5.583109
2012[Gd][pcu]3[ASR]3,3.5004108,5.6044536
2012[Gd][pcu]3[ASR]4,3.4652202,5.5708647
2012[Gd][pcu]3[ASR]5,3.4524114,5.5667105
2012[Gd][pcu]3[FSR]1,2.6717045,9.759851
2012[Gd][pcu]3[FSR]2,2.6991901,9.591708
2012[Gd][pcu]3[FSR]3,2.7179353,9.638587
2012[Gd][pcu]3[FSR]4,2.6893525,9.52115
2012[Gd][pcu]3[FSR]5,2.671442,9.619958
2012[Hf][reo]3[ASR]1,-2.1164436,5.8930626
2012[HoCo][nan]3[ION]1,-4.033593,13.458573
2012[Ho][tsx]3[ASR]1,-2.0571046,8.398521
2012[Ho][tsx]3[FSR]1,-2.142566,9.169283
2012[InMg][nan]3[ASR]1,-1.2729301,1.0824131
2012[In][bpq]3[ASR]1,1.623344,14.75047
2012[In][dia]3[ASR]1,3.9818141,14.210408
2012[In][dia]3[ASR]2,0.45829174,4.188114
2012[In][dia]3[ASR]4,1.0432056,4.5213103
2012[In][dia]3[ASR]6,5.0253496,10.352261
2012[In][dia]3[FSR]1,3.9922647,14.207041
2012[In][dia]3[FSR]2,0.45656636,4.228638
2012[In][dia]3[FSR]4,1.0517542,4.5416207
2012[In][dia]3[ION]1,0.2884002,5.076465
2012[In][dia]3[ION]2,-0.07995077,5.5545363
2012[In][sqc]3[ASR]2,2.5264363,7.156037
2012[LaCu][stp]3[FSR]1,1.4190569,15.006633
2012[LaNi][scn]3[FSR]1,-3.56605,14.783922
2012[La][hex]3[ASR]1,-3.5331109,13.462371
2012[La][hex]3[FSR]1,-3.6808593,13.745185
2012[La][nan]3[ASR]1,1.9468387,9.894905
2012[La][nan]3[ASR]2,-2.837199,15.286925
2012[La][nan]3[ASR]3,-3.0802183,21.966911
2012[La][nan]3[FSR]1,1.9533273,9.8823805
2012[La][nan]3[FSR]2,-2.9304738,15.416544
2012[La][nan]3[ION]1,-1.4451933,12.523709
2012[La][seh]3[ASR]1,1.9437174,7.1994057
2012[Lu][nan]3[ASR]2,4.6059666,7.458469
2012[Mg][bcu]3[ASR]1,-2.399951,8.113523
2012[Mg][bcu]3[ASR]2,-2.6251426,8.273662
2012[Mg][dia]2[ASR]1,1.8931514,13.330217
2012[Mg][nan]3[ASR]1,5.57881,12.819886
2012[Mg][nan]3[ASR]2,-2.0750895,0.71881473
2012[Mg][nan]3[ASR]3,4.88307,10.619334
2012[Mg][nan]3[ASR]4,-0.117808335,5.717085
2012[Mg][nan]3[ASR]5,2.8033848,3.0203133
2012[Mg][nan]3[FSR]1,-3.0866227,14.320982
2012[Mg][nan]3[FSR]2,-2.9582822,8.805549
2012[Mg][utp]3[ASR]1,-4.6929593,13.719533
2012[Mg][utp]3[FSR]1,-4.344171,13.828233
2012[MnNaCu][nan]3[ION]1,-1.9782512,2.380197
2012[MnNaCu][nan]3[ION]2,-1.3202323,2.6144953
2012[MnZnNaMo][nan]3[ION]2,-0.8260622,16.502409
2012[Mn][dia]3[ASR]1,-1.2395507,16.179768
2012[Mn][dia]3[FSR]1,-1.3144127,16.146322
2012[Mn][fet]3[ASR]1,-2.7320302,10.886299
2012[Mn][fet]3[FSR]1,-2.770301,10.882171
2012[Mn][flu]3[ASR]1,0.5224928,4.588316
2012[Mn][flu]3[FSR]1,0.50345004,4.6307793
2012[Mn][llj]3[ASR]1,-6.1152835,7.1056004
2012[Mn][llj]3[FSR]1,-6.13361,7.094675
2012[Mn][nan]3[ASR]1,2.0851624,7.478157
2012[Mn][nan]3[ASR]2,1.7783134,6.906504
2012[Mn][nan]3[ASR]4,-2.2128432,7.7483745
2012[Mn][nan]3[ASR]5,-6.9825068,17.510391
2012[Mn][nan]3[ASR]6,-9.2250185,11.343717
2012[Mn][pcu]3[ASR]2,2.1845589,11.4648695
2012[Mn][pcu]3[ASR]4,1.4479496,12.566254
2012[Mn][pcu]3[FSR]2,2.1851747,11.482899
2012[Mn][pcu]3[FSR]4,1.4429052,12.54867
2012[Mn][pts]3[ASR]1,0.73659146,5.4152737
2012[Mn][sra]3[ASR]1,0.51157653,4.696515
2012[MoCo][mmo]3[FSR]1,1.5368692,9.898775
2012[MoCu][dia]3[FSR]2,-1.437094,10.918215
2012[MoCu][dia]3[FSR]3,-1.3996489,10.907379
2012[MoCu][nan]3[FSR]2,5.7954,10.942596
2012[MoNi][mmo]3[FSR]1,1.6170738,10.041858
2012[NaCu][nan]3[ION]1,-1.8813444,9.394535
2012[NdIn][nan]3[ION]1,-0.75162524,1.8792052
2012[Nd][nan]3[ASR]1,-2.5532303,14.57183
2012[Nd][nan]3[ASR]2,-2.3739645,14.621224
2012[Nd][nan]3[ASR]3,-2.745581,15.25656
2012[Nd][nan]3[ASR]4,1.4967417,5.4173884
2012[Nd][nan]3[FSR]1,-3.0106332,14.715993
2012[Nd][nan]3[FSR]2,-2.7299798,14.780572
2012[Nd][nan]3[FSR]3,-2.877635,15.439834
2012[NiCr][mmo]3[ASR]1,1.2631061,9.569151
2012[NiLa][scn]3[ASR]1,-3.542771,14.361576
2012[NiMo][mmo]3[ASR]1,1.3216827,9.635726
2012[NiNd][scn]3[ASR]1,-3.4319444,14.574023
2012[NiNd][scn]3[FSR]1,-3.482972,14.815516
2012[Ni][dia]3[ION]1,0.75763834,6.560171
2012[Ni][ins]3[ASR]1,2.2604742,12.6374235
2012[Ni][ins]3[FSR]1,2.252272,12.560473
2012[Ni][nan]3[ASR]1,-5.042536,12.052348
2012[Ni][nan]3[ASR]2,1.0769374,11.887538
2012[Ni][nan]3[ASR]3,-6.9796467,17.512493
2012[Ni][nan]3[ASR]4,1.1063044,10.736813
2012[Ni][nan]3[ASR]5,-9.154306,11.273265
2012[Ni][nan]3[FSR]1,-5.049323,12.04536
2012[Ni][nan]3[FSR]3,1.102861,10.708402
2012[Ni][pcu]3[ASR]1,-0.9572206,7.2435484
2012[Ni][pcu]3[FSR]1,0.70715344,12.846137
2012[Ni][qtz]3[ASR]1,6.924716,8.982071
2012[Ni][qtz]3[FSR]1,-2.7803223,14.397663
2012[Ni][rtl]3[ASR]1,-0.7168145,10.237429
2012[Ni][rtl]3[FSR]1,-0.72371745,10.232468
2012[Ni][sqc]3[FSR]1,-4.8650107,12.359127
2012[PbCs][nan]3[ION]1,-1.0157485,11.229296
2012[PbK][nan]3[ION]1,-0.99315363,11.309442
2012[PrCo][nan]3[ASR]1,-2.381133,14.655053
2012[PrCu][stp]3[ASR]1,1.3690107,15.055077
2012[Pr][hex]3[ASR]1,-3.6120527,13.577134
2012[Pr][hex]3[FSR]1,-3.6928642,13.786195
2012[Pr][nan]3[ASR]1,-2.3563924,14.6998625
2012[Pr][nan]3[FSR]1,-2.7927134,14.72179
2012[Pr][seh]3[ASR]1,1.9457425,7.3557663
2012[Pr][seh]3[ASR]2,1.9684142,7.309632
2012[Pr][seh]3[FSR]2,1.9858716,7.389543
2012[SiEu][flu]3[ASR]1,5.060978,9.782822
2012[SmCo][nan]3[FSR]1,-2.408812,14.748186
2012[SmSb][dia]3[ASR]1,1.9718719,15.087964
2012[SmSb][dia]3[FSR]1,1.7288903,15.184211
2012[Sm][deh]3[ASR]1,5.173162,9.232182
2012[Sm][hex]3[ASR]1,-3.6029353,13.535093
2012[Sm][hex]3[FSR]1,-3.6647484,13.7878895
2012[Sm][nan]3[ASR]2,-2.2946153,14.653207
2012[Sm][nan]3[ASR]3,4.648746,12.855488
2012[Sm][nan]3[ASR]4,-2.3354533,14.664492
2012[Sm][nan]3[ASR]5,3.9570122,7.8736124
2012[Sm][nan]3[ASR]6,1.7965938,4.403896
2012[Sm][nan]3[FSR]2,-2.4372523,14.797575
2012[Sm][nan]3[FSR]3,4.649287,12.854621
2012[Sm][nan]3[FSR]4,-2.447436,14.81891
2012[Sm][nan]3[FSR]5,1.9400073,4.4313445
2012[Tb][hex]3[ASR]1,-3.6364362,13.62785
2012[Tb][hex]3[FSR]1,-3.7170138,13.900506
2012[Tb][mog]3[ASR]1,1.7293954,16.350912
2012[Tb][mog]3[FSR]1,-2.8855813,15.220834
2012[Tb][nan]3[ASR]1,2.3816938,6.7995415
2012[Tb][nan]3[ASR]2,1.9483528,9.939599
2012[Tb][nan]3[ASR]4,1.5208347,5.486809
2012[Tb][nan]3[ASR]5,-1.2156076,11.150265
2012[Tb][nan]3[ASR]6,1.7921827,4.360894
2012[Tb][nan]3[FSR]1,2.3462858,6.800647
2012[Tb][nan]3[FSR]2,1.9433843,9.964439
2012[Tb][nan]3[FSR]4,1.5722386,5.557469
2012[Tb][nan]3[FSR]5,1.919584,4.389883
2012[Tb][pcu]3[ASR]1,2.8965528,15.389536
2012[Tb][pcu]3[FSR]1,2.8744109,15.369233
2012[Th][nan]3[ASR]1,1.2333745,16.081684
2012[Th][nan]3[FSR]1,1.2781086,16.067728
2012[Tm][mog]3[ASR]1,4.59537,8.252812
2012[Tm][mog]3[ASR]2,2.1099854,16.13812
2012[Tm][mog]3[FSR]1,-2.4250913,14.192909
2012[Tm][mog]3[FSR]2,1.9816462,16.210419
2012[UAg][nan]3[ASR]1,-0.99409324,16.439007
2012[UNd][nan]3[FSR]1,1.4984658,16.391903
2012[U][nan]3[ASR]1,-0.44801924,16.618898
2012[U][nan]3[ASR]2,-1.0186654,16.399338
2012[U][nan]3[ASR]3,0.7389073,16.345758
2012[U][nan]3[FSR]1,-0.2880295,16.6886
2012[U][nan]3[FSR]2,-1.1620256,16.235716
2012[U][nan]3[FSR]3,0.8702292,16.4912
2012[U][qtz]3[ASR]1,-0.6585992,16.659016
2012[VCu][pcu]3[FSR]1,5.946759,18.434572
2012[Yb][mog]3[ASR]1,-2.4545949,14.865634
2012[Yb][mog]3[FSR]1,-2.4390533,14.88524
2012[ZnCd][pcu]3[ASR]1,-3.3551514,12.039196
2012[ZnCu][idp]3[ASR]1,-2.0149267,2.4974399
2012[ZnDy][nan]3[FSR]2,2.610211,9.826557
2012[ZnEu][nan]3[ASR]1,-0.1110804,5.7920957
2012[ZnGd][nan]3[ASR]1,-1.986649,9.214612
2012[ZnU][nan]3[ASR]1,-1.1177908,16.383442
2012[Zn][acs]3[ASR]1,1.6456687,18.214712
2012[Zn][acs]3[ASR]2,1.6219145,18.187714
2012[Zn][acs]3[ASR]3,1.6530334,18.228258
2012[Zn][acs]3[ASR]4,1.6489828,18.220644
2012[Zn][acs]3[ASR]5,1.6264274,18.192509
2012[Zn][acs]3[FSR]1,1.6806228,18.253504
2012[Zn][acs]3[FSR]2,1.6499602,18.223078
2012[Zn][acs]3[FSR]3,1.625568,18.194324
2012[Zn][acs]3[FSR]4,1.6545786,18.233047
2012[Zn][acs]3[FSR]5,1.6585346,18.229136
2012[Zn][acs]3[FSR]6,1.6383679,18.20393
2012[Zn][ant]3[ASR]2,4.5996537,13.157655
2012[Zn][ant]3[ASR]3,2.3911397,14.386367
2012[Zn][ant]3[FSR]2,4.596855,13.170367
2012[Zn][ant]3[FSR]3,2.3762617,14.374745
2012[Zn][bcs]3[ASR]1,0.89578694,9.619277
2012[Zn][bcs]3[FSR]1,0.8941206,9.630451
2012[Zn][bnn]3[ASR]1,2.6592767,9.921057
2012[Zn][crs]3[ASR]1,-1.7629312,6.9417152
2012[Zn][crs]3[ASR]2,-2.2035341,7.651611
2012[Zn][crs]3[FSR]1,-1.7671835,6.9290514
2012[Zn][crs]3[FSR]2,-2.2047968,7.6968594
2012[Zn][dia]3[ASR]1,4.69485,12.946676
2012[Zn][dia]3[ASR]2,-3.3044589,11.379758
2012[Zn][dia]3[ASR]3,0.7549239,13.624119
2012[Zn][dia]3[FSR]1,4.693192,12.944721
2012[Zn][dia]3[FSR]2,-3.3047876,11.372637
2012[Zn][dia]3[FSR]3,0.7762954,13.595745
2012[Zn][dmc]3[ASR]1,1.0880128,14.071934
2012[Zn][dmc]3[FSR]1,1.0935068,14.072825
2012[Zn][dmp]3[ASR]1,-2.384783,12.010945
2012[Zn][dmp]3[ASR]2,-2.379001,12.004156
2012[Zn][dmp]3[ASR]3,-2.3798158,11.988635
2012[Zn][dmp]3[FSR]1,-2.379682,12.005814
2012[Zn][dmp]3[FSR]2,-2.373869,12.002242
2012[Zn][dmp]3[FSR]3,-2.376744,11.995193
2012[Zn][flu]3[ASR]1,-0.71637696,2.7410169
2012[Zn][fsc]3[ASR]1,-1.2378039,4.4804373
2012[Zn][fsc]3[FSR]1,-1.2234914,4.5153413
2012[Zn][hex]3[ASR]1,-3.6185167,8.696351
2012[Zn][hex]3[FSR]1,-3.6257303,8.7066965
2012[Zn][idp]3[ASR]1,-2.0520005,2.5220118
2012[Zn][ins]3[ASR]1,-3.663914,9.763208
2012[Zn][ins]3[FSR]1,-3.6469839,9.77163
2012[Zn][jph]3[ASR]1,-4.996665,12.918731
2012[Zn][jph]3[FSR]1,-5.020807,12.96407
2012[Zn][lig]3[ASR]1,6.235974,11.54383
2012[Zn][mog]3[ASR]1,-3.816293,10.372948
2012[Zn][mog]3[FSR]1,-3.842481,10.376799
2012[Zn][nan]3[ASR]10,1.7875112,9.916734
2012[Zn][nan]3[ASR]11,5.064157,10.081579
2012[Zn][nan]3[ASR]12,-6.979645,17.51304
2012[Zn][nan]3[ASR]13,-1.129471,10.676595
2012[Zn][nan]3[ASR]14,-0.5913655,2.8129034
2012[Zn][nan]3[ASR]15,-0.6053546,2.943284
2012[Zn][nan]3[ASR]16,0.35969356,3.5083249
2012[Zn][nan]3[ASR]2,1.9109926,9.970814
2012[Zn][nan]3[ASR]28,-8.969082,11.048709
2012[Zn][nan]3[ASR]29,1.1698997,3.9032023
2012[Zn][nan]3[ASR]3,1.9016109,6.587594
2012[Zn][nan]3[ASR]30,-0.57764566,2.8141823
2012[Zn][nan]3[ASR]31,3.533868,6.648629
2012[Zn][nan]3[ASR]32,3.53486,6.6711555
2012[Zn][nan]3[ASR]36,-3.759411,14.580314
2012[Zn][nan]3[ASR]37,-11.31786,13.388644
2012[Zn][nan]3[ASR]38,-0.65764487,4.2896585
2012[Zn][nan]3[ASR]5,-0.50684166,2.6933372
2012[Zn][nan]3[ASR]6,-0.10449483,3.4582925
2012[Zn][nan]3[ASR]8,-4.110377,11.716819
2012[Zn][nan]3[ASR]9,-11.318143,13.388805
2012[Zn][nan]3[FSR]10,-0.5685384,2.8578804
2012[Zn][nan]3[FSR]11,-0.6435863,2.8690462
2012[Zn][nan]3[FSR]12,0.37189862,3.541659
2012[Zn][nan]3[FSR]2,1.8660759,10.012644
2012[Zn][nan]3[FSR]24,-8.993853,11.063186
2012[Zn][nan]3[FSR]25,1.9607464,13.172479
2012[Zn][nan]3[FSR]26,2.0041382,13.196786
2012[Zn][nan]3[FSR]30,-3.7297835,14.647654
2012[Zn][nan]3[FSR]5,-0.104061775,3.4373047
2012[Zn][nan]3[FSR]7,-0.12813888,5.647338
2012[Zn][nan]3[FSR]8,1.7684376,9.990269
2012[Zn][nan]3[FSR]9,4.6029224,14.631126
2012[Zn][nan]3[ION]2,1.5307735,13.751992
2012[Zn][nan]3[ION]3,0.5586183,4.7265844
2012[Zn][nbo]3[ASR]1,-0.91711843,2.2905111
2012[Zn][nbo]3[ASR]2,-0.98502034,2.3473234
2012[Zn][nbo]3[ASR]3,6.3382134,11.797293
2012[Zn][nbo]3[FSR]1,6.402396,11.860447
2012[Zn][nia]3[ASR]1,2.006677,8.119857
2012[Zn][nia]3[FSR]1,2.015557,8.102141
2012[Zn][nod]3[ASR]1,5.5458975,12.378001
2012[Zn][nod]3[FSR]1,5.5521684,12.38979
2012[Zn][npo]3[ASR]1,-0.14371744,6.0889235
2012[Zn][npo]3[FSR]1,-0.14023763,6.067441
2012[Zn][nts]3[ASR]1,-1.1663325,1.542869
2012[Zn][pcu]3[ASR]10,1.7533343,8.412419
2012[Zn][pcu]3[ASR]11,-2.086887,1.1404445
2012[Zn][pcu]3[ASR]12,-0.86620295,4.84767
2012[Zn][pcu]3[ASR]13,2.190259,9.116801
2012[Zn][pcu]3[ASR]14,0.32191208,4.7456217
2012[Zn][pcu]3[ASR]15,1.6597916,10.776728
2012[Zn][pcu]3[ASR]17,1.5664346,12.237433
2012[Zn][pcu]3[ASR]18,-2.0887182,0.068940915
2012[Zn][pcu]3[ASR]2,0.021744398,5.2309456
2012[Zn][pcu]3[ASR]3,3.8212152,5.8710327
2012[Zn][pcu]3[ASR]4,-1.6984105,0.5928273
2012[Zn][pcu]3[ASR]5,4.9671803,10.304478
2012[Zn][pcu]3[ASR]6,0.7377107,4.2379475
2012[Zn][pcu]3[ASR]7,5.1396585,9.272252
2012[Zn][pcu]3[ASR]8,-0.82500327,1.6974618
2012[Zn][pcu]3[ASR]9,3.434149,9.17442
2012[Zn][pcu]3[FSR]11,1.5081177,12.269234
2012[Zn][pcu]3[FSR]3,0.6429889,4.895639
2012[Zn][pcu]3[FSR]4,3.4409268,9.1711855
2012[Zn][pcu]3[FSR]5,1.7564412,8.385211
2012[Zn][pcu]3[FSR]6,-2.0626974,1.11213
2012[Zn][pcu]3[FSR]7,-0.862127,4.8439207
2012[Zn][pcu]3[FSR]8,2.2001133,9.108629
2012[Zn][pcu]3[FSR]9,1.6605189,10.782268
2012[Zn][pts]3[ASR]1,1.2018296,4.905514
2012[Zn][pts]3[ASR]2,3.9808307,5.2285833
2012[Zn][pts]3[FSR]1,3.9755297,5.164811
2012[Zn][qtz]3[ASR]1,1.400753,11.469985
2012[Zn][raa]3[ASR]1,5.2304983,12.117274
2012[Zn][raa]3[ASR]5,5.1591835,12.067583
2012[Zn][raa]3[ASR]6,5.1687093,12.063902
2012[Zn][raa]3[ASR]7,5.206674,12.081009
2012[Zn][raa]3[FSR]1,5.243864,12.131209
2012[Zn][raa]3[FSR]5,5.1609077,12.096282
2012[Zn][raa]3[FSR]6,5.157085,12.087034
2012[Zn][raa]3[FSR]7,5.2185555,12.086026
2012[Zn][rob]3[ASR]1,2.0533338,11.657116
2012[Zn][rob]3[FSR]1,2.0453064,11.6381235
2012[Zn][rtl]3[ION]1,-3.17852,10.230371
2012[Zn][scu]3[ASR]1,-0.3968874,3.0841587
2012[Zn][scu]3[ASR]2,-0.34370252,3.1435547
2012[Zn][scu]3[ASR]3,-0.4681642,3.0853622
2012[Zn][scu]3[ASR]4,-0.40457782,3.0738566
2012[Zn][sit]3[ASR]1,0.2001747,5.0267587
2012[Zn][sod]3[ASR]1,2.8834229,2.9188497
2012[Zn][sod]3[ASR]10,2.8400238,2.8861072
2012[Zn][sod]3[ASR]11,2.8046277,2.8681612
2012[Zn][sod]3[ASR]12,2.8382313,2.8935978
2012[Zn][sod]3[ASR]13,2.8523495,2.8703651
2012[Zn][sod]3[ASR]14,2.8085604,2.8476317
2012[Zn][sod]3[ASR]15,5.9459963,11.6280775
2012[Zn][sod]3[ASR]2,2.8508754,2.9045177
2012[Zn][sod]3[ASR]3,2.8497832,2.878919
2012[Zn][sod]3[ASR]4,2.77421,2.97056
2012[Zn][sod]3[ASR]7,2.8433619,2.868009
2012[Zn][sod]3[ASR]8,2.8479478,2.8756459
2012[Zn][sod]3[ASR]9,2.8815572,2.8562753
2012[Zn][sod]3[FSR]10,2.7914224,2.8281436
2012[Zn][sod]3[FSR]11,5.951206,11.601672
2012[Zn][sod]3[FSR]3,2.8478096,2.865154
2012[Zn][sod]3[FSR]4,2.8400135,2.8603911
2012[Zn][sod]3[FSR]5,2.8489974,2.8891673
2012[Zn][sod]3[FSR]6,2.8477795,2.8777704
2012[Zn][sod]3[FSR]7,2.8038368,2.863387
2012[Zn][sod]3[FSR]8,2.839886,2.8890646
2012[Zn][sod]3[FSR]9,2.848071,2.8652353
2012[Zn][sql]2[ASR]1,1.9593012,8.346505
2012[Zn][sql]2[ASR]2,1.9545444,8.3398905
2012[Zn][sql]2[FSR]1,1.8807737,11.159393
2012[Zn][srs]3[ASR]1,1.2597318,9.09275
2012[Zn][srs]3[ASR]2,-1.7487305,1.9146119
2012[Zn][srs]3[FSR]1,-4.171841,10.66718
2012[Zn][tbo]3[ASR]1,-2.0697541,2.3695748
2012[Zr][reo]3[ASR]1,-2.12607,5.8934526
2013[Ag][lvt]3[ASR]1,4.94403,10.306063
2013[Ag][nan]3[ASR]2,6.0637364,11.619706
2013[CdSi][bcu]3[ASR]1,-3.7761776,10.827089
2013[CdSi][bcu]3[FSR]1,-3.7468853,10.826368
2013[CdSi][flu]3[FSR]1,1.5159311,13.341123
2013[CdSi][pcu]3[ASR]1,-8.482678,10.741874
2013[CdSi][pcu]3[ASR]2,-8.442132,10.774825
2013[CdSi][pcu]3[FSR]1,-8.47674,10.739105
2013[CdSi][pcu]3[FSR]2,-8.451262,10.777498
2013[Cd][bcu]3[ION]1,0.32090658,5.0499616
2013[Cd][bnn]3[ASR]1,-0.1892226,11.563929
2013[Cd][bnn]3[FSR]1,-0.20499204,11.546985
2013[Cd][dia]3[ASR]1,0.9137984,13.5752
2013[Cd][dia]3[ASR]2,-6.338448,6.4134655
2013[Cd][dia]3[ASR]3,1.2078459,9.951302
2013[Cd][dia]3[ASR]4,0.94070435,11.037178
2013[Cd][dia]3[FSR]1,0.8802917,13.546753
2013[Cd][dia]3[FSR]2,-6.3289094,6.414823
2013[Cd][flu]3[ASR]1,3.8642404,10.153091
2013[Cd][flu]3[FSR]1,3.8696456,10.151943
2013[Cd][lvt]3[ASR]1,-3.1431465,9.633163
2013[Cd][lvt]3[ASR]2,4.9642673,10.4787
2013[Cd][lvt]3[FSR]1,-3.2779958,10.18783
2013[Cd][nan]3[ASR]1,1.1218344,13.851384
2013[Cd][nan]3[ASR]10,3.0328856,10.504625
2013[Cd][nan]3[ASR]11,-2.9949615,13.475489
2013[Cd][nan]3[ASR]12,2.892335,10.065906
2013[Cd][nan]3[ASR]13,2.782925,9.535085
2013[Cd][nan]3[ASR]14,2.8926334,10.190015
2013[Cd][nan]3[ASR]16,2.9335496,10.70987
2013[Cd][nan]3[ASR]18,1.0320994,13.258933
2013[Cd][nan]3[ASR]19,4.8726897,10.638265
2013[Cd][nan]3[ASR]2,4.915789,10.689511
2013[Cd][nan]3[ASR]3,0.456068,13.824726
2013[Cd][nan]3[ASR]4,3.4321342,9.366785
2013[Cd][nan]3[ASR]5,-1.2255847,3.9400525
2013[Cd][nan]3[ASR]6,2.915351,10.069102
2013[Cd][nan]3[ASR]7,2.912118,9.996781
2013[Cd][nan]3[ASR]8,2.9384058,10.176481
2013[Cd][nan]3[ASR]9,-3.5542781,9.369626
2013[Cd][nan]3[FSR]1,1.0553654,13.77092
2013[Cd][nan]3[FSR]10,0.15836404,12.856545
2013[Cd][nan]3[FSR]12,-4.217345,12.800127
2013[Cd][nan]3[FSR]13,0.979185,13.248999
2013[Cd][nan]3[FSR]2,-3.8545668,13.365298
2013[Cd][nan]3[FSR]3,-4.6354733,13.117204
2013[Cd][nan]3[FSR]4,-1.2016462,3.9285958
2013[Cd][nan]3[FSR]5,1.7756087,12.580305
2013[Cd][nan]3[FSR]7,-4.2361097,11.29582
2013[Cd][nan]3[FSR]8,-3.0885458,13.673962
2013[Cd][nan]3[FSR]9,1.7752595,12.587438
2013[Cd][pcu]3[ASR]2,2.250507,6.968805
2013[Cd][pcu]3[ASR]3,2.2663133,7.2576323
2013[Cd][pcu]3[ASR]4,1.571492,8.906927
2013[Cd][pcu]3[FSR]3,-2.6462011,11.370968
2013[Cd][pcu]3[FSR]4,1.6693743,8.541338
2013[Cd][pcu]3[FSR]5,2.28186,6.938079
2013[Cd][pcu]3[FSR]6,2.2418756,7.2161117
2013[Cd][pcu]3[FSR]7,1.5264535,8.939334
2013[Cd][pcu]3[ION]1,-3.2829456,8.949629
2013[Cd][pcu]3[ION]2,-3.5664225,13.367485
2013[Cd][pts]3[ASR]1,1.9352373,10.590747
2013[Cd][pts]3[FSR]1,-4.49668,11.883413
2013[Cd][rob]3[ASR]1,2.4969966,14.127735
2013[Cd][rtl]3[ASR]1,2.815138,13.573338
2013[Cd][rtl]3[ASR]2,-0.7863029,1.8673313
2013[Cd][rtl]3[ASR]3,1.6750541,5.653826
2013[Cd][rtl]3[FSR]1,2.805182,13.571934
2013[Cd][rtl]3[FSR]2,1.6639154,5.628169
2013[Cd][tfw]3[ASR]1,-4.991943,12.156723
2013[Cd][ths]3[ASR]1,1.9206953,7.4282446
2013[Cd][ths]3[ASR]2,1.9535056,7.3904686
2013[Ce][ant]3[ASR]1,2.591945,10.454931
2013[Ce][ant]3[FSR]1,-2.9857562,15.389378
2013[Ce][dia]3[ASR]1,-4.065976,10.321702
2013[Ce][dia]3[FSR]1,-4.522154,11.041428
2013[Ce][kgd]2[ASR]1,2.3282704,13.149596
2013[Ce][kgd]2[FSR]1,-3.8368478,14.04878
2013[Ce][nan]3[ASR]1,2.285106,6.3902955
2013[Ce][nan]3[ASR]2,-9.259292,11.36253
2013[Ce][nan]3[ASR]3,-0.9453608,7.5469513
2013[Ce][nan]3[ASR]4,-3.0114486,15.549509
2013[Ce][nan]3[ASR]5,-3.004302,15.55369
2013[Ce][nan]3[ASR]6,-3.0096052,15.55224
2013[Ce][nan]3[ASR]7,-3.0093977,15.575733
2013[Ce][nan]3[FSR]1,-4.3419228,12.296472
2013[Ce][nan]3[FSR]2,-9.216377,11.329866
2013[Ce][nan]3[FSR]3,-1.0912949,10.996712
2013[Ce][nan]3[FSR]4,-3.0105505,15.547703
2013[Ce][nan]3[FSR]5,-3.0035653,15.551157
2013[Ce][nan]3[FSR]6,-3.0158157,15.559533
2013[Ce][nan]3[FSR]7,-3.0086565,15.575924
2013[Ce][qtz]3[ASR]1,-3.4148831,11.943651
2013[Ce][qtz]3[FSR]1,-3.3988132,11.928734
2013[Ce][seh]3[ASR]1,0.4276773,10.946933
2013[Ce][seh]3[FSR]1,0.41965717,10.914082
2013[CoLa][nan]3[ASR]1,2.9792683,10.594396
2013[CoNd][nan]3[ASR]1,3.0227711,10.706066
2013[CoNd][nan]3[FSR]1,-3.4531825,12.585369
2013[CoPr][nan]3[FSR]1,-3.5129063,12.513028
2013[CoSm][nan]3[ASR]1,3.055275,10.696912
2013[CoW][mmo]3[ASR]1,2.2881,9.943725
2013[Co][cdl]3[ASR]1,4.9581547,10.458254
2013[Co][cml]3[ASR]1,0.31168556,3.6716838
2013[Co][dia]3[ASR]1,2.5351918,10.155615
2013[Co][dia]3[ASR]2,0.5390571,5.8527136
2013[Co][dia]3[ASR]3,0.5619381,5.9114733
2013[Co][dia]3[ASR]6,2.631348,14.887635
2013[Co][dia]3[ASR]7,0.5461788,5.87532
2013[Co][dia]3[FSR]1,2.5387151,10.174459
2013[Co][dia]3[FSR]2,0.559661,5.914358
2013[Co][dia]3[FSR]3,0.54091847,5.8770123
2013[Co][dia]3[FSR]6,0.55133224,5.8732505
2013[Co][fet]3[ASR]1,0.73141587,13.937227
2013[Co][fet]3[FSR]1,0.7269433,13.951672
2013[Co][fnh]3[ASR]1,0.7451692,11.20286
2013[Co][hex]3[ASR]1,2.9880574,8.866115
2013[Co][ins]3[ASR]1,1.3543441,12.363222
2013[Co][ins]3[ASR]2,1.8572294,13.879384
2013[Co][ins]3[FSR]1,1.3260186,12.347034
2013[Co][ins]3[FSR]2,1.8033139,13.805835
2013[Co][jeb]3[FSR]1,-3.6227744,14.172533
2013[Co][lvt]3[ASR]1,-3.2026079,11.0133295
2013[Co][lvt]3[ASR]2,-1.5399157,6.5428586
2013[Co][lvt]3[FSR]1,-3.2038593,10.9996195
2013[Co][mab]3[FSR]1,0.9843343,11.760981
2013[Co][mog]3[FSR]1,-3.6697578,12.712336
2013[Co][nan]3[ASR]1,-4.7182155,12.312574
2013[Co][nan]3[ASR]10,4.9658885,10.3342905
2013[Co][nan]3[ASR]11,2.1128676,10.260506
2013[Co][nan]3[ASR]12,5.5817175,12.923291
2013[Co][nan]3[ASR]13,1.2054235,13.189097
2013[Co][nan]3[ASR]14,-1.8772385,9.399769
2013[Co][nan]3[ASR]15,-1.8827589,9.402808
2013[Co][nan]3[ASR]19,1.3537785,7.262053
2013[Co][nan]3[ASR]20,1.623563,12.037002
2013[Co][nan]3[ASR]21,1.3202404,10.844657
2013[Co][nan]3[ASR]3,1.9150426,12.349203
2013[Co][nan]3[ASR]4,1.833129,12.27485
2013[Co][nan]3[ASR]5,1.9198856,12.422657
2013[Co][nan]3[ASR]7,5.742978,11.738334
2013[Co][nan]3[ASR]8,-3.7171738,12.849175
2013[Co][nan]3[ASR]9,4.64076,13.146722
2013[Co][nan]3[FSR]1,-4.4743557,13.025841
2013[Co][nan]3[FSR]10,5.3768873,12.330018
2013[Co][nan]3[FSR]11,5.5694637,12.930407
2013[Co][nan]3[FSR]12,-1.8740788,9.393838
2013[Co][nan]3[FSR]13,-1.8901063,9.418414
2013[Co][nan]3[FSR]17,0.096743196,7.6587567
2013[Co][nan]3[FSR]18,1.6574631,12.057476
2013[Co][nan]3[FSR]3,-4.161046,11.725566
2013[Co][nan]3[FSR]4,-4.201581,11.684688
2013[Co][nan]3[FSR]8,-3.9381664,12.910584
2013[Co][nbo]3[FSR]1,-3.589997,13.549112
2013[Co][pcu]3[ASR]1,3.081367,5.578075
2013[Co][pcu]3[ASR]3,-4.1102533,11.443871
2013[Co][pcu]3[FSR]4,-3.8122282,12.481924
2013[Co][pts]3[ASR]1,1.5047452,9.268382
2013[Co][pts]3[FSR]1,1.4455167,11.398406
2013[Co][qtz]3[ASR]1,1.3720207,9.5302305
2013[Co][qtz]3[FSR]1,1.2541181,12.398354
2013[Co][sab]3[ASR]1,-1.79827,8.638512
2013[Co][sit]3[ASR]1,0.55511814,4.217605
2013[Co][sqc]3[ASR]1,-4.8433223,13.160483
2013[Co][sqc]3[ASR]2,-4.888778,13.242251
2013[Co][sqc]3[FSR]1,-3.7592235,13.9991
2013[Co][sqc]3[FSR]2,-4.8014917,13.128108
2013[Co][sqc]3[FSR]3,-4.9135346,13.242134
2013[Co][sqc]3[FSR]4,-3.8680487,14.356693
2013[Co][sra]3[ASR]1,5.174701,11.819023
2013[Co][tfz]3[ASR]1,1.7165874,12.834338
2013[Co][tfz]3[FSR]1,1.7628764,12.808686
2013[Co][the]3[ASR]1,-0.33108234,2.15442
2013[CrMn][lig]3[ASR]1,11.439712,9.893451
2013[CrZn][lon]3[FSR]1,-0.8242219,2.2927616
2013[CuDy][nan]3[FSR]1,-3.0233858,14.303063
2013[CuEu][nan]3[ASR]1,3.084054,14.701987
2013[CuEu][nan]3[FSR]1,-3.274476,13.797899
2013[CuMn][nan]3[ASR]1,-1.4137008,2.3151414
2013[CuSi][nan]3[ASR]1,0.2517341,5.3401794
2013[Cu][ant]3[ASR]1,-1.0741885,7.112316
2013[Cu][bnn]3[ASR]1,-1.8284183,6.971672
2013[Cu][cds]3[ASR]1,-4.718208,12.571579
2013[Cu][cds]3[FSR]1,-4.681006,12.56643
2013[Cu][cds]3[FSR]2,-4.7542043,12.613662
2013[Cu][dia]3[ASR]1,-4.21995,13.634099
2013[Cu][dia]3[FSR]1,-4.2177687,13.642149
2013[Cu][dmc]3[ION]1,-4.0358744,11.628294
2013[Cu][hms]3[ASR]1,-9.31354,11.428663
2013[Cu][lvt]3[ASR]1,-0.099003464,2.9563236
2013[Cu][nan]3[ASR]1,-0.66235685,1.4210273
2013[Cu][nan]3[ASR]11,-1.3020774,11.591259
2013[Cu][nan]3[ASR]12,-0.5455202,2.2236862
2013[Cu][nan]3[ASR]3,0.571703,16.173796
2013[Cu][nan]3[ASR]4,4.617044,6.25383
2013[Cu][nan]3[ASR]6,3.1175418,14.516373
2013[Cu][nan]3[ASR]7,-4.3798957,2.2842302
2013[Cu][nan]3[ASR]8,0.09550898,12.804244
2013[Cu][nan]3[ASR]9,-1.08195,1.5673158
2013[Cu][nan]3[FSR]2,0.07016916,16.158136
2013[Cu][nan]3[FSR]3,-3.051114,14.252851
2013[Cu][nbo]3[ASR]1,-1.3891151,11.817273
2013[Cu][nbo]3[ASR]4,2.6491249,13.509732
2013[Cu][nbo]3[ASR]5,-0.62406117,2.878457
2013[Cu][nbo]3[ASR]6,-7.48054,2.960536
2013[Cu][nbo]3[ASR]7,-1.4234943,6.096616
2013[Cu][nbo]3[FSR]1,-1.433248,11.849468
2013[Cu][nbo]3[FSR]4,2.65658,13.458813
2013[Cu][nbo]3[FSR]6,-2.8922307,10.114535
2013[Cu][neb]3[ION]1,-5.827908,6.859446
2013[Cu][nts]3[ASR]1,-1.2734467,1.4933712
2013[Cu][pcu]3[ASR]1,1.2241081,13.6277895
2013[Cu][pcu]3[ASR]2,-3.0592794,13.647678
2013[Cu][pcu]3[FSR]1,1.2421697,13.602157
2013[Cu][pcu]3[FSR]2,-3.041571,13.668415
2013[Cu][pto]3[ASR]1,-1.2662917,1.0354242
2013[Cu][pto]3[ASR]2,-1.3559117,1.1339811
2013[Cu][pts]3[ASR]2,-9.900772,12.108773
2013[Cu][pts]3[ASR]3,0.75472814,5.6292586
2013[Cu][pts]3[ASR]4,0.3680455,3.5467489
2013[Cu][pts]3[ASR]5,-0.4433498,1.3960901
2013[Cu][pts]3[ASR]6,1.4233117,4.5023093
2013[Cu][pts]3[ASR]7,1.8637323,7.1304474
2013[Cu][pts]3[ION]1,-8.506844,10.800206
2013[Cu][sqc]2[ASR]1,-1.2097688,12.853463
2013[Cu][sqc]2[ASR]2,-1.1920667,12.873253
2013[Cu][sqc]2[FSR]1,-2.7495813,14.339145
2013[Cu][sqc]2[FSR]2,-2.7529438,14.382368
2013[Cu][tbo]3[ASR]1,-1.9848598,2.427411
2013[Cu][tbo]3[ASR]2,-2.0290732,2.452131
2013[Cu][tbo]3[ASR]3,-2.0549858,2.4164913
2013[Cu][tbo]3[ASR]4,-1.9752215,2.4258027
2013[Cu][tbo]3[ASR]5,-1.0537791,7.1253724
2013[Cu][tbo]3[FSR]1,-1.0682198,7.1380835
2013[Cu][ths]3[ASR]1,-6.1370597,7.1094
2013[Cu][ths]3[FSR]1,-6.137579,7.103179
2013[Cu][ubt]3[ASR]1,-1.3052672,1.9835099
2013[Cu][ubt]3[ASR]2,-1.6333983,0.47453257
2013[Cu][zzz]3[ASR]1,-1.0636494,7.162829
2013[DyCu][nan]3[ASR]1,2.968683,14.79431
2013[Dy][dia]3[ASR]1,1.3499466,7.92737
2013[Dy][dia]3[ASR]2,-3.0299528,22.004679
2013[Dy][dia]3[FSR]2,-1.1707888,15.926982
2013[Dy][nan]3[ASR]2,-0.88239956,11.161918
2013[Dy][nan]3[ASR]3,-3.691754,12.721281
2013[Dy][nan]3[ASR]4,1.3983213,15.321301
2013[Dy][nan]3[FSR]3,1.4077643,15.337245
2013[Er][dia]3[ASR]1,-3.036894,21.99862
2013[Er][dia]3[FSR]1,-1.1850343,15.879582
2013[Er][mog]3[ASR]2,2.5501237,13.773636
2013[Er][mog]3[FSR]2,2.5474741,13.7883415
2013[Er][nan]3[ASR]1,-9.255933,11.359113
2013[Er][nan]3[ASR]2,-2.963144,13.761128
2013[Er][nan]3[ASR]3,4.6429815,7.581131
2013[Er][nan]3[FSR]1,-9.202477,11.333865
2013[Er][nan]3[FSR]2,-3.0437899,14.115134
2013[Er][nan]3[FSR]3,2.2416656,16.148653
2013[Er][pcu]3[ASR]1,3.7347605,10.932039
2013[Eu][dia]3[ASR]1,-3.0441575,21.988117
2013[Eu][dia]3[FSR]1,-1.186475,15.890173
2013[Eu][nan]3[ASR]1,2.5077362,14.867982
2013[Eu][nan]3[ASR]10,1.3941041,15.332828
2013[Eu][nan]3[ASR]2,-1.2247164,11.551803
2013[Eu][nan]3[ASR]3,-2.0492573,11.600563
2013[Eu][nan]3[ASR]4,0.41784042,10.88263
2013[Eu][nan]3[ASR]5,3.0749006,6.9872475
2013[Eu][nan]3[ASR]6,2.423822,15.973675
2013[Eu][nan]3[ASR]7,-0.85866046,11.17434
2013[Eu][nan]3[ASR]8,2.8646755,6.984507
2013[Eu][nan]3[ASR]9,-2.414631,14.742903
2013[Eu][nan]3[FSR]1,-3.6545289,14.6771555
2013[Eu][nan]3[FSR]4,0.4157745,10.867272
2013[Eu][nan]3[FSR]5,2.419086,15.980743
2013[Eu][nan]3[FSR]8,-2.7639697,14.792289
2013[Eu][nan]3[FSR]9,1.4061462,15.334717
2013[Eu][xww]3[ASR]1,1.9875795,16.04404
2013[Fe][nan]3[ASR]1,0.7519222,9.370565
2013[Fe][nan]3[FSR]1,0.7547491,9.362404
2013[Ga][bpq]3[ASR]1,-1.7403075,17.537806
2013[Ga][bpq]3[FSR]1,-1.7452286,17.53685
2013[Gd][dia]3[ASR]1,-3.037717,21.99878
2013[Gd][dia]3[FSR]1,-1.1946158,15.908969
2013[Gd][nan]3[ASR]1,4.6425896,7.641452
2013[Gd][nan]3[ASR]2,3.839152,11.0612335
2013[Gd][nan]3[ASR]3,1.3777581,15.342436
2013[Gd][nan]3[ASR]4,-2.3059003,11.652247
2013[Gd][nan]3[FSR]1,1.3890024,15.340369
2013[Gd][pcu]3[ASR]1,3.2889476,13.405103
2013[Gd][pcu]3[FSR]1,-3.4827766,13.441161
2013[Hf][bct]3[ASR]1,-1.2061994,11.062922
2013[Hf][bcu]3[ASR]1,-1.4864476,2.287869
2013[Hf][bcu]3[ASR]2,-1.5086823,2.3040898
2013[Hf][reo]3[ASR]1,-1.996413,5.849726
2013[Ho][dia]3[ASR]1,-3.0318813,22.004753
2013[Ho][dia]3[FSR]1,-1.1990325,15.884141
2013[Ho][nan]3[ASR]1,-2.5019426,11.698257
2013[Ho][nan]3[ASR]2,-4.192786,13.552204
2013[Ho][nan]3[FSR]1,-2.5098689,11.751859
2013[Ho][nan]3[FSR]2,-4.172843,13.64278
2013[In][acs]3[ASR]1,-1.7965752,0.33730704
2013[In][nan]3[ASR]2,2.6310809,15.205709
2013[In][scu]3[ION]1,1.0004792,7.3168745
2013[LaCo][nan]3[FSR]1,-3.4467254,12.539761
2013[La][dia]3[ASR]1,-3.047575,21.993082
2013[La][llj]3[ASR]1,-7.27683,3.1281872
2013[La][nan]3[ASR]1,2.7069454,13.915113
2013[La][nan]3[ASR]2,-2.576926,14.513374
2013[La][nan]3[ASR]3,-1.2270118,4.683405
2013[La][nan]3[ASR]4,0.40774968,4.303369
2013[La][nan]3[ASR]5,-0.9548424,7.5412507
2013[La][nan]3[FSR]1,-2.9054706,15.262769
2013[La][nan]3[FSR]2,-2.4449358,7.3828607
2013[La][nan]3[FSR]4,-1.0580661,11.104379
2013[Mg][acs]3[ASR]1,-10.90904,9.873766
2013[Mg][acs]3[ASR]2,0.45888752,19.185907
2013[Mg][acs]3[ASR]3,0.45808563,19.187983
2013[Mg][acs]3[ASR]4,0.45824152,19.187834
2013[Mg][acs]3[ASR]5,0.45693868,19.187996
2013[Mg][acs]3[ASR]6,0.4564696,19.187555
2013[Mg][acs]3[ASR]7,-10.909172,9.873773
2013[Mg][acs]3[ASR]8,-10.9097805,9.873287
2013[Mg][acs]3[FSR]1,-10.909286,9.873688
2013[Mg][acs]3[FSR]2,0.45856026,19.1871
2013[Mg][acs]3[FSR]3,0.45763373,19.188639
2013[Mg][acs]3[FSR]4,0.4561493,19.1898
2013[Mg][acs]3[FSR]5,0.45700935,19.188982
2013[Mg][acs]3[FSR]6,0.45578113,19.189629
2013[Mg][acs]3[FSR]7,-10.909109,9.874086
2013[Mg][acs]3[FSR]8,-10.909762,9.87372
2013[Mg][acs]3[ION]1,-10.907974,9.875089
2013[Mg][dia]3[ASR]1,-1.127993,10.60889
2013[Mg][dia]3[FSR]1,-1.4576722,11.269338
2013[Mg][nan]3[ASR]1,0.15119295,4.753876
2013[Mg][rtl]3[ASR]1,2.6822946,13.227974
2013[Mg][rtl]3[FSR]1,2.699315,13.241727
2013[Mg][twt]3[ASR]1,1.5510106,4.3042006
2013[Mn][ant]3[ASR]1,1.7103585,11.737279
2013[Mn][ant]3[ASR]2,1.6854768,11.717151
2013[Mn][ant]3[FSR]1,1.6984216,11.759056
2013[Mn][ant]3[FSR]2,1.7045864,11.709616
2013[Mn][bcu]3[ASR]2,-0.42494166,7.2446585
2013[Mn][bpq]3[ASR]1,2.5703096,8.708093
2013[Mn][bpq]3[FSR]1,2.546352,8.750507
2013[Mn][lvt]3[ASR]1,6.447675,11.373726
2013[Mn][lvt]3[FSR]1,-1.3290067,6.595914
2013[Mn][nan]3[ASR]1,1.3074629,7.738121
2013[Mn][nan]3[ASR]10,5.2299175,7.802329
2013[Mn][nan]3[ASR]2,2.0097935,6.7583733
2013[Mn][nan]3[ASR]3,5.260876,7.8208203
2013[Mn][nan]3[ASR]6,-5.6722536,6.388367
2013[Mn][nan]3[ASR]8,1.1956084,7.328633
2013[Mn][nan]3[ASR]9,3.937396,14.729462
2013[Mn][nan]3[FSR]10,5.23392,7.8013506
2013[Mn][nan]3[FSR]2,5.2705994,7.826949
2013[Mn][nan]3[FSR]5,-1.1471432,11.118837
2013[Mn][nan]3[FSR]6,-5.692371,6.433852
2013[Mn][nan]3[FSR]9,-3.6176968,13.94213
2013[Mn][pcu]3[ASR]1,0.2035236,17.952785
2013[Mn][pcu]3[ASR]2,0.19941303,17.940315
2013[Mn][pcu]3[ASR]3,0.23133461,17.94931
2013[Mn][pcu]3[ASR]4,2.19553,8.109425
2013[Mn][pcu]3[ASR]5,-0.43394977,7.269246
2013[Mn][pcu]3[FSR]1,0.22880994,17.96035
2013[Mn][pcu]3[FSR]2,0.19791123,17.941555
2013[Mn][pcu]3[FSR]3,0.18439199,17.93261
2013[Mn][pcu]3[FSR]4,-2.5959187,10.444719
2013[Mn][pto]3[ASR]1,-1.3442324,0.90804267
2013[Mn][sql]3[ASR]1,-4.773398,12.55684
2013[Mn][sql]3[FSR]1,-4.793355,12.537147
2013[MoCo][nan]3[ASR]1,4.7611217,11.142203
2013[MoNi][nan]3[FSR]1,5.1158285,13.119338
2013[Mo][nan]3[ASR]1,3.0033035,12.401894
2013[Mo][nan]3[FSR]1,1.5997546,15.317622
2013[Nd][dia]3[ASR]1,-3.006518,22.024515
2013[Nd][dia]3[FSR]1,-1.1807926,15.898518
2013[Nd][dia]3[ION]1,-5.4623504,6.178001
2013[Nd][kgd]2[ASR]1,2.3421419,13.264461
2013[Nd][kgd]2[FSR]1,-3.813525,14.108064
2013[Nd][llj]3[ASR]1,-7.290151,3.117852
2013[Nd][llj]3[FSR]1,-7.21878,3.1794753
2013[Nd][nan]3[ASR]1,0.41401997,10.869553
2013[Nd][nan]3[ASR]2,-3.372041,21.67008
2013[Nd][nan]3[ASR]3,-9.252967,11.357226
2013[Nd][nan]3[ASR]4,2.5087254,15.138962
2013[Nd][nan]3[ASR]5,1.4183882,15.331335
2013[Nd][nan]3[FSR]1,0.4264993,10.920574
2013[Nd][nan]3[FSR]2,-9.218349,11.326212
2013[Nd][nan]3[FSR]3,-3.543823,14.833432
2013[Nd][nan]3[FSR]4,1.4150314,15.322649
2013[NiCd][nan]3[ASR]1,-3.6423855,8.923239
2013[NiV][nan]3[FSR]1,-3.5403247,12.84414
2013[NiW][mmo]3[ASR]1,2.2897596,10.013708
2013[Ni][anh]3[ASR]1,2.467352,8.863375
2013[Ni][ant]3[ASR]1,5.1351395,9.5934105
2013[Ni][ant]3[ASR]2,5.1279488,9.626795
2013[Ni][bct]3[ASR]1,2.406596,7.358263
2013[Ni][bct]3[FSR]1,2.4824784,7.431383
2013[Ni][cds]3[ASR]1,0.04621879,9.331826
2013[Ni][cds]3[FSR]1,0.036429916,9.326031
2013[Ni][dia]3[ASR]2,-1.1741433,10.760356
2013[Ni][dia]3[FSR]2,-1.3986584,11.435643
2013[Ni][flu]3[ASR]1,3.8733702,7.756334
2013[Ni][hex]3[ASR]1,2.9884937,9.104444
2013[Ni][hms]3[ASR]2,5.116044,9.7118
2013[Ni][ins]3[ASR]1,1.3837653,12.245019
2013[Ni][ins]3[FSR]1,1.3276606,12.223227
2013[Ni][mog]3[FSR]1,-3.6829953,12.76359
2013[Ni][nan]3[ASR]1,-0.66307926,2.8460262
2013[Ni][nan]3[ASR]11,-4.0176673,10.565651
2013[Ni][nan]3[ASR]12,-4.2776613,13.722772
2013[Ni][nan]3[ASR]2,0.4625413,3.6773279
2013[Ni][nan]3[ASR]3,0.37060833,3.8994064
2013[Ni][nan]3[ASR]4,0.26547226,3.853509
2013[Ni][nan]3[ASR]5,0.22598678,3.8726578
2013[Ni][nan]3[ASR]6,-1.2532167,4.731948
2013[Ni][nan]3[FSR]1,-0.64864135,2.8329947
2013[Ni][nan]3[FSR]6,-4.0690303,10.591866
2013[Ni][nan]3[FSR]7,-4.2721186,13.718226
2013[Ni][nia]3[ASR]1,-1.141203,1.045555
2013[Ni][noz]3[ASR]1,2.6066086,13.842241
2013[Ni][sit]3[ASR]1,1.1697137,8.156857
2013[Ni][sit]3[ASR]2,1.1717657,8.185202
2013[Ni][sit]3[FSR]1,1.140976,8.207707
2013[Ni][sit]3[FSR]2,1.1937075,8.212824
2013[Ni][twt]3[ASR]1,1.7712384,4.3854218
2013[Ni][xmz]3[ASR]1,0.77983,5.440046
2013[Ni][xmz]3[ASR]2,0.8327893,5.499987
2013[Ni][xmz]3[ASR]3,0.739657,5.3868904
2013[Ni][xmz]3[ASR]4,0.7764031,5.484062
2013[Ni][xmz]3[ASR]5,1.3186072,6.9120903
2013[Ni][xmz]3[FSR]1,0.8023991,5.424194
2013[Ni][xmz]3[FSR]2,0.8139383,5.493884
2013[Ni][xmz]3[FSR]3,0.74617773,5.4210024
2013[Ni][xmz]3[FSR]4,0.7734753,5.4722576
2013[Pb][dia]3[ASR]1,4.624667,8.228698
2013[Pb][dia]3[FSR]1,4.597168,8.2437725
2013[PrCo][nan]3[ASR]1,3.0264468,10.647168
2013[PrSi][flu]3[ASR]1,2.1938708,6.6694856
2013[PrSi][flu]3[ASR]2,1.9197242,6.7630396
2013[PrSi][flu]3[FSR]1,1.9900254,6.814294
2013[Pr][nan]3[ASR]1,0.41748157,10.825389
2013[Pr][nan]3[ASR]2,1.9829524,15.609073
2013[Pr][nan]3[ASR]3,-2.2578342,11.629243
2013[Pr][nan]3[FSR]1,0.40512982,10.876798
2013[Pr][nan]3[FSR]2,-3.4920716,14.891673
2013[SiCu][pcu]3[ASR]1,0.706459,2.6115756
2013[SmCo][nan]3[FSR]1,-3.4431813,12.576976
2013[Sm][ant]3[ION]1,-3.7067153,13.8717575
2013[Sm][dia]3[ASR]1,-3.0237727,22.011627
2013[Sm][dia]3[FSR]1,-1.1589241,15.892105
2013[Sm][dia]3[ION]1,-5.4971304,6.203058
2013[Sm][kgd]2[ASR]1,2.3633995,13.263936
2013[Sm][kgd]2[FSR]1,-3.8093512,14.149979
2013[Sm][nan]3[ASR]1,-2.3559284,14.695561
2013[Sm][nan]3[FSR]1,-2.7874248,14.790885
2013[Sm][pts]3[ASR]1,2.883,15.62365
2013[Sm][pts]3[FSR]1,2.7647076,15.566851
2013[Tb][dia]3[ASR]1,-2.979719,22.047647
2013[Tb][dia]3[FSR]1,-1.17834,15.898331
2013[Tb][msw]3[ASR]1,4.8818536,10.739862
2013[Tb][nan]3[ASR]1,2.1333978,14.071975
2013[Tb][nan]3[ASR]2,-0.8368285,11.157751
2013[Tb][nan]3[ASR]3,4.3673882,6.792147
2013[Tb][nan]3[ASR]4,-4.3547707,13.674433
2013[Tb][nan]3[ASR]5,1.4020993,15.297779
2013[Tb][nan]3[FSR]4,-4.2360744,13.597892
2013[Tb][nan]3[FSR]5,1.383195,15.328063
2013[Tb][pcu]3[ION]1,-3.4817011,13.436536
2013[Tb][seh]3[ASR]1,0.43113002,10.919699
2013[Tb][seh]3[FSR]1,0.39944193,10.914963
2013[Tb][soc]3[ASR]1,-1.3636839,0.89237803
2013[Tb][tcs]3[ASR]1,5.039666,9.937595
2013[Tb][umc]3[ASR]1,-0.6325033,2.2539704
2013[Tb][umc]3[ASR]2,-1.2454194,3.4737515
2013[Tm][nan]3[ASR]1,3.61203,7.3080845
2013[Tm][nan]3[ASR]2,4.6581206,7.669331
2013[Tm][nan]3[FSR]2,2.070965,16.204494
2013[Tm][pcu]3[ASR]1,1.5076369,7.4724045
2013[Tm][pcu]3[FSR]1,-3.5546627,9.0626745
2013[U][fcu]3[ASR]1,4.418112,6.9691935
2013[U][nan]3[FSR]1,-1.8626466,15.617797
2013[WCo][mmo]3[FSR]1,2.0712912,10.136046
2013[WNi][mmo]3[FSR]1,2.226131,10.186084
2013[Y][nan]3[ASR]1,-1.2118512,4.5505395
2013[Y][nan]3[ASR]2,-9.294644,11.409229
2013[Y][nan]3[ASR]3,4.1405897,7.8445005
2013[Y][nan]3[ASR]4,-2.290801,7.9415455
2013[Y][nan]3[ASR]5,4.9463162,10.699773
2013[Y][nan]3[FSR]1,0.60657036,6.410092
2013[Y][nan]3[FSR]2,-9.214203,11.332759
2013[Y][nan]3[FSR]3,-3.406328,13.082126
2013[Y][nan]3[FSR]5,-4.4183717,13.402776
2013[Yb][dia]3[ASR]1,-3.035341,22.000078
2013[Yb][dia]3[FSR]1,-1.1988364,15.88998
2013[Yb][nan]3[ASR]1,-9.250074,11.353754
2013[Yb][nan]3[FSR]1,-9.191531,11.313923
2013[Yb][nia]3[ASR]1,-1.1930778,1.0917863
2013[ZnCo][dia]3[ASR]1,4.942843,10.668997
2013[ZnCo][flu]3[ASR]1,2.2571418,6.4311624
2013[ZnCr][lon]3[ASR]1,-0.8765957,2.4697838
2013[ZnCr][lon]3[ASR]2,-1.3166302,1.6488916
2013[ZnCr][lon]3[ASR]3,-0.6129701,2.4472947
2013[ZnCr][lon]3[ASR]4,-1.1709176,2.6973684
2013[ZnCr][lon]3[ASR]5,-0.8631297,2.519282
2013[ZnCr][lon]3[ASR]6,-1.1845059,2.8711562
2013[ZnCr][lon]3[ASR]7,-0.5790369,2.592606
2013[ZnCr][lon]3[ASR]8,-1.3661722,1.5931845
2013[ZnCr][lon]3[ASR]9,-0.8927448,2.203286
2013[ZnCr][lon]3[FSR]1,-0.8145819,2.322063
2013[ZnGa][nan]3[ION]1,1.6490111,14.988919
2013[ZnGa][nan]3[ION]2,-4.1620693,2.3328376
2013[ZnIn][nia]3[ASR]1,-0.8713409,2.086082
2013[ZnMn][nan]3[ASR]1,0.71149015,4.570496
2013[ZnMn][nan]3[FSR]1,0.7213259,4.5786114
2013[ZnMo][nan]3[ASR]1,0.10793211,16.326674
2013[ZnMo][nan]3[FSR]1,0.06997684,16.339226
2013[ZnSi][flu]3[ASR]1,2.5104578,5.358853
2013[ZnSi][flu]3[FSR]1,2.2975624,7.951779
2013[ZnSi][nan]3[ASR]1,-1.1450789,2.2260308
2013[ZnTi][nan]3[ASR]1,-0.86983186,2.311446
2013[ZnTi][pcu]3[ION]1,-2.0042117,8.946107
2013[Zn][ant]3[ASR]2,-3.2589738,12.111764
2013[Zn][ant]3[FSR]2,-3.2888482,12.132242
2013[Zn][apo]3[ASR]1,3.6267018,6.6509075
2013[Zn][apo]3[FSR]1,4.0762925,5.7362223
2013[Zn][bbf]3[ASR]1,-4.4224663,10.526427
2013[Zn][bbf]3[ASR]2,1.7026194,12.773448
2013[Zn][bbf]3[ASR]3,0.5428842,12.98444
2013[Zn][bbf]3[FSR]1,-4.4171352,10.513905
2013[Zn][bbf]3[FSR]2,1.7004092,12.75544
2013[Zn][bbf]3[FSR]3,0.5435302,13.005437
2013[Zn][bcg]3[ASR]1,2.5540037,5.047694
2013[Zn][bcg]3[FSR]1,2.520594,5.0660715
2013[Zn][bor]3[ASR]1,0.7362878,7.4120727
2013[Zn][bor]3[FSR]1,0.69655466,7.3875623
2013[Zn][crb]3[ASR]1,1.9066226,10.0526905
2013[Zn][crb]3[ASR]2,1.9408135,10.035109
2013[Zn][crb]3[ASR]3,1.8903877,10.09196
2013[Zn][crb]3[ASR]4,1.8459938,9.998484
2013[Zn][crb]3[ASR]5,-3.49306,8.4767475
2013[Zn][crb]3[ASR]6,1.7983022,9.89477
2013[Zn][crs]3[ASR]1,0.9089652,2.6867392
2013[Zn][crs]3[FSR]1,0.88288236,2.7036219
2013[Zn][dia]3[ASR]1,0.69663316,13.490048
2013[Zn][dia]3[ASR]10,2.393126,9.333899
2013[Zn][dia]3[ASR]11,-4.4907837,10.891295
2013[Zn][dia]3[ASR]12,0.94351035,13.767644
2013[Zn][dia]3[ASR]13,0.66707593,12.98474
2013[Zn][dia]3[ASR]14,0.23895949,12.601745
2013[Zn][dia]3[ASR]15,4.973838,10.483466
2013[Zn][dia]3[ASR]2,1.7077142,10.903646
2013[Zn][dia]3[ASR]4,-4.729379,11.170641
2013[Zn][dia]3[ASR]6,1.1619917,12.567728
2013[Zn][dia]3[ASR]9,0.90355974,11.028369
2013[Zn][dia]3[FSR]1,0.67772275,13.481275
2013[Zn][dia]3[FSR]10,0.93930113,10.982295
2013[Zn][dia]3[FSR]11,2.3586686,9.2915325
2013[Zn][dia]3[FSR]12,-4.5313773,10.909446
2013[Zn][dia]3[FSR]13,0.9378909,13.736096
2013[Zn][dia]3[FSR]14,0.59573644,12.953691
2013[Zn][dia]3[FSR]15,0.22009447,12.647143
2013[Zn][dia]3[FSR]2,1.7210641,10.876522
2013[Zn][dia]3[FSR]4,-4.809138,11.18959
2013[Zn][dia]3[FSR]5,5.4012065,12.335811
2013[Zn][dia]3[FSR]7,1.1108426,12.631705
2013[Zn][esg]3[ASR]1,-1.2314962,3.7320218
2013[Zn][etb]3[ASR]1,-1.2921705,4.306706
2013[Zn][etb]3[FSR]1,-3.5239098,8.420052
2013[Zn][flu]3[ASR]1,-1.2767845,4.3435655
2013[Zn][flu]3[ASR]2,3.816203,10.636176
2013[Zn][fsc]3[ASR]2,-1.2149123,11.818884
2013[Zn][fsc]3[FSR]2,-1.2099282,11.824593
2013[Zn][hex]3[ASR]1,1.8278657,8.373014
2013[Zn][hex]3[FSR]1,1.8664255,8.361999
2013[Zn][idp]3[ASR]1,-2.0203524,2.4946408
2013[Zn][ins]3[ASR]1,2.477221,13.693057
2013[Zn][ins]3[ASR]2,1.9850551,13.143835
2013[Zn][ins]3[FSR]1,-3.9949331,13.708554
2013[Zn][ins]3[FSR]2,-4.095402,13.337244
2013[Zn][lon]3[ASR]1,-3.5139275,11.41592
2013[Zn][lon]3[ASR]3,-3.496663,11.463157
2013[Zn][lon]3[ASR]4,-3.5031257,11.4820385
2013[Zn][lon]3[FSR]1,-3.483274,11.3974285
2013[Zn][lon]3[FSR]3,-3.4914494,11.463495
2013[Zn][lon]3[FSR]4,-3.508614,11.484597
2013[Zn][lvt]3[ASR]1,6.701153,10.946445
2013[Zn][lvt]3[FSR]1,1.9280301,14.591294
2013[Zn][mer]3[ASR]1,3.7085958,6.6866546
2013[Zn][mer]3[FSR]1,3.7400389,6.670623
2013[Zn][nan]2[ASR]2,5.0522327,10.012557
2013[Zn][nan]3[ASR]10,1.6585939,12.50913
2013[Zn][nan]3[ASR]11,3.9380972,7.7731
2013[Zn][nan]3[ASR]12,4.0003476,7.8230586
2013[Zn][nan]3[ASR]13,3.8418434,14.897426
2013[Zn][nan]3[ASR]17,-0.08246095,5.2810173
2013[Zn][nan]3[ASR]18,-0.12076191,5.206575
2013[Zn][nan]3[ASR]19,-0.095819816,5.159939
2013[Zn][nan]3[ASR]2,5.4720526,12.292012
2013[Zn][nan]3[ASR]21,2.7467098,13.327277
2013[Zn][nan]3[ASR]23,-4.360702,2.2862859
2013[Zn][nan]3[ASR]25,0.58576995,4.6600094
2013[Zn][nan]3[ASR]27,5.236852,12.003841
2013[Zn][nan]3[ASR]28,2.1127102,10.44865
2013[Zn][nan]3[ASR]29,2.0883071,9.368883
2013[Zn][nan]3[ASR]3,-2.419327,12.072542
2013[Zn][nan]3[ASR]30,-10.015301,12.215144
2013[Zn][nan]3[ASR]33,2.19817,12.935536
2013[Zn][nan]3[ASR]36,2.6866736,13.938868
2013[Zn][nan]3[ASR]37,-3.551864,13.427618
2013[Zn][nan]3[ASR]38,-3.9125707,10.217734
2013[Zn][nan]3[ASR]4,3.5572336,6.6061788
2013[Zn][nan]3[ASR]5,3.6536522,10.538538
2013[Zn][nan]3[ASR]6,-0.24262626,2.754031
2013[Zn][nan]3[ASR]8,4.432532,5.8637047
2013[Zn][nan]3[ASR]9,-1.8390678,0.134875
2013[Zn][nan]3[FSR]10,-4.1296625,12.402396
2013[Zn][nan]3[FSR]11,2.494702,13.086835
2013[Zn][nan]3[FSR]12,2.5402853,13.164686
2013[Zn][nan]3[FSR]13,-3.3989072,13.094126
2013[Zn][nan]3[FSR]17,-0.05182536,5.4179997
2013[Zn][nan]3[FSR]18,-0.1218325,5.2541394
2013[Zn][nan]3[FSR]19,-0.17702736,5.1299148
2013[Zn][nan]3[FSR]2,5.480993,12.2964325
2013[Zn][nan]3[FSR]26,-4.322638,11.186863
2013[Zn][nan]3[FSR]27,2.1147988,9.350061
2013[Zn][nan]3[FSR]3,-2.3918037,12.069201
2013[Zn][nan]3[FSR]31,2.1615684,12.951772
2013[Zn][nan]3[FSR]34,-3.5377007,13.499212
2013[Zn][nan]3[FSR]35,-3.5330226,13.544293
2013[Zn][nan]3[FSR]36,-3.9054546,10.173663
2013[Zn][nan]3[FSR]5,-3.439985,13.120177
2013[Zn][nan]3[FSR]8,4.4169617,5.8378224
2013[Zn][nan]3[FSR]9,-1.765155,0.15195201
2013[Zn][nan]3[ION]1,-3.2502973,10.824811
2013[Zn][nan]3[ION]2,-5.4352264,6.2315817
2013[Zn][nts]3[ASR]1,-1.2092273,2.462421
2013[Zn][pbz]3[ASR]1,-1.7093194,0.31807184
2013[Zn][pcu]3[ASR]11,-1.1809895,10.64272
2013[Zn][pcu]3[ASR]14,2.1052053,12.582102
2013[Zn][pcu]3[ASR]15,-1.6027188,0.4982735
2013[Zn][pcu]3[ASR]16,1.2709738,7.8069496
2013[Zn][pcu]3[ASR]2,1.0513414,7.323046
2013[Zn][pcu]3[ASR]3,1.0565687,7.329122
2013[Zn][pcu]3[ASR]5,-2.3121715,0.67814136
2013[Zn][pcu]3[ASR]6,-2.3188155,0.66809267
2013[Zn][pcu]3[ASR]8,3.1830626,11.162001
2013[Zn][pcu]3[FSR]13,2.117675,12.564789
2013[Zn][pcu]3[FSR]15,1.315743,7.7757163
2013[Zn][pcu]3[FSR]2,1.0606021,7.3272967
2013[Zn][pcu]3[FSR]3,1.0635009,7.3360343
2013[Zn][pcu]3[FSR]8,3.192672,11.167019
2013[Zn][pto]3[ASR]1,-1.2660338,1.0112857
2013[Zn][pts]3[ASR]2,3.759757,9.631563
2013[Zn][pts]3[ASR]3,3.8987787,7.735104
2013[Zn][pts]3[ASR]4,4.061694,5.3249354
2013[Zn][pts]3[FSR]2,3.758693,9.632101
2013[Zn][pts]3[FSR]3,4.0623646,5.332165
2013[Zn][rtl]3[ASR]1,2.2547793,7.2312875
2013[Zn][rtl]3[ASR]2,2.2334218,7.1860332
2013[Zn][rtl]3[ASR]3,1.5945178,5.579054
2013[Zn][rtl]3[ASR]4,1.6562655,5.6975203
2013[Zn][rtl]3[ASR]5,1.5399303,5.4773836
2013[Zn][rtl]3[FSR]1,2.2684186,7.23379
2013[Zn][rtl]3[FSR]2,2.2060864,7.1302257
2013[Zn][rtl]3[FSR]3,1.6019439,5.583399
2013[Zn][rtl]3[FSR]4,1.6532123,5.6640263
2013[Zn][rtl]3[FSR]5,1.5113707,5.4665017
2013[Zn][rtl]3[ION]1,2.9098177,8.443606
2013[Zn][sit]3[ASR]1,1.1433762,8.108405
2013[Zn][sit]3[FSR]1,1.1536025,8.102251
2013[Zn][sod]3[ASR]1,5.2039714,11.864647
2013[Zn][sod]3[ASR]3,-3.1113737,8.265524
2013[Zn][sod]3[FSR]2,-3.10349,8.286849
2013[Zn][srs]3[FSR]1,1.9731277,13.298641
2013[Zn][ths]3[ASR]1,-9.540534,2.4750454
2013[Zn][ths]3[ASR]10,-9.531151,2.488538
2013[Zn][ths]3[ASR]11,-9.562942,2.4666348
2013[Zn][ths]3[ASR]12,-9.48319,2.5091064
2013[Zn][ths]3[ASR]13,-9.458299,2.5339851
2013[Zn][ths]3[ASR]3,-9.465314,2.5165803
2013[Zn][ths]3[ASR]4,-9.571051,2.4653006
2013[Zn][ths]3[ASR]5,-9.461407,2.508459
2013[Zn][ths]3[ASR]6,-9.679731,2.3804512
2013[Zn][ths]3[ASR]7,-9.65433,2.426522
2013[Zn][ths]3[ASR]8,-9.688021,2.3722196
2013[Zn][ths]3[ASR]9,-9.4781065,2.503755
2013[Zn][ths]3[FSR]1,-9.5240965,2.490805
2013[Zn][ths]3[FSR]10,-9.563794,2.4662495
2013[Zn][ths]3[FSR]11,-9.479969,2.4865685
2013[Zn][ths]3[FSR]12,-9.475019,2.4967475
2013[Zn][ths]3[FSR]2,-9.441758,2.5386403
2013[Zn][ths]3[FSR]3,-9.552989,2.4821315
2013[Zn][ths]3[FSR]4,-9.452566,2.5238671
2013[Zn][ths]3[FSR]5,-9.679273,2.3807638
2013[Zn][ths]3[FSR]6,-9.669568,2.4682746
2013[Zn][ths]3[FSR]7,-9.680525,2.3792157
2013[Zn][ths]3[FSR]8,-9.478315,2.503746
2013[Zn][ths]3[FSR]9,-9.53338,2.486348
2013[Zn][unc]3[ASR]1,0.8496668,13.726411
2013[Zn][unc]3[FSR]1,0.82684314,13.710609
2013[Zn][uni]3[ASR]1,-0.06123272,4.994258
2013[Zn][uni]3[ASR]10,-0.12411085,5.248179
2013[Zn][uni]3[ASR]11,-1.3937482,5.706067
2013[Zn][uni]3[ASR]2,-0.14078547,4.9841156
2013[Zn][uni]3[ASR]4,-5.5004373,6.2128053
2013[Zn][uni]3[ASR]5,-0.030762868,4.9708943
2013[Zn][uni]3[ASR]6,-0.06347993,4.986671
2013[Zn][uni]3[ASR]7,-0.17008854,5.6605926
2013[Zn][uni]3[ASR]8,-5.4878483,6.213474
2013[Zn][uni]3[ASR]9,-0.20631793,5.624433
2013[Zn][uni]3[FSR]10,-0.14299032,5.760071
2013[Zn][uni]3[FSR]11,-3.4602783,8.758771
2013[Zn][uni]3[FSR]2,-0.14951472,5.5997972
2013[Zn][uni]3[FSR]4,-5.478801,6.203417
2013[Zn][uni]3[FSR]5,0.20200785,7.4998193
2013[Zn][uni]3[FSR]6,-0.14630707,5.6538553
2013[Zn][uni]3[FSR]7,-0.17118162,5.6608734
2013[Zn][uni]3[FSR]8,-5.484683,6.20092
2013[Zn][uni]3[FSR]9,0.025431624,8.080649
2013[Zr][bct]3[ASR]1,-1.1059409,7.3160686
2013[Zr][flu]3[ASR]1,-1.70445,0.48016018
2013[Zr][nan]3[ASR]1,-3.3263617,21.663395
2013[Zr][reo]3[ASR]1,-2.0000474,5.834116
2013[Zr][reo]3[ASR]2,-1.9973813,5.83939
2013[Zr][reo]3[ASR]3,-2.0083652,5.8261533
2013[Zr][sqc]3[ASR]1,-1.089242,2.6169944
2014[Ag][mtn]3[ASR]2,-0.16815236,4.9088917
2014[Ag][rtl]3[ASR]1,4.2259684,13.370434
2014[Ag][rtl]3[FSR]1,4.278161,13.344534
2014[Ag][ths]3[ASR]1,1.9355898,8.410143
2014[Ag][ths]3[FSR]1,1.9846405,8.433999
2014[Al][bpq]3[ASR]5,-1.87099,17.471676
2014[Al][bpq]3[FSR]5,-1.8773601,17.473713
2014[Al][nan]3[ASR]1,-1.4269568,17.445646
2014[Al][nan]3[ASR]3,-1.2448243,5.219427
2014[Al][nan]3[ASR]4,3.7049005,6.284807
2014[Al][nan]3[ASR]5,3.8357327,6.355915
2014[Al][nan]3[ASR]6,3.787325,6.361271
2014[Al][nan]3[ASR]7,3.686487,6.2798276
2014[Al][nan]3[ASR]8,3.7091088,6.279722
2014[Al][nan]3[FSR]3,3.6990483,6.277108
2014[Al][nan]3[FSR]4,3.7839742,6.3643084
2014[Al][nan]3[FSR]5,3.7247767,6.297735
2014[Al][nan]3[FSR]6,3.7046313,6.2887406
2014[Cd][bbf]3[ASR]1,1.4308052,10.780435
2014[Cd][bbf]3[FSR]1,1.397211,10.802074
2014[Cd][bnn]3[FSR]1,-4.3027697,11.854153
2014[Cd][crb]3[ASR]1,3.374835,11.899906
2014[Cd][deh]3[FSR]1,-2.9049914,7.874986
2014[Cd][dia]3[ASR]1,-3.968352,13.565754
2014[Cd][dia]3[ASR]2,1.8909754,9.131852
2014[Cd][dia]3[ASR]4,-3.1579268,8.991419
2014[Cd][dia]3[ASR]5,-4.9542093,12.385785
2014[Cd][dia]3[ASR]6,1.2717375,12.501501
2014[Cd][dia]3[FSR]1,-3.9694324,13.560438
2014[Cd][dia]3[FSR]2,1.886175,9.115466
2014[Cd][dia]3[FSR]4,0.87053674,13.69105
2014[Cd][dia]3[FSR]5,-3.1504724,9.014892
2014[Cd][dia]3[FSR]6,-4.9739566,12.348698
2014[Cd][dia]3[FSR]7,1.2651768,12.512505
2014[Cd][dmp]3[ASR]1,2.6309838,9.7778
2014[Cd][dmp]3[FSR]1,-3.642752,11.272009
2014[Cd][gwg]3[ASR]1,3.6897736,11.902649
2014[Cd][gwg]3[FSR]1,-2.901391,13.278924
2014[Cd][jeb]3[ASR]1,1.2152991,9.650149
2014[Cd][lvt]3[ASR]1,2.0872629,10.343605
2014[Cd][lvt]3[FSR]1,2.0980241,10.354649
2014[Cd][nan]3[ASR]1,5.055831,9.929602
2014[Cd][nan]3[ASR]10,2.5419574,13.558051
2014[Cd][nan]3[ASR]12,-4.2880487,12.709242
2014[Cd][nan]3[ASR]13,1.2759196,14.070573
2014[Cd][nan]3[ASR]14,1.4242268,14.296586
2014[Cd][nan]3[ASR]17,1.6970191,13.533737
2014[Cd][nan]3[ASR]2,2.2488909,13.959093
2014[Cd][nan]3[ASR]3,2.597351,9.813392
2014[Cd][nan]3[ASR]4,-4.5045505,13.010104
2014[Cd][nan]3[ASR]5,3.1756015,14.330734
2014[Cd][nan]3[ASR]6,2.194759,10.247032
2014[Cd][nan]3[ASR]7,2.225312,10.172845
2014[Cd][nan]3[ASR]8,0.6551212,6.140167
2014[Cd][nan]3[FSR]1,2.1596699,13.966943
2014[Cd][nan]3[FSR]11,-4.283854,12.739694
2014[Cd][nan]3[FSR]12,1.2780983,14.085024
2014[Cd][nan]3[FSR]13,1.4282516,14.315325
2014[Cd][nan]3[FSR]16,-3.9924152,13.741754
2014[Cd][nan]3[FSR]3,-4.5678606,13.044767
2014[Cd][nan]3[FSR]4,3.2173357,14.33574
2014[Cd][nan]3[FSR]5,1.9986589,10.3164015
2014[Cd][nan]3[FSR]6,-3.8147132,10.7876835
2014[Cd][nan]3[FSR]7,0.649365,6.146935
2014[Cd][nan]3[FSR]9,-4.291211,12.903472
2014[Cd][pcu]3[ASR]2,3.3205686,8.918206
2014[Cd][pcu]3[ASR]3,3.1406221,8.77724
2014[Cd][pcu]3[ASR]4,-0.6529489,5.750289
2014[Cd][pcu]3[ASR]5,6.455389,11.539906
2014[Cd][pcu]3[ASR]6,6.477641,11.550573
2014[Cd][pcu]3[ASR]7,6.4583964,11.55045
2014[Cd][pcu]3[ASR]8,2.8005238,13.513251
2014[Cd][pcu]3[FSR]2,1.6426151,12.4895315
2014[Cd][pcu]3[FSR]3,5.7330203,11.552973
2014[Cd][pcu]3[FSR]4,5.7854466,11.5507
2014[Cd][pcu]3[FSR]5,-4.1097975,13.561175
2014[Cd][pts]3[ASR]2,0.6262334,13.551449
2014[Cd][pts]3[FSR]2,0.61224574,13.555893
2014[Cd][pts]3[FSR]4,-0.3385277,10.823127
2014[Cd][pyr]3[ASR]1,-0.48799452,5.489943
2014[Cd][pyr]3[FSR]1,-0.48456785,5.4718885
2014[Cd][rtl]3[ASR]1,-7.2630296,3.1386747
2014[Cd][rtl]3[ASR]3,2.8096318,13.538606
2014[Cd][rtl]3[FSR]1,-7.251035,3.1531205
2014[Cd][rtl]3[FSR]3,2.8132858,13.543085
2014[Cd][sod]3[ASR]1,4.256703,6.923247
2014[Cd][sqc]3[ASR]1,-2.843343,9.702834
2014[Cd][sra]3[ASR]1,-3.208534,8.649378
2014[Cd][svg]3[ASR]1,-2.8611488,9.680881
2014[Cd][svg]3[FSR]1,-2.85884,9.701577
2014[Cd][tfz]3[ASR]1,1.8702335,7.2734737
2014[Cd][tfz]3[ASR]2,1.8574599,7.2946134
2014[Cd][zlg]3[ION]1,-2.7516532,11.408491
2014[Ce][fit]3[ASR]1,-4.4463973,11.939099
2014[Ce][fit]3[FSR]1,-4.4873657,11.900913
2014[Ce][nan]3[ASR]1,-3.2556481,13.493509
2014[Ce][nan]3[ASR]2,4.2512283,6.7206726
2014[Ce][nan]3[ASR]3,2.6558669,9.450135
2014[Ce][nan]3[ASR]4,1.4418827,5.3759575
2014[Ce][nan]3[ASR]5,2.9642107,6.902388
2014[Ce][nan]3[FSR]1,-3.3243597,14.218042
2014[Ce][nan]3[FSR]2,1.7355152,13.48711
2014[Ce][nan]3[FSR]4,2.0183861,13.0969095
2014[CoCe][pcu]3[ION]1,-3.212424,15.067289
2014[CoLa][pcu]3[ION]1,-3.2283466,15.024108
2014[CoNd][pcu]3[ION]1,-3.2809815,15.008696
2014[CoPr][pcu]3[ION]1,-3.254214,15.075038
2014[Co][acs]3[ASR]1,0.7623005,17.962675
2014[Co][acs]3[FSR]1,0.77552724,17.96349
2014[Co][ant]3[ASR]1,2.4680378,5.21189
2014[Co][ant]3[ASR]2,2.48258,5.220479
2014[Co][ant]3[FSR]1,2.4559653,5.296865
2014[Co][bcg]3[ASR]1,2.5323317,5.092321
2014[Co][bcg]3[FSR]1,2.5200408,5.0774546
2014[Co][bcu]3[ASR]1,9.682277,11.054386
2014[Co][bpq]3[ASR]1,1.1668031,14.210435
2014[Co][bpq]3[FSR]1,1.1625643,14.222463
2014[Co][cds]3[FSR]1,-4.585164,12.150569
2014[Co][crb]3[ASR]1,-1.6760998,11.79068
2014[Co][crb]3[ASR]2,2.2446454,8.729424
2014[Co][dia]3[ASR]1,1.2823322,11.869549
2014[Co][dia]3[ASR]6,1.0494711,12.992656
2014[Co][dia]3[FSR]1,1.3192704,11.8439455
2014[Co][dia]3[FSR]6,1.0518161,13.024837
2014[Co][dmc]3[ASR]1,-2.4001365,11.970427
2014[Co][dmc]3[ASR]2,-2.4065163,11.965006
2014[Co][dmc]3[FSR]1,-2.404042,11.961936
2014[Co][dmc]3[FSR]2,-2.3971536,11.956785
2014[Co][etf]3[ASR]1,-6.323674,6.7597256
2014[Co][etf]3[FSR]1,-6.3877087,6.8137856
2014[Co][flu]3[ASR]1,-3.625663,13.823126
2014[Co][flu]3[FSR]1,-3.6273468,13.834613
2014[Co][gfy]3[ION]1,1.3674216,9.22657
2014[Co][gfy]3[ION]2,1.2626158,8.949253
2014[Co][hex]3[ASR]2,2.5289383,5.1103334
2014[Co][hex]3[FSR]2,3.410252,6.6102495
2014[Co][hms]3[ASR]1,1.3578851,10.63914
2014[Co][hms]3[ASR]2,1.7678998,11.87643
2014[Co][hms]3[FSR]1,1.3446796,10.639802
2014[Co][hms]3[FSR]2,1.8009872,11.878414
2014[Co][ins]3[ASR]1,-5.0172706,13.024129
2014[Co][ins]3[FSR]1,-5.026682,13.035243
2014[Co][llj]3[ASR]1,-2.8177998,10.099823
2014[Co][llj]3[FSR]1,-3.397382,12.40853
2014[Co][mmm]3[ASR]1,-6.1983967,6.855996
2014[Co][mmm]3[FSR]1,-6.2199364,6.74836
2014[Co][nan]2[ASR]1,-0.82214725,10.527677
2014[Co][nan]2[ASR]2,-0.82609564,10.533141
2014[Co][nan]2[FSR]1,-0.38589394,11.149733
2014[Co][nan]2[FSR]2,-0.37178174,11.148361
2014[Co][nan]3[ASR]1,1.255469,13.251374
2014[Co][nan]3[ASR]11,-3.1165378,13.180532
2014[Co][nan]3[ASR]14,-9.251217,11.360058
2014[Co][nan]3[ASR]15,-0.43592077,11.282782
2014[Co][nan]3[ASR]16,-0.09633673,5.508964
2014[Co][nan]3[ASR]17,-0.10808963,5.4528503
2014[Co][nan]3[ASR]19,-0.104651906,5.4781694
2014[Co][nan]3[ASR]2,2.387066,7.391507
2014[Co][nan]3[ASR]20,-0.09059719,5.500518
2014[Co][nan]3[ASR]21,-3.2379692,10.334523
2014[Co][nan]3[ASR]22,-6.964821,17.506802
2014[Co][nan]3[ASR]23,-4.349365,2.36113
2014[Co][nan]3[ASR]24,-6.9621196,17.392302
2014[Co][nan]3[ASR]25,-4.5195146,2.185705
2014[Co][nan]3[ASR]26,-6.9787474,17.49669
2014[Co][nan]3[ASR]27,-4.4975505,2.1965377
2014[Co][nan]3[ASR]28,-4.39263,2.2486272
2014[Co][nan]3[ASR]29,2.114031,9.373186
2014[Co][nan]3[ASR]3,2.3610651,7.3134303
2014[Co][nan]3[ASR]30,1.6397593,8.859985
2014[Co][nan]3[ASR]31,1.645828,8.605675
2014[Co][nan]3[ASR]36,2.2786863,7.0550857
2014[Co][nan]3[ASR]37,3.0412455,14.608196
2014[Co][nan]3[ASR]38,3.0496001,14.624161
2014[Co][nan]3[ASR]4,2.3242943,7.3126254
2014[Co][nan]3[ASR]5,2.3817346,7.4000173
2014[Co][nan]3[ASR]6,-7.012177,17.466541
2014[Co][nan]3[ASR]7,-6.9782896,17.46332
2014[Co][nan]3[ASR]8,-4.376222,2.2674084
2014[Co][nan]3[FSR]1,1.2864503,13.275517
2014[Co][nan]3[FSR]10,-9.254253,11.362246
2014[Co][nan]3[FSR]11,-3.8665454,11.71555
2014[Co][nan]3[FSR]12,-0.09470411,5.4950414
2014[Co][nan]3[FSR]13,-0.109264225,5.4674015
2014[Co][nan]3[FSR]15,-0.12810658,5.481245
2014[Co][nan]3[FSR]16,-0.063010916,5.517621
2014[Co][nan]3[FSR]18,-6.9683933,17.511395
2014[Co][nan]3[FSR]19,-4.372782,2.3886747
2014[Co][nan]3[FSR]20,-4.386887,2.458895
2014[Co][nan]3[FSR]21,-4.5359087,2.1747534
2014[Co][nan]3[FSR]22,-6.980586,17.494448
2014[Co][nan]3[FSR]23,-4.498173,2.197295
2014[Co][nan]3[FSR]24,-6.947624,17.413773
2014[Co][nan]3[FSR]25,-4.4173455,2.225426
2014[Co][nan]3[FSR]26,2.074512,9.361034
2014[Co][nan]3[FSR]27,1.6342304,8.863972
2014[Co][nan]3[FSR]28,1.6316624,8.613106
2014[Co][nan]3[FSR]3,4.871629,7.1803174
2014[Co][nan]3[FSR]33,3.0355313,14.604719
2014[Co][nan]3[FSR]34,3.0504365,14.6109915
2014[Co][nan]3[FSR]4,4.8551583,7.2022133
2014[Co][nou]3[ASR]1,-3.670837,9.856522
2014[Co][pcu]3[ASR]3,0.4322464,11.684787
2014[Co][pcu]3[ASR]5,-4.6876645,12.644198
2014[Co][pcu]3[FSR]3,0.4335896,11.699417
2014[Co][pcu]3[FSR]5,-4.6867104,12.6774845
2014[Co][rtl]3[ASR]1,1.5935999,8.024928
2014[Co][rtl]3[FSR]1,1.6401165,8.06678
2014[Co][sql]2[ASR]1,-9.243344,11.34546
2014[Co][sql]2[FSR]1,-9.233265,11.30425
2014[Co][sra]3[ASR]1,-0.9346541,2.4871736
2014[Co][twt]3[ASR]1,-1.1083415,3.842436
2014[CrMn][nan]3[ASR]1,-3.1574,21.878426
2014[CrMn][nan]3[FSR]1,-3.1033223,21.92961
2014[CrZn][pcu]3[FSR]1,-3.0986478,10.780893
2014[CuGd][nan]3[ASR]1,-2.5594053,14.935828
2014[CuLa][flt]3[ASR]1,2.2929595,13.035606
2014[CuLu][nan]3[ASR]1,-2.6165276,15.021575
2014[CuLu][nan]3[FSR]1,-2.6296632,15.001345
2014[CuMn][pcu]3[FSR]1,-3.1776297,12.220419
2014[CuNd][nan]3[ASR]1,3.0729215,10.690403
2014[CuNd][nan]3[ASR]2,3.0423188,10.67091
2014[CuNd][nan]3[FSR]1,-3.4971666,12.585809
2014[CuNd][nan]3[FSR]2,-3.5498939,12.500721
2014[CuTm][nan]3[ASR]1,-2.618655,15.008565
2014[CuU][nan]3[ASR]1,2.4311,15.110887
2014[CuYb][nan]3[ASR]1,-2.4763284,14.902984
2014[Cu][acs]3[ASR]1,1.3576833,17.958332
2014[Cu][acs]3[ASR]2,1.366356,17.975378
2014[Cu][acs]3[ASR]3,1.3523967,17.967361
2014[Cu][acs]3[ASR]4,1.3405541,17.943243
2014[Cu][acs]3[ASR]5,1.3537997,17.970251
2014[Cu][acs]3[FSR]1,1.3576344,17.960955
2014[Cu][acs]3[FSR]2,1.366715,17.976494
2014[Cu][acs]3[FSR]3,1.3555869,17.968939
2014[Cu][acs]3[FSR]4,1.3520565,17.952868
2014[Cu][acs]3[FSR]5,1.3507757,17.951294
2014[Cu][acs]3[FSR]6,1.3554811,17.970024
2014[Cu][bcu]3[ASR]1,6.4070663,11.626089
2014[Cu][bcu]3[ASR]10,6.446641,11.595287
2014[Cu][bcu]3[ASR]11,6.471467,11.553992
2014[Cu][bcu]3[ASR]2,6.463039,11.552415
2014[Cu][bcu]3[ASR]3,6.4432964,11.591099
2014[Cu][bcu]3[ASR]4,6.459175,11.586941
2014[Cu][bcu]3[ASR]5,6.468136,11.569073
2014[Cu][bcu]3[ASR]6,6.422854,11.604324
2014[Cu][bcu]3[ASR]7,6.4435678,11.580878
2014[Cu][bcu]3[ASR]8,6.4794965,11.5427475
2014[Cu][bcu]3[ASR]9,6.472366,11.549329
2014[Cu][bcu]3[FSR]1,6.4112425,11.62156
2014[Cu][bcu]3[FSR]2,5.6260924,11.600284
2014[Cu][bcu]3[FSR]3,6.4593616,11.584829
2014[Cu][bcu]3[FSR]4,6.474552,11.558991
2014[Cu][bcu]3[FSR]5,6.428337,11.612473
2014[Cu][bcu]3[FSR]6,6.466532,11.55254
2014[Cu][bcu]3[FSR]7,6.484007,11.541542
2014[Cu][bcu]3[FSR]8,6.4520693,11.595083
2014[Cu][bcu]3[FSR]9,6.481899,11.553115
2014[Cu][bnn]3[ASR]1,-2.868023,11.451091
2014[Cu][bnn]3[FSR]1,-2.907449,11.459061
2014[Cu][cds]3[ASR]1,1.3055973,11.223145
2014[Cu][dia]3[ASR]1,3.3732767,11.878314
2014[Cu][dia]3[ASR]10,-3.3786695,10.964228
2014[Cu][dia]3[ASR]11,-3.3474991,10.904156
2014[Cu][dia]3[ASR]15,-3.3601484,10.959394
2014[Cu][dia]3[ASR]2,3.354034,11.84874
2014[Cu][dia]3[ASR]3,3.328845,11.787632
2014[Cu][dia]3[ASR]4,3.3507192,11.831686
2014[Cu][dia]3[ASR]5,3.3757243,11.911022
2014[Cu][dia]3[ASR]6,0.40270373,9.28334
2014[Cu][dia]3[ASR]7,1.4766526,12.781074
2014[Cu][dia]3[FSR]1,3.4185202,11.9423895
2014[Cu][dia]3[FSR]12,-3.3838735,10.982954
2014[Cu][dia]3[FSR]13,-3.355706,10.921661
2014[Cu][dia]3[FSR]17,-3.3059285,10.966914
2014[Cu][dia]3[FSR]2,3.3820581,11.879699
2014[Cu][dia]3[FSR]3,3.365055,11.856412
2014[Cu][dia]3[FSR]4,3.3179379,11.778827
2014[Cu][dia]3[FSR]5,3.330758,11.826544
2014[Cu][dia]3[FSR]6,3.3755367,11.920589
2014[Cu][dia]3[FSR]7,3.3135953,11.82641
2014[Cu][dia]3[FSR]8,-4.164208,9.65051
2014[Cu][dia]3[FSR]9,1.469558,12.709013
2014[Cu][hms]3[ASR]1,1.9559236,12.527623
2014[Cu][hms]3[FSR]1,2.000925,12.52836
2014[Cu][lvt]3[ASR]1,-0.9017323,4.6068153
2014[Cu][nan]3[ASR]1,-1.7763683,0.42978147
2014[Cu][nan]3[ASR]10,-4.117557,11.179935
2014[Cu][nan]3[ASR]11,2.5359209,7.508204
2014[Cu][nan]3[ASR]12,2.5980823,7.7293377
2014[Cu][nan]3[ASR]13,2.5657456,7.547978
2014[Cu][nan]3[ASR]14,0.59106433,13.104932
2014[Cu][nan]3[ASR]15,2.972032,14.420047
2014[Cu][nan]3[ASR]16,-1.7471107,0.3905454
2014[Cu][nan]3[ASR]17,4.7695045,7.1694984
2014[Cu][nan]3[ASR]18,-0.3111164,2.0743952
2014[Cu][nan]3[ASR]19,-0.31382865,2.0665681
2014[Cu][nan]3[ASR]2,0.61106676,3.6504822
2014[Cu][nan]3[ASR]20,-0.32624474,2.058348
2014[Cu][nan]3[ASR]21,-0.3249712,2.0236018
2014[Cu][nan]3[ASR]22,-0.31732398,2.0581977
2014[Cu][nan]3[ASR]23,-0.31109902,2.1177657
2014[Cu][nan]3[ASR]24,-0.3071199,2.114039
2014[Cu][nan]3[ASR]25,-0.29155642,2.105325
2014[Cu][nan]3[ASR]26,-0.29806352,2.1008997
2014[Cu][nan]3[ASR]27,-0.28767163,2.0991263
2014[Cu][nan]3[ASR]28,-0.30911297,2.0671504
2014[Cu][nan]3[ASR]29,-4.153433,11.30666
2014[Cu][nan]3[ASR]3,-1.2455554,1.5517361
2014[Cu][nan]3[ASR]4,-6.938006,17.468483
2014[Cu][nan]3[ASR]6,-1.1198168,4.09057
2014[Cu][nan]3[ASR]7,-1.1341317,4.171642
2014[Cu][nan]3[ASR]8,0.59806013,3.6244004
2014[Cu][nan]3[ASR]9,-2.2479074,9.502776
2014[Cu][nan]3[FSR]1,-6.9153934,17.44593
2014[Cu][nan]3[FSR]3,-2.2839367,9.503985
2014[Cu][nan]3[FSR]4,-4.104044,11.184895
2014[Cu][nan]3[FSR]5,0.57574695,13.086473
2014[Cu][nan]3[FSR]6,-4.117414,13.915803
2014[Cu][nan]3[FSR]7,-4.094284,11.377212
2014[Cu][nbo]3[ASR]1,5.77032,11.866085
2014[Cu][nbo]3[ASR]2,-0.79965764,1.8742552
2014[Cu][nbo]3[ASR]4,-1.0659789,2.580572
2014[Cu][nbo]3[FSR]1,5.7119703,12.150652
2014[Cu][nts]3[ASR]1,-1.5179124,0.8808802
2014[Cu][nts]3[ASR]2,-1.6994658,0.5198478
2014[Cu][pcu]3[ASR]2,6.2110133,12.39549
2014[Cu][pcu]3[ASR]4,1.8183444,8.996886
2014[Cu][pcu]3[ASR]5,-4.3101115,10.436487
2014[Cu][pcu]3[FSR]2,6.211079,12.370804
2014[Cu][pcu]3[FSR]4,1.8152112,9.010508
2014[Cu][pcu]3[FSR]5,-4.3417215,10.415565
2014[Cu][pcu]3[ION]1,-1.7609112,6.9483347
2014[Cu][pts]3[ASR]1,1.4174305,9.804754
2014[Cu][pts]3[FSR]1,1.4308904,9.800865
2014[Cu][qtz]3[ASR]1,1.4182416,10.255137
2014[Cu][rtl]3[ASR]1,0.57239527,5.734546
2014[Cu][rtl]3[ASR]4,-2.9252002,13.558501
2014[Cu][rtl]3[FSR]3,-2.890342,13.579503
2014[Cu][rtl]3[ION]1,2.4443114,8.21161
2014[Cu][scu]3[ASR]1,4.701335,6.8370814
2014[Cu][scu]3[FSR]1,4.670951,6.862548
2014[Cu][scu]3[ION]1,-3.5854971,13.671132
2014[Cu][sql]2[FSR]1,-4.852285,11.481678
2014[Cu][ssb]3[ASR]1,-1.0298885,2.2118678
2014[Cu][tbo]3[ASR]1,-2.1942294,2.314813
2014[Cu][tbo]3[ASR]10,-2.0157998,2.436256
2014[Cu][tbo]3[ASR]11,-2.042382,2.4472451
2014[Cu][tbo]3[ASR]12,-1.9384413,2.370487
2014[Cu][tbo]3[ASR]13,-1.9990383,2.4363585
2014[Cu][tbo]3[ASR]2,-2.0968263,5.8640137
2014[Cu][tbo]3[ASR]3,-2.0339468,2.4548402
2014[Cu][tbo]3[ASR]4,-2.0296395,2.4448633
2014[Cu][tbo]3[ASR]5,-2.009337,2.4484665
2014[Cu][tbo]3[ASR]6,-2.0023377,2.4226933
2014[Cu][tbo]3[ASR]7,-2.1765563,2.2988663
2014[Cu][tbo]3[ASR]8,-2.161737,2.3030424
2014[Cu][tbo]3[ASR]9,-2.0806606,2.4796934
2014[Cu][tbo]3[FSR]1,-2.063593,2.4809365
2014[Cu][tbo]3[FSR]3,-1.0627533,4.278057
2014[Cu][tbo]3[FSR]5,-1.0488704,4.225602
2014[DyZn][nan]3[ASR]1,3.5986848,10.454295
2014[Dy][bcu]3[ASR]1,-1.0615331,11.550263
2014[Dy][bcu]3[FSR]1,-1.0958047,11.586098
2014[Dy][nan]3[ASR]1,-1.2683752,4.202911
2014[Dy][nan]3[ASR]2,3.6705093,7.3963757
2014[Dy][nan]3[FSR]1,-3.2218494,9.753965
2014[Dy][pcu]3[ASR]1,-1.3610988,4.204204
2014[ErAg][nan]3[ASR]1,1.5428993,15.955473
2014[ErAg][nan]3[FSR]1,1.4842424,15.983709
2014[ErU][nan]3[FSR]1,0.8322133,16.451042
2014[Er][dmc]3[ASR]1,2.5695665,15.19472
2014[Er][dmc]3[FSR]1,-3.471316,14.813819
2014[Er][nan]3[ION]1,0.7288052,6.194091
2014[Er][vmd]3[ASR]1,1.4707423,16.605293
2014[Er][vmd]3[ASR]2,1.5446936,16.535946
2014[Eu][dmc]3[ASR]1,2.5547953,15.104682
2014[Eu][dmc]3[FSR]1,-3.5400639,14.758809
2014[Eu][esg]3[ASR]1,-2.422085,7.8190928
2014[Eu][esg]3[ASR]2,-2.4127622,7.805487
2014[Eu][nan]3[ASR]1,-2.2061648,15.736072
2014[Eu][nan]3[ASR]10,3.025999,6.9032536
2014[Eu][nan]3[ASR]3,2.9961388,6.936153
2014[Eu][nan]3[ASR]4,2.8565257,11.229821
2014[Eu][nan]3[ASR]5,-3.9631853,10.38076
2014[Eu][nan]3[ASR]6,2.1783788,10.109454
2014[Eu][nan]3[ASR]7,3.317006,7.184313
2014[Eu][nan]3[ASR]8,-1.277644,4.148045
2014[Eu][nan]3[ASR]9,3.7038722,7.388849
2014[Eu][nan]3[FSR]1,-2.205215,15.733026
2014[Eu][nan]3[FSR]3,2.876916,11.2434435
2014[Eu][nan]3[FSR]5,-3.219863,9.678189
2014[Eu][nan]3[FSR]7,2.1897585,13.0570545
2014[Eu][pcu]3[ASR]1,2.6963086,6.620845
2014[Eu][tfz]3[ASR]1,-1.4396019,11.574383
2014[Eu][tfz]3[FSR]1,-1.486044,11.627226
2014[FeAg][tfa]3[ION]1,-8.505624,10.665043
2014[FeAu][fsc]3[ASR]1,5.755551,11.713343
2014[FeAu][fsc]3[ASR]2,5.796848,11.751675
2014[FeAu][fsc]3[FSR]1,5.7496586,11.655483
2014[FeAu][fsc]3[FSR]2,5.8114862,11.685976
2014[FeAu][nan]3[ASR]1,5.5497727,12.381369
2014[FeAu][nan]3[FSR]1,5.547443,12.381371
2014[FeAu][nan]3[FSR]2,5.5495014,12.383909
2014[FeMn][nan]3[ASR]1,1.7293575,7.1474776
2014[FeZn][nan]3[FSR]1,1.2168454,9.465938
2014[FeZr][soc]3[ASR]1,-1.7562631,0.57177967
2014[Fe][acs]3[ASR]1,-0.5772114,7.1532617
2014[Fe][acs]3[ASR]2,0.5099266,5.90828
2014[Fe][dia]3[FSR]1,2.786758,13.404416
2014[Fe][nan]3[ASR]1,-7.0074267,17.480469
2014[Fe][nan]3[ASR]10,-4.4634,2.204346
2014[Fe][nan]3[ASR]3,-6.9922967,17.497364
2014[Fe][nan]3[ASR]4,-6.9844723,17.478983
2014[Fe][nan]3[ASR]5,1.0077412,14.22553
2014[Fe][nan]3[ASR]6,-1.6532147,0.3604403
2014[Fe][nan]3[ASR]7,-1.3654197,0.8154918
2014[Fe][nan]3[ASR]8,-0.64672595,1.3296485
2014[Fe][nan]3[ASR]9,-0.65186256,1.4098241
2014[Fe][nan]3[FSR]3,4.9381466,7.135043
2014[Fe][nan]3[FSR]4,4.9025893,7.104679
2014[Fe][nan]3[FSR]5,1.0378865,14.223647
2014[Fe][nht]3[ASR]1,0.0055768443,3.1578014
2014[Ga][bpq]3[ASR]1,-1.9381493,17.4405
2014[Ga][bpq]3[FSR]1,-1.8935683,17.471695
2014[GdCu][nan]3[FSR]1,-2.5711544,14.960445
2014[GdU][nan]3[FSR]1,0.858626,16.441807
2014[GdZn][nan]3[FSR]1,3.7016532,10.678844
2014[Gd][bcu]3[ASR]1,-1.1003082,11.583065
2014[Gd][bcu]3[FSR]1,-1.0758927,11.5730915
2014[Gd][cds]3[ASR]1,-2.4614773,7.3046193
2014[Gd][cds]3[FSR]1,-3.5455127,8.579899
2014[Gd][fsc]3[ASR]1,-2.3089273,14.776042
2014[Gd][fsc]3[FSR]1,-2.5773258,15.135379
2014[Gd][nan]3[ASR]1,-1.3375117,4.142826
2014[Gd][nan]3[ASR]2,-1.320333,4.1502924
2014[Gd][nan]3[FSR]1,-3.220929,9.722759
2014[Gd][pcu]3[FSR]1,-3.5639417,14.689855
2014[Gd][tfz]3[ASR]1,-1.4690468,11.590262
2014[Gd][tfz]3[FSR]1,-2.9812322,12.075743
2014[HoU][nan]3[FSR]1,0.8470408,16.439543
2014[Ho][nan]3[ION]1,0.80039984,6.2824864
2014[In][nan]3[ASR]1,-2.3036563,7.8826737
2014[In][nan]3[ASR]2,2.5130017,5.597702
2014[In][nan]3[ASR]3,-0.8729908,1.484549
2014[In][nan]3[FSR]1,-2.2989175,7.8981833
2014[In][nan]3[FSR]3,-0.8746903,1.4944541
2014[In][unc]3[ASR]1,-0.6871446,1.94817
2014[La][nan]3[ASR]1,4.1273975,6.6767974
2014[La][nan]3[ASR]2,-1.2942727,12.743886
2014[La][nan]3[ASR]3,-2.4065385,7.3414783
2014[La][nan]3[ASR]4,2.589755,13.767126
2014[La][sqc]3[ASR]1,-1.4635458,11.607032
2014[Mg][acs]3[ASR]1,0.588287,18.060673
2014[Mg][acs]3[ASR]2,0.6189689,18.024458
2014[Mg][acs]3[ASR]3,0.59612495,18.065508
2014[Mg][acs]3[FSR]1,0.5866611,18.05633
2014[Mg][acs]3[FSR]2,0.5857561,18.04516
2014[Mg][acs]3[FSR]3,0.59794927,18.064148
2014[Mg][dia]3[FSR]1,-7.487796,18.511526
2014[Mg][nan]3[ASR]1,2.441744,9.059616
2014[Mg][nan]3[ASR]2,-3.6885617,9.740873
2014[Mg][nan]3[ASR]3,-3.572617,10.053159
2014[Mg][nan]3[ASR]4,-3.5219023,10.166696
2014[Mg][nan]3[ASR]6,-3.6895695,11.269907
2014[Mg][nan]3[ASR]7,2.5133524,9.872304
2014[Mg][nan]3[ASR]8,4.543218,6.099957
2014[Mg][nan]3[FSR]1,2.474245,9.042121
2014[Mg][nan]3[FSR]2,-3.6912465,9.755804
2014[Mg][nan]3[FSR]3,-3.5525973,10.074144
2014[Mg][nan]3[FSR]4,-3.4993951,10.22201
2014[Mg][nan]3[FSR]6,-3.7280662,11.220529
2014[Mg][nan]3[FSR]7,2.5563471,9.831731
2014[Mg][nan]3[FSR]8,-1.9494103,9.427873
2014[Mg][pts]3[ASR]1,-2.9061933,9.857205
2014[Mg][pts]3[ASR]2,-2.0348334,8.558185
2014[Mg][pts]3[FSR]1,-2.9107807,9.835473
2014[Mg][pts]3[FSR]2,-2.753539,9.829464
2014[Mg][rob]3[ASR]1,2.1015687,7.930393
2014[Mg][rtl]3[ASR]1,2.7296987,13.270418
2014[Mg][rtl]3[FSR]1,2.6896427,13.27034
2014[Mn][ant]3[ASR]1,2.5993645,5.1255174
2014[Mn][ant]3[FSR]1,1.6658858,11.715865
2014[Mn][dia]3[ASR]1,-0.61131316,17.438425
2014[Mn][dia]3[FSR]1,-0.6393833,17.409744
2014[Mn][dia]3[FSR]2,-4.476743,12.669851
2014[Mn][gfy]3[ASR]1,1.2618036,9.028745
2014[Mn][gfy]3[ASR]2,1.3235015,8.928991
2014[Mn][gfy]3[FSR]1,1.2926172,8.993416
2014[Mn][gfy]3[FSR]2,1.3359425,8.895519
2014[Mn][gfy]3[ION]1,1.2811514,8.960162
2014[Mn][nan]3[ASR]1,1.0109186,11.588766
2014[Mn][nan]3[ASR]10,-1.1826347,16.249949
2014[Mn][nan]3[ASR]11,-1.1761005,16.289667
2014[Mn][nan]3[ASR]12,5.331831,7.8119926
2014[Mn][nan]3[ASR]13,5.3148017,7.8102984
2014[Mn][nan]3[ASR]14,5.1760497,7.867673
2014[Mn][nan]3[ASR]15,5.2034297,7.8604584
2014[Mn][nan]3[ASR]16,5.2476044,7.8521466
2014[Mn][nan]3[ASR]17,5.3275166,7.818101
2014[Mn][nan]3[ASR]18,5.325295,7.815679
2014[Mn][nan]3[ASR]19,5.3381042,7.8183126
2014[Mn][nan]3[ASR]2,2.9891462,5.4381194
2014[Mn][nan]3[ASR]20,-0.14022288,2.6050773
2014[Mn][nan]3[ASR]3,-6.986518,17.488705
2014[Mn][nan]3[ASR]6,-9.269734,11.370203
2014[Mn][nan]3[ASR]7,-6.0020337,5.841034
2014[Mn][nan]3[ASR]9,-5.986813,5.8387036
2014[Mn][nan]3[FSR]1,-4.4352446,11.396286
2014[Mn][nan]3[FSR]10,5.330918,7.810985
2014[Mn][nan]3[FSR]11,5.31811,7.811265
2014[Mn][nan]3[FSR]12,5.1536617,7.890973
2014[Mn][nan]3[FSR]13,5.1852765,7.859974
2014[Mn][nan]3[FSR]14,5.2418604,7.852743
2014[Mn][nan]3[FSR]15,5.3320694,7.815141
2014[Mn][nan]3[FSR]16,5.3342967,7.8178854
2014[Mn][nan]3[FSR]17,5.344069,7.8208036
2014[Mn][nan]3[FSR]5,-9.276468,11.378164
2014[Mn][nan]3[FSR]8,-1.3252717,16.24985
2014[Mn][nan]3[FSR]9,-1.2646824,16.237818
2014[Mn][nan]3[ION]1,-2.8403573,14.745562
2014[Mn][pcu]3[ASR]1,-1.068832,7.301992
2014[Mn][pcu]3[ASR]2,0.46054742,11.3815565
2014[Mn][pcu]3[ASR]3,0.18409362,17.904655
2014[Mn][pcu]3[FSR]1,0.4350589,11.421751
2014[Mn][pts]3[FSR]1,-3.365669,10.521827
2014[Mn][rtl]3[ASR]1,2.7972713,13.4637785
2014[Mn][rtl]3[ASR]2,0.58522254,5.951756
2014[Mn][rtl]3[ASR]3,0.5728772,5.900067
2014[Mn][rtl]3[FSR]1,2.788823,13.488804
2014[Mn][rtl]3[FSR]2,0.58834916,5.9565134
2014[Mn][rtl]3[FSR]3,0.5625793,5.839561
2014[Mn][tfz]3[ASR]1,1.0730219,10.891872
2014[Mn][tfz]3[FSR]1,1.0240442,10.878654
2014[Nd][fit]3[ASR]2,-4.417299,11.960353
2014[Nd][fit]3[FSR]2,-4.4435005,11.935326
2014[Nd][flu]3[ASR]1,-4.3968287,11.799588
2014[Nd][nan]3[ASR]1,2.9776855,7.0835104
2014[Nd][sqc]3[ASR]1,-1.4811792,11.574428
2014[Nd][sqc]3[FSR]1,-1.4530501,11.6204195
2014[Ni][ant]3[ASR]1,5.100601,9.74464
2014[Ni][dia]3[ASR]1,0.6414124,5.3031454
2014[Ni][dia]3[FSR]1,0.61596364,5.26574
2014[Ni][fsc]3[ASR]1,-2.7299562,7.9754496
2014[Ni][gfy]3[ION]1,1.4863749,9.611936
2014[Ni][gfy]3[ION]2,1.3090496,8.999611
2014[Ni][gra]3[ASR]1,1.1903266,10.477951
2014[Ni][gra]3[FSR]1,1.1953895,10.50759
2014[Ni][nan]2[ASR]1,1.9744824,7.2062955
2014[Ni][nan]2[FSR]1,1.7952561,9.902692
2014[Ni][nan]3[ASR]2,0.7743602,6.674449
2014[Ni][nan]3[ASR]3,2.0168326,12.533287
2014[Ni][nan]3[ASR]4,-4.5231543,2.1868224
2014[Ni][nan]3[ASR]5,-4.3472314,2.3575575
2014[Ni][nan]3[ASR]6,-4.7593246,11.044562
2014[Ni][nan]3[FSR]2,-3.4136565,8.297882
2014[Ni][nan]3[FSR]3,-4.6481004,12.590023
2014[Ni][nan]3[FSR]4,-0.4776022,11.346053
2014[Ni][nan]3[FSR]5,-4.548278,2.2062173
2014[Ni][nan]3[FSR]6,-4.34943,2.3574505
2014[Ni][nan]3[FSR]7,-4.8132887,10.992535
2014[Ni][pcu]3[ASR]2,2.514157,7.57189
2014[Ni][tfi]3[ASR]1,-1.0785127,10.466069
2014[Pr][dmc]3[ASR]1,2.611114,15.004493
2014[Pr][dmc]3[FSR]1,-3.5694947,14.763685
2014[Pr][nan]3[ASR]1,3.0539649,6.9617114
2014[Pr][nan]3[FSR]1,2.180879,13.026516
2014[Sc][nan]3[ASR]10,8.133179,11.9866905
2014[Sc][nan]3[ASR]11,8.098001,12.026743
2014[Sc][nan]3[ASR]5,8.139502,11.943017
2014[Sc][nan]3[ASR]6,8.127964,11.951355
2014[Sc][nan]3[ASR]7,8.110877,11.962786
2014[Sc][nan]3[ASR]8,8.057706,12.081223
2014[Sc][nan]3[ASR]9,8.168037,11.898892
2014[Sc][nan]3[FSR]10,8.145119,11.972657
2014[Sc][nan]3[FSR]11,8.10029,12.024055
2014[Sc][nan]3[FSR]5,8.139157,11.94291
2014[Sc][nan]3[FSR]6,8.156161,11.924826
2014[Sc][nan]3[FSR]7,8.119083,11.955685
2014[Sc][nan]3[FSR]8,8.057429,12.0817585
2014[Sc][nan]3[FSR]9,8.139817,11.925927
2014[SmU][nan]3[FSR]1,0.79596967,16.412243
2014[Sm][nan]3[ASR]1,4.209175,6.9319205
2014[Sm][nan]3[ASR]2,3.628263,7.37795
2014[Sm][nan]3[ASR]3,3.0557387,7.0975146
2014[TbU][nan]3[FSR]1,0.841874,16.4354
2014[Tb][bcu]3[ASR]1,-1.0833526,11.57999
2014[Tb][bcu]3[FSR]1,-1.0712819,11.567724
2014[Tb][dmc]3[ASR]1,2.6558738,15.197983
2014[Tb][dmc]3[FSR]1,-3.4872682,14.861125
2014[Tb][mog]3[ASR]1,0.6814235,5.0169015
2014[Tb][mog]3[FSR]1,-3.709041,9.103076
2014[Tb][nan]3[ASR]1,4.2483816,6.807761
2014[Tb][nan]3[ASR]2,4.893307,10.769089
2014[Tb][nan]3[ASR]3,3.6557317,7.3852763
2014[Tb][nan]3[ION]1,0.85183126,6.3625913
2014[TmCu][nan]3[FSR]1,-2.5935974,14.985992
2014[TmU][nan]3[FSR]1,0.84108984,16.422785
2014[Tm][nan]3[ASR]1,4.352491,6.8831067
2014[UDy][nan]3[FSR]1,0.8237989,16.45663
2014[UEu][nan]3[FSR]1,0.8857882,16.464586
2014[U][nan]3[ASR]1,-1.2869626,15.760115
2014[U][nan]3[ASR]2,0.9977889,16.565119
2014[U][nan]3[FSR]1,-1.3063507,15.781558
2014[U][nan]3[FSR]2,1.5954638,15.56879
2014[Y][nan]3[ASR]1,2.8094382,11.173858
2014[Y][nan]3[ASR]2,2.828399,11.168111
2014[Y][nan]3[FSR]1,2.8151581,11.175402
2014[Y][nan]3[FSR]2,2.8345258,11.168091
2014[YbCu][nan]3[FSR]1,-2.6558094,15.042941
2014[YbU][nan]3[FSR]1,0.84559864,16.45062
2014[Yb][nan]3[ASR]1,2.1818573,16.186338
2014[Yb][nan]3[FSR]1,-2.8652472,15.34589
2014[ZnCr][pcu]3[ASR]1,0.5823311,10.981929
2014[ZnDy][nan]3[FSR]1,3.7050047,10.639672
2014[ZnEu][nan]3[ASR]1,3.639713,10.460042
2014[ZnEu][nan]3[FSR]1,3.7749155,10.751248
2014[ZnFe][nan]3[ASR]1,1.2226102,9.491567
2014[ZnGd][nan]3[ASR]1,3.6614568,10.498183
2014[ZnLa][tfw]3[ASR]1,3.6472802,10.263886
2014[ZnMo][pcu]3[ASR]1,-3.090599,10.765393
2014[ZnMo][pcu]3[ASR]2,-3.1593657,10.726747
2014[ZnMo][pcu]3[FSR]1,-3.0718184,10.820142
2014[ZnMo][pcu]3[FSR]2,-3.1590555,10.722836
2014[Zn][bcs]3[ASR]1,-7.288125,3.119229
2014[Zn][bnn]3[ASR]1,2.2014916,11.44037
2014[Zn][bnn]3[FSR]1,2.208337,11.417893
2014[Zn][bnn]3[ION]1,-2.6601584,10.873159
2014[Zn][cds]3[ASR]1,-4.4281883,13.092449
2014[Zn][cds]3[ASR]2,-4.462185,13.445132
2014[Zn][cds]3[ASR]3,-4.3907113,13.494054
2014[Zn][cds]3[ASR]4,-4.424766,13.033435
2014[Zn][cds]3[FSR]1,-4.4243555,13.046428
2014[Zn][cds]3[FSR]2,-4.5158944,13.436758
2014[Zn][cds]3[FSR]3,-4.4347835,13.53149
2014[Zn][cds]3[FSR]4,-4.426636,13.052028
2014[Zn][dia]3[ASR]1,-4.8078012,11.973627
2014[Zn][dia]3[ASR]11,6.180195,12.039519
2014[Zn][dia]3[ASR]12,6.107254,12.066946
2014[Zn][dia]3[ASR]13,1.3067018,11.738815
2014[Zn][dia]3[ASR]2,-1.0955205,11.385161
2014[Zn][dia]3[ASR]3,1.6442808,13.334515
2014[Zn][dia]3[ASR]6,-5.0945106,12.999169
2014[Zn][dia]3[ASR]7,-4.8372626,11.055898
2014[Zn][dia]3[ASR]9,1.2467349,12.591678
2014[Zn][dia]3[FSR]1,-4.70149,12.078489
2014[Zn][dia]3[FSR]11,6.181047,12.026578
2014[Zn][dia]3[FSR]12,6.134789,12.040763
2014[Zn][dia]3[FSR]13,1.3152747,11.751029
2014[Zn][dia]3[FSR]2,-1.6531417,11.918661
2014[Zn][dia]3[FSR]3,1.6610782,13.321485
2014[Zn][dia]3[FSR]6,-5.0988016,12.982708
2014[Zn][dia]3[FSR]7,-4.8279243,11.034666
2014[Zn][dia]3[FSR]9,1.2863752,12.590469
2014[Zn][dmc]3[ASR]1,-2.922286,13.226744
2014[Zn][dmc]3[ASR]2,5.8497305,12.913807
2014[Zn][dmc]3[FSR]1,-2.903262,13.233924
2014[Zn][dmc]3[FSR]2,5.850165,12.903826
2014[Zn][etf]3[ASR]1,-0.23605755,3.544719
2014[Zn][etf]3[FSR]1,-0.25018722,3.532924
2014[Zn][hms]3[ASR]1,0.7695097,6.2297597
2014[Zn][hms]3[FSR]1,0.70826924,6.1907334
2014[Zn][nan]2[ASR]2,-0.20055014,4.7892365
2014[Zn][nan]2[ASR]3,-0.17537495,4.8909755
2014[Zn][nan]2[ASR]4,-0.2228863,4.897673
2014[Zn][nan]2[FSR]2,-0.18206488,4.885074
2014[Zn][nan]3[ASR]1,1.8981283,4.5506535
2014[Zn][nan]3[ASR]10,0.29512975,5.1190014
2014[Zn][nan]3[ASR]11,1.8985145,4.542731
2014[Zn][nan]3[ASR]12,0.62994945,3.484192
2014[Zn][nan]3[ASR]13,3.6554165,10.656189
2014[Zn][nan]3[ASR]14,5.1384344,9.27293
2014[Zn][nan]3[ASR]15,1.4911406,6.6696315
2014[Zn][nan]3[ASR]16,-2.8134692,14.6474085
2014[Zn][nan]3[ASR]17,2.9459398,10.066954
2014[Zn][nan]3[ASR]2,0.6649979,3.5149972
2014[Zn][nan]3[ASR]24,1.4116255,10.741367
2014[Zn][nan]3[ASR]26,2.4975739,13.183713
2014[Zn][nan]3[ASR]27,2.2959027,13.392704
2014[Zn][nan]3[ASR]28,-4.215694,10.102723
2014[Zn][nan]3[ASR]3,0.30867338,3.6562326
2014[Zn][nan]3[ASR]31,1.224001,11.367004
2014[Zn][nan]3[ASR]32,-2.0228932,9.490266
2014[Zn][nan]3[ASR]34,-3.026121,13.89457
2014[Zn][nan]3[ASR]36,3.3902707,6.8077183
2014[Zn][nan]3[ASR]38,4.962121,10.537162
2014[Zn][nan]3[ASR]39,-2.429116,8.162464
2014[Zn][nan]3[ASR]4,1.13967,13.177783
2014[Zn][nan]3[ASR]5,-4.477524,2.2019074
2014[Zn][nan]3[ASR]6,-4.503783,2.1877475
2014[Zn][nan]3[ASR]7,-4.402875,2.2283454
2014[Zn][nan]3[ASR]8,2.086034,12.526779
2014[Zn][nan]3[ASR]9,6.0712523,12.320518
2014[Zn][nan]3[FSR]1,-4.7114143,12.699175
2014[Zn][nan]3[FSR]11,2.8851628,12.516436
2014[Zn][nan]3[FSR]13,-2.7595642,14.632503
2014[Zn][nan]3[FSR]14,2.9413807,10.055033
2014[Zn][nan]3[FSR]2,1.5810115,11.461569
2014[Zn][nan]3[FSR]20,-4.10614,13.388885
2014[Zn][nan]3[FSR]27,1.2385368,11.36019
2014[Zn][nan]3[FSR]28,-2.0270038,9.500048
2014[Zn][nan]3[FSR]3,0.26840365,3.6737938
2014[Zn][nan]3[FSR]33,0.26702085,3.6763914
2014[Zn][nan]3[FSR]34,-2.4493654,8.119457
2014[Zn][nan]3[FSR]4,1.2032108,13.23341
2014[Zn][nan]3[FSR]5,-4.4764566,2.2017038
2014[Zn][nan]3[FSR]6,-4.4945655,2.1942155
2014[Zn][nan]3[FSR]7,-4.4063873,2.2266731
2014[Zn][nan]3[FSR]8,2.0845516,12.545706
2014[Zn][nan]3[FSR]9,6.0256705,12.32273
2014[Zn][nan]3[ION]1,-2.721301,8.299431
2014[Zn][nan]3[ION]2,0.5943824,11.083881
2014[Zn][nbo]3[ASR]1,0.501587,4.230833
2014[Zn][nou]3[ASR]1,1.9636376,7.5577655
2014[Zn][pcu]3[ASR]1,2.0859342,8.627805
2014[Zn][pcu]3[ASR]10,-0.86736065,4.9174457
2014[Zn][pcu]3[ASR]12,-2.30735,0.6671103
2014[Zn][pcu]3[ASR]13,-2.3134515,0.66560024
2014[Zn][pcu]3[ASR]14,-2.3155017,0.66311395
2014[Zn][pcu]3[ASR]15,1.183998,11.383095
2014[Zn][pcu]3[ASR]19,1.6831281,7.755027
2014[Zn][pcu]3[ASR]20,2.1790118,12.4780035
2014[Zn][pcu]3[ASR]21,0.90974003,4.336763
2014[Zn][pcu]3[ASR]22,-1.936364,0.37516692
2014[Zn][pcu]3[ASR]24,-2.9533203,10.888738
2014[Zn][pcu]3[FSR]1,2.0673716,8.611176
2014[Zn][pcu]3[FSR]10,-0.8483052,4.9319015
2014[Zn][pcu]3[FSR]12,1.1943513,11.363408
2014[Zn][pcu]3[FSR]16,1.6922822,7.750227
2014[Zn][pcu]3[FSR]17,2.1217186,12.46616
2014[Zn][pcu]3[FSR]19,-2.9505475,10.901362
2014[Zn][pts]3[ASR]1,-2.3744948,7.9062753
2014[Zn][rtl]3[ASR]1,1.7666041,6.6966133
2014[Zn][rtl]3[ASR]2,3.2079675,5.0872846
2014[Zn][rtl]3[FSR]1,1.8133966,6.732478
2014[Zn][rtl]3[FSR]2,3.2065442,5.082142
2014[Zn][rtl]3[ION]1,-3.2208812,10.410683
2014[Zn][sod]3[ASR]2,7.149571,2.7085853
2014[Zn][sod]3[ASR]3,7.1495256,2.7088315
2014[Zn][sod]3[FSR]2,7.149737,2.708657
2014[Zn][sod]3[FSR]3,7.1495323,2.7087119
2014[Zn][sql]2[ASR]1,-0.016411426,9.462852
2014[Zn][sql]2[FSR]1,-0.03933481,9.433409
2014[Zn][sql]2[ION]1,-6.020252,6.9462533
2014[Zn][sra]3[ASR]1,3.8742034,5.1675243
2014[Zn][sra]3[ASR]2,3.237924,5.102848
2014[Zn][sra]3[ASR]3,3.886392,5.1844473
2014[Zn][sra]3[ASR]4,-0.8297826,5.9538517
2014[Zn][sra]3[FSR]1,3.853426,5.1697574
2014[Zn][sra]3[FSR]2,3.2466674,5.110779
2014[Zn][sra]3[FSR]3,3.9018207,5.182837
2014[Zn][sra]3[FSR]4,-0.8283536,5.954763
2014[Zn][srs]3[ASR]1,2.1238577,4.5709734
2014[Zn][srs]3[ASR]2,-12.3609915,4.4636583
2014[Zn][srs]3[ASR]3,-12.322697,4.1327815
2014[Zn][srs]3[ASR]4,-12.360191,4.4132547
2014[Zn][srs]3[ASR]5,-12.353581,4.4491625
2014[Zn][srs]3[FSR]1,1.5194083,12.363482
2014[Zn][srs]3[FSR]2,-12.353138,4.4500666
2014[Zn][sxb]3[ASR]1,3.8162694,7.323354
2014[Zn][sxb]3[FSR]1,-3.65511,12.8149395
2014[Zn][ths]3[ASR]1,0.95974827,13.866715
2014[Zn][ths]3[ASR]2,0.60415334,5.6932464
2014[Zn][ths]3[ASR]3,-9.451318,2.5288115
2014[Zn][ths]3[ASR]4,-9.455026,2.5165505
2014[Zn][ths]3[FSR]1,-5.0362535,13.196439
2014[Zn][ths]3[FSR]3,-9.44894,2.5310338
2014[Zn][ths]3[FSR]4,-9.486234,2.50418
2014[Zn][ths]3[ION]1,0.68980473,11.838734
2014[Zn][unc]3[ASR]1,0.77635574,13.670043
2014[Zn][unc]3[FSR]1,0.80552065,13.672281
2014[Zn][unj]3[ASR]1,-3.1571631,8.200967
2014[Zn][unj]3[FSR]1,-3.2767413,8.206754
2014[Zn][unj]3[FSR]2,-3.2216423,8.23705
2014[Zn][utp]3[ASR]1,0.315662,5.867577
2014[Zn][utp]3[ASR]2,-5.278943,6.2735305
2014[Zn][utp]3[FSR]2,-5.2839885,6.27338
2014[Zn][vbk]3[ASR]1,0.24216576,3.1117172
2014[Zr][fcu]3[ASR]1,-0.49763328,2.8751707
2014[Zr][fcu]3[ASR]2,-1.3677682,0.8959366
2014[Zr][fcu]3[ASR]3,3.8953345,6.621827
2015[AgDy][nan]3[FSR]1,1.4893172,15.967897
2015[AgEu][nan]3[FSR]1,1.5183842,15.957387
2015[AgGd][nan]3[ASR]1,1.4795706,15.968488
2015[AgGd][nan]3[ASR]2,-2.327398,14.82302
2015[AgSm][nan]3[ASR]1,1.594465,15.890421
2015[AgTb][nan]3[ASR]1,1.4611645,15.984267
2015[AgYb][nan]3[ASR]1,1.3803774,16.007812
2015[Ag][dia]3[ASR]1,5.9320464,12.44164
2015[Ag][dia]3[ASR]2,5.8377066,12.567419
2015[Ag][nan]2[ASR]1,0.97458863,16.161943
2015[Ag][nan]2[FSR]1,1.003193,16.129078
2015[Ag][nan]3[ASR]1,-3.5684829,11.370209
2015[Ag][nan]3[FSR]1,-3.5694518,11.372425
2015[Ag][nbo]3[ION]2,5.6562166,17.553797
2015[Ag][nbo]3[ION]3,5.648923,17.51969
2015[Ag][nbo]3[ION]4,5.656965,17.53684
2015[Ag][nbo]3[ION]5,-7.4569983,2.9844942
2015[Ag][nbo]3[ION]6,-7.463945,2.9776871
2015[Ag][ths]3[ASR]1,-4.587155,12.525253
2015[Ag][ths]3[FSR]1,-4.5592637,12.504198
2015[Al][bpq]3[ASR]1,4.2818236,8.100272
2015[Al][bpq]3[FSR]1,4.2753906,8.098974
2015[Al][fon]3[ASR]1,-0.49632457,1.551065
2015[Al][fon]3[FSR]1,-0.5155032,1.5645391
2015[Ca][sql]2[ION]1,-4.6343017,13.159553
2015[CdEu][flu]3[FSR]1,0.4755134,4.9339604
2015[CdNd][flu]3[ASR]1,0.5290306,4.4469366
2015[CdNd][flu]3[FSR]1,0.5506894,5.0224404
2015[CdNi][lil]3[FSR]1,-5.111935,6.2905
2015[Cd][bcu]3[ASR]2,1.9606564,10.231502
2015[Cd][bcu]3[ASR]3,2.0503032,10.150341
2015[Cd][bcu]3[ASR]4,-7.371038,3.06652
2015[Cd][bcu]3[FSR]1,1.923469,10.264613
2015[Cd][bcu]3[FSR]3,1.9918408,10.211207
2015[Cd][bcu]3[FSR]4,2.025839,10.125142
2015[Cd][bcu]3[FSR]5,-7.3971205,3.0406737
2015[Cd][bnn]3[ASR]1,-4.3903885,12.98548
2015[Cd][bnn]3[FSR]1,-4.4075894,12.998682
2015[Cd][bto]3[ASR]1,1.2735705,4.7831955
2015[Cd][crb]3[ASR]2,3.4940202,11.952233
2015[Cd][crb]3[FSR]2,3.5051126,11.948939
2015[Cd][dia]3[ASR]1,1.6352262,15.001147
2015[Cd][dia]3[ASR]3,-4.3938355,12.243594
2015[Cd][dia]3[ASR]4,-4.3842382,12.161895
2015[Cd][dia]3[ASR]6,-3.301124,8.653363
2015[Cd][dia]3[ASR]7,1.1567148,9.3941765
2015[Cd][dia]3[FSR]3,-4.393404,12.252055
2015[Cd][dia]3[FSR]4,-4.393576,12.152493
2015[Cd][dia]3[FSR]6,-3.3191586,8.640683
2015[Cd][dia]3[FSR]7,1.1345549,9.418453
2015[Cd][fcu]3[ASR]1,5.7812037,11.575732
2015[Cd][fet]3[ASR]1,0.9950154,13.870335
2015[Cd][fet]3[FSR]1,0.9884212,13.855998
2015[Cd][flu]3[ASR]1,3.9951658,9.13368
2015[Cd][flu]3[ASR]3,0.47664174,4.2985897
2015[Cd][flu]3[FSR]1,3.995523,9.127805
2015[Cd][hcb]2[ASR]1,3.2037513,11.146745
2015[Cd][hcb]2[ASR]2,1.8969883,4.2461123
2015[Cd][hcb]2[FSR]1,-4.481693,13.86232
2015[Cd][hcb]2[FSR]2,2.3984256,7.856773
2015[Cd][hex]3[ASR]1,6.441401,11.438978
2015[Cd][ins]3[ASR]1,-1.2016026,16.276773
2015[Cd][ins]3[FSR]1,-1.3148304,16.336891
2015[Cd][lon]3[ASR]1,5.0127516,9.47031
2015[Cd][lvt]3[ASR]1,4.7025437,12.948432
2015[Cd][lvt]3[FSR]1,4.7076473,12.927213
2015[Cd][nan]2[ASR]1,-1.0383188,11.469613
2015[Cd][nan]2[FSR]1,-1.0761749,11.50552
2015[Cd][nan]3[ASR]1,2.859046,10.173041
2015[Cd][nan]3[ASR]10,1.6101708,9.378776
2015[Cd][nan]3[ASR]11,1.9424529,10.91095
2015[Cd][nan]3[ASR]12,4.8011374,10.804596
2015[Cd][nan]3[ASR]14,2.5349283,15.366778
2015[Cd][nan]3[ASR]15,-3.4529676,13.36713
2015[Cd][nan]3[ASR]16,-4.152317,12.490602
2015[Cd][nan]3[ASR]17,-0.18284518,4.971042
2015[Cd][nan]3[ASR]18,-0.29762006,2.893315
2015[Cd][nan]3[ASR]19,1.9380691,7.0254207
2015[Cd][nan]3[ASR]2,2.3973053,16.016718
2015[Cd][nan]3[ASR]20,1.7158105,13.54146
2015[Cd][nan]3[ASR]21,1.4448589,8.733858
2015[Cd][nan]3[ASR]22,1.2405173,14.023256
2015[Cd][nan]3[ASR]23,-2.3713791,11.986783
2015[Cd][nan]3[ASR]25,2.8899133,10.149865
2015[Cd][nan]3[ASR]27,4.0715485,8.112893
2015[Cd][nan]3[ASR]28,3.3635921,13.507022
2015[Cd][nan]3[ASR]29,-4.5921726,12.017167
2015[Cd][nan]3[ASR]3,-2.2883294,14.738789
2015[Cd][nan]3[ASR]30,-2.2874134,14.724468
2015[Cd][nan]3[ASR]31,2.3931084,16.02205
2015[Cd][nan]3[ASR]32,-2.2872088,7.727498
2015[Cd][nan]3[ASR]33,2.1868894,9.814575
2015[Cd][nan]3[ASR]4,-8.831424,11.000518
2015[Cd][nan]3[ASR]5,3.7116964,7.778922
2015[Cd][nan]3[ASR]6,6.0611205,12.576171
2015[Cd][nan]3[ASR]7,0.78936434,4.624131
2015[Cd][nan]3[ASR]9,1.3717862,5.3798356
2015[Cd][nan]3[FSR]1,2.411738,16.012941
2015[Cd][nan]3[FSR]10,-3.4533238,13.346007
2015[Cd][nan]3[FSR]11,-4.169049,12.555057
2015[Cd][nan]3[FSR]12,-0.7912329,4.199999
2015[Cd][nan]3[FSR]14,-4.997654,13.800123
2015[Cd][nan]3[FSR]15,1.4252739,8.749735
2015[Cd][nan]3[FSR]16,1.2229667,14.042278
2015[Cd][nan]3[FSR]17,-2.3314948,12.007907
2015[Cd][nan]3[FSR]2,-2.2694905,14.737011
2015[Cd][nan]3[FSR]22,-4.590551,11.998102
2015[Cd][nan]3[FSR]23,-2.2783089,14.707605
2015[Cd][nan]3[FSR]24,2.389712,16.029594
2015[Cd][nan]3[FSR]26,-3.264131,11.982443
2015[Cd][nan]3[FSR]3,-9.172979,11.306946
2015[Cd][nan]3[FSR]4,-2.7925537,10.209322
2015[Cd][nan]3[FSR]5,6.054255,12.585679
2015[Cd][nan]3[FSR]7,1.6706429,9.452195
2015[Cd][nan]3[FSR]9,-3.154189,14.238533
2015[Cd][nan]3[ION]1,2.181297,10.932699
2015[Cd][nan]3[ION]2,0.094158046,12.659237
2015[Cd][nuc]3[ASR]1,-1.4803517,-2.981212
2015[Cd][nuc]3[ASR]2,-1.6382561,-2.8276985
2015[Cd][nuc]3[ASR]3,-1.6521319,-2.822225
2015[Cd][nuc]3[FSR]1,-1.4958589,-2.96643
2015[Cd][nuc]3[FSR]2,-1.6376958,-2.8280973
2015[Cd][nuc]3[FSR]3,-1.6523803,-2.8227003
2015[Cd][pcu]3[ASR]1,1.1144059,11.14357
2015[Cd][pcu]3[ASR]2,1.6552781,7.483473
2015[Cd][pcu]3[ASR]3,-4.1019793,9.615745
2015[Cd][pcu]3[ASR]4,1.7330889,7.4785337
2015[Cd][pcu]3[ASR]6,1.5565487,13.199812
2015[Cd][pcu]3[ASR]7,1.4258198,11.268596
2015[Cd][pcu]3[FSR]1,1.1197222,11.142926
2015[Cd][pcu]3[FSR]2,1.6838247,7.517429
2015[Cd][pcu]3[FSR]3,-4.0956087,9.65422
2015[Cd][pcu]3[FSR]4,1.6748948,7.490463
2015[Cd][pcu]3[FSR]6,-4.1762013,13.043702
2015[Cd][pcu]3[FSR]7,1.412709,11.302363
2015[Cd][pts]3[ASR]1,0.68052113,13.677659
2015[Cd][pts]3[FSR]1,0.6893933,13.679874
2015[Cd][pyr]3[ASR]1,0.57261276,6.7653
2015[Cd][pyr]3[FSR]1,0.5171093,6.7225447
2015[Cd][rtl]3[ASR]1,3.78935,5.414027
2015[Cd][rtl]3[ASR]2,3.4746432,10.54196
2015[Cd][rtl]3[ASR]3,3.78666,5.391237
2015[Cd][rtl]3[FSR]1,-2.0004766,8.974825
2015[Cd][rtl]3[FSR]2,-3.8070552,12.910244
2015[Cd][rtl]3[FSR]3,-1.9704151,9.76447
2015[Cd][rtl]3[ION]2,-3.0883627,10.242119
2015[Cd][rtl]3[ION]3,1.3338243,9.297472
2015[Cd][scu]3[ASR]1,2.3635385,16.040424
2015[Cd][scu]3[FSR]1,2.358659,16.052217
2015[Cd][sql]2[ASR]1,0.4190526,9.471796
2015[Cd][sql]2[ASR]2,-3.9524746,10.652873
2015[Cd][sql]2[FSR]1,0.5844641,11.506882
2015[Cd][sql]2[FSR]2,0.60472226,11.480262
2015[Cd][sql]2[FSR]3,0.73400736,11.455744
2015[Cd][sql]2[FSR]4,-4.0137377,11.8223
2015[Cd][sql]2[FSR]5,-3.9288929,11.011056
2015[Cd][tcs]3[ASR]1,-7.4667583,2.9770837
2015[Cd][tcs]3[FSR]1,-7.494798,2.9487147
2015[Cd][tfz]3[ASR]1,4.5758505,14.621226
2015[Cd][ths]3[ASR]1,0.98082274,14.198129
2015[Cd][ths]3[FSR]1,1.003479,14.204474
2015[CeCo][nan]3[ASR]1,2.2908752,6.345658
2015[CeCo][nan]3[ASR]2,2.2866323,6.336967
2015[CeCu][srs]3[ASR]1,11.437219,9.89262
2015[Ce][crs]3[ASR]1,-2.957615,12.377314
2015[Ce][crs]3[FSR]1,-2.9725854,12.397205
2015[Ce][nan]3[ASR]1,1.3893651,5.453558
2015[CoCe][nan]3[FSR]1,2.3109279,6.3401923
2015[CoCe][nan]3[FSR]2,2.3073003,6.310923
2015[CoDy][hcb]2[FSR]1,-2.606997,9.933719
2015[CoMo][cds]3[ION]1,2.518632,15.312952
2015[CoPr][nan]3[FSR]1,-2.2938325,7.861752
2015[CoPr][nan]3[FSR]2,-2.268381,7.883851
2015[CoRu][kew]3[ASR]1,-0.66429806,2.801192
2015[CoSi][nan]3[FSR]1,1.8204576,6.730342
2015[CoSi][nan]3[ION]1,1.1230669,2.6855567
2015[CoSi][sra]3[ION]1,-3.2467616,8.728935
2015[CoTm][hcb]2[ASR]1,3.827644,7.7413206
2015[CoV][nan]3[ASR]1,-0.18374458,16.33227
2015[CoW][nan]3[ASR]1,0.49281788,16.2891
2015[Co][bcu]3[ASR]1,2.9228392,10.356141
2015[Co][bcu]3[ION]1,-3.43552,10.979987
2015[Co][bnn]3[ION]1,-3.7206442,8.934593
2015[Co][bnn]3[ION]2,-3.7894912,9.515367
2015[Co][bnn]3[ION]3,-3.372519,11.3847065
2015[Co][bnn]3[ION]4,-4.2901945,10.475785
2015[Co][bnn]3[ION]5,-3.8115985,9.220407
2015[Co][crb]3[ASR]2,3.5339196,12.015983
2015[Co][crb]3[FSR]2,3.5331445,12.008697
2015[Co][crs]3[ASR]1,0.043600146,4.405327
2015[Co][crs]3[FSR]1,0.016113268,4.3305464
2015[Co][dia]3[ASR]3,0.5267082,13.55253
2015[Co][dia]3[ASR]4,-0.12350584,17.236387
2015[Co][dia]3[FSR]3,0.4574852,13.545003
2015[Co][dia]3[FSR]4,-0.14781106,17.201115
2015[Co][fsc]3[FSR]1,1.462568,13.19697
2015[Co][fsg]3[ASR]1,0.94352746,13.286079
2015[Co][fsg]3[FSR]1,0.9684638,13.235695
2015[Co][hcb]2[ASR]1,1.3008668,9.197516
2015[Co][hcb]2[FSR]1,1.3509022,10.693777
2015[Co][ins]3[FSR]1,1.6899912,12.749592
2015[Co][jeb]3[ASR]1,2.234475,10.01619
2015[Co][jeb]3[FSR]1,2.2328544,10.016334
2015[Co][nan]2[ASR]1,2.7119238,13.85301
2015[Co][nan]2[ASR]2,2.4626486,8.786761
2015[Co][nan]2[ASR]3,-0.8542725,11.412635
2015[Co][nan]2[FSR]1,-4.1461267,13.770564
2015[Co][nan]3[ASR]1,1.3794837,10.820517
2015[Co][nan]3[ASR]11,1.4469681,11.217806
2015[Co][nan]3[ASR]12,2.722945,10.396769
2015[Co][nan]3[ASR]13,2.8752227,9.945832
2015[Co][nan]3[ASR]14,4.7956295,7.257587
2015[Co][nan]3[ASR]15,2.8146646,10.475765
2015[Co][nan]3[ASR]16,1.3042806,8.031298
2015[Co][nan]3[ASR]17,1.2882078,7.9818616
2015[Co][nan]3[ASR]19,-3.1410594,9.115901
2015[Co][nan]3[ASR]2,-4.705913,-2.5189753
2015[Co][nan]3[ASR]3,0.7117939,13.151592
2015[Co][nan]3[ASR]5,2.4455438,11.846146
2015[Co][nan]3[ASR]6,0.603255,9.276636
2015[Co][nan]3[ASR]8,2.6980145,13.974294
2015[Co][nan]3[ASR]9,5.9018984,11.110272
2015[Co][nan]3[FSR]1,1.3588454,10.806171
2015[Co][nan]3[FSR]10,-3.0890954,14.220534
2015[Co][nan]3[FSR]12,-4.1595025,13.8981695
2015[Co][nan]3[FSR]13,5.8993535,11.114324
2015[Co][nan]3[FSR]17,2.7240582,10.418503
2015[Co][nan]3[FSR]19,2.849061,10.474384
2015[Co][nan]3[FSR]2,-4.190933,13.907125
2015[Co][nan]3[FSR]23,-3.1469433,9.149239
2015[Co][nan]3[FSR]3,2.7295337,10.424223
2015[Co][nan]3[FSR]4,-4.70583,-2.5188882
2015[Co][nan]3[FSR]6,0.71992266,13.138799
2015[Co][nan]3[FSR]8,0.09230774,5.0271297
2015[Co][nan]3[FSR]9,1.4322133,9.871663
2015[Co][pcu]3[ASR]1,-3.7513022,9.01871
2015[Co][pcu]3[ASR]2,-8.85326,11.018584
2015[Co][pcu]3[ASR]3,-4.1615853,9.68706
2015[Co][pcu]3[ASR]4,-2.3062541,7.5558352
2015[Co][pcu]3[FSR]1,-8.864446,11.028191
2015[Co][pcu]3[FSR]2,-3.7426608,9.004125
2015[Co][pcu]3[FSR]3,-8.884992,11.046121
2015[Co][pcu]3[FSR]4,-4.138976,9.668824
2015[Co][pcu]3[FSR]5,-3.068854,9.290075
2015[Co][sit]3[ASR]1,1.1186208,8.156164
2015[Co][sit]3[FSR]1,1.0914937,8.161069
2015[Co][sqc]3[ASR]1,-2.5213382,8.331967
2015[Co][sqc]3[FSR]1,-3.9623423,10.584819
2015[Co][sqc]3[FSR]2,-4.5351257,10.572418
2015[Co][sql]2[ASR]1,-3.4257832,11.2700615
2015[Co][sql]2[FSR]1,-3.4674067,11.188658
2015[Co][sxa]3[ASR]1,0.8897616,6.0586915
2015[Co][sxb]3[ASR]1,1.8027802,11.198981
2015[Co][sxb]3[FSR]1,1.8183358,11.229517
2015[Co][ths]3[ASR]1,-3.6674333,9.016815
2015[Co][ths]3[FSR]1,-3.6791744,9.004006
2015[CrMn][noa]3[ASR]1,11.436152,9.891546
2015[CrMn][noa]3[ASR]2,11.43777,9.892045
2015[CrMn][noa]3[FSR]1,-1.8597394,1.8699746
2015[CrMn][noa]3[FSR]2,-1.8605227,1.8633479
2015[CrMn][nod]3[ASR]1,11.439622,9.892964
2015[CrMn][nod]3[ASR]2,11.460398,9.901132
2015[CrMn][nod]3[FSR]1,11.440383,9.893155
2015[CrMn][nod]3[FSR]2,11.440561,9.8931
2015[CuCe][srs]3[FSR]1,11.4393015,9.892841
2015[CuEr][jaj]3[ASR]1,3.9204152,7.9794054
2015[CuMo][nan]3[ASR]1,3.0009034,13.900087
2015[CuNd][srs]3[ASR]1,11.440434,9.893279
2015[CuNd][srs]3[FSR]1,11.438876,9.892969
2015[CuTb][nan]3[ASR]1,-1.8763885,8.752804
2015[CuW][nan]3[ASR]1,-2.5213616,5.873216
2015[Cu][acs]3[ASR]1,4.224327,6.8477993
2015[Cu][bcu]3[ASR]1,-6.197009,6.577674
2015[Cu][bcu]3[ASR]2,2.575216,13.092335
2015[Cu][bcu]3[ASR]3,-2.428396,7.240584
2015[Cu][bcu]3[FSR]1,-6.221859,6.6395392
2015[Cu][bcu]3[FSR]2,-2.4692874,7.264386
2015[Cu][crb]3[ASR]1,2.6131988,10.14521
2015[Cu][crb]3[ASR]2,3.5208545,12.041923
2015[Cu][crb]3[ASR]3,3.5241456,11.996304
2015[Cu][crb]3[FSR]1,2.5604446,10.222929
2015[Cu][crb]3[FSR]2,3.523601,12.040202
2015[Cu][crb]3[FSR]3,3.5007455,11.973934
2015[Cu][dia]3[FSR]1,3.3756154,11.881965
2015[Cu][dia]3[FSR]4,3.327606,11.795811
2015[Cu][gfy]3[ASR]1,-3.3491838,10.968005
2015[Cu][gfy]3[FSR]1,-3.3653004,10.946757
2015[Cu][hcb]2[ASR]1,2.6232295,10.470673
2015[Cu][hcb]2[FSR]1,-3.732671,12.402336
2015[Cu][hex]3[FSR]1,-2.9467103,9.683781
2015[Cu][hyw]3[ASR]1,-0.4671657,3.03176
2015[Cu][lvt]3[ASR]1,1.5189333,4.2027698
2015[Cu][mmm]3[ASR]1,-4.371962,2.3134997
2015[Cu][nan]2[ASR]1,2.4985752,10.35672
2015[Cu][nan]2[FSR]1,-4.486594,12.677073
2015[Cu][nan]3[ASR]1,5.3853073,11.938483
2015[Cu][nan]3[ASR]10,-0.061643902,5.4237475
2015[Cu][nan]3[ASR]11,1.0559232,6.800063
2015[Cu][nan]3[ASR]12,5.1179686,7.927617
2015[Cu][nan]3[ASR]13,-1.2575052,2.9921355
2015[Cu][nan]3[ASR]14,3.14801,14.579795
2015[Cu][nan]3[ASR]15,4.785941,10.973921
2015[Cu][nan]3[ASR]16,0.6095089,5.2850966
2015[Cu][nan]3[ASR]17,-0.6070254,2.8244448
2015[Cu][nan]3[ASR]18,2.730589,15.220009
2015[Cu][nan]3[ASR]19,-1.3069719,2.2128923
2015[Cu][nan]3[ASR]2,1.8495313,10.396087
2015[Cu][nan]3[ASR]20,-6.9413733,17.46984
2015[Cu][nan]3[ASR]21,-6.959672,17.505604
2015[Cu][nan]3[ASR]22,-6.95976,17.501133
2015[Cu][nan]3[ASR]23,-6.9477124,17.470985
2015[Cu][nan]3[ASR]24,0.6534244,16.193222
2015[Cu][nan]3[ASR]25,6.093072,12.575458
2015[Cu][nan]3[ASR]3,-0.62128836,2.8539445
2015[Cu][nan]3[ASR]7,4.9072123,13.162313
2015[Cu][nan]3[ASR]8,5.380315,11.901172
2015[Cu][nan]3[ASR]9,5.317858,11.911433
2015[Cu][nan]3[FSR]1,5.338603,11.92209
2015[Cu][nan]3[FSR]10,-2.8752537,13.888159
2015[Cu][nan]3[FSR]11,3.116831,14.594036
2015[Cu][nan]3[FSR]12,0.59581554,5.2436213
2015[Cu][nan]3[FSR]13,-0.61188036,2.818135
2015[Cu][nan]3[FSR]14,-6.908895,17.505314
2015[Cu][nan]3[FSR]15,-6.9590297,17.50492
2015[Cu][nan]3[FSR]16,-6.9091773,17.45139
2015[Cu][nan]3[FSR]17,-6.9065967,17.43894
2015[Cu][nan]3[FSR]18,0.07404103,16.140224
2015[Cu][nan]3[FSR]19,6.092053,12.5798235
2015[Cu][nan]3[FSR]2,4.9222565,13.167244
2015[Cu][nan]3[FSR]3,-0.60248715,2.856507
2015[Cu][nan]3[FSR]7,4.9093456,13.160902
2015[Cu][nan]3[FSR]8,5.3637605,11.950537
2015[Cu][nan]3[ION]2,-5.797381,6.8715973
2015[Cu][nbo]3[ASR]1,-1.2692426,2.4007938
2015[Cu][nbo]3[ASR]3,-0.44769573,2.740431
2015[Cu][nbo]3[FSR]1,5.6726336,12.222904
2015[Cu][nts]3[ASR]1,-1.3253248,1.8891894
2015[Cu][pcu]2[ASR]1,6.1885424,12.34731
2015[Cu][pcu]2[FSR]1,6.187773,12.360694
2015[Cu][pcu]3[ASR]1,0.78789777,13.745024
2015[Cu][pcu]3[ASR]2,-0.28399608,3.3382494
2015[Cu][pcu]3[ASR]3,-6.3134565,6.991524
2015[Cu][pcu]3[FSR]1,0.78227735,13.727035
2015[Cu][pcu]3[FSR]2,-6.304012,6.9733524
2015[Cu][pcu]3[FSR]3,-0.32101762,3.291475
2015[Cu][pcu]3[FSR]4,-6.3106203,7.017494
2015[Cu][pts]3[ION]1,-1.0838228,10.575249
2015[Cu][qtz]3[ASR]1,-4.392805,10.810074
2015[Cu][qtz]3[ASR]2,5.9904776,11.613445
2015[Cu][qtz]3[FSR]1,-4.4140916,10.811069
2015[Cu][qtz]3[FSR]2,5.989137,11.609522
2015[Cu][rob]3[ASR]1,0.719983,11.402441
2015[Cu][rob]3[ASR]2,2.4234095,10.30501
2015[Cu][rob]3[FSR]1,0.6958107,11.396257
2015[Cu][rob]3[FSR]2,2.484865,10.261138
2015[Cu][rtl]3[ASR]4,-2.470427,8.053523
2015[Cu][rtl]3[ASR]5,5.1578746,7.853498
2015[Cu][rtl]3[FSR]4,-2.474847,8.069914
2015[Cu][rtl]3[FSR]5,5.127045,7.83185
2015[Cu][smn]3[ASR]1,2.398306,7.3455048
2015[Cu][smn]3[FSR]1,2.4200568,7.366391
2015[Cu][sql]2[ASR]1,-5.325894,6.248455
2015[Cu][sql]2[FSR]1,-5.315833,6.291836
2015[Cu][ssa]3[ASR]1,-0.97863215,3.4415936
2015[Cu][urj]3[ASR]1,-0.38945094,3.0540922
2015[Cu][utp]3[ASR]1,2.3611348,14.409001
2015[Cu][utp]3[FSR]1,2.3862817,14.385782
2015[Cu][wbl]3[ASR]1,0.6014388,6.076294
2015[Cu][wbl]3[FSR]1,0.61859596,6.097517
2015[DyAg][nan]3[ASR]1,1.5022502,15.963452
2015[DyCo][hcb]2[ASR]1,3.7853658,7.6674614
2015[Dy][nan]3[ASR]1,-2.4591675,9.557732
2015[Dy][nan]3[ASR]2,4.3988748,6.7876472
2015[Dy][nan]3[ASR]3,3.0116498,10.18215
2015[Dy][nan]3[ASR]4,2.8509333,8.82624
2015[Dy][nan]3[FSR]1,-3.612021,10.3826275
2015[Dy][nan]3[FSR]2,-4.0634575,12.033862
2015[Dy][nan]3[FSR]3,-3.831932,13.0179615
2015[Dy][pcu]3[ION]1,-6.3423004,7.3104153
2015[Dy][rob]3[ASR]1,-3.4900796,9.142209
2015[ErCo][hcb]2[ASR]1,3.7605684,7.7394705
2015[ErCo][hcb]2[FSR]1,-2.5671844,9.963102
2015[ErCu][jaj]3[FSR]1,-3.3235095,12.929193
2015[Er][rob]3[ASR]1,-3.5292716,9.233976
2015[Er][rob]3[FSR]1,-4.259141,11.084109
2015[Er][tcs]3[ASR]1,4.6171517,7.823151
2015[Er][tcs]3[FSR]1,1.6288998,16.396317
2015[EuAg][nan]3[ASR]1,1.5081221,15.965872
2015[EuCd][flu]3[ASR]1,0.4954676,4.274879
2015[EuTb][nan]3[ASR]1,3.008083,6.9106355
2015[EuTb][nan]3[ASR]2,3.0426588,6.943096
2015[EuTb][nan]3[ASR]3,3.0318897,6.920392
2015[Eu][bcu]3[ASR]1,-1.055944,11.553141
2015[Eu][bcu]3[FSR]1,-1.0624442,11.564068
2015[Eu][lvt]3[ASR]1,0.7465468,4.2598267
2015[Eu][nan]3[ASR]1,3.0333803,10.202091
2015[Eu][nan]3[ASR]10,-0.63247913,1.8702143
2015[Eu][nan]3[ASR]11,2.0758655,15.917188
2015[Eu][nan]3[ASR]2,-2.397261,9.59398
2015[Eu][nan]3[ASR]3,4.9599338,10.630537
2015[Eu][nan]3[ASR]4,2.1351545,7.0797696
2015[Eu][nan]3[ASR]6,2.5785534,14.109135
2015[Eu][nan]3[ASR]7,-3.0030031,14.367828
2015[Eu][nan]3[ASR]8,3.0343347,6.9823256
2015[Eu][nan]3[ASR]9,-1.1416104,2.472747
2015[Eu][nan]3[FSR]1,-4.0752144,11.761159
2015[Eu][nan]3[FSR]10,-3.0064647,15.213472
2015[Eu][nan]3[FSR]2,-2.5985236,9.698877
2015[Eu][nan]3[FSR]6,2.5936828,14.100849
2015[Eu][nan]3[FSR]7,-3.2690067,14.687242
2015[Eu][nan]3[FSR]9,-0.6582295,1.9068692
2015[Eu][sra]3[ASR]1,-3.6098788,10.004641
2015[Eu][sra]3[ASR]2,-3.6204152,10.017886
2015[Eu][sra]3[ASR]3,-3.6676981,10.066976
2015[Eu][sra]3[FSR]1,-3.6109538,10.077744
2015[Eu][sra]3[FSR]2,-3.6168392,10.129092
2015[Eu][sra]3[FSR]3,-3.6572554,10.179711
2015[Fe][acs]3[ASR]1,-0.51294655,2.8115458
2015[Fe][lvt]3[ASR]1,-1.3051823,6.5600557
2015[Fe][lvt]3[FSR]1,-1.4069881,6.670097
2015[Fe][nan]3[ASR]1,-1.2600698,16.250189
2015[Fe][nan]3[ASR]2,-1.2492787,16.265686
2015[Fe][nan]3[ASR]3,-1.9260527,6.088875
2015[Fe][nan]3[FSR]1,-1.2608118,16.25014
2015[Fe][nan]3[FSR]2,-1.2539506,16.254671
2015[Fe][pts]3[ASR]1,-0.4313962,10.58778
2015[Fe][pts]3[ASR]4,-0.18338802,3.5817323
2015[Fe][pts]3[FSR]1,-0.43774763,10.587266
2015[Fe][pts]3[FSR]4,-0.23860902,3.6179597
2015[Ga][nan]3[ASR]1,-0.040669885,16.981888
2015[Ga][nan]3[FSR]1,-1.2593788,16.261427
2015[GdAg][nan]3[FSR]1,1.4755766,15.971516
2015[Gd][nan]3[ASR]1,1.6561283,15.51313
2015[Gd][nan]3[ASR]2,-2.713537,9.760754
2015[Gd][nan]3[ASR]3,2.9758492,10.148955
2015[Gd][nan]3[FSR]1,-4.081326,11.802906
2015[Gd][nan]3[FSR]3,-2.8202758,15.192647
2015[Gd][nan]3[FSR]4,-3.5304158,12.819935
2015[Gd][pcu]3[ASR]1,5.0361347,9.362053
2015[Gd][pcu]3[ASR]2,3.5048442,5.630721
2015[Gd][pcu]3[ASR]3,3.4929755,5.624189
2015[Gd][pcu]3[ASR]4,3.4684935,5.611725
2015[Gd][pcu]3[ASR]5,3.4930255,5.600928
2015[Gd][pcu]3[FSR]1,2.6674497,9.739003
2015[Gd][pcu]3[FSR]2,2.6843212,9.722177
2015[Gd][pcu]3[FSR]3,2.8660073,9.385412
2015[Gd][ssa]3[ASR]1,2.4107354,15.985071
2015[Gd][ssa]3[FSR]1,-2.656951,15.076263
2015[HoAg][nan]3[ASR]1,1.4278971,16.00412
2015[HoAg][nan]3[FSR]1,1.4519044,16.006441
2015[HoCo][hcb]2[ASR]1,3.7951066,7.715951
2015[HoCo][hcb]2[FSR]1,-2.592992,9.989122
2015[HoCu][jaj]3[ASR]1,3.834498,7.800751
2015[HoCu][jaj]3[FSR]1,-3.0141604,12.543192
2015[Ho][rob]3[ASR]1,-3.532576,9.203096
2015[InAg][sql]2[ASR]1,5.0170727,10.284105
2015[In][nan]3[ASR]1,3.5883274,7.4569254
2015[In][nan]3[FSR]1,3.5777144,7.473839
2015[In][nan]3[ION]1,1.8926793,16.156364
2015[In][nou]3[ASR]1,1.7356929,4.27737
2015[In][nou]3[FSR]1,1.747016,4.2969856
2015[In][qtz]3[ASR]1,5.142206,9.332765
2015[LaCd][flu]3[ASR]1,0.4846267,4.4687114
2015[La][bcu]3[ASR]1,-1.1142076,11.599079
2015[La][bcu]3[FSR]1,-1.1217934,11.60367
2015[La][bcu]3[ION]1,-7.6408396,10.56966
2015[La][nan]3[ASR]1,1.7130288,15.415293
2015[La][nan]3[ASR]10,1.3574923,5.450807
2015[La][nan]3[ASR]11,0.4557594,4.2617087
2015[La][nan]3[ASR]12,-3.1052992,21.929451
2015[La][nan]3[ASR]2,4.4385805,7.2769747
2015[La][nan]3[ASR]3,1.3605182,5.456961
2015[La][nan]3[ASR]4,1.3680896,5.473948
2015[La][nan]3[ASR]5,1.345408,5.4665895
2015[La][nan]3[ASR]6,1.3553609,5.4423513
2015[La][nan]3[ASR]7,1.3782772,5.4653077
2015[La][nan]3[ASR]8,1.3704994,5.408135
2015[La][nan]3[FSR]2,1.9769593,7.008198
2015[La][sev]3[ION]1,-5.7416105,6.7248297
2015[La][sra]3[ASR]1,-3.3581593,14.229187
2015[La][sra]3[FSR]1,-3.4798071,14.292901
2015[La][umc]3[ASR]1,-2.8131397,7.9305277
2015[Mg][acs]3[ASR]1,1.3792685,17.861607
2015[Mg][acs]3[FSR]1,1.4487338,17.78916
2015[Mg][dia]3[ASR]1,-1.8700598,9.237048
2015[Mg][dia]3[ASR]2,-7.5231266,18.515545
2015[Mg][dia]3[FSR]1,-1.2665523,16.175919
2015[Mg][ins]3[ASR]1,-1.2599472,16.228525
2015[Mg][ins]3[FSR]1,-1.3025229,16.281769
2015[Mg][nan]3[ASR]1,-1.2390921,16.266369
2015[Mg][nan]3[ASR]10,-1.8804003,9.379328
2015[Mg][nan]3[ASR]11,-0.2847352,2.0808303
2015[Mg][nan]3[ASR]2,-1.3033164,16.161295
2015[Mg][nan]3[ASR]3,-1.2891012,16.197132
2015[Mg][nan]3[ASR]4,2.443067,9.009004
2015[Mg][nan]3[ASR]5,-1.9609334,9.729894
2015[Mg][nan]3[ASR]8,-1.9805715,9.74253
2015[Mg][nan]3[ASR]9,-1.9288725,9.393125
2015[Mg][nan]3[FSR]1,-1.3156548,16.264074
2015[Mg][nan]3[FSR]10,-1.9142858,9.423128
2015[Mg][nan]3[FSR]2,-1.285598,16.185894
2015[Mg][nan]3[FSR]3,-1.269569,16.180916
2015[Mg][nan]3[FSR]4,2.4729364,9.086934
2015[Mg][nan]3[FSR]5,-1.9499172,9.71545
2015[Mg][nan]3[FSR]8,-1.9468466,9.785401
2015[Mg][nan]3[FSR]9,-1.924764,9.390936
2015[Mn][bnn]3[ASR]1,2.4799616,14.264013
2015[Mn][bnn]3[FSR]1,2.4653568,14.284227
2015[Mn][csq]3[ASR]1,-1.3762053,2.484882
2015[Mn][dia]3[ASR]1,-0.43614772,17.600382
2015[Mn][dia]3[ASR]2,-1.2423764,4.724821
2015[Mn][dia]3[FSR]1,-0.4576141,17.58673
2015[Mn][dia]3[FSR]2,-4.2049894,10.42431
2015[Mn][ins]3[ASR]1,-1.2070307,16.290182
2015[Mn][ins]3[FSR]1,-1.3457011,16.335875
2015[Mn][lvt]3[ASR]1,4.7050047,12.891695
2015[Mn][lvt]3[ASR]2,6.4650264,11.417619
2015[Mn][lvt]3[FSR]1,4.7170467,12.88188
2015[Mn][lvt]3[FSR]2,6.460021,11.277855
2015[Mn][nan]3[ASR]1,-4.7038207,-2.5138443
2015[Mn][nan]3[ASR]10,-6.990415,17.508793
2015[Mn][nan]3[ASR]11,-6.986186,17.50873
2015[Mn][nan]3[ASR]12,-6.9910088,17.500978
2015[Mn][nan]3[ASR]13,-3.1732664,13.800725
2015[Mn][nan]3[ASR]14,-1.3306656,16.193066
2015[Mn][nan]3[ASR]15,2.737123,13.657001
2015[Mn][nan]3[ASR]16,-2.0336928,8.877551
2015[Mn][nan]3[ASR]2,-4.6978784,-2.5102644
2015[Mn][nan]3[ASR]3,-3.3272972,8.29532
2015[Mn][nan]3[ASR]7,-11.321674,13.38395
2015[Mn][nan]3[ASR]9,-4.70041,-2.511043
2015[Mn][nan]3[FSR]1,-4.699529,-2.508832
2015[Mn][nan]3[FSR]10,-6.9840226,17.505384
2015[Mn][nan]3[FSR]11,-6.990996,17.500927
2015[Mn][nan]3[FSR]12,-3.168749,13.812335
2015[Mn][nan]3[FSR]13,-1.7901151,11.745564
2015[Mn][nan]3[FSR]14,-1.2711792,16.197557
2015[Mn][nan]3[FSR]15,-2.0233233,8.859404
2015[Mn][nan]3[FSR]2,-4.701846,-2.5140991
2015[Mn][nan]3[FSR]8,-4.700404,-2.510209
2015[Mn][nan]3[FSR]9,-6.989968,17.507145
2015[Mn][scu]3[ASR]1,1.1823202,7.936607
2015[Mn][sql]2[ASR]1,-5.335553,6.240693
2015[Mn][sql]2[FSR]1,-5.3299212,6.2340674
2015[Mn][tcs]3[ASR]1,-7.4484305,2.9987147
2015[Mn][tcs]3[FSR]1,-7.422859,3.0208776
2015[Mn][tfz]3[ASR]1,4.987513,10.120132
2015[Mn][ths]3[ASR]1,1.0049078,14.195652
2015[Mn][ths]3[FSR]1,0.99513954,14.193416
2015[Nd][fgl]3[ASR]1,5.0159507,9.486895
2015[Nd][nan]3[ASR]1,2.9707408,10.097135
2015[Nd][nan]3[ASR]2,1.5173932,5.499145
2015[Nd][nan]3[ASR]3,2.5650961,7.3517814
2015[Nd][nan]3[FSR]1,-4.016749,11.733421
2015[Nd][nan]3[FSR]3,2.7487981,7.5909867
2015[Nd][pcu]3[ASR]1,5.132647,9.34155
2015[NiCd][lil]3[ASR]1,-5.1644974,6.2821765
2015[NiV][nan]3[ASR]1,0.112423316,16.45901
2015[NiV][nan]3[FSR]1,0.15102363,16.506266
2015[Ni][ant]3[FSR]1,-3.914855,14.156892
2015[Ni][bpq]3[ASR]1,-4.5864334,13.841073
2015[Ni][bpq]3[FSR]1,-4.621067,13.894582
2015[Ni][dia]3[ASR]3,-0.41193384,5.565279
2015[Ni][dia]3[ASR]4,-5.1010737,13.185752
2015[Ni][dia]3[FSR]3,-4.200258,10.583153
2015[Ni][dia]3[FSR]4,-5.117891,13.181706
2015[Ni][frl]3[ASR]1,-3.9771752,12.848784
2015[Ni][frl]3[FSR]1,-3.9636722,12.836064
2015[Ni][mog]3[ASR]1,0.7466772,11.716636
2015[Ni][mog]3[FSR]1,-4.385623,12.085532
2015[Ni][nan]2[ASR]1,0.7507561,12.301348
2015[Ni][nan]2[FSR]1,0.7801342,12.360989
2015[Ni][nan]3[ASR]1,-3.347152,8.426225
2015[Ni][nan]3[ASR]2,1.4435658,11.240907
2015[Ni][nia]3[FSR]1,0.666535,4.920319
2015[Ni][sit]3[ASR]1,1.1568335,8.1989565
2015[Ni][sit]3[FSR]1,1.1719148,8.176097
2015[Ni][sql]2[ASR]1,0.76441884,13.760899
2015[Np][dia]3[ASR]1,4.5457234,7.777038
2015[Np][dia]3[FSR]1,1.781664,16.089783
2015[PbTb][nan]3[ASR]1,-4.565072,12.250063
2015[Pb][nan]3[ASR]2,2.5434852,14.445464
2015[Pb][nan]3[FSR]1,-2.918924,13.4223795
2015[Pb][nan]3[FSR]3,2.5438228,14.454951
2015[PrCd][flu]3[ASR]1,0.4387131,4.3307605
2015[PrCo][nan]3[ASR]1,-2.2997823,7.862204
2015[PrCo][nan]3[ASR]2,-2.2771294,7.8526063
2015[Pr][hcb]2[ASR]1,-2.0014327,11.781383
2015[Pr][hcb]2[FSR]1,-2.2826557,11.768423
2015[Pr][nan]3[ASR]1,-2.789093,15.09959
2015[Pr][nan]3[FSR]1,-2.9357316,15.307182
2015[Sc][nan]3[ASR]1,7.9563293,12.160667
2015[Sc][nan]3[ASR]2,7.970572,12.159915
2015[Sc][nan]3[ASR]3,7.939263,12.193799
2015[Sc][nan]3[ASR]4,8.036056,12.114776
2015[Sc][nan]3[ASR]5,8.000756,12.143908
2015[Sc][nan]3[FSR]1,7.959694,12.1650505
2015[Sc][nan]3[FSR]2,7.970658,12.163546
2015[Sc][nan]3[FSR]3,7.9465156,12.192576
2015[Sc][nan]3[FSR]4,8.03475,12.115044
2015[Sc][nan]3[FSR]5,7.99615,12.1484585
2015[SiZr][flu]3[ASR]1,-0.3987982,3.0709052
2015[SmAg][nan]3[FSR]1,1.5645308,15.93017
2015[Sm][bcu]3[FSR]1,-1.1533312,11.636712
2015[Sm][nan]3[ASR]1,2.988083,10.140396
2015[Sm][nan]3[ASR]2,3.0191028,10.16886
2015[Sm][nan]3[FSR]1,-4.0254436,11.882326
2015[Sm][sql]2[ASR]1,4.513318,7.227425
2015[Sm][sql]2[FSR]1,2.2702825,16.101511
2015[Sm][umc]3[ASR]1,-2.8859086,8.125959
2015[Sm][umc]3[ASR]2,-2.8107307,7.958562
2015[TbAg][nan]3[FSR]1,1.5124142,15.960798
2015[TbCu][nan]3[FSR]1,-2.5524824,9.958085
2015[TbEu][nan]3[FSR]1,2.2811081,12.881383
2015[TbEu][nan]3[FSR]2,2.2849195,12.847471
2015[TbEu][nan]3[FSR]3,2.2438958,12.821905
2015[TbPb][nan]3[FSR]1,-4.5164022,12.300244
2015[TbZn][nan]3[FSR]1,-3.7906785,12.035862
2015[TbZn][nan]3[FSR]2,-3.6242452,11.065165
2015[Tb][nan]3[ASR]1,4.1198874,7.2295423
2015[Tb][nan]3[ASR]11,-2.6828594,9.739776
2015[Tb][nan]3[ASR]12,3.7466955,7.7304006
2015[Tb][nan]3[ASR]13,-3.987435,11.730817
2015[Tb][nan]3[ASR]14,2.823866,9.260219
2015[Tb][nan]3[ASR]16,3.0592875,6.977867
2015[Tb][nan]3[ASR]2,2.5837,14.120584
2015[Tb][nan]3[ASR]3,4.680542,8.107137
2015[Tb][nan]3[ASR]4,-2.0373812,7.49116
2015[Tb][nan]3[ASR]5,3.1302671,6.997303
2015[Tb][nan]3[ASR]6,-1.1118497,2.3666143
2015[Tb][nan]3[ASR]8,1.5968667,5.6032124
2015[Tb][nan]3[ASR]9,2.0097945,15.922582
2015[Tb][nan]3[FSR]1,-3.5649471,10.493378
2015[Tb][nan]3[FSR]11,-3.5875578,12.709751
2015[Tb][nan]3[FSR]12,4.008376,9.133388
2015[Tb][nan]3[FSR]15,2.2566464,12.907357
2015[Tb][nan]3[FSR]2,2.5606508,14.098606
2015[Tb][nan]3[FSR]3,-2.7973046,15.218121
2015[Tb][nan]3[FSR]4,-2.069009,7.4626875
2015[Tb][nan]3[FSR]5,2.3024988,12.820039
2015[Tb][nan]3[FSR]8,2.0262618,9.867809
2015[Tb][nan]3[FSR]9,-2.9877377,15.157688
2015[Tb][pcu]3[FSR]1,-2.9436142,14.21555
2015[Tb][pts]3[ASR]1,3.3997338,5.4694977
2015[Tb][sra]3[ASR]1,-3.6041422,9.9270735
2015[Tb][sra]3[ASR]2,-3.6981347,10.077489
2015[Tb][sra]3[ASR]3,-3.6133275,10.019921
2015[Tb][sra]3[ASR]4,-3.6678746,10.008177
2015[Tb][sra]3[FSR]1,-3.5960486,10.157328
2015[Tb][sra]3[FSR]2,-3.7120092,10.262303
2015[Tb][sra]3[FSR]3,-3.6775112,10.23539
2015[Tb][sra]3[FSR]4,-3.665352,10.178103
2015[Th][fcu]3[ASR]1,4.3849025,6.7911706
2015[Th][fcu]3[FSR]1,4.447641,7.013763
2015[Th][flu]3[ASR]1,1.4367496,5.402222
2015[Th][flu]3[FSR]1,1.514602,5.505823
2015[Th][nan]3[ASR]2,2.30846,14.948837
2015[Th][nan]3[FSR]2,2.3015769,14.960886
2015[Ti][sql]2[ASR]1,5.2093782,7.893661
2015[TmCo][hcb]2[FSR]1,-2.5721815,10.023607
2015[U][nan]3[ASR]1,-2.2370334,9.608514
2015[U][nan]3[ASR]2,-1.3333372,15.781321
2015[U][nan]3[ASR]3,-2.6227763,14.738948
2015[U][nan]3[ASR]4,-2.4655206,14.565871
2015[U][nan]3[ASR]5,-0.49683002,16.570158
2015[U][nan]3[ASR]6,4.532477,7.27336
2015[U][nan]3[ASR]7,-0.6036028,2.3853197
2015[U][nan]3[ASR]8,-2.285636,9.743515
2015[U][nan]3[ASR]9,-2.386774,10.058838
2015[U][nan]3[FSR]1,-1.5001098,15.624693
2015[U][nan]3[FSR]2,-1.2037399,16.07341
2015[U][nan]3[FSR]3,-2.6780775,14.751856
2015[U][nan]3[FSR]4,-2.5208764,14.757246
2015[U][nan]3[FSR]5,-0.42227557,16.569416
2015[U][nan]3[FSR]6,4.6953015,7.418454
2015[U][nan]3[FSR]7,-0.56532216,2.5559855
2015[U][nan]3[FSR]9,-2.6848385,14.622642
2015[U][pts]3[ASR]1,4.5976386,7.505
2015[U][srs]3[ASR]1,1.6088406,15.585547
2015[U][srs]3[FSR]1,1.4269966,15.761464
2015[U][umc]3[ASR]1,-1.8333822,8.915407
2015[U][umc]3[FSR]1,-2.1108496,9.494209
2015[VCd][pcu]3[ASR]1,4.952052,10.398171
2015[VCo][nan]3[FSR]1,-0.23474984,16.322264
2015[V][bpq]3[ASR]1,-2.0432825,8.382143
2015[V][bpq]3[ASR]2,3.5684032,6.5187716
2015[V][bpq]3[ASR]4,-2.0460956,8.361143
2015[V][bpq]3[FSR]1,-2.0358977,8.387847
2015[V][bpq]3[FSR]2,3.5643852,6.5421214
2015[V][bpq]3[FSR]4,-2.0526648,8.350731
2015[V][srs]3[ASR]1,-2.0802958,0.36471975
2015[V][srs]3[FSR]1,-2.067843,0.36784777
2015[WCu][nan]3[FSR]1,-2.5217533,5.873383
2015[YAg][nan]3[ASR]1,2.0232105,15.662036
2015[YAg][nan]3[FSR]1,2.0083115,15.639402
2015[Y][fcu]3[ASR]1,4.786053,6.972752
2015[YbAg][nan]3[FSR]1,1.3743976,16.016531
2015[Yb][nan]3[ASR]1,1.7568618,9.825341
2015[Yb][nan]3[ASR]2,0.16289784,4.5541706
2015[Yb][nan]3[FSR]2,0.160173,4.6131744
2015[Yb][rob]3[ASR]1,-3.5359886,9.2372
2015[Yb][rob]3[FSR]1,-4.363277,11.3838625
2015[ZnCo][sab]3[ASR]1,4.371153,5.830825
2015[ZnEu][nan]3[ASR]1,2.7658334,9.412323
2015[ZnEu][nan]3[FSR]1,-3.71552,11.6453285
2015[ZnRu][hex]3[ION]1,1.1962051,9.520202
2015[ZnTb][nan]3[ASR]1,2.7931705,9.369164
2015[ZnTb][nan]3[ASR]2,2.850329,9.195882
2015[Zn][acs]3[ASR]1,1.654249,18.233673
2015[Zn][acs]3[FSR]1,0.8091225,17.946175
2015[Zn][acs]3[FSR]2,1.6617515,18.24234
2015[Zn][acs]3[FSR]3,0.80571526,17.943192
2015[Zn][apo]3[ION]1,2.5152988,8.166524
2015[Zn][bcu]3[ION]1,4.032551,8.496609
2015[Zn][bey]2[ASR]1,-2.7046788,11.429116
2015[Zn][bey]2[FSR]1,-2.7040672,11.430386
2015[Zn][bnn]3[ASR]1,2.2185779,11.4217825
2015[Zn][bnn]3[ASR]2,-2.996277,10.431869
2015[Zn][bnn]3[FSR]1,2.2011752,11.449934
2015[Zn][bnn]3[FSR]2,-2.93557,10.366878
2015[Zn][crb]3[ASR]1,3.5942142,12.060764
2015[Zn][crb]3[ASR]2,2.5790777,10.194581
2015[Zn][crb]3[ASR]3,3.524005,12.039041
2015[Zn][crb]3[FSR]1,3.5250592,12.001762
2015[Zn][crb]3[FSR]2,2.5599296,10.183688
2015[Zn][crb]3[FSR]3,3.5268683,12.038697
2015[Zn][crs]3[ASR]1,-2.1981502,7.5879273
2015[Zn][crs]3[FSR]1,-2.1880488,7.56926
2015[Zn][deh]3[ASR]1,-0.68679684,1.9609357
2015[Zn][dia]3[ASR]2,-3.9045365,11.212534
2015[Zn][dia]3[ASR]5,-4.7181726,10.978868
2015[Zn][dia]3[ASR]6,-1.2888874,4.5420923
2015[Zn][dia]3[ASR]7,4.679657,12.953442
2015[Zn][dia]3[ASR]8,-3.9125688,11.223288
2015[Zn][dia]3[FSR]3,-3.935521,11.2369
2015[Zn][dia]3[FSR]6,-4.7476106,10.991853
2015[Zn][dia]3[FSR]7,-1.2842605,4.5485287
2015[Zn][dia]3[FSR]8,4.6818056,12.95559
2015[Zn][dia]3[FSR]9,-3.9316366,11.215492
2015[Zn][dmc]3[ASR]1,5.6628194,12.889598
2015[Zn][dmc]3[ASR]2,3.7978842,9.6434965
2015[Zn][dmc]3[FSR]1,5.664559,12.88424
2015[Zn][dmc]3[FSR]2,3.7956567,9.624336
2015[Zn][eta]3[ASR]1,5.958212,12.289432
2015[Zn][eta]3[ASR]2,5.988415,12.30307
2015[Zn][eta]3[FSR]1,5.982168,12.272221
2015[Zn][eta]3[FSR]2,5.9974737,12.310522
2015[Zn][fsc]3[ASR]1,1.581845,7.8277903
2015[Zn][fsc]3[FSR]1,1.5779043,7.795618
2015[Zn][hea]3[ASR]1,-1.0282886,1.6916343
2015[Zn][hea]3[ASR]2,-1.044982,1.682544
2015[Zn][hea]3[FSR]1,-1.0283374,1.6915226
2015[Zn][hea]3[FSR]2,-1.0120739,1.6471157
2015[Zn][hww]3[ION]1,-0.36770922,3.9540963
2015[Zn][hww]3[ION]2,-0.10993174,4.2974234
2015[Zn][hww]3[ION]3,-1.1872804,3.7781203
2015[Zn][hww]3[ION]4,-1.1386317,2.7157562
2015[Zn][hww]3[ION]5,-1.2025472,2.801772
2015[Zn][hwx]3[ION]1,-0.06820234,4.1368856
2015[Zn][hyw]3[ASR]1,-0.4985785,3.0035465
2015[Zn][hyw]3[ASR]2,-0.46238124,2.9911513
2015[Zn][idp]3[ASR]1,-2.0156052,2.490884
2015[Zn][ith]3[ASR]1,-1.5189168,0.68700445
2015[Zn][ith]3[ASR]2,-1.1837051,0.9377882
2015[Zn][ith]3[ASR]3,-0.6129479,0.93091035
2015[Zn][ith]3[ASR]4,-0.61608464,0.9343846
2015[Zn][ith]3[FSR]1,-1.4971678,0.7044205
2015[Zn][ith]3[FSR]2,-1.2264289,0.9094138
2015[Zn][ith]3[FSR]3,-0.6080038,0.88963366
2015[Zn][ith]3[FSR]4,-0.60989,0.9374606
2015[Zn][ith]3[FSR]5,-0.59563273,0.9505996
2015[Zn][kgd]2[ASR]1,-2.6487722,11.206507
2015[Zn][kgd]2[FSR]1,-2.64619,11.191461
2015[Zn][lon]3[ASR]2,-1.1393541,3.7574298
2015[Zn][nan]2[ASR]1,-3.3448362,12.292571
2015[Zn][nan]2[ASR]2,-1.0403553,11.582784
2015[Zn][nan]2[ASR]3,0.18904106,3.7367153
2015[Zn][nan]2[FSR]1,-3.3123055,12.261621
2015[Zn][nan]2[FSR]2,-1.0553259,11.57889
2015[Zn][nan]3[ASR]1,2.0335894,7.507561
2015[Zn][nan]3[ASR]12,1.246833,9.355402
2015[Zn][nan]3[ASR]14,2.6542506,5.2076344
2015[Zn][nan]3[ASR]15,2.7636993,5.1892676
2015[Zn][nan]3[ASR]17,-1.0446247,3.584046
2015[Zn][nan]3[ASR]21,1.9508477,13.382246
2015[Zn][nan]3[ASR]22,6.540169,11.118256
2015[Zn][nan]3[ASR]23,-2.833518,9.316977
2015[Zn][nan]3[ASR]24,-1.2604793,3.8899565
2015[Zn][nan]3[ASR]25,0.35836464,4.1306973
2015[Zn][nan]3[ASR]27,-0.10374271,3.3927975
2015[Zn][nan]3[ASR]28,-1.3120314,4.2069125
2015[Zn][nan]3[ASR]29,4.000909,7.8556633
2015[Zn][nan]3[ASR]30,4.0087147,7.8822403
2015[Zn][nan]3[ASR]31,2.2259986,9.44395
2015[Zn][nan]3[ASR]32,3.541876,6.7476954
2015[Zn][nan]3[ASR]34,-3.9160218,10.180046
2015[Zn][nan]3[ASR]35,-1.2852056,4.737077
2015[Zn][nan]3[ASR]40,-2.3668687,11.997373
2015[Zn][nan]3[ASR]41,-3.6903234,11.052069
2015[Zn][nan]3[ASR]42,2.6851857,13.462211
2015[Zn][nan]3[ASR]44,-1.4230915,6.4990525
2015[Zn][nan]3[ASR]45,-2.3987353,7.165927
2015[Zn][nan]3[ASR]46,6.1401324,12.610879
2015[Zn][nan]3[ASR]49,3.6591945,9.308118
2015[Zn][nan]3[ASR]50,5.7098475,11.754733
2015[Zn][nan]3[ASR]55,4.7850456,10.995136
2015[Zn][nan]3[ASR]56,3.834716,9.696359
2015[Zn][nan]3[ASR]6,-0.3076275,2.360148
2015[Zn][nan]3[FSR]12,1.2811157,9.317262
2015[Zn][nan]3[FSR]20,-4.1747093,13.301211
2015[Zn][nan]3[FSR]21,6.5491595,11.106724
2015[Zn][nan]3[FSR]22,-3.6617682,12.578013
2015[Zn][nan]3[FSR]23,-2.8266115,9.365637
2015[Zn][nan]3[FSR]27,-0.09819011,3.3883681
2015[Zn][nan]3[FSR]28,-1.3114791,4.187993
2015[Zn][nan]3[FSR]29,2.529576,13.110116
2015[Zn][nan]3[FSR]30,2.5627005,13.180025
2015[Zn][nan]3[FSR]31,-4.1901875,10.867068
2015[Zn][nan]3[FSR]32,1.9513847,13.179817
2015[Zn][nan]3[FSR]34,-4.276035,11.79393
2015[Zn][nan]3[FSR]39,-2.3703299,11.990256
2015[Zn][nan]3[FSR]40,-3.8816645,11.975503
2015[Zn][nan]3[FSR]44,6.1238303,12.624646
2015[Zn][nan]3[FSR]47,3.6590135,9.304804
2015[Zn][nan]3[FSR]48,5.721234,11.765175
2015[Zn][nan]3[FSR]53,-3.9088387,12.185975
2015[Zn][nan]3[FSR]54,3.8092287,9.661581
2015[Zn][nan]3[FSR]6,-0.3413744,2.3614364
2015[Zn][nan]3[ION]1,-3.5375056,12.655409
2015[Zn][nan]3[ION]2,2.1919641,8.406464
2015[Zn][nan]3[ION]3,-3.5451288,12.626863
2015[Zn][nbo]3[ASR]3,0.598589,6.0280643
2015[Zn][nbo]3[ASR]4,-1.7834921,4.811757
2015[Zn][nbo]3[ASR]5,-2.382459,7.1351953
2015[Zn][nbo]3[FSR]3,0.57830906,5.98407
2015[Zn][nbo]3[FSR]4,-1.7742558,4.8029785
2015[Zn][nbo]3[FSR]5,-2.3824158,7.137202
2015[Zn][nou]3[FSR]1,4.011279,5.2554126
2015[Zn][nts]3[ASR]1,-1.638855,0.4347721
2015[Zn][nts]3[ASR]2,-1.2889986,1.8752261
2015[Zn][pcu]3[ASR]1,3.9089582,5.177185
2015[Zn][pcu]3[ASR]10,-2.8342597,8.336131
2015[Zn][pcu]3[ASR]12,2.3792925,14.372563
2015[Zn][pcu]3[ASR]14,-0.6371341,2.2265365
2015[Zn][pcu]3[ASR]15,-1.2796475,4.3748507
2015[Zn][pcu]3[ASR]16,3.8923976,5.1705484
2015[Zn][pcu]3[ASR]17,-7.3721375,3.0588424
2015[Zn][pcu]3[ASR]2,3.8931105,10.504107
2015[Zn][pcu]3[ASR]3,-0.60120624,2.2422705
2015[Zn][pcu]3[ASR]4,1.554505,8.097279
2015[Zn][pcu]3[ASR]6,-0.6499862,2.2100093
2015[Zn][pcu]3[ASR]7,-0.6881781,2.1708684
2015[Zn][pcu]3[ASR]9,-0.024266267,5.5500135
2015[Zn][pcu]3[FSR]1,3.9173813,5.1587157
2015[Zn][pcu]3[FSR]11,2.3655431,14.33084
2015[Zn][pcu]3[FSR]12,6.2115393,12.367049
2015[Zn][pcu]3[FSR]14,-0.63691884,2.2496197
2015[Zn][pcu]3[FSR]15,-1.2921365,4.351375
2015[Zn][pcu]3[FSR]16,-1.2427458,4.002176
2015[Zn][pcu]3[FSR]17,3.8705688,5.1342816
2015[Zn][pcu]3[FSR]18,-7.302501,3.1280293
2015[Zn][pcu]3[FSR]2,-0.62375194,2.2048984
2015[Zn][pcu]3[FSR]3,1.5586789,8.077825
2015[Zn][pcu]3[FSR]5,-0.63123316,2.2336442
2015[Zn][pcu]3[FSR]6,-0.6730107,2.1839356
2015[Zn][pcu]3[FSR]8,-0.03251355,5.5554185
2015[Zn][pcu]3[FSR]9,-2.8019657,8.308824
2015[Zn][pcu]3[ION]1,1.8818356,12.756392
2015[Zn][pts]3[ASR]1,2.737811,13.918187
2015[Zn][pts]3[ASR]2,5.046326,9.785068
2015[Zn][pts]3[FSR]1,2.732715,13.922848
2015[Zn][qtz]3[ASR]2,5.0881386,9.771203
2015[Zn][rtl]3[ASR]2,-1.993994,0.38854164
2015[Zn][sab]3[ASR]1,-1.7689255,9.19944
2015[Zn][sea]3[ASR]1,3.880993,6.2292852
2015[Zn][snq]2[ASR]1,-4.1537404,12.588308
2015[Zn][snq]2[FSR]1,-4.0995126,12.53951
2015[Zn][sod]3[ASR]1,2.8302429,2.8911946
2015[Zn][sod]3[FSR]1,2.83046,2.8918653
2015[Zn][sqc]3[ASR]1,1.1528454,9.596652
2015[Zn][sqc]3[FSR]1,1.1371531,9.537724
2015[Zn][sql]2[ASR]1,-2.8189995,8.39402
2015[Zn][sql]2[ASR]2,-2.7974846,8.361264
2015[Zn][sql]2[ASR]3,0.78366315,6.210512
2015[Zn][sql]2[ASR]4,0.5926728,4.849041
2015[Zn][sql]2[FSR]1,-2.8128908,8.435523
2015[Zn][sql]2[FSR]2,-2.810807,8.3976145
2015[Zn][sql]2[FSR]3,1.4201269,7.6503196
2015[Zn][sql]2[FSR]4,0.76773375,6.096941
2015[Zn][sql]2[FSR]5,0.9873259,9.81469
2015[Zn][sra]3[ASR]1,1.2048062,3.9611173
2015[Zn][sra]3[ASR]2,2.8929868,15.579818
2015[Zn][sra]3[FSR]1,-3.1122696,10.215315
2015[Zn][sra]3[FSR]2,2.893695,15.580917
2015[Zn][sra]3[ION]1,-3.2004502,10.362472
2015[Zn][srs]3[ASR]1,0.23741353,4.9317393
2015[Zn][ssa]3[ASR]1,-1.0217526,3.3945088
2015[Zn][tcs]3[ASR]1,-7.487988,2.9558947
2015[Zn][tcs]3[ASR]2,-7.464977,2.9788177
2015[Zn][tcs]3[FSR]1,-7.4670672,2.976939
2015[Zn][tcs]3[FSR]2,-7.4529777,2.99088
2015[Zn][tfw]3[ASR]1,5.1185374,9.822376
2015[Zn][ths]3[ASR]1,1.5986968,10.743818
2015[Zn][ths]3[ASR]2,-9.636135,2.3519995
2015[Zn][ths]3[FSR]1,1.592952,10.761727
2015[Zn][ths]3[FSR]2,-9.668932,2.3850477
2015[Zn][ths]3[ION]1,0.805833,11.488819
2015[Zn][zym]3[ASR]1,-1.9167508,2.4608755
2015[Zr][csq]3[ASR]1,-2.076087,-0.11719369
2015[Zr][fcu]3[ASR]1,3.8741865,6.42984
2015[Zr][fcu]3[ASR]2,-0.51868004,2.5943625
2015[Zr][fcu]3[ASR]4,-0.5904215,2.430319
2015[Zr][fcu]3[FSR]1,3.8899426,6.43902
2015[Zr][ftw]3[ASR]1,-1.2545342,0.95976114
2015[Zr][ftw]3[ASR]2,-1.7846614,0.4348226
2015[Zr][ftw]3[ASR]3,-2.0642712,-0.099918485
2015[Zr][pts]3[ASR]1,-1.2175474,2.4025831
2015[Zr][pts]3[FSR]1,-1.2067091,2.3913984
2015[Zr][spn]3[ASR]1,-2.1298237,-0.137086
2016[Ag][dia]3[ASR]1,1.0999258,10.462686
2016[Ag][dia]3[ASR]2,0.76959556,11.646466
2016[Ag][dia]3[FSR]1,1.0867783,10.4512
2016[Ag][dia]3[FSR]2,0.83670646,11.576533
2016[Ag][dia]3[ION]1,-7.4463444,2.9956596
2016[Ag][dia]3[ION]2,-7.4385114,3.0027702
2016[Ag][lvt]3[ASR]1,1.4378868,13.654949
2016[Ag][lvt]3[FSR]1,1.4507588,13.643194
2016[Ag][lvt]3[ION]2,-7.970824,10.693712
2016[Ag][nan]3[ASR]1,3.4385161,13.819293
2016[Ag][nan]3[ASR]10,0.8257916,16.764673
2016[Ag][nan]3[ASR]2,3.3560295,13.776549
2016[Ag][nan]3[ASR]3,0.8592338,16.738176
2016[Ag][nan]3[ASR]4,0.8477167,16.76188
2016[Ag][nan]3[ASR]5,0.8568584,16.744127
2016[Ag][nan]3[ASR]6,0.8234054,16.781588
2016[Ag][nan]3[ASR]7,0.82411456,16.783813
2016[Ag][nan]3[ASR]8,0.8284326,16.78892
2016[Ag][nan]3[ASR]9,0.86685765,16.725737
2016[Ag][nan]3[FSR]1,3.4282799,13.805819
2016[Ag][nan]3[FSR]10,0.80250823,16.791866
2016[Ag][nan]3[FSR]2,3.4217546,13.78286
2016[Ag][nan]3[FSR]3,0.8587742,16.745806
2016[Ag][nan]3[FSR]4,0.8085786,16.783678
2016[Ag][nan]3[FSR]5,0.8548333,16.749306
2016[Ag][nan]3[FSR]6,0.8220148,16.784925
2016[Ag][nan]3[FSR]7,0.8279951,16.760937
2016[Ag][nan]3[FSR]8,0.8221025,16.797413
2016[Ag][nan]3[FSR]9,0.8149257,16.78437
2016[AsAg][lvt]3[ION]1,-8.001569,10.706176
2016[Bi][nan]3[ASR]1,-3.311224,21.730627
2016[Bi][nan]3[FSR]1,-0.08281873,16.321535
2016[Ca][nan]3[ION]1,-0.5366858,11.372929
2016[CdFe][srs]3[ASR]1,1.2202821,11.349492
2016[Cd][ant]3[ASR]1,3.1955202,5.6723175
2016[Cd][bcu]3[ASR]1,-1.2327851,11.84482
2016[Cd][bcu]3[FSR]1,-1.1990515,11.771408
2016[Cd][cds]3[ASR]1,-5.0900254,12.114364
2016[Cd][cds]3[FSR]1,-5.0896378,12.094129
2016[Cd][dia]3[ASR]1,1.1285616,12.714605
2016[Cd][dia]3[ASR]3,0.20906104,13.238399
2016[Cd][dia]3[ASR]4,1.4751295,9.480493
2016[Cd][dia]3[FSR]1,1.1084678,12.732613
2016[Cd][dia]3[FSR]3,0.20502053,13.245711
2016[Cd][dia]3[FSR]4,1.519375,9.523328
2016[Cd][flu]3[ASR]1,5.0351605,10.130232
2016[Cd][flu]3[ION]1,-4.104173,13.923072
2016[Cd][fsc]3[ASR]1,2.2977853,7.007807
2016[Cd][ftb]3[ASR]1,0.2288886,12.614901
2016[Cd][ftb]3[FSR]1,0.22731896,12.637404
2016[Cd][kgd]2[ASR]1,5.003388,10.13449
2016[Cd][lvt]3[ASR]1,-3.3453383,11.91432
2016[Cd][lvt]3[FSR]1,-3.35569,12.0222
2016[Cd][nan]2[ASR]1,-2.5134304,15.061361
2016[Cd][nan]2[ASR]2,1.6471983,9.383662
2016[Cd][nan]2[ASR]3,1.5528219,9.400826
2016[Cd][nan]2[ASR]4,1.5976268,12.162139
2016[Cd][nan]2[ASR]5,3.0535328,10.7747965
2016[Cd][nan]2[FSR]1,1.6388433,9.365835
2016[Cd][nan]2[FSR]2,1.5665787,9.4723015
2016[Cd][nan]2[FSR]3,1.6339904,12.170271
2016[Cd][nan]3[ASR]1,5.9136443,11.295538
2016[Cd][nan]3[ASR]13,5.575154,11.41829
2016[Cd][nan]3[ASR]21,6.07008,12.602982
2016[Cd][nan]3[ASR]23,4.941336,10.643008
2016[Cd][nan]3[ASR]24,-4.4706855,13.131729
2016[Cd][nan]3[ASR]25,-6.047557,6.925898
2016[Cd][nan]3[ASR]28,1.8545984,13.176337
2016[Cd][nan]3[ASR]29,3.153439,13.420421
2016[Cd][nan]3[ASR]30,-1.1348431,10.771904
2016[Cd][nan]3[ASR]32,-7.4390564,2.9999096
2016[Cd][nan]3[ASR]33,2.5345602,8.928801
2016[Cd][nan]3[ASR]34,-4.582546,14.032965
2016[Cd][nan]3[ASR]35,2.5552986,15.966515
2016[Cd][nan]3[ASR]36,2.9943109,13.71909
2016[Cd][nan]3[ASR]37,2.9494312,13.7062
2016[Cd][nan]3[ASR]4,3.0043292,6.8440437
2016[Cd][nan]3[ASR]7,0.17668603,3.4627256
2016[Cd][nan]3[ASR]8,0.82852453,13.047499
2016[Cd][nan]3[ASR]9,-4.5579185,12.973689
2016[Cd][nan]3[FSR]13,-2.7312634,10.174746
2016[Cd][nan]3[FSR]22,6.111664,12.641464
2016[Cd][nan]3[FSR]24,-4.5095205,13.06675
2016[Cd][nan]3[FSR]27,1.5689199,13.2598915
2016[Cd][nan]3[FSR]28,-4.2987514,13.533201
2016[Cd][nan]3[FSR]29,4.59933,14.629638
2016[Cd][nan]3[FSR]31,-7.4443135,2.9963336
2016[Cd][nan]3[FSR]33,4.601052,14.632395
2016[Cd][nan]3[FSR]34,-4.214064,13.405521
2016[Cd][nan]3[FSR]35,2.2162013,14.296211
2016[Cd][nan]3[FSR]6,0.16370207,3.4857745
2016[Cd][nan]3[FSR]7,0.83596283,13.067349
2016[Cd][nan]3[FSR]8,1.3632094,12.279024
2016[Cd][nan]3[FSR]9,-4.5545783,12.966695
2016[Cd][nan]3[ION]1,-4.2270913,11.596413
2016[Cd][nan]3[ION]2,-4.2689037,11.740886
2016[Cd][nan]3[ION]3,-4.2387476,11.580915
2016[Cd][pcu]3[ASR]1,2.4761941,14.226221
2016[Cd][pcu]3[ASR]2,-5.852235,6.8187265
2016[Cd][pcu]3[FSR]2,2.4245303,14.253156
2016[Cd][pcu]3[FSR]3,-5.926895,6.8092136
2016[Cd][pts]3[ION]1,0.11325602,12.533867
2016[Cd][rtl]3[ASR]1,2.7254636,13.750087
2016[Cd][rtl]3[ASR]2,-8.6111965,10.89215
2016[Cd][rtl]3[FSR]2,-8.608617,10.909812
2016[Cd][sqc]3[ASR]1,0.9314148,14.172285
2016[Cd][sqc]3[FSR]1,0.91959345,14.157833
2016[Cd][sql]2[ASR]1,-4.472686,10.969297
2016[Cd][sql]2[ASR]2,2.9438968,6.637127
2016[Cd][sql]2[ASR]3,3.6829295,6.9698524
2016[Cd][sql]2[ASR]4,2.6687052,10.170055
2016[Cd][sql]2[ASR]5,-2.592702,8.12832
2016[Cd][sql]2[FSR]1,-4.3727446,13.055447
2016[Cd][sql]2[FSR]2,-4.0397367,12.731273
2016[Cd][sql]2[FSR]3,-3.3302102,9.464682
2016[Cd][sql]2[ION]1,-3.6375978,8.79267
2016[CeCu][nan]3[ASR]1,2.2875059,5.7613463
2016[CeMg][nan]3[FSR]1,-2.941386,12.546949
2016[Ce][nan]3[ASR]1,2.931042,6.720128
2016[Ce][pcu]3[ASR]1,5.052008,9.942054
2016[CoGd][hex]3[ASR]1,-1.2346532,15.774456
2016[Co][ant]3[ASR]1,-4.324768,10.850949
2016[Co][ant]3[ASR]2,-4.3197036,10.896534
2016[Co][ant]3[FSR]1,-4.260474,11.45402
2016[Co][ant]3[FSR]2,-4.3057804,11.397463
2016[Co][bbf]3[ASR]1,0.36618662,12.795781
2016[Co][bbf]3[FSR]1,0.40074748,12.811058
2016[Co][cds]3[ASR]1,-4.6663904,12.458104
2016[Co][cds]3[FSR]1,-4.6099663,12.527919
2016[Co][flu]3[ASR]1,1.1237222,9.586076
2016[Co][flu]3[FSR]1,1.1719358,9.611458
2016[Co][nan]2[ASR]1,-8.983359,11.10371
2016[Co][nan]2[FSR]1,-8.990983,11.110134
2016[Co][nan]3[ASR]1,0.26453537,3.6101248
2016[Co][nan]3[ASR]10,5.8474545,11.034515
2016[Co][nan]3[ASR]11,5.847456,11.020259
2016[Co][nan]3[ASR]12,5.8232036,10.982831
2016[Co][nan]3[ASR]13,5.895957,10.970012
2016[Co][nan]3[ASR]16,5.8688354,11.028258
2016[Co][nan]3[ASR]17,5.7547946,11.077943
2016[Co][nan]3[ASR]18,5.960602,11.132779
2016[Co][nan]3[ASR]19,-3.6801753,12.536882
2016[Co][nan]3[ASR]2,0.7256479,5.384345
2016[Co][nan]3[ASR]21,-1.1950685,12.901848
2016[Co][nan]3[ASR]22,0.116191134,3.6490796
2016[Co][nan]3[ASR]24,-1.1075912,10.642747
2016[Co][nan]3[ASR]25,1.4207773,11.041941
2016[Co][nan]3[ASR]26,1.6312649,7.5078125
2016[Co][nan]3[ASR]27,-0.41797727,3.1089857
2016[Co][nan]3[ASR]28,-11.319779,13.388232
2016[Co][nan]3[ASR]29,-7.4048905,3.0259082
2016[Co][nan]3[ASR]30,-3.5088973,12.913824
2016[Co][nan]3[ASR]31,2.5528395,14.835549
2016[Co][nan]3[ASR]32,-4.237517,11.774287
2016[Co][nan]3[ASR]33,1.4782684,9.052997
2016[Co][nan]3[ASR]34,1.5886849,12.116632
2016[Co][nan]3[ASR]5,5.8233833,11.06646
2016[Co][nan]3[ASR]6,5.819109,11.072967
2016[Co][nan]3[ASR]7,5.824147,11.059867
2016[Co][nan]3[ASR]8,5.8691907,11.054339
2016[Co][nan]3[ASR]9,5.834846,11.04932
2016[Co][nan]3[FSR]17,2.4595432,14.62167
2016[Co][nan]3[FSR]18,5.942217,11.114097
2016[Co][nan]3[FSR]2,0.27012962,3.6001844
2016[Co][nan]3[FSR]22,0.14195673,3.683592
2016[Co][nan]3[FSR]24,4.603524,14.63139
2016[Co][nan]3[FSR]25,-1.695431,4.677655
2016[Co][nan]3[FSR]26,-7.4356656,3.003179
2016[Co][nan]3[FSR]27,4.6042953,14.634194
2016[Co][nan]3[FSR]28,2.5575302,14.7927685
2016[Co][nan]3[FSR]29,-4.2329555,11.744589
2016[Co][nan]3[FSR]30,1.4627333,9.049054
2016[Co][nan]3[FSR]31,1.6020789,12.0906725
2016[Co][nan]3[FSR]5,5.806165,11.056912
2016[Co][nan]3[FSR]6,5.8425484,11.149714
2016[Co][nan]3[FSR]7,5.7928114,11.090829
2016[Co][nan]3[FSR]8,5.83517,11.074866
2016[Co][nan]3[FSR]9,5.8182654,11.05859
2016[Co][pcu]3[ASR]1,1.5400534,10.621514
2016[Co][pcu]3[ASR]2,1.4974558,10.580367
2016[Co][pcu]3[ASR]6,-0.6370763,5.7928543
2016[Co][pcu]3[FSR]1,-4.3769774,10.38709
2016[Co][pcu]3[FSR]2,1.5677923,10.632527
2016[Co][pcu]3[FSR]3,1.4934498,10.583394
2016[Co][pcu]3[FSR]7,-0.663243,5.792697
2016[Co][pts]3[ASR]3,0.8811672,2.7939725
2016[Co][pts]3[ASR]4,-0.28269672,3.5728106
2016[Co][pts]3[ASR]5,5.008243,10.630815
2016[Co][pts]3[ASR]6,1.0195956,2.7074687
2016[Co][pts]3[FSR]5,0.85098094,2.7945545
2016[Co][pts]3[FSR]6,-0.23606904,3.572208
2016[Co][pts]3[FSR]7,-0.28700888,3.5518086
2016[Co][pts]3[FSR]8,4.9992075,10.659947
2016[Co][pts]3[FSR]9,1.0151546,2.7065692
2016[Co][rho]3[FSR]1,-0.8389562,3.2126381
2016[Co][rtl]3[ASR]1,-8.560876,10.770584
2016[Co][rtl]3[FSR]1,-8.565318,10.777696
2016[Co][sqc]3[FSR]3,-3.1355362,8.451352
2016[Co][sql]2[ASR]1,-3.3640354,11.533975
2016[Co][sql]2[ASR]10,0.11723784,12.809607
2016[Co][sql]2[ASR]11,0.13627425,12.600932
2016[Co][sql]2[ASR]12,0.06873955,12.674527
2016[Co][sql]2[ASR]13,0.10853034,12.626152
2016[Co][sql]2[ASR]14,0.085413374,12.758747
2016[Co][sql]2[ASR]15,0.104910046,12.624906
2016[Co][sql]2[ASR]16,0.11640735,12.887949
2016[Co][sql]2[ASR]17,0.12964647,12.890376
2016[Co][sql]2[ASR]18,0.17555441,13.1078205
2016[Co][sql]2[ASR]19,0.171173,13.213295
2016[Co][sql]2[ASR]2,-0.0056378804,4.146948
2016[Co][sql]2[ASR]20,0.15455875,13.102291
2016[Co][sql]2[ASR]21,0.20783457,13.329224
2016[Co][sql]2[ASR]22,0.21751179,13.381859
2016[Co][sql]2[ASR]23,0.08873452,12.661766
2016[Co][sql]2[ASR]24,0.23792022,13.400509
2016[Co][sql]2[ASR]25,0.2501186,13.447692
2016[Co][sql]2[ASR]26,0.10024148,12.655928
2016[Co][sql]2[ASR]27,0.14063627,12.625091
2016[Co][sql]2[ASR]28,0.105424374,12.639455
2016[Co][sql]2[ASR]29,0.08145663,12.729039
2016[Co][sql]2[ASR]3,-0.34577423,11.452981
2016[Co][sql]2[ASR]30,0.06082805,12.7527075
2016[Co][sql]2[ASR]31,0.11340718,12.804095
2016[Co][sql]2[ASR]4,-0.46609068,11.378759
2016[Co][sql]2[ASR]5,2.8144069,5.1285453
2016[Co][sql]2[ASR]6,0.10869501,12.646443
2016[Co][sql]2[ASR]7,0.0872787,12.767584
2016[Co][sql]2[ASR]8,0.11740276,12.793733
2016[Co][sql]2[ASR]9,0.08169407,12.786369
2016[Co][sql]2[FSR]1,-0.0046674674,4.147577
2016[Co][sql]2[FSR]10,-4.437544,12.619504
2016[Co][sql]2[FSR]11,-4.371658,12.487738
2016[Co][sql]2[FSR]12,0.057666145,12.832961
2016[Co][sql]2[FSR]13,-0.03128837,12.973286
2016[Co][sql]2[FSR]14,-4.4010606,12.556101
2016[Co][sql]2[FSR]15,-4.4088726,12.569799
2016[Co][sql]2[FSR]16,0.09983482,13.03228
2016[Co][sql]2[FSR]17,0.12727194,13.087554
2016[Co][sql]2[FSR]18,-4.498367,12.662757
2016[Co][sql]2[FSR]19,0.16963317,13.290198
2016[Co][sql]2[FSR]2,-4.2673464,9.802702
2016[Co][sql]2[FSR]20,0.20120478,13.426873
2016[Co][sql]2[FSR]21,0.059850786,12.864461
2016[Co][sql]2[FSR]22,0.18783551,13.48285
2016[Co][sql]2[FSR]23,0.11601156,13.42783
2016[Co][sql]2[FSR]24,-4.3750024,12.504808
2016[Co][sql]2[FSR]25,-4.3466287,12.550978
2016[Co][sql]2[FSR]26,-4.4180446,12.589941
2016[Co][sql]2[FSR]27,-4.421724,12.561602
2016[Co][sql]2[FSR]28,-4.394164,12.608767
2016[Co][sql]2[FSR]3,-0.3370258,11.453096
2016[Co][sql]2[FSR]4,-0.44906947,11.404815
2016[Co][sql]2[FSR]5,1.4536428,13.101721
2016[Co][sql]2[FSR]6,-4.361724,12.506056
2016[Co][sql]2[FSR]7,-4.4725327,12.565042
2016[Co][sql]2[FSR]8,-4.416122,12.5960045
2016[Co][sql]2[FSR]9,-4.4453845,12.592822
2016[Co][tbo]3[ASR]1,-5.946382,5.850833
2016[Co][tbo]3[FSR]1,-5.9554324,5.8475604
2016[Co][the]3[ASR]1,-0.7966282,3.0700915
2016[Co][the]3[ASR]2,-0.7859162,3.0428946
2016[CrMn][stp]3[ASR]1,-0.8259803,2.6993508
2016[CuCe][nan]3[FSR]1,2.3048046,5.847562
2016[CuEu][nan]3[ASR]1,2.3107002,5.8011336
2016[CuEu][nan]3[ASR]2,-0.444472,6.9759197
2016[CuEu][nan]3[FSR]1,2.3352444,5.8621025
2016[CuGd][nan]3[ASR]1,2.300188,5.7852836
2016[CuLa][nan]3[ASR]1,2.3123882,5.789528
2016[CuMg][jjt]3[ASR]1,3.229787,5.5891666
2016[CuMoMn][dia]3[ASR]1,-1.747649,2.1492605
2016[CuPd][fof]3[ASR]1,-6.021389,5.87723
2016[CuSi][pcu]2[ASR]1,1.0820199,2.684009
2016[CuSi][pcu]2[FSR]1,1.0938312,2.683739
2016[CuSi][pcu]3[FSR]1,1.0362693,2.6969543
2016[CuSi][sql]2[ASR]1,1.780418,14.664357
2016[CuSi][sql]2[FSR]1,1.7722348,14.656631
2016[CuTb][nan]3[ASR]1,2.3118346,5.8127403
2016[CuU][nan]3[ASR]1,3.2573967,13.42866
2016[CuU][sqc]3[FSR]1,0.8432804,16.461252
2016[CuV][pcu]3[ASR]1,5.9398584,18.424507
2016[Cu][ant]3[ASR]1,-2.8592114,9.772629
2016[Cu][bey]2[ASR]1,1.2315257,8.2958765
2016[Cu][fsc]3[ASR]1,0.23078491,3.6897361
2016[Cu][gis]2[ASR]1,-3.9302557,10.684172
2016[Cu][gis]2[FSR]1,-3.9495928,10.65007
2016[Cu][gra]2[FSR]1,-3.4482067,9.436316
2016[Cu][hcb]2[ASR]1,1.1431578,7.4139504
2016[Cu][hcb]2[FSR]1,-3.2712724,11.317499
2016[Cu][mmm]3[ASR]1,-4.4076276,2.2507997
2016[Cu][mmm]3[ASR]2,-4.3593802,2.280348
2016[Cu][mmm]3[FSR]1,-2.8249447,12.8476305
2016[Cu][nan]2[ASR]1,-4.1934414,13.905133
2016[Cu][nan]2[FSR]1,-3.6895125,14.106687
2016[Cu][nan]3[ASR]10,-4.762838,12.637103
2016[Cu][nan]3[ASR]12,-0.4851682,2.8314354
2016[Cu][nan]3[ASR]13,2.2362683,5.6752133
2016[Cu][nan]3[ASR]2,2.580855,10.513258
2016[Cu][nan]3[ASR]3,2.2127872,5.6449547
2016[Cu][nan]3[ASR]4,2.2231803,5.670046
2016[Cu][nan]3[ASR]5,2.1987317,5.679933
2016[Cu][nan]3[ASR]6,0.7590427,4.7750936
2016[Cu][nan]3[ASR]7,-0.61577237,2.8586178
2016[Cu][nan]3[ASR]8,-0.92373,1.5236679
2016[Cu][nan]3[ASR]9,-1.7688494,7.5261235
2016[Cu][nan]3[FSR]10,-4.760404,12.59243
2016[Cu][nan]3[FSR]13,2.2369745,5.661283
2016[Cu][nan]3[FSR]15,-2.9565876,15.482594
2016[Cu][nan]3[FSR]2,2.709338,11.076845
2016[Cu][nan]3[FSR]3,2.2242107,5.67322
2016[Cu][nan]3[FSR]4,2.2246664,5.6745224
2016[Cu][nan]3[FSR]5,2.2068613,5.6679516
2016[Cu][nan]3[FSR]6,0.7730314,4.7975793
2016[Cu][nan]3[FSR]7,-0.63388747,2.8332183
2016[Cu][nbo]3[ASR]1,-1.1101649,1.4459021
2016[Cu][nbo]3[ASR]10,-0.94821155,1.1661944
2016[Cu][nbo]3[ASR]11,-0.6507136,1.3233119
2016[Cu][nbo]3[ASR]12,0.23941796,2.9812503
2016[Cu][nbo]3[ASR]13,0.24294084,3.5884914
2016[Cu][nbo]3[ASR]14,0.2381222,3.58886
2016[Cu][nbo]3[ASR]15,0.33523497,3.7230806
2016[Cu][nbo]3[ASR]16,0.31473613,3.7023265
2016[Cu][nbo]3[ASR]17,0.35683405,3.8176157
2016[Cu][nbo]3[ASR]18,-0.5659405,1.3651414
2016[Cu][nbo]3[ASR]19,-0.73732203,1.2740659
2016[Cu][nbo]3[ASR]2,2.181795,7.183628
2016[Cu][nbo]3[ASR]20,-0.8438118,1.2159622
2016[Cu][nbo]3[ASR]21,-0.7588109,1.2383554
2016[Cu][nbo]3[ASR]22,-0.6226963,1.2941839
2016[Cu][nbo]3[ASR]23,-0.54094326,1.3702911
2016[Cu][nbo]3[ASR]24,-0.5187062,1.340358
2016[Cu][nbo]3[ASR]25,0.39104202,3.6841617
2016[Cu][nbo]3[ASR]26,0.71729153,5.1252947
2016[Cu][nbo]3[ASR]27,0.74360704,4.90621
2016[Cu][nbo]3[ASR]28,0.74348164,5.091004
2016[Cu][nbo]3[ASR]29,0.7715175,5.198965
2016[Cu][nbo]3[ASR]30,0.7508097,5.159283
2016[Cu][nbo]3[ASR]31,-0.5316943,1.3340387
2016[Cu][nbo]3[ASR]32,-0.6625526,1.2997211
2016[Cu][nbo]3[ASR]33,-1.0868596,1.0937146
2016[Cu][nbo]3[ASR]34,-0.48882204,1.3329508
2016[Cu][nbo]3[ASR]35,-0.6420489,1.295048
2016[Cu][nbo]3[ASR]36,-0.34900874,1.4853181
2016[Cu][nbo]3[ASR]37,-0.40499634,1.3953472
2016[Cu][nbo]3[ASR]38,-0.4871534,1.3766347
2016[Cu][nbo]3[ASR]39,-0.56325674,1.3619397
2016[Cu][nbo]3[ASR]4,-2.1134036,-0.007954982
2016[Cu][nbo]3[ASR]40,-0.6258791,1.3376522
2016[Cu][nbo]3[ASR]41,-0.34546053,1.4575273
2016[Cu][nbo]3[ASR]42,-0.9432222,1.1718216
2016[Cu][nbo]3[ASR]43,-0.5281958,1.3938584
2016[Cu][nbo]3[ASR]44,-0.44552067,1.4430305
2016[Cu][nbo]3[ASR]45,-0.6208081,1.3375902
2016[Cu][nbo]3[ASR]46,-0.83997744,1.2330381
2016[Cu][nbo]3[ASR]47,-0.50297064,1.3839846
2016[Cu][nbo]3[ASR]48,-0.9883626,1.1481429
2016[Cu][nbo]3[ASR]49,-1.0327744,1.0806612
2016[Cu][nbo]3[ASR]5,-0.7710434,1.835023
2016[Cu][nbo]3[ASR]50,-0.43495828,1.4455323
2016[Cu][nbo]3[ASR]51,-0.4745493,1.4132315
2016[Cu][nbo]3[ASR]52,-0.39701658,1.3849152
2016[Cu][nbo]3[ASR]53,-0.39108837,1.3937573
2016[Cu][nbo]3[ASR]54,-0.40152362,1.3980108
2016[Cu][nbo]3[ASR]55,-0.5526596,1.3264694
2016[Cu][nbo]3[ASR]56,-0.3763914,1.3951325
2016[Cu][nbo]3[ASR]6,-2.1104927,-0.043124378
2016[Cu][nbo]3[ASR]7,1.1605257,2.7635474
2016[Cu][nbo]3[ASR]8,-1.0778716,1.0922301
2016[Cu][nbo]3[ASR]9,-0.9328877,1.1728249
2016[Cu][nbo]3[FSR]2,1.1630148,2.761758
2016[Cu][nbo]3[FSR]4,-2.1059904,-0.021311644
2016[Cu][nbo]3[FSR]5,-0.7649489,1.8806547
2016[Cu][nbo]3[FSR]6,-2.084517,0.022456259
2016[Cu][nbo]3[FSR]7,1.1943096,2.732474
2016[Cu][nts]3[ASR]1,-1.3002241,1.697638
2016[Cu][pcu]3[FSR]1,6.4102845,11.661861
2016[Cu][pts]3[ASR]1,-1.1671941,0.9684457
2016[Cu][pyr]3[ASR]1,2.0768309,11.170823
2016[Cu][pyr]3[FSR]1,2.0785394,11.194661
2016[Cu][scu]3[ASR]1,3.1886597,16.996267
2016[Cu][sqc]3[ASR]1,3.841333,6.9620566
2016[Cu][sql]2[ASR]2,1.6245946,12.751252
2016[Cu][sql]2[FSR]2,1.62626,12.779471
2016[Cu][ssa]3[ASR]1,-0.7509088,3.679646
2016[Cu][ssa]3[ASR]2,-1.1047248,3.9226575
2016[Cu][tbo]3[ASR]1,-0.38193482,3.1055176
2016[Cu][tbo]3[ASR]4,-0.40945545,4.3287315
2016[Cu][tbo]3[ASR]5,-1.9997251,2.4215024
2016[Cu][tbo]3[ASR]6,-0.34465623,4.31585
2016[Cu][tfw]2[ASR]1,4.666064,13.256623
2016[Cu][tfw]2[ASR]2,4.6436367,13.257277
2016[Cu][tfw]2[ASR]3,4.669782,13.18617
2016[Cu][tfw]2[FSR]1,4.663187,13.27441
2016[Cu][tfw]2[FSR]2,4.6719446,13.213561
2016[Cu][tfw]2[FSR]3,4.67451,13.201138
2016[Cu][tfw]3[FSR]1,4.697515,12.950276
2016[Cu][ths]3[ASR]1,1.2143523,5.4827127
2016[Cu][ths]3[FSR]1,1.2451881,5.445837
2016[Cu][ubo]3[ASR]1,-0.025996566,3.226749
2016[Dy][dia]3[ASR]1,-2.7463746,14.671817
2016[Dy][dia]3[FSR]1,-3.3767169,14.459822
2016[Dy][nan]3[ASR]1,3.9568481,7.9634914
2016[Dy][nan]3[ASR]2,2.2975495,6.2166867
2016[Dy][nan]3[ASR]3,3.3084881,5.5118923
2016[Dy][nan]3[ASR]4,3.3789706,7.366931
2016[Dy][nan]3[ASR]5,-2.0951178,7.430318
2016[Dy][nan]3[FSR]2,-3.2436867,9.471058
2016[Dy][nan]3[FSR]5,-2.0994148,7.423805
2016[Dy][pcu]3[ASR]1,2.8616,15.370093
2016[Dy][pcu]3[ASR]2,2.877353,15.382055
2016[Dy][pcu]3[ASR]3,2.8251574,15.339762
2016[Dy][pcu]3[FSR]1,2.8538656,15.36806
2016[Dy][pcu]3[FSR]2,2.8766227,15.378869
2016[Dy][pcu]3[FSR]3,2.8317628,15.345988
2016[Er][ant]3[ASR]1,-4.244181,13.416781
2016[Er][ant]3[FSR]1,-4.236385,13.399795
2016[Eu][ant]3[ASR]1,-4.284024,13.439258
2016[Eu][ant]3[FSR]1,-4.2664757,13.396894
2016[Eu][cds]3[ASR]1,-2.4512103,7.287888
2016[Eu][cds]3[FSR]1,-3.3247764,8.390847
2016[Eu][dia]3[ASR]1,-2.7148054,14.607198
2016[Eu][dia]3[FSR]1,-3.424164,14.417889
2016[Eu][kgd]2[ASR]1,-3.9264855,12.750322
2016[Eu][kgd]2[FSR]1,-3.9815826,13.195212
2016[Eu][nan]3[ASR]1,2.474464,6.753943
2016[Eu][nan]3[ASR]2,1.6762923,6.166608
2016[Eu][nan]3[ASR]3,3.921102,7.813809
2016[Eu][nan]3[ASR]4,3.7410865,10.740247
2016[Eu][nan]3[ASR]5,3.70838,10.719083
2016[Eu][nan]3[ASR]6,3.2649708,7.2863684
2016[Eu][nan]3[ASR]7,1.8617026,7.941343
2016[Eu][nan]3[ASR]8,2.7332492,6.8045073
2016[Eu][nan]3[ASR]9,-3.5390017,13.244523
2016[Eu][nan]3[FSR]4,3.7341702,10.744904
2016[Eu][nan]3[FSR]5,3.7089877,10.719242
2016[Eu][nan]3[FSR]7,1.7775595,10.100978
2016[Eu][nan]3[FSR]9,-3.538916,13.233328
2016[Eu][tfz]3[ASR]1,4.2345324,8.298121
2016[FeAu][fsc]3[ASR]1,5.7807007,11.789157
2016[FeAu][fsc]3[ASR]2,5.8275633,11.723113
2016[FeAu][fsc]3[FSR]1,5.7752867,11.800508
2016[FeAu][fsc]3[FSR]2,5.808191,11.759101
2016[FeDy][nan]3[ION]1,-1.4150742,12.5693655
2016[FeEr][nan]3[ION]1,-1.4300816,12.578909
2016[FeEu][nan]3[ION]1,-1.4138669,12.608073
2016[FeGd][nan]3[ION]1,-1.4183179,12.59931
2016[FeMn][tfz]3[ASR]1,5.011209,10.047902
2016[FeSm][nan]3[ION]1,-1.443874,12.566966
2016[FeZn][nan]2[FSR]1,-7.4013605,3.0315115
2016[Fe][acs]3[ASR]1,1.4613246,18.073595
2016[Fe][acs]3[ASR]2,1.5250391,18.128353
2016[Fe][acs]3[FSR]1,1.4617828,18.072313
2016[Fe][acs]3[FSR]2,1.5565717,18.169212
2016[Fe][dia]3[ASR]1,-6.3925004,5.301737
2016[Fe][dia]3[FSR]1,-6.393642,5.299986
2016[Fe][dia]3[ION]1,-6.332461,6.4550853
2016[Fe][hcb]2[ASR]1,6.4947624,21.7826
2016[Fe][hcb]2[FSR]1,6.498538,21.786982
2016[Fe][nan]3[ASR]2,-11.345123,13.372396
2016[Fe][nan]3[ASR]3,-11.322012,13.387078
2016[Fe][nan]3[ASR]4,-11.324048,13.3845
2016[Fe][nan]3[ASR]5,-11.32446,13.383399
2016[Fe][nan]3[FSR]2,-11.324804,13.383073
2016[Fe][nan]3[FSR]3,-11.322027,13.386741
2016[Fe][nan]3[FSR]4,-11.325387,13.384444
2016[Fe][nan]3[FSR]5,-11.325117,13.383036
2016[GaCu][pcu]3[ASR]1,5.9477468,18.432274
2016[GaCu][pcu]3[FSR]1,5.947911,18.432516
2016[Ga][nan]3[ASR]1,-1.8812166,8.745333
2016[Ga][nan]3[ASR]2,-1.8834172,8.796922
2016[Ga][nan]3[ASR]3,-1.8858159,8.7755165
2016[Ga][nan]3[ASR]4,-1.8957162,8.772275
2016[Ga][nan]3[ASR]6,-1.8784409,8.732525
2016[Ga][nan]3[ASR]7,-1.8753864,8.806993
2016[Ga][nan]3[ASR]9,-1.8878388,8.809137
2016[Ga][nan]3[FSR]1,-1.8978992,8.720556
2016[Ga][nan]3[FSR]2,-1.8511467,8.805405
2016[Ga][nan]3[FSR]3,-1.8843905,8.771157
2016[Ga][nan]3[FSR]4,-1.9109678,8.7687235
2016[Ga][nan]3[FSR]6,-1.900977,8.721418
2016[Ga][nan]3[FSR]7,-1.883122,8.812183
2016[Ga][nan]3[FSR]9,-1.8986112,8.775239
2016[GdCo][hex]3[FSR]1,-1.2248244,15.797374
2016[Gd][dia]3[ASR]1,-2.714659,14.653296
2016[Gd][dia]3[FSR]1,-3.4301734,14.858288
2016[Gd][kgd]2[ASR]1,-3.7054317,12.768983
2016[Gd][kgd]2[FSR]1,-3.9495625,13.125346
2016[Gd][nan]3[ASR]1,1.7558672,7.94831
2016[Gd][nan]3[FSR]1,1.799747,10.110821
2016[Gd][rtl]3[ASR]1,2.5149658,14.768346
2016[Gd][rtl]3[FSR]1,-3.6235635,14.736573
2016[Ho][nan]3[ASR]1,4.539054,7.3559346
2016[Ho][nan]3[ASR]2,2.8910697,7.0067806
2016[InCo][pts]3[ASR]1,0.6526326,4.6807437
2016[InEu][nan]3[ASR]1,1.3044115,4.017524
2016[In][bpq]3[ASR]1,5.6439075,17.51433
2016[In][bpq]3[ASR]2,-3.4217234,10.559468
2016[In][bpq]3[FSR]1,5.644137,17.513947
2016[In][bpq]3[FSR]2,-3.42544,10.543932
2016[In][ctn]3[ASR]1,1.9377671,4.2787185
2016[In][dia]3[ASR]1,-1.100081,7.260979
2016[In][dia]3[ASR]2,2.704302,9.3809805
2016[In][dia]3[FSR]1,-1.098422,7.2563295
2016[In][dia]3[FSR]2,2.7140975,9.398723
2016[In][nan]3[ASR]1,-1.3788295,1.4498305
2016[In][nan]3[ASR]10,4.509805,6.781437
2016[In][nan]3[ASR]11,4.4820046,6.763205
2016[In][nan]3[ASR]12,4.480802,6.7627673
2016[In][nan]3[ASR]13,4.468911,6.7635345
2016[In][nan]3[ASR]14,4.475746,6.7687883
2016[In][nan]3[ASR]15,-2.0339365,1.09748
2016[In][nan]3[ASR]2,-1.979188,-0.023414887
2016[In][nan]3[ASR]3,5.5902357,17.465828
2016[In][nan]3[ASR]4,-0.08712194,16.926401
2016[In][nan]3[ASR]7,4.44876,6.87336
2016[In][nan]3[ASR]8,4.4895988,6.775564
2016[In][nan]3[ASR]9,4.4904833,6.742059
2016[In][nan]3[FSR]1,-1.3689086,1.4683326
2016[In][nan]3[FSR]10,4.4610124,6.768276
2016[In][nan]3[FSR]11,4.466456,6.7597127
2016[In][nan]3[FSR]12,4.529222,6.7153893
2016[In][nan]3[FSR]2,-9.288998,11.400037
2016[In][nan]3[FSR]5,4.4781084,6.856677
2016[In][nan]3[FSR]6,4.4916043,6.7642045
2016[In][nan]3[FSR]7,4.4620924,6.7642045
2016[In][nan]3[FSR]8,4.5003796,6.767999
2016[In][nan]3[FSR]9,4.478602,6.73012
2016[In][soc]3[ION]1,-1.9049224,8.789166
2016[In][unc]3[ASR]2,0.41958696,3.2772286
2016[In][unc]3[FSR]2,0.45691225,3.2791803
2016[IrZr][she]3[ASR]1,-1.8279856,0.56294626
2016[LaCu][nan]3[FSR]1,3.8680081,13.487923
2016[La][nan]3[ASR]1,2.3061543,6.7126465
2016[La][nan]3[ASR]2,1.1354953,4.7824087
2016[La][nan]3[ASR]3,2.9442856,6.739427
2016[La][nan]3[ASR]4,3.1417656,10.421126
2016[La][nan]3[ASR]5,-2.901836,9.396762
2016[La][sql]2[ASR]1,2.120608,12.639878
2016[La][sql]2[FSR]1,-4.3371415,13.115735
2016[La][sql]2[ION]1,-6.2863755,7.06085
2016[LiZn][pts]3[ION]1,-3.5363157,9.777484
2016[LiZn][pts]3[ION]2,-3.5296485,9.862021
2016[Lu][mog]3[ASR]1,-3.519319,13.367377
2016[Lu][mog]3[FSR]1,-3.5400174,13.558926
2016[Mg][acs]3[ASR]1,-1.10986,3.589558
2016[Mg][acs]3[ASR]2,1.8034097,4.4704986
2016[Mg][acs]3[FSR]1,-10.86874,9.913885
2016[Mg][acs]3[FSR]2,-10.906115,9.877194
2016[Mg][bpq]3[ASR]1,-3.5252156,10.240885
2016[Mg][bpq]3[FSR]1,-3.4922464,10.2484
2016[Mg][hcb]2[ASR]1,6.495538,21.784065
2016[Mg][hcb]2[FSR]1,6.5293045,21.817884
2016[Mg][hcb]2[FSR]2,-3.5640733,13.029849
2016[Mg][hms]3[ASR]1,1.1076835,6.7477813
2016[Mg][nan]3[ASR]1,2.5722177,10.467702
2016[Mg][nan]3[ASR]2,-3.6596174,10.618109
2016[Mg][nan]3[ASR]3,-3.6902633,9.740839
2016[Mg][nan]3[ASR]4,-3.6868625,9.741097
2016[Mg][nan]3[ASR]5,-4.205675,2.2215507
2016[Mg][nan]3[FSR]1,2.59032,10.469806
2016[Mg][nan]3[FSR]2,-3.6784327,10.581532
2016[Mg][nan]3[FSR]3,-3.6898026,9.750347
2016[Mg][nan]3[FSR]4,-3.677162,9.737587
2016[Mg][pcu]3[ASR]1,0.25280154,17.980656
2016[Mg][pcu]3[ASR]2,1.8277797,4.2011666
2016[Mg][pcu]3[FSR]1,0.2543964,17.976542
2016[Mg][soc]3[ASR]1,-0.28386223,3.2127144
2016[Mg][stp]3[ASR]1,-2.0290232,-0.059284568
2016[Mg][stp]3[ASR]2,-2.016664,-0.056125093
2016[Mg][stp]3[ASR]3,0.166642,3.613466
2016[Mg][tfz]3[ASR]1,-1.181646,10.854488
2016[Mg][tfz]3[FSR]1,-1.1826401,10.859104
2016[Mn][acs]3[ASR]1,0.6243294,17.99442
2016[Mn][acs]3[FSR]1,0.6222216,17.997587
2016[Mn][bcu]3[ASR]1,1.331372,4.518587
2016[Mn][dia]3[ASR]1,-3.9501843,9.906697
2016[Mn][flu]3[ASR]1,1.9660089,9.904161
2016[Mn][flu]3[FSR]1,1.9651309,9.86338
2016[Mn][nan]3[ASR]1,-1.9866831,6.0570703
2016[Mn][nan]3[ASR]2,-1.0894785,10.6719885
2016[Mn][nan]3[FSR]1,-1.9928421,6.0528374
2016[Mn][nan]3[FSR]2,4.5976434,14.62793
2016[Mn][nan]3[FSR]3,4.5948043,14.628881
2016[Mn][nan]3[FSR]4,2.025888,9.084772
2016[Mn][pcu]3[FSR]1,-3.1557195,12.619444
2016[Mn][rtl]3[ASR]1,-8.58049,10.87579
2016[Mn][rtl]3[ASR]2,1.3964443,8.6454935
2016[Mn][rtl]3[ASR]3,2.778065,13.437781
2016[Mn][rtl]3[FSR]1,-8.563837,10.839112
2016[Mn][rtl]3[FSR]2,1.3907883,8.691078
2016[Mn][rtl]3[FSR]3,2.7664483,13.438161
2016[Mn][tbo]3[ASR]1,-5.950293,5.8503237
2016[Mn][tbo]3[FSR]1,-5.9473987,5.8567348
2016[Mn][tfz]3[ASR]1,-3.4763334,8.354927
2016[Mn][tfz]3[FSR]1,-4.5317593,11.145684
2016[MoCuMn][dia]3[FSR]1,-4.1502314,2.3164227
2016[Nd][nan]3[ASR]1,-3.0063982,13.979268
2016[Nd][nan]3[FSR]1,-3.0211878,14.463501
2016[Nd][pcu]3[ASR]1,5.0538807,9.931153
2016[NiMg][nan]3[ASR]1,4.7903895,7.2950974
2016[NiNb][pcu]3[ASR]1,-8.662213,11.031368
2016[NiNb][pcu]3[FSR]1,-8.678128,11.038826
2016[NiZr][ftw]3[ASR]1,-1.8352085,0.36582386
2016[Ni][acs]3[ASR]1,1.6383305,18.238596
2016[Ni][acs]3[ASR]2,1.6560895,18.26122
2016[Ni][acs]3[ASR]3,1.6511,18.246962
2016[Ni][acs]3[FSR]1,1.637942,18.240107
2016[Ni][acs]3[FSR]2,1.6613995,18.261011
2016[Ni][acs]3[FSR]3,1.6704645,18.26428
2016[Ni][ant]3[ASR]1,5.183814,9.393677
2016[Ni][bex]2[FSR]1,-4.570713,12.7533455
2016[Ni][dia]3[ASR]3,0.37203047,10.556043
2016[Ni][dia]3[ASR]4,0.42536226,10.701125
2016[Ni][dia]3[ASR]7,2.4367063,10.428957
2016[Ni][dia]3[FSR]3,0.36537758,10.541807
2016[Ni][dia]3[FSR]4,0.42920023,10.703102
2016[Ni][frl]3[ASR]1,-4.111556,11.687576
2016[Ni][frl]3[FSR]1,-4.0579247,11.79238
2016[Ni][nan]3[ASR]1,-4.350304,2.3444567
2016[Ni][nan]3[ASR]2,-4.3432894,2.3572514
2016[Ni][nan]3[ASR]3,-4.353267,2.3427413
2016[Ni][nan]3[ASR]4,4.1449003,5.6616178
2016[Ni][nan]3[FSR]1,-4.3460617,2.365077
2016[Ni][nan]3[FSR]2,-4.3378863,2.3633938
2016[Ni][nan]3[FSR]3,-4.3546243,2.3418374
2016[Ni][nan]3[FSR]4,-4.7341056,11.08993
2016[Ni][nan]3[FSR]5,4.1400275,5.7058578
2016[Ni][nbo]3[ASR]1,0.9096882,8.860169
2016[Ni][nbo]3[ASR]2,0.91176456,8.895226
2016[Ni][nbo]3[FSR]1,0.9189987,8.870697
2016[Ni][nbo]3[FSR]2,0.94595397,8.87307
2016[Ni][neb]3[ASR]1,1.0453465,9.781919
2016[Ni][neb]3[ASR]2,1.2678384,8.760185
2016[Ni][neb]3[ASR]3,1.0167809,9.752514
2016[Ni][neb]3[ASR]4,1.189141,8.686055
2016[Ni][neb]3[FSR]1,0.6204684,11.433269
2016[Ni][neb]3[FSR]2,0.787675,11.107308
2016[Ni][neb]3[FSR]3,-4.011356,11.054548
2016[Ni][neb]3[FSR]4,-4.00594,10.925313
2016[Ni][scu]3[ASR]1,1.6841501,6.8505054
2016[Ni][sit]3[ASR]1,4.4045143,5.837278
2016[Ni][sql]2[ASR]1,1.4451487,9.540007
2016[PrCu][nan]3[ASR]1,0.6429801,16.180628
2016[Pr][nan]3[ASR]1,5.1279035,9.611307
2016[Pr][nan]3[ASR]2,-3.0292697,13.892387
2016[Pr][nan]3[ASR]3,3.7881362,10.537948
2016[Pr][nan]3[FSR]1,-3.0380452,14.298426
2016[Pr][pcu]3[ASR]1,2.0982702,7.278264
2016[Pr][pcu]3[ASR]2,5.05637,9.919067
2016[SbAg][lvt]3[ION]1,-8.039596,10.721914
2016[Sc][nan]3[ASR]6,8.115528,11.964475
2016[Sc][nan]3[ASR]7,5.054421,10.661608
2016[Sc][nan]3[ASR]8,5.036176,10.671914
2016[Sm][kgd]2[ASR]1,-3.7985764,12.881963
2016[Sm][kgd]2[FSR]1,-4.032687,13.13398
2016[Sm][nan]3[ASR]1,3.3024461,7.2286935
2016[Sm][nan]3[ASR]2,1.810942,7.8734765
2016[Sm][nan]3[ASR]3,3.0412343,6.931776
2016[Sm][nan]3[ASR]4,3.733809,10.619973
2016[Sm][nan]3[FSR]2,1.8258876,10.052512
2016[Sm][pcu]3[ASR]2,5.0369444,9.921995
2016[TbCu][nan]3[FSR]1,2.2665138,5.809709
2016[TbGe][pcu]3[ASR]1,-1.6559372,15.709798
2016[TbGe][pcu]3[FSR]1,-1.614001,15.774104
2016[Tb][ant]3[ASR]1,-1.2873738,12.785008
2016[Tb][ant]3[ASR]2,-4.228435,13.445428
2016[Tb][ant]3[FSR]1,-2.9691317,15.350692
2016[Tb][ant]3[FSR]2,-4.2348123,13.449605
2016[Tb][dia]3[ASR]1,-2.70622,14.6807995
2016[Tb][dia]3[FSR]1,-3.4303017,14.459096
2016[Tb][fcu]3[ASR]1,-1.1318538,2.7647705
2016[Tb][fcu]3[FSR]1,-1.1802698,2.7544525
2016[Tb][nan]3[ASR]1,3.4734917,7.3105984
2016[Tb][nan]3[ASR]10,-1.2248256,4.051616
2016[Tb][nan]3[ASR]2,2.4717915,6.76632
2016[Tb][nan]3[ASR]3,1.6208318,6.0705457
2016[Tb][nan]3[ASR]4,1.7801962,4.4103904
2016[Tb][nan]3[ASR]7,1.8460526,7.9930696
2016[Tb][nan]3[ASR]8,2.799147,6.734143
2016[Tb][nan]3[ASR]9,0.77192396,6.24324
2016[Tb][nan]3[FSR]4,-3.2989852,10.114106
2016[Tb][ths]3[ASR]1,2.024984,7.4742255
2016[TeCuMo][nan]3[FSR]1,-3.3583505,14.984591
2016[Th][bcu]3[ASR]1,2.0122287,15.559808
2016[Th][cor]3[ASR]1,2.0774987,7.30125
2016[Th][gfy]3[ASR]1,-4.3566656,2.2731662
2016[Th][gfy]3[FSR]1,4.347021,6.802258
2016[Th][nan]3[ASR]1,4.444124,7.7878914
2016[Ti][srs]3[ASR]1,1.8570048,4.242359
2016[Ti][srs]3[ASR]2,1.8964621,4.2717314
2016[Ti][srs]3[FSR]1,1.8546172,4.2433157
2016[Ti][srs]3[FSR]2,1.9004447,4.268145
2016[Tm][nan]3[ASR]1,4.5463686,7.4116125
2016[USi][ths]3[ASR]1,2.7127728,9.44212
2016[USi][ths]3[FSR]1,2.7768273,9.63396
2016[U][nan]3[ASR]1,4.7909284,10.81224
2016[VCu][pcu]3[FSR]1,5.9426885,18.43172
2016[V][bpq]3[ASR]1,2.970814,5.505045
2016[V][bpq]3[ASR]2,3.5305808,6.4559436
2016[V][bpq]3[ASR]3,3.593681,6.661386
2016[V][bpq]3[ASR]4,3.5227969,6.4380846
2016[V][bpq]3[FSR]1,2.973584,5.5166
2016[V][bpq]3[FSR]2,3.5377126,6.4745874
2016[V][bpq]3[FSR]3,3.6031795,6.690744
2016[V][bpq]3[FSR]4,3.5595045,6.4976535
2016[Yb][lcy]3[ASR]1,-1.138149,3.2113054
2016[ZnCoNa][nan]3[ASR]1,3.919672,6.061707
2016[ZnCo][idp]3[ASR]1,-1.3347794,1.0027181
2016[ZnCo][pcu]3[ASR]1,-7.374164,3.0296476
2016[ZnCo][pcu]3[FSR]1,-7.37469,3.0296445
2016[ZnCo][qnb]3[FSR]1,2.3881652,12.956242
2016[ZnCo][sab]3[ASR]1,4.3908134,5.8447123
2016[ZnCo][sab]3[ION]1,1.3794364,13.778124
2016[ZnCu][idp]3[ASR]1,-1.3890017,0.9874196
2016[ZnFe][nan]2[ASR]1,-7.433704,3.003413
2016[ZnSi][nan]3[ASR]1,2.697952,10.726839
2016[ZnSi][nan]3[FSR]1,2.7018785,10.734649
2016[ZnU][nan]3[ASR]1,3.243874,13.445403
2016[Zn][acs]3[ASR]1,0.80082417,17.94599
2016[Zn][acs]3[ASR]2,0.7996145,17.947393
2016[Zn][bbf]3[ASR]1,0.4027494,12.803704
2016[Zn][bbf]3[ASR]2,1.3165631,10.85488
2016[Zn][bbf]3[FSR]1,0.40531698,12.768453
2016[Zn][bbf]3[FSR]2,1.3658103,10.90481
2016[Zn][bcg]3[ASR]1,2.565783,5.095112
2016[Zn][bcg]3[FSR]1,2.5588315,5.0900993
2016[Zn][bcu]3[ASR]1,5.010842,10.2338705
2016[Zn][bpq]3[ASR]1,1.5923772,12.317736
2016[Zn][bpq]3[ASR]2,1.2840123,12.865702
2016[Zn][bpq]3[ASR]3,1.3097547,12.801237
2016[Zn][bpq]3[FSR]1,1.566302,12.264088
2016[Zn][bpq]3[FSR]2,1.26378,12.938049
2016[Zn][bpq]3[FSR]3,1.2916303,12.836996
2016[Zn][cdl]3[ASR]1,-3.970369,11.1261015
2016[Zn][cdl]3[FSR]1,-3.8902276,11.090362
2016[Zn][cds]3[ASR]2,0.16388279,9.291468
2016[Zn][cds]3[FSR]2,0.1085002,9.482762
2016[Zn][crb]3[ASR]1,0.1764605,3.0211067
2016[Zn][crb]3[ASR]2,5.7713037,11.711435
2016[Zn][crb]3[FSR]1,5.7721086,11.710365
2016[Zn][dia]3[ASR]1,1.8611077,9.200623
2016[Zn][dia]3[ASR]3,4.9720516,10.528826
2016[Zn][dia]3[ASR]4,-0.35290116,11.20745
2016[Zn][dia]3[ASR]5,-0.58563995,17.147146
2016[Zn][dia]3[FSR]1,1.9014624,9.233256
2016[Zn][dia]3[FSR]3,-0.36458072,11.207089
2016[Zn][dia]3[FSR]4,-0.56516564,17.113884
2016[Zn][dia]3[ION]1,-6.138613,6.887785
2016[Zn][fgl]3[ASR]1,-4.357805,2.349405
2016[Zn][fgl]3[FSR]1,-4.3242483,2.3503394
2016[Zn][hcb]2[ASR]1,-2.4553497,7.6789384
2016[Zn][idp]3[ASR]1,-1.9918369,2.5115075
2016[Zn][ins]3[ASR]1,1.3286872,8.985726
2016[Zn][ins]3[FSR]1,1.3297228,9.006729
2016[Zn][kgd]2[ASR]1,-4.2392936,10.532338
2016[Zn][kgd]2[FSR]1,-4.269491,10.511887
2016[Zn][nan]2[ASR]1,-4.6554627,13.864643
2016[Zn][nan]2[ASR]2,2.6588852,12.556899
2016[Zn][nan]2[ASR]3,-8.938529,11.067615
2016[Zn][nan]2[ASR]4,-3.3104472,10.488392
2016[Zn][nan]2[FSR]1,-4.675711,13.859732
2016[Zn][nan]2[FSR]2,-3.9656367,13.635517
2016[Zn][nan]2[FSR]3,-8.954688,11.081645
2016[Zn][nan]2[FSR]4,-3.3265626,10.506493
2016[Zn][nan]3[ASR]1,1.1177622,12.6939
2016[Zn][nan]3[ASR]11,1.2114769,9.680941
2016[Zn][nan]3[ASR]14,1.3289546,8.781754
2016[Zn][nan]3[ASR]15,-1.2425886,6.2334633
2016[Zn][nan]3[ASR]16,4.071474,14.240112
2016[Zn][nan]3[ASR]17,-3.3793201,10.713813
2016[Zn][nan]3[ASR]18,3.6728332,9.340279
2016[Zn][nan]3[ASR]2,-1.3837298,3.9607322
2016[Zn][nan]3[ASR]23,4.976967,10.463062
2016[Zn][nan]3[ASR]27,6.105231,12.6406355
2016[Zn][nan]3[ASR]29,-1.1222774,3.5011039
2016[Zn][nan]3[ASR]3,3.616043,12.103888
2016[Zn][nan]3[ASR]31,0.04798747,11.746312
2016[Zn][nan]3[ASR]33,4.7937403,7.2700214
2016[Zn][nan]3[ASR]36,2.0000134,10.152634
2016[Zn][nan]3[ASR]37,1.895022,14.749655
2016[Zn][nan]3[ASR]38,4.6098495,13.167143
2016[Zn][nan]3[ASR]4,-1.1159228,3.769776
2016[Zn][nan]3[ASR]5,2.5757337,7.5419145
2016[Zn][nan]3[ASR]6,-4.1496463,11.570239
2016[Zn][nan]3[ASR]7,1.0198016,7.446699
2016[Zn][nan]3[ASR]9,4.992516,10.548226
2016[Zn][nan]3[FSR]1,1.0895355,12.697226
2016[Zn][nan]3[FSR]12,1.3202368,8.795675
2016[Zn][nan]3[FSR]13,-1.270226,6.2442627
2016[Zn][nan]3[FSR]15,-4.195853,12.008737
2016[Zn][nan]3[FSR]16,3.6847131,9.374098
2016[Zn][nan]3[FSR]24,6.1358075,12.67247
2016[Zn][nan]3[FSR]26,-1.1386664,3.4956744
2016[Zn][nan]3[FSR]28,-0.0008527882,11.73253
2016[Zn][nan]3[FSR]3,3.6246417,12.108632
2016[Zn][nan]3[FSR]30,-0.77214974,16.891296
2016[Zn][nan]3[FSR]34,1.8418351,14.6959095
2016[Zn][nan]3[FSR]35,-3.1109016,13.463022
2016[Zn][nan]3[FSR]4,-4.186879,11.604565
2016[Zn][nan]3[FSR]5,1.019639,7.449262
2016[Zn][nan]3[FSR]8,1.108241,12.667239
2016[Zn][nan]3[ION]1,-4.3020597,10.785734
2016[Zn][nan]3[ION]2,-4.295481,10.715084
2016[Zn][nan]3[ION]3,-0.75796485,10.864623
2016[Zn][nan]3[ION]4,-3.1208959,9.151056
2016[Zn][nts]3[ASR]1,-1.2963419,1.6518474
2016[Zn][pcu]3[ASR]10,-4.9652257,11.485582
2016[Zn][pcu]3[ASR]12,-7.469081,2.9737883
2016[Zn][pcu]3[ASR]13,3.3450043,9.113712
2016[Zn][pcu]3[ASR]15,3.395313,9.076352
2016[Zn][pcu]3[ASR]19,-0.9841309,11.100834
2016[Zn][pcu]3[ASR]20,5.1389832,9.456398
2016[Zn][pcu]3[ASR]4,3.008028,14.551812
2016[Zn][pcu]3[ASR]5,3.0641387,14.512431
2016[Zn][pcu]3[ASR]6,0.1656179,4.370586
2016[Zn][pcu]3[ASR]8,1.4369301,11.83656
2016[Zn][pcu]3[ASR]9,0.7936083,6.1057806
2016[Zn][pcu]3[FSR]10,-4.961597,11.506029
2016[Zn][pcu]3[FSR]13,3.3440332,9.117986
2016[Zn][pcu]3[FSR]15,3.3986585,9.040163
2016[Zn][pcu]3[FSR]19,2.0652933,11.655789
2016[Zn][pcu]3[FSR]20,-0.9992795,11.08466
2016[Zn][pcu]3[FSR]4,3.0390017,14.562707
2016[Zn][pcu]3[FSR]5,3.0542219,14.460364
2016[Zn][pcu]3[FSR]6,0.20617415,4.4304667
2016[Zn][pcu]3[FSR]8,1.444612,11.861083
2016[Zn][pcu]3[FSR]9,0.7996557,6.119015
2016[Zn][pts]3[ION]1,0.15690795,12.537374
2016[Zn][qnb]3[FSR]1,2.431221,13.093577
2016[Zn][qzd]3[ASR]1,-4.5812325,11.30929
2016[Zn][qzd]3[FSR]1,-4.6008,11.301652
2016[Zn][rtl]3[ASR]1,1.6242112,8.368151
2016[Zn][rtl]3[ASR]3,3.1973891,5.0780997
2016[Zn][rtl]3[ASR]4,1.6065558,4.3909416
2016[Zn][rtl]3[FSR]1,1.6283207,8.374049
2016[Zn][rtl]3[FSR]3,3.2132425,5.0323553
2016[Zn][rtl]3[FSR]4,3.2346752,5.086226
2016[Zn][rtl]3[ION]1,-2.8963072,9.877247
2016[Zn][rtl]3[ION]2,-2.799351,9.906504
2016[Zn][sab]3[ASR]1,4.351944,5.8226094
2016[Zn][sdf]2[ASR]1,1.2554669,14.210048
2016[Zn][sdf]2[FSR]1,1.2895732,14.225298
2016[Zn][sqc]3[ASR]1,-2.2706366,7.829983
2016[Zn][sqc]3[FSR]1,-4.134649,11.511922
2016[Zn][sql]2[ASR]1,-3.3076353,11.999364
2016[Zn][sql]2[ASR]2,0.34597808,13.605852
2016[Zn][sql]2[FSR]1,-3.3258016,11.977404
2016[Zn][sql]2[FSR]2,0.38645455,13.617054
2016[Zn][sra]3[ASR]1,3.0899794,7.2234616
2016[Zn][sra]3[ASR]2,4.0010953,14.155006
2016[Zn][sra]3[ASR]4,-1.1439203,3.5928655
2016[Zn][sra]3[FSR]1,4.0063815,14.182938
2016[Zn][srs]3[ASR]1,-12.416609,4.0386863
2016[Zn][srs]3[FSR]1,-12.4352,4.0206485
2016[Zn][ssa]3[ASR]1,-0.8686299,3.4561305
2016[Zn][tfz]3[ASR]1,1.6525648,12.957107
2016[Zn][tfz]3[FSR]1,1.6126329,12.91622
2016[Zn][ths]3[ASR]1,-11.289085,8.380373
2016[Zn][ths]3[ASR]10,-11.277807,8.350408
2016[Zn][ths]3[ASR]11,-11.292497,8.387995
2016[Zn][ths]3[ASR]12,-9.416311,2.565484
2016[Zn][ths]3[ASR]2,-11.289623,8.382442
2016[Zn][ths]3[ASR]3,-12.381469,4.057966
2016[Zn][ths]3[ASR]4,-9.471229,2.5286903
2016[Zn][ths]3[ASR]5,0.3425258,4.084929
2016[Zn][ths]3[ASR]6,-11.253715,8.325529
2016[Zn][ths]3[ASR]7,-11.291323,8.384719
2016[Zn][ths]3[ASR]8,-11.287054,8.374192
2016[Zn][ths]3[ASR]9,4.913395,10.800766
2016[Zn][ths]3[FSR]1,-11.289247,8.379732
2016[Zn][ths]3[FSR]10,-9.429901,2.5483534
2016[Zn][ths]3[FSR]2,-11.289304,8.381579
2016[Zn][ths]3[FSR]3,-12.380806,4.0594897
2016[Zn][ths]3[FSR]5,-11.278351,8.349983
2016[Zn][ths]3[FSR]6,-11.291478,8.383893
2016[Zn][ths]3[FSR]7,-11.286986,8.372881
2016[Zn][ths]3[FSR]8,-11.277664,8.345364
2016[Zn][ths]3[FSR]9,-11.29208,8.385897
2016[Zn][vbk]3[ASR]1,2.8240056,5.2243886
2016[Zr][bct]3[ASR]1,-1.1493148,1.4584578
2016[Zr][bcu]3[ASR]1,-0.3861821,2.419231
2016[Zr][buh]3[ASR]1,-1.7891927,0.3263865
2016[Zr][buh]3[FSR]1,-1.7802175,0.3248339
2016[Zr][csq]3[ASR]1,-1.9221021,0.092032455
2016[Zr][flu]3[ASR]1,-1.2085562,3.269424
2017[Ag][bex]2[ION]1,-6.342784,7.0518055
2017[Ag][dia]3[ASR]1,1.6837925,12.297164
2017[Ag][dia]3[FSR]1,1.6877067,12.29912
2017[Ag][fsc]2[ION]1,-1.2153611,11.241711
2017[Ag][hcb]2[ASR]1,1.1689328,9.792032
2017[Ag][hcb]2[ASR]10,1.1642772,9.753889
2017[Ag][hcb]2[ASR]11,1.1942616,9.719903
2017[Ag][hcb]2[ASR]12,1.1886537,9.803465
2017[Ag][hcb]2[ASR]13,1.164238,10.035717
2017[Ag][hcb]2[ASR]14,1.1731569,9.9252
2017[Ag][hcb]2[ASR]15,1.1676428,9.884252
2017[Ag][hcb]2[ASR]16,1.1801487,9.917731
2017[Ag][hcb]2[ASR]17,1.1683018,9.875952
2017[Ag][hcb]2[ASR]18,1.1620803,9.8664255
2017[Ag][hcb]2[ASR]19,1.1962395,9.8574915
2017[Ag][hcb]2[ASR]2,1.1501231,9.867218
2017[Ag][hcb]2[ASR]20,1.1277097,9.925974
2017[Ag][hcb]2[ASR]21,1.1624235,9.862427
2017[Ag][hcb]2[ASR]22,1.1692789,9.875026
2017[Ag][hcb]2[ASR]3,1.1453502,9.896747
2017[Ag][hcb]2[ASR]4,1.1443686,9.865636
2017[Ag][hcb]2[ASR]5,1.1539819,9.880147
2017[Ag][hcb]2[ASR]6,1.1238384,9.761364
2017[Ag][hcb]2[ASR]7,1.1924675,10.111392
2017[Ag][hcb]2[ASR]8,1.1102988,9.848513
2017[Ag][hcb]2[ASR]9,1.154033,9.838962
2017[Ag][hcb]2[FSR]1,-7.831473,10.608738
2017[Ag][hcb]2[FSR]10,-7.759125,10.565957
2017[Ag][hcb]2[FSR]11,-7.786319,10.596115
2017[Ag][hcb]2[FSR]12,-7.7909584,10.611945
2017[Ag][hcb]2[FSR]13,-7.761577,10.595184
2017[Ag][hcb]2[FSR]14,-7.8082485,10.616592
2017[Ag][hcb]2[FSR]15,-7.829171,10.6187105
2017[Ag][hcb]2[FSR]16,-7.8158107,10.610339
2017[Ag][hcb]2[FSR]17,-7.7915974,10.5961685
2017[Ag][hcb]2[FSR]18,-7.8205457,10.618377
2017[Ag][hcb]2[FSR]19,-7.8397503,10.638717
2017[Ag][hcb]2[FSR]2,-7.797071,10.601014
2017[Ag][hcb]2[FSR]20,-7.8591347,10.630804
2017[Ag][hcb]2[FSR]3,-7.798297,10.606791
2017[Ag][hcb]2[FSR]4,-7.783875,10.598318
2017[Ag][hcb]2[FSR]5,-7.780049,10.592323
2017[Ag][hcb]2[FSR]6,-7.818946,10.617568
2017[Ag][hcb]2[FSR]7,-7.822526,10.615311
2017[Ag][hcb]2[FSR]8,-7.8054147,10.606667
2017[Ag][hcb]2[FSR]9,-7.8187532,10.597432
2017[Ag][hcb]2[ION]1,-7.80905,10.60876
2017[Ag][hcb]2[ION]2,-7.8198805,10.604401
2017[Ag][hcb]2[ION]3,-7.778836,10.58919
2017[Ag][hcb]2[ION]4,-7.803936,10.593666
2017[Ag][hcb]2[ION]5,-7.7838364,10.588284
2017[Ag][hcb]2[ION]6,-7.8133326,10.612968
2017[Ag][hcb]2[ION]7,-7.7920012,10.592993
2017[Ag][nan]2[ION]1,-0.31222263,4.7984586
2017[Ag][nan]2[ION]2,-0.198317,4.8119254
2017[Ag][nan]2[ION]3,-7.42864,3.007075
2017[Ag][nan]3[ASR]1,-9.035449,11.0730915
2017[Ag][nan]3[FSR]1,-8.98174,11.043775
2017[Ag][sqc]2[ASR]1,0.4040533,3.868666
2017[Ag][sqc]2[FSR]1,-1.9462997,8.373341
2017[Ag][sqc]3[ASR]1,0.58149636,4.028967
2017[Ag][sqc]3[FSR]1,0.575749,4.0843687
2017[Ag][sql]2[ASR]1,-4.6065283,13.010978
2017[Ag][sql]2[FSR]1,-4.6035275,13.026092
2017[Ag][sql]2[FSR]2,-4.633071,12.973184
2017[Ag][sql]2[ION]1,0.7782575,6.275524
2017[Ag][sql]2[ION]2,-1.3683689,10.9733095
2017[Ag][srs]3[ION]1,-6.3690057,6.5094905
2017[Ag][srs]3[ION]10,-6.767524,7.1503944
2017[Ag][srs]3[ION]11,-6.7552037,7.1536527
2017[Ag][srs]3[ION]12,-6.7567043,7.152955
2017[Ag][srs]3[ION]13,-6.6947784,7.159666
2017[Ag][srs]3[ION]14,-6.758359,7.1556816
2017[Ag][srs]3[ION]15,-6.741223,7.144042
2017[Ag][srs]3[ION]16,-6.733104,7.172295
2017[Ag][srs]3[ION]17,-6.761521,7.15798
2017[Ag][srs]3[ION]18,-6.7460265,7.1525035
2017[Ag][srs]3[ION]19,-6.349382,6.520612
2017[Ag][srs]3[ION]2,-6.380213,6.520374
2017[Ag][srs]3[ION]20,-6.3676357,6.526089
2017[Ag][srs]3[ION]21,-6.350239,6.5229583
2017[Ag][srs]3[ION]22,-6.362093,6.50523
2017[Ag][srs]3[ION]23,-6.4029737,6.5135307
2017[Ag][srs]3[ION]24,-6.3579164,6.4965644
2017[Ag][srs]3[ION]25,-5.817766,6.923099
2017[Ag][srs]3[ION]26,-5.809891,6.924106
2017[Ag][srs]3[ION]27,-5.81055,6.917277
2017[Ag][srs]3[ION]28,-5.811021,6.919657
2017[Ag][srs]3[ION]29,-5.8084917,6.9257402
2017[Ag][srs]3[ION]3,-6.3787227,6.5059834
2017[Ag][srs]3[ION]30,-5.821334,6.90807
2017[Ag][srs]3[ION]31,-5.808837,6.9081836
2017[Ag][srs]3[ION]32,-5.8180876,6.9278517
2017[Ag][srs]3[ION]33,-5.7966447,6.915305
2017[Ag][srs]3[ION]34,-5.7980433,6.9226365
2017[Ag][srs]3[ION]35,-5.788535,6.918148
2017[Ag][srs]3[ION]36,-5.797961,6.865469
2017[Ag][srs]3[ION]37,-5.8097754,6.914451
2017[Ag][srs]3[ION]38,-5.840417,6.889733
2017[Ag][srs]3[ION]39,-5.788875,6.9381065
2017[Ag][srs]3[ION]4,-6.37796,6.5096345
2017[Ag][srs]3[ION]40,-5.8216066,6.9463124
2017[Ag][srs]3[ION]41,-5.788416,6.9214406
2017[Ag][srs]3[ION]42,-5.815452,6.886424
2017[Ag][srs]3[ION]5,-6.391729,6.5708027
2017[Ag][srs]3[ION]6,-6.374186,6.4916
2017[Ag][srs]3[ION]7,-6.761624,7.152719
2017[Ag][srs]3[ION]8,-6.785332,7.174157
2017[Ag][srs]3[ION]9,-6.787387,7.1710234
2017[AlSi][nan]3[ASR]1,-1.2300562,4.2764626
2017[Al][acs]3[ASR]1,-0.99009216,3.4303584
2017[Al][fon]3[ASR]1,-0.45528388,1.5839306
2017[Al][fon]3[ASR]2,-0.4503295,1.5285751
2017[Al][fon]3[FSR]1,-0.4312806,1.5854195
2017[Al][llj]3[ASR]1,-1.2482626,3.4872954
2017[Al][nan]3[ASR]4,4.3403554,5.888086
2017[Al][skl]3[ASR]1,0.15679008,2.8751755
2017[Al][skl]3[ASR]2,0.35190386,3.2484505
2017[Al][skl]3[ASR]3,0.36378452,3.1971686
2017[Al][skl]3[ASR]4,0.16211924,2.8657873
2017[Al][skl]3[ASR]5,0.13966228,2.8612077
2017[Al][skl]3[ASR]6,0.13144173,2.7909503
2017[Al][skl]3[ASR]7,0.3611139,3.0973368
2017[Al][skl]3[ASR]8,0.3288991,3.1375997
2017[Al][skl]3[ASR]9,0.34034565,3.1401947
2017[Al][skl]3[FSR]1,0.16137663,2.8681352
2017[Al][skl]3[FSR]2,0.35209545,3.2370813
2017[Al][skl]3[FSR]3,0.34921092,3.162896
2017[Al][skl]3[FSR]4,0.16976035,2.854348
2017[Al][skl]3[FSR]5,0.169601,2.8442032
2017[Al][skl]3[FSR]6,0.13053621,2.7911947
2017[Al][skl]3[FSR]7,0.26611233,3.0385826
2017[Al][skl]3[FSR]8,0.33886018,3.1631038
2017[Al][skl]3[FSR]9,0.3570294,3.1086879
2017[CdK][bcu]3[ION]1,1.9636163,6.898782
2017[CdK][sql]2[FSR]1,-5.800168,6.9304767
2017[CdK][sql]2[FSR]2,-5.748097,6.976532
2017[CdSi][nan]3[ASR]1,3.7899268,10.300801
2017[CdSi][nan]3[ASR]2,3.7867262,10.364355
2017[CdSi][nan]3[FSR]1,-2.7574594,8.332264
2017[Cd][ant]3[ASR]1,2.8575046,9.226295
2017[Cd][ant]3[FSR]1,2.836378,9.251477
2017[Cd][bey]2[ASR]1,0.9995377,7.201068
2017[Cd][bey]2[FSR]1,0.99019796,7.188354
2017[Cd][dia]3[ASR]1,-2.4999287,7.9097314
2017[Cd][dia]3[ASR]2,1.9116827,10.180937
2017[Cd][dia]3[FSR]1,-3.0742757,8.68382
2017[Cd][dia]3[FSR]2,-4.485353,11.18959
2017[Cd][dmd]3[ASR]1,-3.1346796,8.917621
2017[Cd][dmd]3[FSR]1,-3.1118731,8.944069
2017[Cd][fsc]3[ION]1,-4.4647675,10.396418
2017[Cd][fsc]3[ION]2,-4.4459267,10.41202
2017[Cd][hcb]2[ASR]1,1.312341,7.55975
2017[Cd][hcb]2[ASR]2,-1.0590647,4.646984
2017[Cd][hcb]2[ASR]3,-0.64535755,11.481175
2017[Cd][hcb]2[ASR]4,1.690165,11.734237
2017[Cd][hcb]2[FSR]1,-1.0751804,4.6027694
2017[Cd][hcb]2[FSR]2,-4.3666306,13.565751
2017[Cd][kgd]2[ASR]1,3.657293,10.747704
2017[Cd][kgd]2[ASR]2,2.4927382,14.4265375
2017[Cd][kgd]2[ASR]3,1.2132801,4.9169073
2017[Cd][kgd]2[ASR]4,-4.224983,13.314534
2017[Cd][kgd]2[ASR]5,0.7420648,4.4599795
2017[Cd][kgd]2[ASR]7,1.0860599,4.7637787
2017[Cd][kgd]2[FSR]1,-3.5148354,13.598164
2017[Cd][kgd]2[FSR]2,-3.8467383,14.132775
2017[Cd][kgd]2[FSR]3,-3.5722635,9.317535
2017[Cd][kgd]2[FSR]4,-4.2017064,13.254065
2017[Cd][lon]3[ASR]1,1.993869,11.341881
2017[Cd][lon]3[ASR]2,1.9481463,11.333532
2017[Cd][lon]3[FSR]1,-4.9087057,11.516306
2017[Cd][lon]3[FSR]2,-4.9337015,11.515545
2017[Cd][lon]3[FSR]3,-4.943666,11.49574
2017[Cd][met]3[ASR]1,5.930327,12.155548
2017[Cd][met]3[FSR]1,5.961761,12.183178
2017[Cd][nan]2[ASR]1,-0.13958868,4.7567
2017[Cd][nan]2[ASR]2,-0.82679766,1.5418097
2017[Cd][nan]2[ASR]3,-3.5820093,8.243412
2017[Cd][nan]2[ASR]4,-4.221396,14.201201
2017[Cd][nan]2[FSR]2,-3.559634,8.240904
2017[Cd][nan]3[ASR]1,2.8317776,7.8951902
2017[Cd][nan]3[ASR]10,-4.4563355,11.275373
2017[Cd][nan]3[ASR]2,-4.357894,2.2782416
2017[Cd][nan]3[ASR]3,-4.4053707,2.2445216
2017[Cd][nan]3[ASR]4,0.7598141,6.147646
2017[Cd][nan]3[ASR]5,2.7521067,9.940184
2017[Cd][nan]3[ASR]6,-2.0672746,7.4197283
2017[Cd][nan]3[FSR]1,1.935336,10.003391
2017[Cd][nan]3[FSR]7,-4.4816413,11.2384815
2017[Cd][nan]3[ION]1,-1.7029982,12.262722
2017[Cd][pcu]3[ASR]1,-2.7200148,8.22839
2017[Cd][pcu]3[ASR]3,5.0581226,9.759701
2017[Cd][pcu]3[ASR]4,-4.778143,11.894894
2017[Cd][pcu]3[ASR]5,-5.070553,12.064687
2017[Cd][pcu]3[FSR]2,-4.6646605,12.240808
2017[Cd][pcu]3[FSR]3,-5.061783,12.050309
2017[Cd][pts]3[ASR]1,-1.645142,6.84852
2017[Cd][pts]3[FSR]1,-1.6342949,6.84371
2017[Cd][sql]2[ASR]1,1.7464235,12.276863
2017[Cd][sql]2[ASR]10,-4.3568177,11.659775
2017[Cd][sql]2[ASR]11,0.24787724,5.2950945
2017[Cd][sql]2[ASR]12,2.3051476,14.102634
2017[Cd][sql]2[ASR]13,1.8188664,13.127227
2017[Cd][sql]2[ASR]14,1.7896146,13.162148
2017[Cd][sql]2[ASR]15,-4.318252,10.844523
2017[Cd][sql]2[ASR]2,1.6925284,12.205736
2017[Cd][sql]2[ASR]3,1.2698456,10.64543
2017[Cd][sql]2[ASR]4,-5.4012723,6.237375
2017[Cd][sql]2[ASR]5,2.047918,10.393625
2017[Cd][sql]2[ASR]6,1.9972248,10.317274
2017[Cd][sql]2[ASR]7,1.8761069,9.96166
2017[Cd][sql]2[ASR]9,-4.0768075,11.147114
2017[Cd][sql]2[FSR]1,1.6745801,12.265324
2017[Cd][sql]2[FSR]11,-5.655089,6.4476748
2017[Cd][sql]2[FSR]12,-4.5163207,13.807651
2017[Cd][sql]2[FSR]13,1.7981702,13.154224
2017[Cd][sql]2[FSR]14,1.7947705,13.120265
2017[Cd][sql]2[FSR]15,-4.4037127,10.8625765
2017[Cd][sql]2[FSR]2,1.7098951,12.166428
2017[Cd][sql]2[FSR]3,-5.3304057,6.190368
2017[Cd][sql]2[FSR]4,2.0282989,10.37304
2017[Cd][sql]2[FSR]5,2.029679,10.34819
2017[Cd][sql]2[FSR]7,-4.074407,11.219133
2017[Cd][sql]2[FSR]8,-4.3039856,11.73405
2017[Cd][sql]2[FSR]9,1.0708654,12.96637
2017[Cd][sql]2[ION]1,1.8029649,8.077658
2017[Cd][sqp]3[ASR]1,2.3607488,7.4866934
2017[Cd][sqp]3[FSR]1,-3.869816,10.762468
2017[Cd][sra]3[ASR]1,4.010259,14.156466
2017[Cd][sra]3[ASR]2,-4.144091,13.195635
2017[Cd][sra]3[FSR]1,3.9880908,14.184334
2017[Cd][sra]3[FSR]2,-4.0041604,13.554058
2017[Cd][tav]3[ASR]1,2.5129752,14.199415
2017[Cd][tav]3[FSR]1,-4.276942,13.842445
2017[Ce][mog]3[ASR]1,4.5846405,8.249906
2017[Ce][mog]3[FSR]1,4.669714,8.318685
2017[Ce][pts]3[ASR]1,3.2995563,5.4827366
2017[Ce][pts]3[ASR]2,3.3160663,5.483433
2017[Ce][pts]3[FSR]1,-2.4788425,9.575633
2017[Ce][sql]2[ASR]1,2.5792816,7.2470384
2017[Ce][sql]2[FSR]1,1.5136153,13.333853
2017[CoCr][pcu]3[ASR]1,1.0462458,12.207978
2017[CoCr][pcu]3[ASR]2,0.5499027,12.53558
2017[CoFe][ant]3[ASR]1,2.5165637,5.1160436
2017[CoFe][nan]2[ASR]1,2.0130017,12.182361
2017[CoTb][nan]3[ASR]1,-2.2334116,7.5246344
2017[CoV][sql]2[ASR]1,-0.022549154,5.071531
2017[Co][afw]3[ASR]1,2.0081325,9.70236
2017[Co][afw]3[FSR]1,2.0404227,9.786401
2017[Co][bnn]3[ASR]1,-3.348419,8.659705
2017[Co][bnn]3[ASR]2,-3.416929,8.807576
2017[Co][bnn]3[ASR]3,-3.334645,8.658047
2017[Co][bnn]3[ASR]4,1.2937951,5.131305
2017[Co][bnn]3[FSR]1,-3.3293478,8.668529
2017[Co][bnn]3[FSR]2,-3.406189,8.81123
2017[Co][bnn]3[FSR]3,-3.3191245,8.639071
2017[Co][bnn]3[ION]1,-7.7146354,10.607152
2017[Co][bnn]3[ION]2,-7.725639,10.604464
2017[Co][bnn]3[ION]3,-7.7327476,10.597053
2017[Co][bnn]3[ION]4,1.0189629,10.048187
2017[Co][bnn]3[ION]5,-7.7450523,10.605853
2017[Co][bnn]3[ION]6,1.0625199,9.9083185
2017[Co][dia]3[ASR]2,5.77704,12.936183
2017[Co][dia]3[FSR]2,5.789042,12.92286
2017[Co][gra]3[ASR]1,0.76538056,6.4565434
2017[Co][gra]3[ASR]2,0.7657548,6.4453344
2017[Co][gra]3[FSR]1,0.7651752,6.4453826
2017[Co][gra]3[FSR]2,0.78109485,6.4523926
2017[Co][hcb]2[ASR]1,1.3629973,7.9012623
2017[Co][hcb]2[ASR]2,1.521534,7.8316245
2017[Co][hcb]2[ION]1,-5.787393,7.2811704
2017[Co][hex]3[ASR]1,-3.188727,9.036917
2017[Co][hex]3[FSR]1,-3.2240715,9.0128145
2017[Co][lvt]3[ASR]1,0.9608627,5.329718
2017[Co][nan]2[ASR]1,-3.0113666,13.110335
2017[Co][nan]2[ASR]2,-3.0603037,8.366976
2017[Co][nan]2[ASR]3,-3.0686963,8.319846
2017[Co][nan]2[ASR]5,-5.0808053,13.7929945
2017[Co][nan]2[ASR]6,-5.056479,13.779223
2017[Co][nan]2[FSR]1,-3.0142279,13.105004
2017[Co][nan]2[FSR]2,-3.1848462,8.358549
2017[Co][nan]2[FSR]3,-3.131834,8.301812
2017[Co][nan]2[FSR]6,-5.0535016,13.786014
2017[Co][nan]2[FSR]7,-4.5842648,13.841738
2017[Co][nan]2[FSR]8,-4.394906,10.7775345
2017[Co][nan]3[ASR]1,0.70020676,5.623499
2017[Co][nan]3[ASR]10,5.9635983,11.113731
2017[Co][nan]3[ASR]13,-0.601151,2.8845215
2017[Co][nan]3[ASR]14,-4.3603277,2.3191378
2017[Co][nan]3[ASR]15,-4.3154173,2.348292
2017[Co][nan]3[ASR]16,0.621779,4.4352274
2017[Co][nan]3[ASR]17,6.00003,11.270373
2017[Co][nan]3[ASR]18,5.9714694,11.256799
2017[Co][nan]3[ASR]2,5.9596,11.253197
2017[Co][nan]3[ASR]20,-4.3727007,2.2756782
2017[Co][nan]3[ASR]21,5.8583636,10.964649
2017[Co][nan]3[ASR]22,-4.3184967,2.354591
2017[Co][nan]3[ASR]23,-4.3737693,2.2742867
2017[Co][nan]3[ASR]3,1.4298201,9.881661
2017[Co][nan]3[ASR]4,-4.3232985,10.624224
2017[Co][nan]3[ASR]5,5.8695254,10.950267
2017[Co][nan]3[ASR]6,-4.41292,2.2083943
2017[Co][nan]3[ASR]7,-4.3389344,2.3189564
2017[Co][nan]3[ASR]8,-4.3881636,2.259008
2017[Co][nan]3[ASR]9,2.720749,11.963578
2017[Co][nan]3[FSR]1,-3.7181978,12.922089
2017[Co][nan]3[FSR]10,5.991747,11.154747
2017[Co][nan]3[FSR]13,-4.3611903,2.3195565
2017[Co][nan]3[FSR]14,-4.336822,2.3257108
2017[Co][nan]3[FSR]16,5.9612913,11.240622
2017[Co][nan]3[FSR]17,5.9664783,11.237551
2017[Co][nan]3[FSR]19,4.8297663,7.2203074
2017[Co][nan]3[FSR]2,0.7406495,6.4376025
2017[Co][nan]3[FSR]20,5.853143,10.970363
2017[Co][nan]3[FSR]21,-4.3750844,2.2736275
2017[Co][nan]3[FSR]3,5.9670715,11.2441845
2017[Co][nan]3[FSR]4,1.4747418,9.93467
2017[Co][nan]3[FSR]5,-4.3300786,10.821564
2017[Co][nan]3[FSR]6,5.8689814,10.966349
2017[Co][nan]3[FSR]7,-4.4421787,2.175214
2017[Co][nan]3[FSR]8,-4.375413,2.2742872
2017[Co][nan]3[FSR]9,2.692593,11.991098
2017[Co][nan]3[ION]1,-3.345532,11.426364
2017[Co][neb]3[ASR]1,1.0832026,9.790951
2017[Co][pcu]2[ASR]1,4.9477177,15.740571
2017[Co][pcu]2[ASR]10,4.94104,15.752785
2017[Co][pcu]2[ASR]11,4.918918,15.776663
2017[Co][pcu]2[ASR]12,4.9477935,15.74363
2017[Co][pcu]2[ASR]2,4.9477406,15.7361965
2017[Co][pcu]2[ASR]3,4.9522853,15.735509
2017[Co][pcu]2[ASR]4,4.9420166,15.753269
2017[Co][pcu]2[ASR]5,4.9756165,15.716485
2017[Co][pcu]2[ASR]6,4.9797482,15.706791
2017[Co][pcu]2[ASR]7,4.941226,15.732542
2017[Co][pcu]2[ASR]8,4.943124,15.742341
2017[Co][pcu]2[ASR]9,4.9400034,15.751448
2017[Co][pcu]2[FSR]1,4.9500875,15.740175
2017[Co][pcu]2[FSR]10,4.9402447,15.754809
2017[Co][pcu]2[FSR]11,4.942916,15.755343
2017[Co][pcu]2[FSR]12,4.950169,15.743968
2017[Co][pcu]2[FSR]2,4.9506803,15.737179
2017[Co][pcu]2[FSR]3,4.9536242,15.7371025
2017[Co][pcu]2[FSR]4,4.9435496,15.753704
2017[Co][pcu]2[FSR]5,4.966227,15.729394
2017[Co][pcu]2[FSR]6,4.955422,15.73756
2017[Co][pcu]2[FSR]7,4.9231796,15.735229
2017[Co][pcu]2[FSR]8,4.9472365,15.747785
2017[Co][pcu]2[FSR]9,4.942347,15.753411
2017[Co][pcu]3[ASR]1,1.5264692,12.145197
2017[Co][pcu]3[ASR]2,1.8035425,12.802339
2017[Co][pcu]3[FSR]1,1.5260321,12.244419
2017[Co][pcu]3[FSR]2,1.8365436,12.817949
2017[Co][pcu]3[FSR]3,1.5912935,12.221396
2017[Co][qtz]3[ASR]1,-2.3802075,11.999162
2017[Co][qtz]3[FSR]1,-2.4113166,12.034411
2017[Co][rtl]3[ASR]1,3.0538778,6.191879
2017[Co][rtl]3[ASR]2,3.805612,5.1321845
2017[Co][rtl]3[FSR]2,-2.024811,8.78734
2017[Co][scu]3[ASR]1,-0.3682405,3.0858018
2017[Co][sql]2[ASR]1,-4.299803,10.636569
2017[Co][sql]2[ASR]10,-4.6205406,11.583358
2017[Co][sql]2[ASR]11,-4.5927777,11.7235
2017[Co][sql]2[ASR]12,-4.61652,11.738021
2017[Co][sql]2[ASR]13,-4.5888352,11.693876
2017[Co][sql]2[ASR]14,-4.6021833,11.722168
2017[Co][sql]2[ASR]15,-4.5626307,11.804663
2017[Co][sql]2[ASR]2,-4.230899,12.525318
2017[Co][sql]2[ASR]3,1.6647576,8.689722
2017[Co][sql]2[ASR]4,5.6450477,17.507978
2017[Co][sql]2[ASR]6,4.937611,15.752901
2017[Co][sql]2[ASR]7,-4.7308574,12.303078
2017[Co][sql]2[ASR]9,-4.602483,11.735715
2017[Co][sql]2[FSR]1,-4.3661675,11.409176
2017[Co][sql]2[FSR]10,-4.5814266,11.639187
2017[Co][sql]2[FSR]11,-4.6452684,11.769971
2017[Co][sql]2[FSR]12,-4.6298223,11.731454
2017[Co][sql]2[FSR]13,-4.5797787,11.671189
2017[Co][sql]2[FSR]14,-4.590392,11.750858
2017[Co][sql]2[FSR]15,-4.6326327,11.809192
2017[Co][sql]2[FSR]16,-1.3340429,4.643821
2017[Co][sql]2[FSR]17,1.1414884,13.411941
2017[Co][sql]2[FSR]2,-3.7918437,14.091873
2017[Co][sql]2[FSR]3,1.7227552,8.654067
2017[Co][sql]2[FSR]5,4.938078,15.752928
2017[Co][sql]2[FSR]6,-4.775449,12.306148
2017[Co][sql]2[FSR]9,-4.6342435,11.743309
2017[Co][tfz]3[ASR]1,-0.45449895,2.48302
2017[Co][tfz]3[ASR]2,0.017248543,3.3954165
2017[Co][tfz]3[FSR]1,-0.40663195,2.5079849
2017[Co][tfz]3[FSR]2,0.028441453,3.470551
2017[CrCo][pcu]3[FSR]1,1.2812011,13.045839
2017[CrCo][pcu]3[FSR]2,0.41418034,13.274997
2017[CrFe][hcb]2[FSR]1,6.720422,8.952506
2017[CrMn][qtz]3[ASR]1,6.4843097,21.768633
2017[CrMn][qtz]3[ASR]2,6.479974,21.764103
2017[CrMn][qtz]3[FSR]1,6.4855494,21.76878
2017[CrMn][qtz]3[FSR]2,6.4798236,21.764284
2017[Cr][nan]3[ASR]1,0.52213544,5.45261
2017[Cr][nan]3[FSR]1,0.5400062,5.6961527
2017[CuAsMo][nan]2[ASR]1,-0.51897997,16.837679
2017[CuDy][nan]3[FSR]1,3.569865,13.808373
2017[CuEr][nan]3[ASR]1,3.8829556,13.490113
2017[CuEu][nan]3[ASR]1,3.853799,13.5130625
2017[CuEu][nan]3[FSR]1,3.5551496,13.804563
2017[CuEu][sql]2[ASR]1,2.9076512,5.4000664
2017[CuEu][sql]2[FSR]1,2.4666646,9.911279
2017[CuLa][nan]3[ASR]1,3.8699503,13.510155
2017[CuMoMn][sql]2[ASR]1,-1.6783783,2.3210676
2017[CuNd][nan]3[ASR]1,3.8861806,13.492864
2017[CuNd][nan]3[FSR]1,3.5633426,13.791809
2017[CuNi][eta]3[ASR]1,0.07172474,4.9458733
2017[CuPr][nan]3[FSR]1,-2.5280173,14.414145
2017[CuPr][nan]3[FSR]2,3.5677629,13.806388
2017[CuSi][flu]3[ION]1,-6.3789034,6.551902
2017[CuSi][nan]2[ION]1,-5.6478505,6.3250914
2017[CuSi][pcu]3[ASR]1,0.95800894,2.8687181
2017[CuSi][pcu]3[ASR]2,1.03633,2.6875603
2017[CuSi][pcu]3[FSR]1,1.0183036,2.834899
2017[CuSi][pcu]3[FSR]3,1.0354577,2.687012
2017[CuSi][ssa]3[ASR]1,0.81403077,4.407597
2017[CuSm][nan]3[ASR]1,3.8786952,13.503814
2017[CuTb][nan]3[ASR]1,0.6369248,16.18081
2017[CuTb][nan]3[ASR]2,0.68963677,16.15659
2017[CuTb][nan]3[ASR]3,0.616579,16.158482
2017[CuTb][nan]3[ASR]4,3.8714356,13.506129
2017[CuTi][pcu]3[ASR]1,-8.585493,10.661544
2017[CuYb][nan]3[ASR]1,3.8720782,13.518088
2017[Cu][acs]3[ASR]1,2.060075,9.270851
2017[Cu][apo]3[FSR]1,2.3866787,9.380653
2017[Cu][cds]3[ASR]1,-2.6466112,11.447092
2017[Cu][cds]3[FSR]1,-2.6286626,11.411523
2017[Cu][cpa]2[ASR]1,-3.5575998,12.655617
2017[Cu][cpr]2[ASR]1,-2.878848,14.943949
2017[Cu][dia]3[ASR]1,6.721387,10.885048
2017[Cu][dia]3[FSR]1,6.7184505,10.886851
2017[Cu][fjh]3[ASR]1,-1.5885277,1.3307397
2017[Cu][fjh]3[ASR]2,-1.5949512,1.3193499
2017[Cu][fog]3[ASR]1,-1.0995883,1.6884465
2017[Cu][hcb]2[ASR]1,0.53420687,5.956067
2017[Cu][hcb]2[ASR]2,0.33182845,12.850003
2017[Cu][hcb]2[ASR]4,0.84556645,7.713211
2017[Cu][hcb]2[ASR]5,-4.3744383,13.310764
2017[Cu][hcb]2[FSR]1,0.33449528,12.845124
2017[Cu][hcb]2[FSR]4,-4.3832984,13.378537
2017[Cu][kgd]2[ASR]1,2.7236829,5.817822
2017[Cu][kgd]2[ASR]2,-3.116491,9.06304
2017[Cu][kgd]2[FSR]1,2.4530776,9.86209
2017[Cu][kgm]3[ASR]1,3.34887,10.490415
2017[Cu][lvt]3[ASR]1,0.9560611,5.378312
2017[Cu][nan]2[ASR]1,-2.4286325,8.184475
2017[Cu][nan]3[ASR]10,1.1038039,8.0494
2017[Cu][nan]3[ASR]12,-1.9449439,2.5216262
2017[Cu][nan]3[ASR]13,1.5168961,4.2569165
2017[Cu][nan]3[ASR]14,-1.2418921,1.3640004
2017[Cu][nan]3[ASR]15,-1.2541353,2.4121292
2017[Cu][nan]3[ASR]3,2.8559263,3.0015664
2017[Cu][nan]3[ASR]4,-1.3923042,5.9729576
2017[Cu][nan]3[ASR]5,1.0914278,8.014973
2017[Cu][nan]3[ASR]6,1.1131366,8.083665
2017[Cu][nan]3[ASR]7,-1.2865784,2.413718
2017[Cu][nan]3[ASR]8,0.68878543,3.9176593
2017[Cu][nan]3[ASR]9,2.0106757,10.000188
2017[Cu][nan]3[FSR]10,1.1270188,8.10775
2017[Cu][nan]3[FSR]3,2.855517,3.0271795
2017[Cu][nan]3[FSR]4,-1.3963718,5.976137
2017[Cu][nan]3[FSR]5,1.0857918,8.040842
2017[Cu][nan]3[FSR]6,1.1185335,8.09797
2017[Cu][nan]3[FSR]7,-1.2053081,2.6383967
2017[Cu][nan]3[FSR]8,2.3671598,9.263253
2017[Cu][nan]3[FSR]9,1.9674425,9.996704
2017[Cu][nan]3[ION]2,-3.0163422,9.826117
2017[Cu][nbo]3[ASR]1,-0.43532684,2.6758447
2017[Cu][nbo]3[ASR]2,-0.2701899,2.9055896
2017[Cu][nbo]3[ASR]3,-0.03816653,3.0983567
2017[Cu][nbo]3[ASR]4,-0.42914876,2.753938
2017[Cu][nbo]3[ASR]5,-1.117836,2.6529763
2017[Cu][nbo]3[ASR]6,-1.1480097,3.6102715
2017[Cu][pcu]3[ASR]1,5.1049004,9.742437
2017[Cu][pcu]3[ASR]2,1.1899726,13.166397
2017[Cu][pcu]3[FSR]1,1.1868905,13.198591
2017[Cu][pto]3[ASR]1,-1.4947716,0.71512514
2017[Cu][pts]3[ASR]1,1.0621446,10.409055
2017[Cu][pts]3[ASR]2,0.12705915,3.89115
2017[Cu][pts]3[FSR]1,-1.3219761,4.6429195
2017[Cu][pts]3[FSR]2,1.0611814,10.401183
2017[Cu][rob]3[ASR]1,1.501533,13.599779
2017[Cu][rob]3[ASR]2,0.700097,11.400607
2017[Cu][rob]3[ASR]3,4.9243574,10.47713
2017[Cu][rob]3[ASR]4,4.9163127,10.466474
2017[Cu][rob]3[ASR]6,0.6929492,11.419146
2017[Cu][rob]3[ASR]8,0.61415124,11.102942
2017[Cu][rob]3[ASR]9,0.6819684,11.291369
2017[Cu][rob]3[FSR]1,1.4974827,13.658125
2017[Cu][rob]3[FSR]2,0.69742024,11.40007
2017[Cu][rob]3[FSR]3,4.92896,10.480295
2017[Cu][rob]3[FSR]4,4.9247966,10.461317
2017[Cu][rob]3[FSR]6,0.6832884,11.444631
2017[Cu][rob]3[FSR]8,0.6166666,11.096177
2017[Cu][rob]3[FSR]9,0.68168396,11.325445
2017[Cu][rtl]3[ASR]1,2.5206997,10.473576
2017[Cu][rtl]3[ASR]2,2.5164826,9.3406725
2017[Cu][rtl]3[FSR]1,2.5372238,10.491017
2017[Cu][rtl]3[FSR]2,2.5644698,9.353606
2017[Cu][scu]3[ASR]2,-1.1695207,2.237327
2017[Cu][scu]3[ASR]3,-0.8086013,2.0063386
2017[Cu][sql]2[ASR]1,-5.39812,6.1386766
2017[Cu][sql]2[ASR]2,-2.5492167,7.5193243
2017[Cu][sql]2[ASR]3,-0.95850754,10.6651125
2017[Cu][sql]2[ASR]4,5.0715504,9.823195
2017[Cu][sql]2[ASR]5,0.5103661,8.048447
2017[Cu][sql]2[ASR]6,5.091636,9.832683
2017[Cu][sql]2[ASR]9,0.63604945,16.174852
2017[Cu][sql]2[FSR]1,-5.752186,6.838792
2017[Cu][sql]2[FSR]2,-3.3203354,8.432076
2017[Cu][sql]2[FSR]3,-8.140474,10.753425
2017[Cu][sql]2[FSR]4,-8.224606,10.801351
2017[Cu][sqp]2[ASR]1,0.68006074,7.6112256
2017[Cu][sra]3[ASR]1,5.2884073,12.482049
2017[Cu][sra]3[FSR]1,5.289688,12.472931
2017[Cu][ths]3[ASR]1,6.498058,21.783995
2017[Cu][ths]3[ASR]2,6.497009,21.783457
2017[Cu][ths]3[ASR]3,6.500312,21.786102
2017[Cu][ths]3[ASR]4,6.506974,21.791174
2017[Cu][ths]3[ASR]5,6.4983444,21.781324
2017[Cu][ths]3[ASR]6,6.495149,21.77299
2017[Cu][ths]3[ASR]7,6.48255,21.768797
2017[Cu][ths]3[ASR]8,6.4756074,21.759026
2017[Cu][ths]3[ASR]9,6.474374,21.757315
2017[Cu][ths]3[FSR]1,6.497821,21.783583
2017[Cu][ths]3[FSR]10,6.474564,21.75738
2017[Cu][ths]3[FSR]2,6.497884,21.784096
2017[Cu][ths]3[FSR]3,6.501714,21.787418
2017[Cu][ths]3[FSR]4,6.5076547,21.793146
2017[Cu][ths]3[FSR]5,6.4974146,21.781693
2017[Cu][ths]3[FSR]6,6.530852,21.81371
2017[Cu][ths]3[FSR]7,6.47355,21.756065
2017[Cu][ths]3[FSR]8,6.4802136,21.76706
2017[Cu][ths]3[FSR]9,6.4468894,21.731503
2017[Cu][utp]3[ION]1,-4.5510764,13.205252
2017[Cu][zst]3[ASR]1,-8.6441145,10.99189
2017[Cu][zst]3[FSR]1,-8.628391,10.987168
2017[DyCu][nan]3[ASR]1,3.8810487,13.500755
2017[Dy][esg]3[ASR]1,1.671825,6.0891395
2017[Dy][kgd]2[ASR]1,-3.6759696,14.680606
2017[Dy][kgd]2[FSR]1,-3.650049,14.73908
2017[Dy][sql]2[ASR]1,1.6910262,7.809487
2017[Dy][tsi]3[FSR]1,-2.99594,13.55641
2017[ErCu][nan]3[FSR]1,3.5503614,13.803558
2017[Er][bey]2[ASR]1,-1.4191501,4.115883
2017[Er][bey]2[FSR]1,-2.6811981,7.7027354
2017[Er][hcb]2[ASR]1,4.6632338,7.644272
2017[Er][hcb]2[ASR]2,-3.0082095,22.019812
2017[Er][hcb]2[FSR]1,-2.7567122,14.422548
2017[Er][kgd]2[ASR]1,-3.6325424,14.743196
2017[Er][kgd]2[FSR]1,-3.6655107,14.708301
2017[Er][mog]3[ASR]1,4.588088,8.264153
2017[Er][mog]3[FSR]1,4.653774,8.228555
2017[Er][nan]2[ASR]1,3.8936362,10.930988
2017[Er][nan]2[FSR]1,3.8935547,10.933382
2017[Er][nan]3[ASR]1,0.039124273,3.438418
2017[Er][nan]3[ASR]2,0.02591506,3.409308
2017[Er][nan]3[ASR]3,-3.1385562,11.657064
2017[Er][nan]3[FSR]2,0.41820452,3.8506126
2017[Er][nan]3[FSR]4,-3.4511442,12.227855
2017[Er][sql]2[ASR]1,1.6780221,7.7615952
2017[Eu][dia]3[ASR]1,-3.0521383,21.986652
2017[Eu][dia]3[ASR]2,-3.0412178,21.997267
2017[Eu][dia]3[FSR]1,-1.1779888,15.919307
2017[Eu][dia]3[FSR]2,-1.1697257,15.911006
2017[Eu][flu]3[ASR]1,1.795963,14.170645
2017[Eu][flu]3[FSR]2,1.7624304,14.260978
2017[Eu][kgd]2[ASR]1,2.0838542,6.697702
2017[Eu][kgd]2[ASR]2,-3.6581383,14.66338
2017[Eu][kgd]2[ASR]3,2.4818158,14.61585
2017[Eu][kgd]2[FSR]1,2.1264355,6.926388
2017[Eu][kgd]2[FSR]2,-3.67109,14.696514
2017[Eu][mog]3[ASR]1,4.621765,8.224167
2017[Eu][mog]3[FSR]1,4.6866026,8.321182
2017[Eu][nan]2[ASR]1,3.8718133,10.890437
2017[Eu][nan]2[ASR]2,2.7404754,9.219899
2017[Eu][nan]2[FSR]1,3.8803847,10.911516
2017[Eu][nan]2[FSR]2,-3.4922452,12.906566
2017[Eu][nan]3[ASR]1,2.7543051,9.344224
2017[Eu][nan]3[ASR]10,-1.9994361,8.146769
2017[Eu][nan]3[ASR]2,-3.2874987,12.554524
2017[Eu][nan]3[ASR]3,-3.5107222,13.39674
2017[Eu][nan]3[ASR]4,-3.4921103,13.291481
2017[Eu][nan]3[ASR]5,2.6282759,9.128769
2017[Eu][nan]3[ASR]6,3.2464945,10.399739
2017[Eu][nan]3[ASR]7,2.7041254,9.258405
2017[Eu][nan]3[ASR]8,-3.322068,12.580476
2017[Eu][nan]3[ASR]9,2.9618092,9.9814415
2017[Eu][nan]3[FSR]2,-3.3723936,12.878632
2017[Eu][nan]3[FSR]3,-3.5229132,13.437952
2017[Eu][nan]3[FSR]4,-3.5248008,13.441023
2017[Eu][nan]3[FSR]5,1.7539812,12.358714
2017[Eu][nan]3[FSR]7,2.671378,9.241204
2017[Eu][nan]3[FSR]8,-3.3512266,12.894477
2017[Eu][vab]3[ASR]1,3.8314924,10.313658
2017[FeAu][sql]2[ASR]1,3.9921777,12.647449
2017[FeAu][sql]2[ASR]2,4.0142236,12.662255
2017[FeAu][sql]2[FSR]1,3.9967048,12.650731
2017[FeAu][sql]2[FSR]2,4.020001,12.668675
2017[FeCo][nan]2[FSR]1,-4.494631,12.683307
2017[FeCr][hcb]2[ASR]1,6.7227488,8.953111
2017[FeNi][hcb]2[FSR]1,-0.08250674,5.015124
2017[FePd][sql]2[FSR]1,4.601064,13.06012
2017[FePd][sql]2[FSR]2,4.6127343,13.0638485
2017[FeSi][pcu]3[ASR]1,5.9355874,18.413374
2017[Fe][acs]3[ASR]1,-6.209884,5.501632
2017[Fe][fmz]3[ASR]1,-1.1103094,1.3672066
2017[Fe][kag]3[ASR]1,-0.55322236,2.9093597
2017[Fe][kag]3[FSR]1,-0.57517785,2.899515
2017[Fe][nan]3[ASR]1,-0.30600643,2.2401385
2017[Fe][nan]3[FSR]1,-0.2432379,2.2653134
2017[Gd][kgd]2[ASR]1,-3.6668844,14.7164755
2017[Gd][kgd]2[ASR]2,2.5441625,14.737544
2017[Gd][kgd]2[FSR]1,-3.670641,14.726769
2017[Gd][mog]3[ASR]1,-2.7379818,14.996395
2017[Gd][mog]3[ASR]2,-2.796173,15.085078
2017[Gd][mog]3[FSR]1,-3.0636666,15.287512
2017[Gd][mog]3[FSR]2,-3.0650012,15.298372
2017[Gd][nan]2[ASR]1,3.8796647,10.909348
2017[Gd][nan]2[FSR]1,3.8773952,10.898886
2017[Gd][nan]3[ASR]1,0.4149063,10.904584
2017[Gd][nan]3[ASR]2,4.4931374,7.243102
2017[Gd][nan]3[ASR]3,2.6503677,9.209697
2017[Gd][nan]3[ASR]4,-1.9863557,8.202095
2017[Gd][nan]3[FSR]1,0.42520314,10.866096
2017[Gd][nan]3[FSR]4,1.7576455,12.49922
2017[Gd][sqc]3[ION]1,-5.8587303,6.893594
2017[Gd][sql]2[ASR]1,2.1323597,14.274532
2017[Gd][sql]2[FSR]1,-3.689593,14.24407
2017[HoCu][nan]3[ASR]1,3.868604,13.524355
2017[HoCu][nan]3[FSR]1,3.5770519,13.801667
2017[Ho][bnn]3[ASR]1,1.0971171,4.5814486
2017[Ho][hcb]2[ASR]1,0.9763339,4.5968604
2017[Ho][hcb]2[FSR]1,1.281801,5.066149
2017[In][kgd]2[ION]1,-4.3857875,11.532795
2017[In][nan]2[ASR]1,-3.5341177,13.394018
2017[In][nan]2[FSR]1,-3.5043967,13.41138
2017[In][nan]2[FSR]2,-3.1273506,14.107558
2017[In][nan]3[ASR]1,-3.6004689,10.699297
2017[In][nan]3[ASR]5,2.145631,7.8301487
2017[In][nan]3[FSR]1,-3.563168,10.691487
2017[In][nan]3[FSR]6,-3.0121045,8.912361
2017[In][pts]3[ASR]1,-0.8994889,7.4510446
2017[In][pts]3[ASR]2,0.118035406,3.1759217
2017[In][pts]3[FSR]1,-0.9034561,7.4560366
2017[In][pts]3[FSR]2,0.11631645,3.1698096
2017[In][pts]3[FSR]3,0.15791729,3.1598403
2017[In][pts]3[ION]1,-0.8816675,7.481618
2017[In][sea]3[ASR]1,-2.4735882,7.522328
2017[In][sea]3[FSR]1,-2.4887185,7.520134
2017[IrHf][she]3[ASR]1,-1.7846562,0.60829604
2017[LaCu][nan]3[FSR]1,3.565056,13.80401
2017[La][nan]2[ASR]1,1.8060292,16.077705
2017[La][nan]2[ASR]2,2.5497086,7.6561522
2017[La][nan]3[ASR]1,2.4495454,8.82334
2017[La][nan]3[ASR]2,1.8308437,14.343815
2017[La][nan]3[ASR]3,-2.7646039,10.063068
2017[La][nan]3[FSR]2,-3.5412161,14.23669
2017[La][nan]3[FSR]3,-3.2974248,12.556776
2017[Mg][nan]3[ASR]1,-2.1767216,7.723556
2017[Mg][nan]3[FSR]1,-2.1664903,7.6521745
2017[MnCu][tfz]3[ION]1,1.1040436,10.028908
2017[Mn][acs]3[ASR]1,2.0411575,8.778557
2017[Mn][eft]3[ASR]1,-6.2482123,6.7117314
2017[Mn][fsc]3[ASR]1,4.9723806,10.559204
2017[Mn][hxl]2[ASR]1,3.746985,7.2566557
2017[Mn][hxl]2[ASR]2,3.7601318,7.291655
2017[Mn][hxl]2[ASR]3,-5.861436,6.313222
2017[Mn][hxl]2[ASR]4,-5.8485556,6.295596
2017[Mn][hxl]2[FSR]1,3.7663028,7.2545094
2017[Mn][hxl]2[FSR]2,3.7810564,7.312532
2017[Mn][hxl]2[FSR]3,-5.8606515,6.319452
2017[Mn][hxl]2[FSR]4,-5.8538585,6.311009
2017[Mn][kgm]2[ASR]1,-6.106999,6.2669244
2017[Mn][kgm]2[FSR]1,-6.1156025,6.290088
2017[Mn][nan]3[ASR]1,6.0435863,11.094146
2017[Mn][nan]3[ASR]3,-2.279415,9.524018
2017[Mn][nan]3[ASR]4,-2.2978098,9.524735
2017[Mn][nan]3[ASR]5,4.141413,8.061375
2017[Mn][nan]3[ASR]6,1.4661936,10.556594
2017[Mn][nan]3[ASR]7,2.99529,5.5660424
2017[Mn][nan]3[ASR]8,0.5621138,5.3521047
2017[Mn][nan]3[FSR]1,-2.5856907,10.4913025
2017[Mn][nan]3[FSR]3,-3.4742963,13.062383
2017[Mn][nan]3[FSR]6,1.4187148,10.558373
2017[Mn][nan]3[FSR]7,2.9905195,5.5494547
2017[Mn][pcu]3[ASR]1,0.23930968,17.962551
2017[Mn][pcu]3[FSR]1,0.23912331,17.96489
2017[Mn][sql]2[ASR]1,-2.9587376,8.56459
2017[Mn][sql]2[ASR]2,1.9047083,6.93404
2017[Mn][sql]2[ASR]3,1.8830405,7.0641704
2017[Mn][sql]2[ASR]4,1.3373538,10.770665
2017[Mn][sql]2[ASR]5,0.7866395,6.35947
2017[Mn][sql]2[FSR]1,-3.4409897,9.221187
2017[Mn][sql]2[FSR]2,1.3325793,10.775463
2017[Mn][sql]2[FSR]3,0.7948736,6.3755183
2017[Mn][utp]3[ASR]1,-4.561522,13.709097
2017[Mn][utp]3[FSR]1,-4.175823,13.830018
2017[MoCuAs][nan]2[FSR]1,-0.73825336,16.511122
2017[Nd][kgd]2[ASR]1,-2.551017,8.09027
2017[Nd][mog]3[ASR]1,4.5712523,8.235713
2017[Nd][mog]3[FSR]1,4.634156,8.248408
2017[Nd][nan]3[ASR]1,-10.035312,12.224897
2017[Nd][nan]3[ASR]2,-3.4201484,13.014752
2017[Nd][nan]3[ASR]3,-3.4256887,13.039066
2017[Nd][nan]3[ASR]4,2.62159,9.042877
2017[Nd][nan]3[ASR]5,-10.035865,12.225632
2017[Nd][nan]3[ASR]6,-2.472166,14.836244
2017[Nd][nan]3[ASR]7,-3.3359559,12.630038
2017[Nd][nan]3[FSR]1,-10.035937,12.2247
2017[Nd][nan]3[FSR]2,-3.5406346,13.478782
2017[Nd][nan]3[FSR]3,-3.5464556,13.445619
2017[Nd][nan]3[FSR]6,-3.3860576,12.789368
2017[Nd][sql]2[ION]1,-3.7174323,14.166459
2017[NiCo][qtz]3[ASR]1,-0.6122469,2.511897
2017[NiCo][qtz]3[FSR]1,-1.1195623,4.5133257
2017[NiCu][eta]3[FSR]1,0.087337986,4.9549475
2017[NiFe][hcb]2[ASR]1,-0.06960845,5.0112
2017[NiNb][pcu]3[ASR]1,5.9549346,18.443817
2017[NiNb][pcu]3[ASR]2,5.954584,18.441645
2017[NiNb][pcu]3[FSR]1,5.953806,18.441214
2017[NiNb][pcu]3[FSR]2,5.9576983,18.449575
2017[Ni][dia]3[ASR]3,2.5995493,10.303473
2017[Ni][dia]3[ASR]4,-3.2304757,14.931479
2017[Ni][dia]3[FSR]3,2.6600919,10.2978325
2017[Ni][dia]3[FSR]4,-3.2191713,14.940851
2017[Ni][hcb]2[ASR]1,-6.108672,7.1391807
2017[Ni][hcb]2[FSR]1,-6.1416135,7.1986723
2017[Ni][hms]3[ASR]1,1.1747218,14.239379
2017[Ni][hms]3[FSR]1,1.2077969,14.233524
2017[Ni][nan]2[ASR]1,0.30163464,12.408697
2017[Ni][nan]2[ASR]2,-5.0630827,13.803436
2017[Ni][nan]2[FSR]1,-4.462313,12.546781
2017[Ni][nan]2[FSR]2,-4.5357475,13.76123
2017[Ni][nan]3[ASR]1,-1.6157349,4.542301
2017[Ni][nan]3[ASR]3,0.13180543,5.1897526
2017[Ni][nan]3[FSR]1,-1.8137263,4.9181223
2017[Ni][nan]3[FSR]3,-3.5507622,12.837669
2017[Ni][nan]3[FSR]4,0.15569972,5.2013683
2017[Ni][pts]3[ASR]1,-2.5510514,8.3321085
2017[Ni][pts]3[FSR]1,-4.296526,12.320536
2017[Ni][sqc]3[ASR]1,1.7145084,11.3691
2017[Ni][sqc]3[ASR]2,1.7231748,11.459246
2017[Ni][sqc]3[FSR]1,-4.90852,11.447817
2017[Ni][sql]2[ASR]1,1.9314542,8.046271
2017[Ni][sql]2[ASR]2,2.4063656,10.310768
2017[Ni][sql]2[FSR]1,1.913593,8.0156145
2017[Ni][sql]2[FSR]2,2.440547,10.25744
2017[PdFe][sql]2[ASR]1,4.60294,13.054806
2017[PdFe][sql]2[ASR]2,4.602484,13.060846
2017[PrCu][nan]3[ASR]1,3.670854,13.739666
2017[PrCu][nan]3[ASR]2,3.8809047,13.498554
2017[Pr][flu]3[ION]1,-5.8401346,6.899248
2017[Pr][kgd]2[ASR]1,-2.4397964,7.9656563
2017[Pr][kgd]2[FSR]1,-2.6693137,8.267004
2017[Pr][mog]3[ASR]1,4.616179,8.281962
2017[Pr][mog]3[FSR]1,4.6420474,8.261105
2017[Pr][nan]3[ASR]1,-10.036404,12.226549
2017[Pr][nan]3[ASR]2,2.551118,9.002323
2017[Pr][nan]3[ASR]3,-10.037972,12.228238
2017[Pr][nan]3[FSR]1,-10.035623,12.22484
2017[Rh][sql]2[ASR]1,2.4037628,7.881389
2017[Rh][sql]2[FSR]1,2.4122605,7.8699994
2017[Sc][nan]3[ASR]1,2.2601635,7.848537
2017[Sc][nan]3[FSR]1,2.2538087,7.8179274
2017[SiMn][nan]3[ASR]1,1.7631747,6.735558
2017[SiNi][pcu]3[ASR]1,5.935496,18.416256
2017[SmCu][nan]3[FSR]1,3.5499063,13.796518
2017[Sm][kgd]2[ASR]1,-3.6895463,14.620025
2017[Sm][kgd]2[FSR]1,-3.6568844,14.672397
2017[Sm][nan]3[ASR]1,-3.5011253,13.302756
2017[Sm][nan]3[ASR]2,4.945336,10.45988
2017[Sm][nan]3[ASR]3,2.5868695,9.093955
2017[Sm][nan]3[FSR]1,-3.5135655,13.420287
2017[Sm][nan]3[FSR]2,-3.5065744,13.416525
2017[Sm][nan]3[FSR]3,1.7732072,12.3742075
2017[TbCu][nan]3[FSR]2,0.98415667,16.125767
2017[TbCu][nan]3[FSR]3,3.5599525,13.799208
2017[Tb][apo]3[ASR]1,2.4205737,14.329319
2017[Tb][apo]3[FSR]1,2.4220521,14.33406
2017[Tb][dia]3[ASR]1,-1.1912143,15.887756
2017[Tb][dia]3[FSR]1,-1.1740899,15.902614
2017[Tb][esg]3[ASR]1,1.6905001,6.2343063
2017[Tb][kgd]2[ASR]1,-3.6479063,14.731419
2017[Tb][kgd]2[FSR]1,-3.632086,14.7485285
2017[Tb][nan]2[ASR]1,3.8820808,10.915159
2017[Tb][nan]2[ASR]2,-4.2275915,11.423983
2017[Tb][nan]2[FSR]1,3.8880043,10.909331
2017[Tb][nan]2[FSR]2,-4.2401476,11.694332
2017[Tb][nan]3[ASR]1,2.7816224,7.9181137
2017[Tb][nan]3[ASR]10,1.243914,7.8511047
2017[Tb][nan]3[ASR]11,-1.9990026,8.219687
2017[Tb][nan]3[ASR]12,-3.3421075,11.731881
2017[Tb][nan]3[ASR]2,2.9150534,9.092499
2017[Tb][nan]3[ASR]3,-2.1805022,9.631982
2017[Tb][nan]3[ASR]4,-3.4848852,13.4063835
2017[Tb][nan]3[ASR]5,-3.4966328,13.362546
2017[Tb][nan]3[ASR]6,2.8145454,7.916133
2017[Tb][nan]3[ASR]7,3.3514163,10.508115
2017[Tb][nan]3[ASR]9,2.6954353,9.260781
2017[Tb][nan]3[FSR]1,2.7769384,7.904078
2017[Tb][nan]3[FSR]12,-3.2789655,11.962261
2017[Tb][nan]3[FSR]2,2.892237,9.124028
2017[Tb][nan]3[FSR]3,-2.7385476,14.06101
2017[Tb][nan]3[FSR]4,-3.570477,13.500656
2017[Tb][nan]3[FSR]5,-3.5240498,13.440748
2017[Tb][nan]3[FSR]6,2.7936144,7.9255967
2017[Tb][nan]3[FSR]9,2.6828027,9.230615
2017[Tb][smc]3[ASR]1,2.776378,7.9863095
2017[Tb][smc]3[FSR]1,2.7794673,7.977377
2017[Th][bcu]3[ASR]1,-1.2569188,2.0465477
2017[Th][bcu]3[FSR]1,-1.215055,2.2035806
2017[TiCu][pcu]3[FSR]1,-8.563585,10.652337
2017[Tm][nan]3[ASR]1,0.07814195,3.4794016
2017[Tm][nan]3[ASR]2,0.110131845,3.477299
2017[Tm][nan]3[FSR]1,0.51767296,3.9045322
2017[U][bcu]3[ASR]1,-1.2382345,2.1281216
2017[U][nan]3[FSR]2,4.6208496,6.6892796
2017[U][sql]2[ASR]1,2.2566664,14.31555
2017[U][sql]2[FSR]1,-3.4483006,14.133757
2017[V][nan]3[ASR]1,3.7929037,6.340506
2017[V][nan]3[ASR]10,3.816277,6.3062987
2017[V][nan]3[ASR]2,5.1048565,9.192811
2017[V][nan]3[ASR]3,4.139112,5.757218
2017[V][nan]3[ASR]4,4.1649942,5.767179
2017[V][nan]3[ASR]8,5.0840607,9.239845
2017[V][nan]3[ASR]9,3.7815773,6.2917295
2017[V][nan]3[FSR]1,3.8085303,6.310066
2017[V][nan]3[FSR]10,3.8147066,6.2609615
2017[V][nan]3[FSR]2,5.099643,9.21319
2017[V][nan]3[FSR]3,4.1404905,5.756876
2017[V][nan]3[FSR]4,4.1569176,5.7781568
2017[V][nan]3[FSR]8,5.089544,9.203045
2017[V][nan]3[FSR]9,3.7829695,6.254618
2017[Y][nia]3[ASR]1,-2.2782657,7.833309
2017[Y][nia]3[FSR]1,-2.3028374,7.8320765
2017[Y][sql]2[ASR]1,2.0925748,13.325896
2017[Y][sql]2[FSR]1,-3.7830396,14.1076565
2017[YbCu][nan]3[FSR]1,3.5564542,13.811971
2017[Yb][mog]3[ASR]1,3.4949424,10.94965
2017[Yb][mog]3[FSR]1,-3.8368094,13.090536
2017[Yb][mog]3[FSR]2,-3.8620653,13.116648
2017[Yb][nan]3[ASR]1,1.1735641,4.926998
2017[Yb][sqc]3[ION]1,-5.97439,6.778147
2017[ZnCo][nan]3[FSR]1,-9.27276,11.373241
2017[ZnEu][pcu]3[ASR]1,-3.0193534,10.360443
2017[ZnMnMo][sql]2[FSR]1,1.7425174,14.805584
2017[ZnMn][nan]3[ASR]1,-9.31116,11.409321
2017[ZnMn][nan]3[ASR]2,-9.328851,11.426709
2017[ZnMn][nan]3[FSR]1,-9.289434,11.386178
2017[ZnSi][nan]3[ASR]1,2.358853,9.463529
2017[ZnSi][sql]2[ASR]1,-8.155258,10.784688
2017[ZnSi][sql]2[ASR]2,-8.173934,10.797016
2017[ZnSi][sql]2[FSR]1,-8.159672,10.785848
2017[ZnSi][sql]2[FSR]2,-8.213057,10.804082
2017[ZnTb][nan]3[ASR]1,-2.115541,7.6320662
2017[Zn][ant]3[ASR]2,2.2704732,6.297301
2017[Zn][ant]3[FSR]2,2.2668815,6.2845883
2017[Zn][apo]3[ASR]1,-3.4669795,9.22691
2017[Zn][apo]3[FSR]1,-3.4603662,9.263228
2017[Zn][bbh]3[ASR]1,0.9901533,14.161149
2017[Zn][bbh]3[FSR]1,0.98638654,14.157014
2017[Zn][crb]3[ASR]1,-1.3692731,4.153836
2017[Zn][crb]3[ASR]2,-1.3984683,4.135591
2017[Zn][crb]3[FSR]1,-2.6215909,7.5267406
2017[Zn][dia]3[ASR]1,-0.83941776,10.856796
2017[Zn][dia]3[ASR]10,1.281728,7.5686917
2017[Zn][dia]3[ASR]13,1.3689544,7.78508
2017[Zn][dia]3[ASR]14,-0.41882658,23.924927
2017[Zn][dia]3[ASR]15,-5.0322175,11.5680065
2017[Zn][dia]3[ASR]3,1.2685621,2.696693
2017[Zn][dia]3[ASR]4,1.2840697,2.6699069
2017[Zn][dia]3[ASR]5,1.2911437,2.6639442
2017[Zn][dia]3[ASR]6,-0.41883615,23.925026
2017[Zn][dia]3[ASR]7,-0.41884148,23.92503
2017[Zn][dia]3[ASR]8,1.7709261,12.057007
2017[Zn][dia]3[ASR]9,1.4622114,9.549037
2017[Zn][dia]3[FSR]1,-0.799277,10.84185
2017[Zn][dia]3[FSR]10,1.5616403,9.447199
2017[Zn][dia]3[FSR]11,1.2872112,7.595866
2017[Zn][dia]3[FSR]14,1.3711199,7.768605
2017[Zn][dia]3[FSR]15,-0.41871357,23.92522
2017[Zn][dia]3[FSR]16,-0.41880795,23.9252
2017[Zn][dia]3[FSR]18,-5.024536,11.578144
2017[Zn][dia]3[FSR]3,1.2800062,2.685778
2017[Zn][dia]3[FSR]4,1.2859777,2.6707299
2017[Zn][dia]3[FSR]5,1.2815415,2.6762729
2017[Zn][dia]3[FSR]6,-2.0796835,8.376115
2017[Zn][dia]3[FSR]7,-0.418619,23.925478
2017[Zn][dia]3[FSR]8,-0.41871694,23.925428
2017[Zn][dia]3[FSR]9,1.7649056,12.035041
2017[Zn][dia]3[ION]1,2.2540562,10.060453
2017[Zn][dmp]3[ASR]1,-4.9500194,11.43591
2017[Zn][dmp]3[FSR]1,-4.9362545,11.409125
2017[Zn][dmp]3[ION]1,-3.6429887,11.488956
2017[Zn][etd]3[ASR]1,-1.5885254,0.5306463
2017[Zn][flu]3[FSR]1,-1.8943676,8.593553
2017[Zn][hcb]2[ASR]1,-4.5039396,13.73098
2017[Zn][hcb]2[ASR]2,-2.3669865,7.8964324
2017[Zn][hcb]2[ASR]3,0.54626554,4.384757
2017[Zn][hcb]2[ASR]4,-6.235344,7.102479
2017[Zn][hcb]2[ASR]5,1.4973829,7.8015447
2017[Zn][hcb]2[ASR]6,2.5041325,14.295823
2017[Zn][hcb]2[ASR]7,1.6053439,8.034113
2017[Zn][hcb]2[ASR]8,0.9139377,13.4136
2017[Zn][hcb]2[FSR]1,-4.4484477,13.737685
2017[Zn][hcb]2[FSR]3,-6.1571007,7.126317
2017[Zn][hcb]2[FSR]4,-3.125526,9.039084
2017[Zn][hcb]2[FSR]5,-4.3952947,13.761323
2017[Zn][hcb]2[FSR]6,-3.7115164,9.308677
2017[Zn][hcb]2[FSR]7,0.9173616,13.411982
2017[Zn][kgd]2[ASR]1,1.4542363,5.278804
2017[Zn][lon]3[ASR]1,1.7088151,11.350832
2017[Zn][lon]3[ASR]2,-0.6960934,1.9358848
2017[Zn][lon]3[FSR]1,1.6702064,11.354079
2017[Zn][lvt]3[ASR]1,0.32707444,3.0673914
2017[Zn][lvt]3[ASR]2,0.5517373,13.970126
2017[Zn][lvt]3[FSR]1,0.55056983,13.982551
2017[Zn][mab]3[ASR]1,1.3524531,7.766881
2017[Zn][mab]3[ASR]3,1.5582043,10.830781
2017[Zn][mab]3[FSR]1,1.3237728,7.7561207
2017[Zn][mab]3[FSR]3,1.5326015,10.890586
2017[Zn][mog]3[ASR]1,-1.5322015,4.6019917
2017[Zn][muo]3[ASR]1,-1.8941857,0.05878484
2017[Zn][muo]3[FSR]1,-1.9128748,0.04328111
2017[Zn][nan]2[ASR]2,1.4890419,7.8475347
2017[Zn][nan]2[ASR]3,1.7663386,11.254742
2017[Zn][nan]2[ASR]4,1.5956144,10.664011
2017[Zn][nan]2[ASR]5,-3.5017784,8.1453285
2017[Zn][nan]2[ASR]7,-5.050376,13.790342
2017[Zn][nan]2[ASR]9,-5.06744,13.794891
2017[Zn][nan]2[FSR]10,-5.0507703,13.790625
2017[Zn][nan]2[FSR]2,1.4441043,8.477946
2017[Zn][nan]2[FSR]3,-4.5000906,11.466399
2017[Zn][nan]2[FSR]4,-4.5736656,11.322708
2017[Zn][nan]2[FSR]5,-3.5116322,8.105566
2017[Zn][nan]2[FSR]8,-5.0643864,13.8301735
2017[Zn][nan]3[ASR]1,3.8586159,7.670624
2017[Zn][nan]3[ASR]12,-11.31717,13.388851
2017[Zn][nan]3[ASR]13,-11.319256,13.390182
2017[Zn][nan]3[ASR]16,-1.56228,0.74950546
2017[Zn][nan]3[ASR]17,-1.2186905,2.0743766
2017[Zn][nan]3[ASR]18,2.375177,8.917384
2017[Zn][nan]3[ASR]2,-1.5946101,0.7373054
2017[Zn][nan]3[ASR]23,0.7783508,4.6972203
2017[Zn][nan]3[ASR]24,-1.018943,3.2660313
2017[Zn][nan]3[ASR]26,0.19457224,3.60818
2017[Zn][nan]3[ASR]28,-0.5356584,4.427028
2017[Zn][nan]3[ASR]29,-0.3475171,3.1230307
2017[Zn][nan]3[ASR]3,-1.2239518,2.0632153
2017[Zn][nan]3[ASR]30,-1.1273934,3.6714542
2017[Zn][nan]3[ASR]31,6.101348,12.581171
2017[Zn][nan]3[ASR]4,2.6684828,5.189132
2017[Zn][nan]3[ASR]5,0.26721734,4.9806595
2017[Zn][nan]3[ASR]6,-11.31892,13.386002
2017[Zn][nan]3[ASR]8,3.8555164,7.6706357
2017[Zn][nan]3[ASR]9,-2.2442582,7.7488766
2017[Zn][nan]3[FSR]10,-0.12081644,5.33222
2017[Zn][nan]3[FSR]2,-2.960377,12.298453
2017[Zn][nan]3[FSR]22,-0.33929312,3.1661043
2017[Zn][nan]3[FSR]23,6.0848927,12.570399
2017[Zn][nan]3[FSR]3,0.2638841,5.198782
2017[Zn][nan]3[FSR]4,-0.14176281,5.4749923
2017[Zn][nan]3[FSR]9,-2.8574862,13.690328
2017[Zn][nan]3[ION]2,1.9729763,5.8878717
2017[Zn][nbo]3[ASR]1,0.3468116,4.798097
2017[Zn][nbo]3[ASR]2,0.3505905,4.7870975
2017[Zn][pcu]3[ASR]1,-1.2461344,4.6234407
2017[Zn][pcu]3[ASR]10,-8.029318,10.648241
2017[Zn][pcu]3[ASR]14,0.2303517,5.7109194
2017[Zn][pcu]3[ASR]17,-5.058053,12.054949
2017[Zn][pcu]3[ASR]18,1.6950669,11.242063
2017[Zn][pcu]3[ASR]19,1.604883,7.901195
2017[Zn][pcu]3[ASR]20,-0.73286796,2.214032
2017[Zn][pcu]3[ASR]21,-0.873863,4.81729
2017[Zn][pcu]3[ASR]5,-7.91279,10.619474
2017[Zn][pcu]3[ASR]6,-1.1921467,4.0214915
2017[Zn][pcu]3[ASR]7,-1.1912929,4.275787
2017[Zn][pcu]3[ASR]8,-1.1908083,4.292193
2017[Zn][pcu]3[ASR]9,0.32766223,9.41574
2017[Zn][pcu]3[FSR]1,-1.2860888,4.615039
2017[Zn][pcu]3[FSR]16,-5.061549,12.060275
2017[Zn][pcu]3[FSR]17,1.6791213,11.283557
2017[Zn][pcu]3[FSR]18,1.5905354,7.919673
2017[Zn][pcu]3[FSR]20,-0.87712926,4.803149
2017[Zn][pcu]3[FSR]5,-7.9433646,10.623623
2017[Zn][pcu]3[FSR]6,-1.2012192,4.415019
2017[Zn][pcu]3[FSR]7,-1.1794235,4.2888865
2017[Zn][pcu]3[FSR]8,0.32117262,9.410258
2017[Zn][pcu]3[FSR]9,-8.00618,10.630531
2017[Zn][raa]3[ASR]2,5.1743984,12.077303
2017[Zn][raa]3[ASR]3,5.1750135,12.070004
2017[Zn][raa]3[ASR]4,5.2040424,12.125872
2017[Zn][raa]3[FSR]2,5.195277,12.103997
2017[Zn][raa]3[FSR]3,5.1457667,12.100779
2017[Zn][raa]3[FSR]4,5.2200904,12.115201
2017[Zn][sit]3[ASR]1,-2.8550272,8.543165
2017[Zn][sod]3[ASR]1,-0.6945558,4.5686545
2017[Zn][sod]3[FSR]1,-0.7075804,4.5624237
2017[Zn][sql]2[ASR]1,-1.0521462,2.7773778
2017[Zn][sql]2[ASR]10,0.39625216,5.5518622
2017[Zn][sql]2[ASR]14,1.6862773,7.5295033
2017[Zn][sql]2[ASR]15,-2.784038,10.825754
2017[Zn][sql]2[ASR]17,-5.6871743,6.2154903
2017[Zn][sql]2[ASR]18,1.6422598,13.198353
2017[Zn][sql]2[ASR]19,1.4384809,7.722739
2017[Zn][sql]2[ASR]2,1.546389,7.936412
2017[Zn][sql]2[ASR]20,1.5822779,11.616407
2017[Zn][sql]2[ASR]3,0.5422427,5.6213007
2017[Zn][sql]2[ASR]4,1.1939163,12.268635
2017[Zn][sql]2[ASR]5,-1.2023729,11.854926
2017[Zn][sql]2[ASR]7,1.1819863,11.341485
2017[Zn][sql]2[ASR]8,-4.4707313,11.216881
2017[Zn][sql]2[ASR]9,-0.5708648,11.477622
2017[Zn][sql]2[FSR]1,1.5298396,7.946923
2017[Zn][sql]2[FSR]13,1.7097179,7.525395
2017[Zn][sql]2[FSR]14,-2.7733865,10.836001
2017[Zn][sql]2[FSR]16,-5.9337096,6.8815837
2017[Zn][sql]2[FSR]17,1.6777563,13.16326
2017[Zn][sql]2[FSR]18,1.3854738,7.652349
2017[Zn][sql]2[FSR]19,1.6277949,11.56233
2017[Zn][sql]2[FSR]2,0.52070975,5.6215253
2017[Zn][sql]2[FSR]3,1.1615763,12.2809105
2017[Zn][sql]2[FSR]4,-1.209412,11.847481
2017[Zn][sql]2[FSR]6,1.2238389,11.392129
2017[Zn][sql]2[FSR]7,-4.5086365,11.244614
2017[Zn][sql]2[FSR]8,-2.4123065,11.637242
2017[Zn][sql]2[FSR]9,-0.42450508,11.367837
2017[Zn][sql]3[ASR]1,-3.7442546,9.017053
2017[Zn][sql]3[ASR]2,-7.748925,10.60195
2017[Zn][sql]3[FSR]1,-3.7234702,8.991859
2017[Zn][sql]3[FSR]2,-7.7070894,10.565991
2017[Zn][ths]3[ASR]1,-9.5393095,2.4874194
2017[Zn][ths]3[ASR]2,-9.683621,2.4016361
2017[Zn][ths]3[ASR]3,-9.551615,2.4857485
2017[Zn][ths]3[ASR]4,-9.582567,2.4488027
2017[Zn][ths]3[ASR]5,0.7511292,12.480668
2017[Zn][ths]3[ASR]6,0.7913396,12.437635
2017[Zn][ths]3[FSR]1,-9.542635,2.484569
2017[Zn][ths]3[FSR]2,-9.704756,2.3876312
2017[Zn][ths]3[FSR]3,-9.554471,2.4825637
2017[Zn][ths]3[FSR]4,-9.552761,2.4783878
2017[Zn][ths]3[FSR]5,0.7676878,12.492929
2017[Zn][ths]3[FSR]6,0.7889291,12.407539
2017[Zn][unc]3[ASR]1,-3.0166116,9.027851
2017[Zn][unc]3[ASR]2,-3.64474,10.302635
2017[Zn][unc]3[FSR]1,-4.3009686,12.417115
2017[Zn][unc]3[FSR]2,0.11999608,12.475158
2017[Zn][utp]3[ION]1,-4.5858192,12.902224
2017[Zr][bcu]3[ASR]1,-0.08315811,3.2771652
2017[Zr][bcu]3[ASR]2,-1.0606235,1.7047416
2017[Zr][csq]3[ASR]1,-1.7112553,0.45957446
2017[Zr][csq]3[ASR]2,-1.642384,0.44595155
2017[Zr][csq]3[ASR]3,-1.6307181,0.4688244
2017[Zr][csq]3[ASR]4,-1.7648891,0.45851237
2017[Zr][csq]3[FSR]1,-1.590847,0.5043843
2017[Zr][csq]3[FSR]2,-1.6094947,0.49214926
2017[Zr][csq]3[FSR]3,-1.5823219,0.5545727
2017[Zr][csq]3[FSR]4,-1.6280926,0.47631624
2017[Zr][fcu]3[ASR]1,-0.38818985,2.0318792
2017[Zr][fcu]3[FSR]1,-0.37309903,1.9955251
2017[Zr][flu]3[ASR]1,-1.1588019,1.2275025
2017[Zr][flu]3[ASR]2,-0.6186958,2.2345457
2017[Zr][fof]3[ASR]1,3.133114,7.8567843
2017[Zr][fof]3[FSR]1,3.1051292,7.860495
2017[Zr][hbr]3[ASR]1,-2.0084498,5.8019834
2017[Zr][llj]3[ASR]1,3.231415,10.676155
2017[Zr][llj]3[FSR]1,3.334927,10.705518
2017[Zr][nan]3[ASR]1,0.8149171,2.672868
2017[Zr][nan]3[ASR]2,0.8151414,2.6495564
2017[Zr][nan]3[ASR]3,0.46027756,5.302007
2017[Zr][nan]3[FSR]1,0.8301808,2.6762536
2017[Zr][scu]3[ASR]1,-0.663461,2.1442268
2017[Zr][scu]3[ASR]2,-1.0265718,3.3816504
2017[Zr][scu]3[ASR]3,-1.1922126,2.089139
2017[Zr][scu]3[ASR]4,-1.0437791,1.5640881
2017[Zr][scu]3[ASR]5,-1.1067119,1.5393723
2017[Zr][scu]3[ASR]6,-0.2992709,2.6250975
2018[Ag][hcb]2[ASR]1,0.52463293,9.374534
2018[Ag][hcb]2[FSR]1,-7.8900394,10.636027
2018[Ag][sql]2[ASR]1,1.1674653,16.436626
2018[Ag][sql]2[ASR]2,-1.7200598,10.735205
2018[Ag][sql]2[ASR]3,-1.7383014,10.714729
2018[Ag][sql]2[ASR]4,-1.7660717,10.722307
2018[Ag][sql]2[ASR]5,-1.6849425,10.678303
2018[Ag][sql]2[ASR]6,-1.7441652,10.715021
2018[Ag][sql]2[FSR]1,1.1713897,16.425255
2018[Ag][sql]2[FSR]2,-2.373958,10.904315
2018[Ag][sql]2[FSR]3,-2.3411448,10.900481
2018[Ag][sql]2[FSR]4,-2.3387089,10.903403
2018[Ag][sql]2[FSR]5,-2.2830946,10.868475
2018[Ag][sql]2[FSR]6,-2.3101766,10.88136
2018[Ag][sql]2[ION]1,-7.3906164,3.0543342
2018[Al][nan]3[ASR]1,5.0943093,9.275131
2018[Al][nan]3[ASR]2,5.090182,9.297032
2018[Al][nan]3[ASR]4,5.1008654,9.269286
2018[Al][nan]3[FSR]1,5.0959716,9.275375
2018[Al][nan]3[FSR]2,5.1009965,9.284968
2018[Al][nan]3[FSR]4,5.1018677,9.267497
2018[Bi][nan]3[ASR]1,2.1211727,6.9752936
2018[Bi][nan]3[ASR]2,-1.3281776,12.758121
2018[Bi][nan]3[FSR]1,2.0982852,6.983948
2018[Bi][nan]3[FSR]2,-1.3202434,12.7612915
2018[CdFe][flu]3[ASR]1,2.1824713,7.2322245
2018[Cd][dia]3[ASR]1,-2.6032712,7.696028
2018[Cd][dia]3[ASR]2,-4.624158,13.353431
2018[Cd][dia]3[ASR]4,1.3060032,9.644511
2018[Cd][dia]3[ASR]5,1.2831749,9.653199
2018[Cd][dia]3[ASR]6,1.3398147,9.607318
2018[Cd][dia]3[FSR]1,-4.634379,13.335883
2018[Cd][dia]3[FSR]3,1.2866874,9.590913
2018[Cd][dia]3[FSR]4,1.3056052,9.697922
2018[Cd][dia]3[FSR]5,1.3999552,9.655931
2018[Cd][hcb]2[ASR]1,3.7037196,12.412227
2018[Cd][hcb]2[FSR]1,2.200429,14.728492
2018[Cd][hxl]2[ASR]1,-4.883338,12.624563
2018[Cd][hxl]2[FSR]1,-4.9202843,12.617344
2018[Cd][kgd]2[ASR]1,-3.825128,9.8702
2018[Cd][kgd]2[ASR]2,2.4281015,14.223363
2018[Cd][kgd]2[ASR]3,2.3612795,14.390464
2018[Cd][kgd]2[FSR]1,-4.377226,11.728621
2018[Cd][kgd]2[FSR]2,-4.5383005,13.979779
2018[Cd][mab]3[ASR]2,-0.53154665,11.35335
2018[Cd][mab]3[FSR]2,-0.52742296,11.3672085
2018[Cd][nan]2[ASR]1,-4.4284253,12.236932
2018[Cd][nan]2[ASR]2,-4.924722,12.52171
2018[Cd][nan]2[FSR]1,-4.436926,12.2346115
2018[Cd][nan]2[FSR]2,-4.5886545,13.516003
2018[Cd][nan]2[FSR]3,-4.9661336,12.500298
2018[Cd][nan]3[ASR]1,1.7520273,10.199855
2018[Cd][nan]3[ASR]11,-3.893637,10.319206
2018[Cd][nan]3[ASR]12,5.856279,10.977588
2018[Cd][nan]3[ASR]13,-1.918443,7.031151
2018[Cd][nan]3[ASR]14,0.52143836,4.456567
2018[Cd][nan]3[ASR]15,3.680713,10.868141
2018[Cd][nan]3[ASR]17,-2.4021115,9.628782
2018[Cd][nan]3[ASR]2,0.16708845,4.6050935
2018[Cd][nan]3[ASR]3,0.04398854,3.1421103
2018[Cd][nan]3[ASR]4,5.715984,11.716687
2018[Cd][nan]3[ASR]5,-0.5862892,11.099875
2018[Cd][nan]3[ASR]6,1.3106433,4.5981307
2018[Cd][nan]3[ASR]8,3.7312376,10.805761
2018[Cd][nan]3[ASR]9,-0.5246943,11.337198
2018[Cd][nan]3[FSR]2,0.18070178,4.6336455
2018[Cd][nan]3[FSR]3,0.03963928,3.1371746
2018[Cd][nan]3[FSR]4,5.727397,11.726129
2018[Cd][nan]3[FSR]5,-3.894501,13.786724
2018[Cd][nan]3[FSR]6,1.316103,4.592897
2018[Cd][nan]3[FSR]9,-0.5405715,11.385048
2018[Cd][nan]3[ION]1,-4.3580565,11.019224
2018[Cd][nuc]3[ASR]1,-1.6710781,-2.81082
2018[Cd][nuc]3[ASR]2,-1.5810578,-2.9729939
2018[Cd][nuc]3[FSR]1,-1.662708,-2.8188434
2018[Cd][nuc]3[FSR]2,-1.5816205,-2.973398
2018[Cd][pcu]3[ASR]1,2.8032815,10.582993
2018[Cd][pcu]3[ASR]2,-3.9876754,10.441252
2018[Cd][pcu]3[FSR]1,1.4945828,12.963093
2018[Cd][pcu]3[FSR]2,-4.4876165,11.842198
2018[Cd][pts]3[ASR]1,1.1449353,5.11295
2018[Cd][pts]3[FSR]1,1.1365068,5.075813
2018[Cd][rtl]3[ION]1,-3.0406535,10.34722
2018[Cd][sod]3[ASR]1,7.1496,2.7089286
2018[Cd][sod]3[ASR]2,1.7375404,12.311042
2018[Cd][sod]3[FSR]1,7.1494117,2.7090356
2018[Cd][sod]3[FSR]2,1.794761,12.263218
2018[Cd][sql]2[ASR]1,0.80710644,6.319935
2018[Cd][sql]2[ASR]3,0.20243058,13.202171
2018[Cd][sql]2[ASR]4,1.6015955,8.571612
2018[Cd][sql]2[FSR]1,0.76312745,6.338726
2018[Cd][sql]2[FSR]3,0.23488624,13.245816
2018[Cd][sql]2[FSR]4,-5.938382,7.0600705
2018[Cd][sql]2[ION]1,-4.7081585,12.64969
2018[Cd][sra]3[ASR]1,-1.3211877,3.9256895
2018[Cd][tav]3[ASR]1,2.5415194,14.055924
2018[Cd][tfz]3[ASR]3,1.43615,9.253593
2018[Cd][tfz]3[ASR]4,1.8236897,8.089383
2018[Cd][tfz]3[ASR]5,2.2240438,9.51551
2018[Cd][tfz]3[FSR]3,1.4580092,9.29188
2018[Cd][tfz]3[FSR]4,-3.5113592,9.217494
2018[Cd][unj]3[ASR]1,-3.478361,8.8770275
2018[Cd][unj]3[FSR]1,-3.5043802,8.774134
2018[CeZn][she]3[ASR]1,-2.1852632,0.5532734
2018[Ce][csq]3[ASR]1,-2.1602385,0.6015559
2018[Ce][csq]3[FSR]1,-2.1560528,0.57885027
2018[Ce][nan]2[ION]1,-6.3801975,7.1329193
2018[Ce][nan]3[ASR]1,1.853595,14.499291
2018[Ce][nan]3[ASR]2,-1.0785487,16.190197
2018[Ce][nan]3[ASR]3,-10.041825,12.230814
2018[Ce][nan]3[ASR]4,-10.0470915,12.235249
2018[Ce][nan]3[FSR]1,-3.7193525,14.240022
2018[Ce][scu]3[ASR]1,-0.7704796,1.7993655
2018[Ce][scu]3[FSR]1,-0.79061615,1.7688056
2018[CoAg][pts]3[ASR]1,1.8288656,8.9703
2018[CoAg][pts]3[FSR]1,1.8379946,8.971316
2018[CoFe][nan]3[ASR]1,-1.7052642,0.35402128
2018[CoMoCr][nan]2[ASR]1,-1.929129,9.587746
2018[Co][ant]3[ASR]1,-0.7259591,5.8633313
2018[Co][ant]3[FSR]1,-0.7186043,5.861462
2018[Co][bnn]3[ION]1,-7.742872,10.609593
2018[Co][bnn]3[ION]2,-7.67824,10.63884
2018[Co][cds]3[ASR]1,0.13436007,10.295617
2018[Co][cds]3[FSR]1,0.16470467,10.341586
2018[Co][fes]2[ASR]1,-0.0027595193,17.84694
2018[Co][fes]2[FSR]1,0.08049026,17.896976
2018[Co][flu]3[ASR]1,1.7215263,13.04181
2018[Co][flu]3[ASR]2,2.4917605,9.412193
2018[Co][flu]3[ASR]4,-1.6839691,4.6556134
2018[Co][flu]3[FSR]1,1.6879635,13.035358
2018[Co][fsc]3[ASR]1,1.7463096,11.83302
2018[Co][fsc]3[FSR]1,1.7262834,11.839189
2018[Co][hcb]2[ASR]1,0.7790344,5.950383
2018[Co][hcb]2[ASR]2,-4.798245,13.594171
2018[Co][jus]3[ION]1,-3.3616521,9.906327
2018[Co][kgd]2[ASR]1,4.0141325,7.861701
2018[Co][kgd]2[ASR]2,3.0283053,10.963648
2018[Co][kgm]2[ASR]1,0.14537147,9.479704
2018[Co][kgm]2[FSR]1,0.34102157,12.092679
2018[Co][nan]2[ASR]1,2.7400355,13.3893385
2018[Co][nan]3[ASR]1,0.06268186,5.4769135
2018[Co][nan]3[ASR]10,3.730678,10.368954
2018[Co][nan]3[ASR]12,-0.40096572,3.0689836
2018[Co][nan]3[ASR]13,-0.6868024,10.12987
2018[Co][nan]3[ASR]2,-3.109524,8.531103
2018[Co][nan]3[ASR]3,-6.9677715,17.501871
2018[Co][nan]3[ASR]4,-6.974593,17.506783
2018[Co][nan]3[ASR]5,-6.9747443,17.507717
2018[Co][nan]3[ASR]6,-4.38383,2.4311013
2018[Co][nan]3[ASR]7,-6.9695272,17.503202
2018[Co][nan]3[ASR]8,-4.3380747,2.3224714
2018[Co][nan]3[ASR]9,-4.341381,2.311217
2018[Co][nan]3[FSR]10,-4.3043056,2.3463445
2018[Co][nan]3[FSR]14,-0.64939845,11.045951
2018[Co][nan]3[FSR]2,0.08713929,5.4649644
2018[Co][nan]3[FSR]3,-6.96103,17.502142
2018[Co][nan]3[FSR]4,-6.9747324,17.507137
2018[Co][nan]3[FSR]5,-6.974412,17.507982
2018[Co][nan]3[FSR]6,-4.383996,2.4313633
2018[Co][nan]3[FSR]7,-6.982516,17.51381
2018[Co][nan]3[FSR]8,-0.4677046,11.345159
2018[Co][nan]3[FSR]9,-4.3094673,2.3474786
2018[Co][nia]3[ASR]1,0.686032,4.8654594
2018[Co][nia]3[FSR]1,0.6833697,4.8574667
2018[Co][scu]3[ASR]1,-4.552966,12.074418
2018[Co][scu]3[FSR]1,-4.573322,12.050254
2018[Co][sql]2[ASR]1,0.7784068,6.333531
2018[Co][sql]2[ASR]2,0.88354266,14.2667265
2018[Co][sql]2[FSR]1,0.7919211,6.3018074
2018[Co][sql]2[FSR]2,0.8776207,14.261646
2018[CrMoCo][nan]2[FSR]1,-1.2024682,16.410017
2018[Cr][sql]2[ASR]1,-9.251176,11.352504
2018[Cr][tbo]3[ASR]1,-2.0226345,2.3888733
2018[CuEr][dia]3[ASR]1,2.6988382,9.958155
2018[CuIn][nan]3[FSR]1,2.7244759,9.486365
2018[CuSb][dia]3[ION]1,-4.601603,10.37198
2018[CuTi][nan]2[ASR]1,-0.38908422,4.20832
2018[CuZr][she]3[ASR]1,-1.7615492,0.46297863
2018[Cu][bcu]3[ASR]1,-6.165867,6.686749
2018[Cu][dia]3[ASR]1,0.73644346,13.520538
2018[Cu][dia]3[ASR]3,0.25986746,9.544566
2018[Cu][dia]3[FSR]3,1.6989635,12.0118685
2018[Cu][dia]3[FSR]4,-4.4185905,10.8334465
2018[Cu][fes]2[ASR]1,5.8805466,18.334614
2018[Cu][fes]2[FSR]1,5.8826776,18.340836
2018[Cu][fmj]3[ASR]1,-1.11706,1.1921474
2018[Cu][fmj]3[ASR]2,-1.0393506,1.4585649
2018[Cu][gis]3[ASR]1,4.7691197,12.605246
2018[Cu][gis]3[FSR]1,4.776418,12.597383
2018[Cu][gra]2[ASR]1,-3.0590968,12.520901
2018[Cu][hcb]2[ASR]1,-2.4236393,8.062544
2018[Cu][hcb]2[FSR]1,-3.387836,9.57368
2018[Cu][iab]3[ASR]1,-1.1359079,1.1635554
2018[Cu][kgm]2[ASR]1,5.005922,10.249612
2018[Cu][kgm]2[ASR]2,3.6629555,8.215403
2018[Cu][kgm]2[ASR]3,-0.98469704,11.1032505
2018[Cu][kgm]2[ASR]4,-0.6143645,7.1616845
2018[Cu][kgm]2[FSR]1,5.000259,10.2338915
2018[Cu][kgm]2[FSR]2,3.678857,8.211013
2018[Cu][lvt]3[ASR]1,0.9180349,3.8039405
2018[Cu][nan]2[ASR]1,0.903553,9.874538
2018[Cu][nan]2[ASR]2,-3.0545063,8.804773
2018[Cu][nan]2[ASR]3,-3.4851635,8.927295
2018[Cu][nan]2[FSR]1,0.89604,9.878048
2018[Cu][nan]2[FSR]2,-3.763862,9.305848
2018[Cu][nan]3[ASR]11,-0.8265446,1.5511274
2018[Cu][nan]3[ASR]12,-1.1415508,3.352589
2018[Cu][nan]3[ASR]13,-4.4908195,11.820519
2018[Cu][nan]3[ASR]14,5.642961,17.510666
2018[Cu][nan]3[ASR]15,5.643864,17.51247
2018[Cu][nan]3[ASR]2,-4.7995763,13.690146
2018[Cu][nan]3[ASR]3,-3.4751055,12.719735
2018[Cu][nan]3[ASR]4,-4.824665,13.689198
2018[Cu][nan]3[ASR]5,-4.643442,13.555842
2018[Cu][nan]3[ASR]6,-4.8185554,13.688426
2018[Cu][nan]3[ASR]7,-4.820136,13.690068
2018[Cu][nan]3[FSR]12,-4.5075116,11.809584
2018[Cu][nan]3[FSR]13,5.643402,17.51126
2018[Cu][nan]3[FSR]14,5.643991,17.51269
2018[Cu][nan]3[FSR]2,-4.8579187,13.749991
2018[Cu][nan]3[FSR]3,-3.4472368,12.650324
2018[Cu][nan]3[FSR]4,-4.8423386,13.729129
2018[Cu][nan]3[FSR]5,-4.7275496,13.517722
2018[Cu][nan]3[FSR]6,-4.8147693,13.681825
2018[Cu][nan]3[FSR]7,-4.8351197,13.695651
2018[Cu][pcu]2[ASR]1,-3.6723535,13.52425
2018[Cu][pcu]2[FSR]1,-3.6636324,13.418642
2018[Cu][sdf]2[ASR]1,1.9698728,12.307784
2018[Cu][sdf]2[FSR]1,2.0315926,12.308903
2018[Cu][sit]3[ASR]1,2.060755,9.7812395
2018[Cu][sit]3[FSR]1,2.0952048,9.823175
2018[Cu][sql]2[ASR]1,1.2006041,9.125213
2018[Cu][sql]2[ASR]2,1.079107,13.391219
2018[Cu][sql]2[ASR]3,1.1992599,10.580013
2018[Cu][sql]2[ASR]4,-3.4671023,13.164671
2018[Cu][sql]2[ASR]5,-1.1979032,2.349023
2018[Cu][sql]2[ASR]6,-2.8334615,8.4018955
2018[Cu][sql]2[FSR]1,1.252088,9.086177
2018[Cu][sql]2[FSR]2,-5.0791736,13.163392
2018[Cu][sql]2[FSR]3,1.1700524,10.547786
2018[Cu][sql]2[ION]1,-4.71843,12.518416
2018[Cu][sql]2[ION]2,-5.872247,6.954998
2018[Cu][sra]3[ASR]1,4.7649174,12.583832
2018[Cu][sra]3[FSR]1,4.7481318,12.554954
2018[Cu][ths]3[ION]1,1.8989246,13.930285
2018[Cu][ths]3[ION]2,1.9167603,13.862248
2018[Cu][ths]3[ION]3,1.904264,13.931524
2018[Dy][fcu]3[ASR]1,4.3999248,6.849292
2018[Dy][flu]3[ASR]1,2.9441843,14.639296
2018[Dy][flu]3[ASR]2,-1.9680834,9.739342
2018[Dy][kgd]2[ION]1,-6.241245,7.181722
2018[Dy][nan]3[ASR]1,1.5833701,5.583508
2018[Dy][nan]3[ASR]2,2.8017693,7.9297695
2018[Dy][nan]3[ASR]3,-0.9684028,11.131313
2018[Dy][nan]3[FSR]1,2.8326626,7.9056587
2018[Dy][rtl]3[ASR]1,-3.5008848,10.654772
2018[Dy][rtl]3[FSR]1,-3.5687702,10.716256
2018[ErCo][nan]3[ASR]1,2.4408116,15.931955
2018[ErCu][dia]3[FSR]1,2.667744,9.957417
2018[Er][flu]3[ASR]1,4.4329205,7.101745
2018[Er][nan]2[FSR]1,-6.3385487,6.3975987
2018[Er][nan]3[ASR]1,1.4484541,16.464676
2018[Er][nan]3[ASR]3,1.5860933,5.592212
2018[Er][nan]3[ASR]4,2.7632117,7.9262686
2018[Er][nan]3[FSR]1,-2.9752562,15.323681
2018[Er][nan]3[FSR]3,2.8079538,7.9374547
2018[Eu][bcu]3[ASR]1,-1.2026722,4.0795345
2018[Eu][bnn]3[ASR]1,3.4588146,10.746188
2018[Eu][flu]3[ASR]1,3.2684247,13.394615
2018[Eu][flu]3[ASR]2,-1.9320582,9.16781
2018[Eu][flu]3[ASR]3,2.255148,6.7217293
2018[Eu][flu]3[ASR]4,2.345042,6.908083
2018[Eu][kgd]2[ION]1,-6.3526597,7.0586367
2018[Eu][nan]3[ASR]1,-1.2047064,4.1391087
2018[Eu][nan]3[ASR]2,2.863439,6.6721697
2018[Eu][nan]3[ASR]4,2.8887904,8.077711
2018[Eu][nan]3[ASR]5,2.8297544,9.069526
2018[Eu][nan]3[ASR]6,-4.6811495,12.851202
2018[Eu][nan]3[ASR]7,4.570617,7.852455
2018[Eu][nan]3[FSR]1,-1.2332826,4.1387396
2018[Eu][nan]3[FSR]5,1.5104817,13.537019
2018[Eu][nan]3[FSR]6,-4.730335,12.742895
2018[Eu][nan]3[ION]1,-2.935627,8.2100115
2018[Eu][sqc]3[ASR]1,1.3287545,8.361193
2018[Eu][umc]3[ASR]1,-0.5262843,2.4670587
2018[Eu][umc]3[ASR]2,-1.0171777,1.5713022
2018[FeZn][nuc]3[FSR]1,-2.3178174,8.369328
2018[Fe][hcb]2[ASR]1,-5.9604993,5.8303695
2018[Fe][hcb]2[FSR]1,-5.959502,5.832354
2018[Fe][nan]3[ASR]3,4.956322,6.80193
2018[Fe][nan]3[ASR]4,4.9504056,6.813715
2018[Fe][nan]3[FSR]3,4.9637446,6.8071246
2018[Fe][nan]3[FSR]4,4.9493775,6.8153973
2018[Fe][nuc]3[ASR]1,2.1684034,4.7772126
2018[Fe][nuc]3[ASR]2,2.1326127,4.759908
2018[Fe][nuc]3[ASR]3,2.0931597,4.705421
2018[Fe][sql]2[ASR]1,5.64356,17.510498
2018[Fe][sql]2[ASR]2,-6.1428795,7.1144176
2018[Fe][sql]2[FSR]1,-6.1271224,7.112777
2018[Gd][fcu]3[ASR]1,5.641129,17.510334
2018[Gd][flu]3[ASR]1,2.9435241,14.527679
2018[Gd][flu]3[ASR]2,4.400537,7.0290465
2018[Gd][hcb]2[ASR]1,-2.95046,22.07018
2018[Gd][kgd]2[ION]1,-3.5316572,14.114501
2018[Gd][nan]3[ASR]1,2.4803739,6.7611675
2018[Gd][nan]3[ASR]2,3.2778692,5.790613
2018[Gd][nan]3[ASR]3,-1.102421,16.135326
2018[Gd][nan]3[ASR]4,3.299769,7.402586
2018[Gd][nan]3[ASR]8,0.5293841,4.3643765
2018[Gd][pcu]3[ASR]1,-10.035452,12.228092
2018[Gd][pcu]3[FSR]1,-9.330926,11.436033
2018[Gd][rtl]3[ASR]1,-3.5618775,10.696929
2018[Gd][rtl]3[FSR]1,-3.6032226,10.748247
2018[Gd][sqc]3[ASR]1,1.2861849,8.552833
2018[Hf][scu]3[ASR]1,-1.6774021,0.61184514
2018[Ho][hcb]2[ASR]1,-2.9818172,22.043621
2018[Ho][nan]3[ASR]1,2.8285625,7.919969
2018[Ho][nan]3[ASR]2,4.569159,7.8776836
2018[Ho][nan]3[FSR]1,2.854588,7.91545
2018[InCu][nan]3[ASR]1,2.7431438,9.463507
2018[In][dia]3[ASR]2,-1.1717068,10.840621
2018[In][dia]3[FSR]2,-1.1675118,10.862255
2018[In][nan]2[ASR]1,2.085408,8.855455
2018[La][nan]2[ION]1,-6.371661,7.0924854
2018[La][nan]3[ASR]1,1.8661735,14.348312
2018[La][nan]3[FSR]1,-3.7072024,14.277764
2018[Mg][ant]3[ASR]1,-0.7263577,5.853991
2018[Mg][ant]3[ASR]2,-1.3002881,3.505967
2018[Mg][ant]3[FSR]1,-0.74765784,5.8555174
2018[Mn][bcu]3[ASR]1,1.4108489,4.5935154
2018[Mn][bcu]3[ASR]2,1.2308334,4.41074
2018[Mn][bcu]3[FSR]1,1.6305372,8.354913
2018[Mn][hcb]2[ASR]1,6.4997287,21.785006
2018[Mn][hcb]2[FSR]1,-1.4418428,12.589142
2018[Mn][nan]3[ASR]1,1.8932958,9.410194
2018[Mn][nan]3[ASR]4,-3.8105953,9.625814
2018[Mn][nan]3[FSR]1,-4.34991,10.278653
2018[Mn][sql]2[ASR]1,0.8966465,14.247
2018[Mn][sql]2[FSR]1,0.8759422,14.243096
2018[Mn][sra]3[ASR]1,8.009627,12.061718
2018[Mn][sra]3[FSR]1,8.00752,12.0626135
2018[MoCu][nan]2[FSR]1,0.5171331,16.31882
2018[Nd][cdz]3[ASR]1,3.8783824,10.995713
2018[Nd][nan]2[ION]1,-6.3551764,7.095414
2018[Nd][nan]3[ASR]1,-3.407623,21.631327
2018[Nd][nan]3[ASR]2,1.8418696,14.33548
2018[Nd][nan]3[ASR]3,4.5587296,7.904721
2018[Nd][nan]3[FSR]2,-3.697154,14.271551
2018[Nd][rtl]3[ASR]1,-3.5687664,10.697949
2018[Nd][rtl]3[FSR]1,-3.6161697,10.754888
2018[NiCo][scu]3[ASR]1,-0.55910224,2.978524
2018[NiCo][scu]3[ASR]2,-0.5276812,2.958978
2018[NiCo][scu]3[ASR]3,-0.54195786,2.9939563
2018[NiCo][scu]3[ASR]4,-0.5604457,2.958117
2018[NiCo][scu]3[FSR]1,-0.52750427,2.9464839
2018[NiCo][scu]3[FSR]2,-0.545573,3.0098088
2018[NiCo][scu]3[FSR]3,-0.54153174,2.9596062
2018[Ni][fmz]3[ASR]1,-1.1088636,1.3856747
2018[Ni][fmz]3[ASR]2,-1.0212075,1.5309373
2018[Ni][fmz]3[ASR]3,-0.010629103,2.8062713
2018[Ni][fmz]3[ASR]4,0.1585274,3.5217159
2018[Ni][fmz]3[ASR]5,-0.029484168,3.3377514
2018[Ni][fmz]3[ASR]6,-1.3113621,3.7937021
2018[Ni][fmz]3[ASR]7,0.10859579,4.238248
2018[Ni][fmz]3[FSR]1,-0.019661075,2.7960975
2018[Ni][fmz]3[FSR]2,0.13162884,3.53209
2018[Ni][fmz]3[FSR]3,-0.026762735,3.3740118
2018[Ni][fmz]3[FSR]4,-1.3027296,3.8687224
2018[Ni][fmz]3[FSR]5,0.14034371,4.3105865
2018[Ni][nan]3[ASR]1,2.5188093,10.481979
2018[Ni][nan]3[ASR]2,-3.672796,9.738106
2018[Ni][nan]3[ASR]3,-4.292061,11.382612
2018[Ni][nan]3[ASR]4,2.5638762,10.495769
2018[Ni][nan]3[ASR]5,-3.6838498,9.776558
2018[Ni][nan]3[FSR]1,-4.14372,11.4999695
2018[Ni][nan]3[FSR]2,-4.1294374,11.585256
2018[Ni][pcu]3[ASR]1,-4.6971035,12.68571
2018[Ni][pcu]3[FSR]1,-4.673547,12.691593
2018[Ni][sql]2[ASR]1,-3.7217536,9.585509
2018[Ni][sql]2[ASR]2,0.79185146,6.339479
2018[Ni][sql]2[ASR]3,-4.7020326,12.953367
2018[Ni][sql]2[FSR]1,-3.652025,9.7863655
2018[Ni][sql]2[FSR]2,0.7829993,6.3098793
2018[Ni][sql]2[FSR]3,-4.6443276,12.85183
2018[Pr][nan]2[ION]1,-6.349723,7.0894427
2018[Pr][nan]3[ASR]1,2.4595764,6.7058363
2018[Pr][nan]3[ASR]2,-3.390173,21.650377
2018[Pr][nan]3[ASR]3,1.8157947,14.494111
2018[Pr][nan]3[ASR]4,4.5460324,7.7825527
2018[Pr][nan]3[FSR]2,-3.7097397,14.343128
2018[RhZr][she]3[ASR]1,-1.8187532,0.5375607
2018[Sm][nan]3[ASR]1,4.892581,10.80429
2018[Sm][nan]3[ASR]2,0.5179783,4.3127213
2018[Sm][rtl]3[ASR]1,-3.5117426,10.586751
2018[Sm][rtl]3[FSR]1,-3.5447612,10.66517
2018[Tb][bcu]3[ASR]1,-1.1438339,4.0378304
2018[Tb][bnn]3[ASR]1,3.2861295,10.526821
2018[Tb][esg]3[ASR]1,1.6395118,6.136626
2018[Tb][flu]3[ASR]1,-3.447888,13.554255
2018[Tb][kgd]2[ION]1,-6.386674,7.014853
2018[Tb][nan]2[ASR]1,-1.3101866,12.71561
2018[Tb][nan]2[FSR]1,-1.300311,12.748872
2018[Tb][nan]3[ASR]2,2.8724084,6.6393476
2018[Tb][nan]3[ASR]3,-0.98400676,16.167845
2018[Tb][nan]3[ASR]5,3.6179361,7.2640967
2018[Tb][nan]3[ASR]6,4.5665574,7.8664784
2018[Tb][rtl]3[ASR]1,-3.553811,10.608775
2018[Tb][rtl]3[FSR]1,-3.625096,10.742542
2018[Tb][sql]2[ASR]1,-0.8549238,3.4226956
2018[Tb][sql]2[FSR]1,-1.2219555,4.4302096
2018[USi][hcb]2[ASR]1,2.8278198,10.169283
2018[USi][hcb]2[ASR]2,2.8609498,10.143819
2018[USi][hcb]2[ASR]3,2.733527,9.768328
2018[USi][hcb]2[FSR]1,2.9044127,10.256753
2018[USi][hcb]2[FSR]2,2.9377115,10.269512
2018[USi][hcb]2[FSR]3,2.846822,9.984806
2018[U][hcb]2[ASR]1,0.6651066,4.5288157
2018[U][hcb]2[ASR]2,0.38023895,10.873331
2018[U][hcb]2[ASR]3,1.3219757,12.72662
2018[U][hcb]2[ASR]4,0.43089622,10.948911
2018[U][hcb]2[ASR]5,-0.51446605,3.001324
2018[U][hcb]2[ASR]6,1.5925027,5.5359216
2018[U][hcb]2[FSR]4,0.46437213,10.989929
2018[U][hcb]2[ION]1,2.5277016,11.178934
2018[U][hcb]2[ION]2,-3.6333158,13.453199
2018[U][lvt]3[ASR]1,5.7318897,11.788786
2018[U][nan]3[ASR]1,-2.1046264,15.366933
2018[U][nan]3[ASR]2,-1.9699003,15.450358
2018[U][nan]3[FSR]1,-2.5155647,15.462222
2018[U][nan]3[FSR]2,-2.0928977,15.464303
2018[U][sql]2[ASR]1,1.1609712,13.383934
2018[U][sql]2[FSR]1,-4.0112977,13.754967
2018[U][tbo]3[ASR]1,-2.057377,-0.09225872
2018[U][ths]3[ASR]1,2.317576,7.067122
2018[YCu][nan]3[ASR]1,-0.41312134,2.6652305
2018[Y][bcu]3[ASR]1,-0.931788,1.1658298
2018[Yb][bex]2[ASR]1,3.2411668,7.1583285
2018[Yb][fcu]3[ASR]1,4.3975086,6.9037123
2018[Yb][nan]3[ASR]1,1.6913023,5.7444806
2018[ZnCd][nan]2[ASR]1,2.0130153,7.228046
2018[ZnCe][she]3[FSR]1,-2.214738,0.5302369
2018[ZnFe][nuc]3[ASR]1,2.2040105,4.81399
2018[ZnMo][qtz]3[ION]1,-0.5176366,16.860537
2018[ZnMo][qtz]3[ION]2,-0.5313061,16.926529
2018[Zn][acs]3[ASR]1,0.634797,11.142131
2018[Zn][acs]3[FSR]1,0.6360703,11.161557
2018[Zn][apo]3[ASR]1,-3.487155,9.2528105
2018[Zn][apo]3[FSR]1,-3.4848113,9.227508
2018[Zn][bbf]3[ASR]1,1.6374223,12.778116
2018[Zn][bbf]3[FSR]1,1.6083547,12.784453
2018[Zn][bcu]3[ASR]1,-1.2501715,2.1689312
2018[Zn][cds]3[ASR]1,0.73021364,13.367921
2018[Zn][cds]3[FSR]1,0.7191202,13.341233
2018[Zn][crb]3[ASR]1,-3.150548,13.624797
2018[Zn][crb]3[FSR]1,-3.5758,13.576506
2018[Zn][dia]3[ASR]1,-4.7016835,13.23691
2018[Zn][dia]3[ASR]4,1.39608,12.398726
2018[Zn][dia]3[FSR]2,-4.736107,13.269211
2018[Zn][dia]3[FSR]5,1.3903295,12.3702545
2018[Zn][dmc]3[ASR]1,2.6979294,14.556569
2018[Zn][dmc]3[FSR]1,2.7312064,14.585376
2018[Zn][fes]2[ION]1,-4.175951,11.531028
2018[Zn][flu]3[ASR]1,2.6970897,14.024893
2018[Zn][flu]3[ASR]2,0.5606685,5.522264
2018[Zn][flu]3[FSR]1,2.6841524,14.064494
2018[Zn][flu]3[FSR]2,0.5398528,5.6304483
2018[Zn][hcb]2[ASR]1,0.6871374,5.4533863
2018[Zn][hcb]2[ASR]2,-4.3457446,10.851024
2018[Zn][hcb]2[FSR]2,-4.3335586,10.858836
2018[Zn][hmc]3[ASR]1,-1.5586234,2.3483858
2018[Zn][hxl]2[ASR]1,1.3723266,7.340922
2018[Zn][hxl]2[ASR]2,1.335208,8.165981
2018[Zn][hxl]2[FSR]1,0.41404086,11.919721
2018[Zn][hxl]2[FSR]2,1.0348058,10.556807
2018[Zn][ith]3[ASR]2,-1.6742774,0.41548938
2018[Zn][ith]3[FSR]2,-1.7033447,0.38438618
2018[Zn][kgd]2[ASR]1,1.4281831,7.624194
2018[Zn][kgd]2[FSR]1,1.2925267,8.215024
2018[Zn][mog]2[ASR]1,-2.3900754,15.0184965
2018[Zn][mog]2[FSR]1,-2.5899692,15.016595
2018[Zn][nan]2[ASR]2,-4.666464,13.410378
2018[Zn][nan]2[ASR]3,2.7793784,13.374459
2018[Zn][nan]2[ASR]5,1.9444313,8.357677
2018[Zn][nan]2[FSR]2,-4.6470337,13.404929
2018[Zn][nan]2[FSR]4,-3.9099972,10.679693
2018[Zn][nan]2[FSR]6,1.9619269,8.387847
2018[Zn][nan]2[ION]1,-0.35571003,4.802463
2018[Zn][nan]3[ASR]1,0.74825776,6.118621
2018[Zn][nan]3[ASR]10,-3.9151733,13.517462
2018[Zn][nan]3[ASR]11,-0.9110675,1.8748604
2018[Zn][nan]3[ASR]14,-0.6689033,4.4358974
2018[Zn][nan]3[ASR]16,1.8441182,10.042342
2018[Zn][nan]3[ASR]2,-2.9950492,8.213501
2018[Zn][nan]3[ASR]3,3.7788842,10.19217
2018[Zn][nan]3[ASR]4,-11.318253,13.390005
2018[Zn][nan]3[ASR]5,-11.315574,13.390222
2018[Zn][nan]3[ASR]8,3.52812,6.6156774
2018[Zn][nan]3[FSR]1,0.7319085,6.0633836
2018[Zn][nan]3[FSR]10,-3.9741287,13.586723
2018[Zn][nan]3[FSR]15,1.9088056,9.964745
2018[Zn][nan]3[FSR]2,-2.9835908,8.196651
2018[Zn][nan]3[FSR]3,-11.318299,13.389818
2018[Zn][nan]3[FSR]4,-11.315786,13.389996
2018[Zn][nan]3[FSR]6,-1.9863683,9.260001
2018[Zn][nan]3[FSR]8,1.7973046,13.752921
2018[Zn][nbo]3[ASR]1,-0.25186884,3.6671166
2018[Zn][pcu]3[ASR]1,-2.6049678,8.156897
2018[Zn][pcu]3[ASR]10,-0.7843372,7.0129943
2018[Zn][pcu]3[ASR]13,-0.9567681,11.0127735
2018[Zn][pcu]3[ASR]14,3.8959935,5.136805
2018[Zn][pcu]3[ASR]15,-0.92267156,10.526843
2018[Zn][pcu]3[ASR]16,-0.6336975,7.0577407
2018[Zn][pcu]3[ASR]17,1.7281488,8.090071
2018[Zn][pcu]3[ASR]18,-0.6920987,2.223928
2018[Zn][pcu]3[ASR]19,-0.63132054,2.2292526
2018[Zn][pcu]3[ASR]2,0.17777312,3.7705114
2018[Zn][pcu]3[ASR]3,-0.613795,7.0251603
2018[Zn][pcu]3[ASR]7,6.198998,12.230945
2018[Zn][pcu]3[ASR]8,-0.74699664,7.011881
2018[Zn][pcu]3[ASR]9,-0.7601368,7.0034328
2018[Zn][pcu]3[FSR]1,-4.0713506,10.279838
2018[Zn][pcu]3[FSR]10,-0.79334676,7.015262
2018[Zn][pcu]3[FSR]13,-0.9782897,11.032133
2018[Zn][pcu]3[FSR]14,3.9003427,5.1470675
2018[Zn][pcu]3[FSR]15,-0.90029466,10.492285
2018[Zn][pcu]3[FSR]16,-0.63382536,7.043622
2018[Zn][pcu]3[FSR]17,1.7257531,8.101843
2018[Zn][pcu]3[FSR]19,-1.228634,3.4455414
2018[Zn][pcu]3[FSR]2,-1.3048118,4.2805066
2018[Zn][pcu]3[FSR]3,-0.61153144,7.0110564
2018[Zn][pcu]3[FSR]7,6.2178984,12.211681
2018[Zn][pcu]3[FSR]8,-0.7444318,7.0076404
2018[Zn][pcu]3[FSR]9,-0.7491124,7.0166802
2018[Zn][pth]3[ASR]1,0.6497412,4.4046946
2018[Zn][pth]3[ASR]2,0.5980224,4.3723364
2018[Zn][sod]3[ASR]14,2.8510208,2.9429762
2018[Zn][sod]3[ASR]18,2.8332405,2.9218843
2018[Zn][sod]3[ASR]21,2.8438914,2.8722627
2018[Zn][sod]3[FSR]14,2.8442056,2.9133577
2018[Zn][sod]3[FSR]19,2.8303313,2.9153707
2018[Zn][sod]3[FSR]22,2.8438866,2.873074
2018[Zn][sql]2[ASR]1,-3.3372984,8.674074
2018[Zn][sql]2[ASR]10,-8.599991,10.66998
2018[Zn][sql]2[ASR]11,-8.590865,10.605977
2018[Zn][sql]2[ASR]12,-8.56722,10.644464
2018[Zn][sql]2[ASR]13,0.23441532,13.085125
2018[Zn][sql]2[ASR]14,0.25227016,13.341142
2018[Zn][sql]2[ASR]15,1.776897,14.638936
2018[Zn][sql]2[ASR]16,0.83761984,14.242299
2018[Zn][sql]2[ASR]17,-4.6195917,12.168642
2018[Zn][sql]2[ASR]18,-2.7391396,10.808202
2018[Zn][sql]2[ASR]19,0.7401702,6.135644
2018[Zn][sql]2[ASR]2,-0.53154427,11.406607
2018[Zn][sql]2[ASR]20,1.3198032,10.715681
2018[Zn][sql]2[ASR]22,1.7295552,8.710276
2018[Zn][sql]2[ASR]23,1.5094373,10.668301
2018[Zn][sql]2[ASR]3,0.8521211,11.979827
2018[Zn][sql]2[ASR]5,0.32013014,10.440882
2018[Zn][sql]2[ASR]6,0.77779746,6.3250937
2018[Zn][sql]2[ASR]7,0.8013947,6.309658
2018[Zn][sql]2[ASR]8,-2.3449285,7.1165295
2018[Zn][sql]2[ASR]9,-8.577274,10.649649
2018[Zn][sql]2[FSR]1,-3.3256614,8.68128
2018[Zn][sql]2[FSR]10,-8.579896,10.648182
2018[Zn][sql]2[FSR]11,-8.567935,10.670045
2018[Zn][sql]2[FSR]12,-8.5689945,10.635157
2018[Zn][sql]2[FSR]13,-8.56507,10.604968
2018[Zn][sql]2[FSR]14,0.25178194,13.088783
2018[Zn][sql]2[FSR]15,0.22676761,13.378038
2018[Zn][sql]2[FSR]16,1.7445395,14.679168
2018[Zn][sql]2[FSR]18,0.858609,14.238572
2018[Zn][sql]2[FSR]19,-4.6116233,12.153402
2018[Zn][sql]2[FSR]2,-0.52655077,11.394708
2018[Zn][sql]2[FSR]20,-2.7743866,10.813496
2018[Zn][sql]2[FSR]21,1.3153602,10.7040615
2018[Zn][sql]2[FSR]23,-4.086457,9.974673
2018[Zn][sql]2[FSR]24,1.5205367,10.708675
2018[Zn][sql]2[FSR]3,0.11011063,11.514841
2018[Zn][sql]2[FSR]4,0.81900185,11.980778
2018[Zn][sql]2[FSR]6,0.34935164,10.453545
2018[Zn][sql]2[FSR]7,0.7713005,6.3375945
2018[Zn][sql]2[FSR]8,0.7699856,6.2657876
2018[Zn][sql]2[FSR]9,-2.3535893,7.120073
2018[Zn][sql]2[ION]1,-6.1260433,7.1261086
2018[Zn][sql]2[ION]2,-7.4210105,3.0205693
2018[Zn][sql]2[ION]3,-4.368703,10.705792
2018[Zn][vtx]3[ASR]1,0.97288316,14.202953
2018[Zn][vtx]3[FSR]1,1.0065624,14.221653
2018[Zr][bcu]3[ASR]1,-1.8113012,2.2213926
2018[Zr][nan]3[ASR]1,-0.35458764,3.1554039
2018[Zr][nan]3[ASR]2,-0.47170362,3.0764663
2018[Zr][nan]3[ASR]3,-1.1719388,1.226915
2018[Zr][nan]3[ASR]4,-1.0268835,2.6848657
2018[Zr][nan]3[ASR]5,-1.1080767,2.118113
2018[Zr][nan]3[ASR]6,-1.0224109,2.945268
2018[Zr][nan]3[FSR]1,-1.134919,3.9292192
2018[Zr][nan]3[FSR]2,-0.9673388,3.772475
2018[Zr][nan]3[FSR]3,-1.1766114,1.2299352
2018[Zr][nan]3[FSR]4,-1.0746964,2.6655204
2018[Zr][nan]3[FSR]5,-1.0071883,2.958625
2018[Zr][pcu]3[ASR]3,2.067433,7.0889845
2018[Zr][pcu]3[ASR]4,1.9805039,7.008257
2018[Zr][pcu]3[ASR]5,1.9398752,6.9883595
2018[Zr][pcu]3[ASR]6,1.9476259,7.0432944
2018[Zr][pcu]3[ASR]7,1.9586399,7.058195
2018[Zr][pcu]3[ASR]9,1.9835728,6.8902116
2018[Zr][pcu]3[FSR]3,2.0120301,7.060271
2018[Zr][pcu]3[FSR]4,1.9751734,7.0079265
2018[Zr][pcu]3[FSR]5,1.9121019,6.9649324
2018[Zr][pcu]3[FSR]6,1.9034086,7.0309916
2018[Zr][pcu]3[FSR]7,1.990758,7.0787053
2018[Zr][pcu]3[FSR]9,1.9489582,6.8863745
2018[Zr][scu]3[ASR]1,-1.7691613,0.3908469
2018[Zr][scu]3[ASR]2,-1.678078,0.45328695
2018[Zr][scu]3[ASR]3,-1.1917138,1.7815934
2019[Ag][nan]2[ASR]1,0.2814488,13.492118
2019[Ag][nan]2[FSR]1,0.29965585,13.507837
2019[Ag][nan]2[ION]1,-8.6027975,10.784887
2019[Ag][nan]2[ION]2,-7.414076,3.0257795
2019[Ag][nan]2[ION]3,-5.942019,7.0289764
2019[Ag][nan]3[ASR]1,0.9099502,7.7162085
2019[Ag][sra]3[ASR]1,0.7327678,9.348456
2019[Ag][sra]3[ASR]2,0.7257426,9.338001
2019[Ag][sra]3[ASR]3,0.6761759,9.290407
2019[Ag][sra]3[FSR]1,0.7463888,9.321858
2019[Ag][sra]3[FSR]2,0.729819,9.323062
2019[Ag][sra]3[FSR]3,0.7609095,9.354776
2019[Ag][sra]3[FSR]4,0.732208,9.361345
2019[Ag][sra]3[ION]1,-7.4491086,2.992608
2019[Ag][sra]3[ION]2,-5.882755,6.955402
2019[Ag][sra]3[ION]3,-9.01691,11.171006
2019[Ag][sra]3[ION]4,-8.004869,10.678297
2019[Al][bpq]3[ASR]3,-1.9950994,9.860013
2019[Al][bpq]3[ASR]4,-1.8875747,17.459877
2019[Al][bpq]3[FSR]3,-1.9882015,9.84086
2019[Al][bpq]3[FSR]4,-1.8906453,17.46252
2019[Al][fon]3[ASR]1,-0.4494752,1.5305736
2019[Al][fon]3[ASR]2,0.19470626,3.016375
2019[Al][fon]3[FSR]1,-0.43291143,1.5194397
2019[Al][fon]3[FSR]2,0.18289997,2.9943037
2019[Bi][gra]2[ASR]1,-1.0693063,7.526885
2019[Bi][gra]2[FSR]1,-1.0723886,7.517463
2019[Bi][pts]3[ASR]1,1.9760762,8.315187
2019[Bi][pts]3[FSR]1,1.9966357,8.336768
2019[Bi][sra]3[ASR]1,2.0614107,7.088387
2019[Bi][sra]3[FSR]1,2.0512693,7.075258
2019[Ca][pts]3[ASR]1,-3.7364292,14.262104
2019[Ca][pts]3[FSR]1,-3.6987743,14.306233
2019[CdSi][sql]2[ASR]1,0.72552145,12.79502
2019[CdSi][sql]2[FSR]1,-4.7478013,12.529747
2019[Cd][afw]3[ASR]1,2.1312695,12.308345
2019[Cd][afw]3[FSR]1,2.1246603,12.364846
2019[Cd][ant]3[ASR]1,-3.1149225,13.291346
2019[Cd][bey]2[ASR]1,-1.0301952,11.025175
2019[Cd][bey]2[FSR]1,-2.546275,11.0373535
2019[Cd][cem]2[ASR]1,1.3114461,7.504507
2019[Cd][cem]2[ASR]2,2.2066567,9.150877
2019[Cd][cru]2[ASR]1,2.5670373,8.996056
2019[Cd][dia]3[ASR]1,2.2930422,7.4835014
2019[Cd][dia]3[FSR]1,2.2430284,7.5293326
2019[Cd][flu]3[ASR]1,3.675415,10.768548
2019[Cd][flu]3[FSR]1,-3.485323,13.051379
2019[Cd][fsc]3[ASR]1,1.2595909,7.766507
2019[Cd][fsc]3[FSR]1,1.3207066,7.6929545
2019[Cd][hcb]2[ASR]1,-3.6267939,11.808997
2019[Cd][hcb]2[ASR]2,-6.092722,7.085937
2019[Cd][hcb]2[ASR]3,2.0956507,12.342887
2019[Cd][hcb]2[ASR]4,-3.4152443,11.1500635
2019[Cd][hcb]2[ASR]5,-0.623936,11.357757
2019[Cd][hcb]2[ASR]7,-2.9975758,10.266492
2019[Cd][hcb]2[FSR]1,-3.6009517,12.667365
2019[Cd][hcb]2[FSR]2,-6.0940757,7.0897913
2019[Cd][hcb]2[FSR]3,-3.449942,11.276528
2019[Cd][hcb]2[FSR]4,-2.81458,11.493725
2019[Cd][hcb]2[FSR]6,-2.995877,10.272311
2019[Cd][ins]3[ASR]1,0.25909233,4.9029903
2019[Cd][ins]3[ASR]2,0.102452345,3.8866842
2019[Cd][ins]3[FSR]1,0.31200936,4.819926
2019[Cd][ins]3[FSR]2,0.107381105,3.8645926
2019[Cd][kgd]2[ASR]1,-4.290825,13.529321
2019[Cd][kgd]2[ASR]2,2.5724974,13.715768
2019[Cd][kgd]2[ASR]3,0.683952,7.691504
2019[Cd][kgd]2[ASR]4,3.7693853,7.8854213
2019[Cd][kgd]2[FSR]1,-4.3652124,13.830026
2019[Cd][kgd]2[FSR]2,-4.092834,13.096148
2019[Cd][kgd]2[FSR]3,0.66134053,7.685867
2019[Cd][kgd]2[FSR]4,-3.4490354,13.285151
2019[Cd][kgd]2[ION]1,-5.844259,7.427084
2019[Cd][nan]2[ASR]1,-0.52025354,11.031548
2019[Cd][nan]2[ASR]2,-4.389619,10.8152685
2019[Cd][nan]2[ASR]3,1.6106243,7.8336306
2019[Cd][nan]2[ASR]4,-6.299122,6.7253275
2019[Cd][nan]2[FSR]1,-0.5004443,11.0542965
2019[Cd][nan]2[FSR]2,-4.406706,10.777614
2019[Cd][nan]2[FSR]3,1.5698445,7.800474
2019[Cd][nan]3[ASR]10,1.0621133,8.411081
2019[Cd][nan]3[ASR]11,0.3491533,4.1646166
2019[Cd][nan]3[ASR]12,-1.2725363,3.3192012
2019[Cd][nan]3[ASR]13,3.5626428,9.409411
2019[Cd][nan]3[ASR]2,2.7960012,10.484562
2019[Cd][nan]3[ASR]3,2.7449667,5.217578
2019[Cd][nan]3[ASR]4,2.5844707,13.506307
2019[Cd][nan]3[ASR]5,-3.433069,13.301531
2019[Cd][nan]3[ASR]6,3.9221878,7.9043264
2019[Cd][nan]3[ASR]7,0.9808623,8.005939
2019[Cd][nan]3[ASR]8,0.9976299,7.951717
2019[Cd][nan]3[FSR]10,-3.3723533,11.340158
2019[Cd][nan]3[FSR]12,0.35859513,4.163472
2019[Cd][nan]3[FSR]13,-1.268246,3.2893817
2019[Cd][nan]3[FSR]2,2.8039937,10.492799
2019[Cd][nan]3[FSR]3,2.5721357,7.346635
2019[Cd][nan]3[FSR]4,2.5833166,13.510237
2019[Cd][nan]3[FSR]5,-3.8967445,14.000514
2019[Cd][nan]3[FSR]6,-2.6479945,10.182732
2019[Cd][nan]3[FSR]7,0.96321183,7.9982424
2019[Cd][nan]3[FSR]8,0.96813554,7.940677
2019[Cd][nan]3[ION]1,1.3045212,8.680012
2019[Cd][nbo]3[ASR]1,-1.6557398,12.167676
2019[Cd][nbo]3[FSR]1,-1.5891664,12.202176
2019[Cd][nuc]3[ASR]1,-1.5023873,-2.9750335
2019[Cd][nuc]3[FSR]1,-1.5022633,-2.9751518
2019[Cd][pcu]3[ASR]1,2.4087453,12.014387
2019[Cd][pcu]3[ASR]2,1.6956323,11.920244
2019[Cd][pcu]3[ASR]3,1.6673135,11.94286
2019[Cd][pcu]3[FSR]1,2.3632853,11.974048
2019[Cd][pcu]3[FSR]2,-4.907739,11.655042
2019[Cd][pcu]3[FSR]3,1.7047797,11.852652
2019[Cd][pts]3[ASR]1,2.5942104,5.1165032
2019[Cd][pts]3[FSR]1,2.5935993,5.1239142
2019[Cd][pyr]3[ION]1,-5.8525543,6.9033422
2019[Cd][qtz]2[ASR]1,-4.6902437,12.805349
2019[Cd][roa]3[ASR]1,0.56244326,5.9575243
2019[Cd][roa]3[FSR]1,0.5453488,5.9745812
2019[Cd][rtl]3[ASR]1,3.8542686,5.242696
2019[Cd][rtl]3[ASR]2,3.9140458,5.2360682
2019[Cd][rtl]3[FSR]1,-2.1849766,9.293574
2019[Cd][rtl]3[FSR]2,-2.2679837,9.381531
2019[Cd][sqc]3[ASR]1,2.6870148,10.467224
2019[Cd][sql]2[ASR]11,-4.726932,11.183275
2019[Cd][sql]2[ASR]12,-5.095444,12.08127
2019[Cd][sql]2[ASR]2,-4.509382,12.052243
2019[Cd][sql]2[ASR]3,1.0904372,13.785725
2019[Cd][sql]2[ASR]4,2.1251078,9.757831
2019[Cd][sql]2[ASR]5,2.3554893,11.936193
2019[Cd][sql]2[ASR]6,0.12490124,12.6308775
2019[Cd][sql]2[ASR]8,3.6793537,10.822587
2019[Cd][sql]2[FSR]11,-4.750016,11.120452
2019[Cd][sql]2[FSR]13,-5.093839,12.061458
2019[Cd][sql]2[FSR]15,-2.7541206,11.305785
2019[Cd][sql]2[FSR]2,-4.473563,12.084629
2019[Cd][sql]2[FSR]3,1.1400576,13.814977
2019[Cd][sql]2[FSR]4,2.3197236,11.905774
2019[Cd][sql]2[FSR]5,-4.386237,12.410224
2019[Cd][sql]2[FSR]7,3.6339772,10.787393
2019[Cd][sql]2[FSR]9,-2.1502454,9.591636
2019[Cd][tfw]3[FSR]1,-3.3888545,14.873021
2019[Cd][tfz]3[ASR]1,-0.6172725,10.48345
2019[Cd][tfz]3[ASR]2,-0.061205402,6.920681
2019[Cd][tfz]3[ASR]3,-0.5877676,2.3494012
2019[Cd][tfz]3[FSR]1,-0.62052494,10.486682
2019[Cd][tfz]3[FSR]2,-0.060323846,6.9150944
2019[Cd][tfz]3[FSR]3,-0.6002217,2.3213704
2019[Cd][ths]3[ASR]1,2.323391,10.028074
2019[Cd][ths]3[FSR]1,2.2789748,10.023151
2019[Ce][bnn]3[ASR]1,-3.463521,13.238623
2019[Ce][dia]3[ASR]1,-6.256331,5.4572926
2019[Ce][dia]3[FSR]1,-6.169931,5.6266184
2019[Ce][hcb]2[ASR]1,-6.2880564,5.4195805
2019[Ce][nan]3[ASR]1,2.857815,6.667299
2019[Ce][noq]3[ASR]1,-6.255843,5.4568877
2019[Ce][noq]3[FSR]1,-6.158245,5.6578207
2019[Ce][scu]3[ASR]1,-4.405448,12.071121
2019[Ce][scu]3[FSR]1,-4.4323363,12.133664
2019[Ce][sql]2[ASR]1,1.8535534,14.56662
2019[Ce][sql]2[FSR]1,-3.6342754,14.155164
2019[CoCr][pcu]3[ASR]1,0.6836719,9.722209
2019[CoEu][tam]3[ASR]1,-1.2685701,1.9421179
2019[CoMg][hex]3[ASR]1,1.707028,6.8415866
2019[CoMg][hex]3[FSR]1,1.7243633,6.8406663
2019[CoMn][nan]3[ASR]1,-9.313663,11.412016
2019[CoMn][nan]3[ASR]2,-9.291782,11.390299
2019[CoMn][nan]3[FSR]1,-9.288687,11.384871
2019[CoMn][nan]3[FSR]2,-9.322029,11.418481
2019[Co][apo]3[ASR]1,2.3395514,9.237807
2019[Co][apo]3[FSR]1,2.3478606,9.275714
2019[Co][crs]3[ASR]1,-2.4203062,7.1880927
2019[Co][crs]3[FSR]1,-2.4719982,7.21657
2019[Co][dag]3[ASR]1,-5.290167,6.1566105
2019[Co][dia]3[ASR]1,1.2166711,11.997412
2019[Co][dia]3[ASR]2,-5.0959105,13.1997175
2019[Co][dia]3[FSR]1,1.2292738,11.982399
2019[Co][dia]3[FSR]2,-5.0985475,13.186978
2019[Co][flu]3[ASR]1,-1.9506987,8.848105
2019[Co][hcb]2[ASR]1,1.4846576,7.816811
2019[Co][hcb]2[ASR]2,-4.808138,13.178468
2019[Co][hcb]2[ASR]3,1.3227588,7.6150537
2019[Co][hcb]2[FSR]1,1.2555488,8.092006
2019[Co][hcb]2[FSR]2,-4.8312674,13.183429
2019[Co][hex]3[ASR]1,1.7327738,6.879962
2019[Co][hex]3[ASR]2,1.8944488,4.968016
2019[Co][hex]3[ASR]3,-2.507718,8.188501
2019[Co][hex]3[FSR]1,1.7592282,6.8774486
2019[Co][hex]3[FSR]2,1.1494043,7.3505816
2019[Co][hex]3[FSR]3,-3.8622973,10.71294
2019[Co][hxl]2[ASR]1,1.7975565,6.937335
2019[Co][hxl]2[FSR]1,0.9859026,10.934115
2019[Co][jaj]3[ASR]1,2.4912474,5.0221515
2019[Co][jaj]3[FSR]1,1.0064322,11.090081
2019[Co][lcv]3[ASR]1,5.9503365,18.439003
2019[Co][lcv]3[FSR]1,5.95165,18.443573
2019[Co][nan]2[ASR]1,-4.1434975,10.991376
2019[Co][nan]2[ASR]3,1.114806,10.519983
2019[Co][nan]2[FSR]1,-3.745362,13.852153
2019[Co][nan]2[FSR]2,-4.1360855,11.338726
2019[Co][nan]2[FSR]4,1.0804365,10.4978695
2019[Co][nan]3[ASR]1,-4.343171,2.3429954
2019[Co][nan]3[ASR]11,-3.709509,9.957947
2019[Co][nan]3[ASR]12,-1.0676693,16.267141
2019[Co][nan]3[ASR]13,-4.359685,2.2792127
2019[Co][nan]3[ASR]14,-4.3011336,2.3634784
2019[Co][nan]3[ASR]15,-4.320377,2.343008
2019[Co][nan]3[ASR]16,3.7469373,6.6728554
2019[Co][nan]3[ASR]17,-3.1751838,8.332562
2019[Co][nan]3[ASR]19,-1.2421018,1.0207988
2019[Co][nan]3[ASR]2,-4.378155,2.2788322
2019[Co][nan]3[ASR]20,1.8665837,13.1567545
2019[Co][nan]3[ASR]21,-3.9371476,10.963506
2019[Co][nan]3[ASR]22,-2.9214537,12.58665
2019[Co][nan]3[ASR]24,-1.250569,13.0574045
2019[Co][nan]3[ASR]3,0.07162966,3.8830261
2019[Co][nan]3[ASR]4,0.7707406,6.4195256
2019[Co][nan]3[ASR]5,-3.0435436,9.689141
2019[Co][nan]3[ASR]6,-4.090044,9.876293
2019[Co][nan]3[ASR]7,5.6612725,11.920632
2019[Co][nan]3[ASR]8,5.656412,11.930349
2019[Co][nan]3[ASR]9,1.8594087,6.457547
2019[Co][nan]3[FSR]1,-2.5446372,10.169964
2019[Co][nan]3[FSR]10,-4.334071,2.2589498
2019[Co][nan]3[FSR]11,-4.326009,2.3375754
2019[Co][nan]3[FSR]12,-4.2975235,2.362008
2019[Co][nan]3[FSR]13,-4.866726,11.280496
2019[Co][nan]3[FSR]17,-4.1982136,12.789783
2019[Co][nan]3[FSR]18,-3.9978192,11.278002
2019[Co][nan]3[FSR]19,-3.5537658,13.524729
2019[Co][nan]3[FSR]2,0.08155675,3.90733
2019[Co][nan]3[FSR]21,-1.2597225,13.020292
2019[Co][nan]3[FSR]3,0.7621701,6.446179
2019[Co][nan]3[FSR]4,-3.0214026,9.6687
2019[Co][nan]3[FSR]5,-4.0868716,9.875086
2019[Co][nan]3[FSR]6,5.592846,11.901729
2019[Co][nan]3[FSR]9,-1.118352,16.205376
2019[Co][nia]3[ASR]1,2.7280245,5.343341
2019[Co][pcu]3[ASR]1,-2.915024,8.411806
2019[Co][pcu]3[ASR]2,2.1545577,8.596468
2019[Co][pcu]3[ASR]3,-4.8128405,10.998686
2019[Co][pcu]3[ASR]4,-4.233632,10.38256
2019[Co][pcu]3[ASR]5,-4.802258,11.053796
2019[Co][pcu]3[ASR]7,-4.214508,10.324595
2019[Co][pcu]3[ASR]9,0.21061043,12.476595
2019[Co][pcu]3[FSR]1,-2.901958,8.407451
2019[Co][pcu]3[FSR]2,2.141797,8.599204
2019[Co][pcu]3[FSR]3,-4.784258,11.0077
2019[Co][pcu]3[FSR]4,-4.2243967,10.371671
2019[Co][pcu]3[FSR]5,-4.8067155,11.048346
2019[Co][pcu]3[FSR]7,-4.2159586,10.327266
2019[Co][pcu]3[FSR]9,0.19562161,12.516459
2019[Co][rtl]3[ASR]1,2.5246985,10.469403
2019[Co][rtl]3[ASR]2,2.6263468,8.318045
2019[Co][rtl]3[FSR]1,2.5354924,10.483514
2019[Co][rtl]3[FSR]2,2.602042,8.296134
2019[Co][sql]2[ASR]1,-4.5309844,11.27099
2019[Co][sql]2[ASR]2,-0.12868182,10.786805
2019[Co][sql]2[ASR]3,1.3347937,11.039691
2019[Co][sql]2[ASR]4,0.07348046,6.1637383
2019[Co][sql]2[ASR]5,0.074898936,6.2141747
2019[Co][sql]2[ASR]6,-4.38571,13.463187
2019[Co][sql]2[FSR]1,1.3804747,12.025519
2019[Co][sql]2[FSR]11,-4.7369914,11.029664
2019[Co][sql]2[FSR]2,-4.565516,11.386328
2019[Co][sql]2[FSR]3,-0.18765593,10.728398
2019[Co][sql]2[FSR]4,1.3109251,10.986444
2019[Co][sql]2[FSR]5,0.07069013,6.17129
2019[Co][sql]2[FSR]6,0.056330178,6.219255
2019[Co][sql]2[ION]1,-4.4322515,11.565558
2019[Co][stp]3[ASR]1,4.387971,7.717177
2019[Co][sxb]3[ASR]1,3.7662277,7.1796494
2019[Co][tts]2[ASR]1,1.2333218,6.78907
2019[Co][tts]2[FSR]1,1.222918,6.7838817
2019[CrZr][csq]3[ASR]1,-1.8355452,0.64734244
2019[Cr][acs]3[ASR]1,-1.1286395,1.186346
2019[Cr][acs]3[FSR]1,-1.0851926,1.2697595
2019[CuMoCr][nan]3[ASR]1,5.704484,10.915171
2019[CuSi][pcu]2[ASR]1,-9.092342,11.23861
2019[CuSi][pcu]2[FSR]1,-9.126318,11.273057
2019[CuSi][sql]2[ASR]1,0.19345151,4.7134137
2019[CuYb][tbo]3[ASR]1,-2.0452707,1.0401217
2019[Cu][bto]3[ASR]1,-2.8793764,13.338738
2019[Cu][bto]3[ASR]12,-2.8791413,13.308691
2019[Cu][bto]3[ASR]13,-2.894474,13.309291
2019[Cu][bto]3[ASR]14,-3.899535,13.852153
2019[Cu][bto]3[ASR]15,-3.9913335,13.7976
2019[Cu][bto]3[ASR]16,-2.877086,13.316676
2019[Cu][bto]3[ASR]2,-2.891726,13.35409
2019[Cu][bto]3[ASR]3,-2.8813422,13.322349
2019[Cu][bto]3[ASR]4,-2.8692281,13.315818
2019[Cu][bto]3[ASR]5,-2.869224,13.326105
2019[Cu][bto]3[FSR]1,-2.8436794,13.337587
2019[Cu][bto]3[FSR]12,-2.8744264,13.3140335
2019[Cu][bto]3[FSR]13,-2.868787,13.327533
2019[Cu][bto]3[FSR]14,-3.9416964,13.852302
2019[Cu][bto]3[FSR]15,-3.9722955,13.853545
2019[Cu][bto]3[FSR]16,-2.8760383,13.322167
2019[Cu][bto]3[FSR]2,-2.8851733,13.363853
2019[Cu][bto]3[FSR]3,-2.851626,13.310993
2019[Cu][bto]3[FSR]4,-2.8688807,13.32093
2019[Cu][bto]3[FSR]5,-2.8625464,13.31928
2019[Cu][dia]3[ASR]1,0.88568145,13.5161085
2019[Cu][dia]3[ASR]2,1.2301743,11.983719
2019[Cu][dia]3[FSR]1,0.9055676,13.508344
2019[Cu][dia]3[FSR]2,1.2296888,11.978488
2019[Cu][dmd]3[ASR]1,5.0345836,11.867927
2019[Cu][dmd]3[FSR]1,5.078888,11.833491
2019[Cu][gar]3[ASR]1,6.0159388,11.534617
2019[Cu][gar]3[FSR]1,6.014932,11.537642
2019[Cu][gra]3[ASR]1,-1.352151,11.660277
2019[Cu][gra]3[FSR]1,-1.8110448,11.8177185
2019[Cu][hcb]2[ASR]1,0.6581116,6.72657
2019[Cu][hms]2[ASR]1,1.680965,8.181813
2019[Cu][hms]2[ASR]2,1.6484438,8.257576
2019[Cu][hms]2[FSR]1,1.7229826,8.200605
2019[Cu][hms]2[FSR]2,1.6767486,8.255345
2019[Cu][hof]3[ASR]1,4.693639,7.215996
2019[Cu][hxg]3[ASR]1,-0.8613604,5.2079983
2019[Cu][hxg]3[FSR]1,-0.86514336,5.2063713
2019[Cu][kgd]2[ASR]1,-3.4264455,10.469627
2019[Cu][kgd]2[FSR]1,-3.3998835,10.53787
2019[Cu][lcv]3[ASR]1,-2.779736,9.325305
2019[Cu][lcv]3[ASR]2,-2.7663221,9.474996
2019[Cu][lcv]3[FSR]1,-2.7394004,9.346749
2019[Cu][lcv]3[FSR]2,-2.8271713,9.646354
2019[Cu][lvt]3[ASR]1,1.7911581,4.3977003
2019[Cu][lvt]3[ASR]4,0.40922096,5.5793586
2019[Cu][mot]3[ASR]1,3.437931,5.1965413
2019[Cu][mrc]3[ASR]1,3.3964317,6.7291226
2019[Cu][nan]2[ASR]1,-4.190388,12.898937
2019[Cu][nan]2[ASR]2,4.3205695,13.249587
2019[Cu][nan]2[ASR]3,0.3606327,3.6632273
2019[Cu][nan]2[ASR]4,0.40453517,6.513748
2019[Cu][nan]2[FSR]1,-4.0269594,13.154314
2019[Cu][nan]2[FSR]2,4.2778664,13.2733
2019[Cu][nan]2[FSR]4,0.4594293,6.5289464
2019[Cu][nan]3[ASR]1,-3.2485857,12.002483
2019[Cu][nan]3[ASR]10,-1.7314478,0.4201019
2019[Cu][nan]3[ASR]2,-0.60152644,2.520587
2019[Cu][nan]3[ASR]3,-2.7162435,7.743074
2019[Cu][nan]3[ASR]4,0.35128897,3.6046195
2019[Cu][nan]3[ASR]6,-1.0440615,2.8155088
2019[Cu][nan]3[ASR]7,-0.8973904,1.5878172
2019[Cu][nan]3[ASR]8,-0.94298494,1.8333788
2019[Cu][nan]3[FSR]1,1.2754847,11.898149
2019[Cu][nan]3[FSR]2,-3.2424262,12.015117
2019[Cu][nan]3[FSR]3,-1.2289896,3.940108
2019[Cu][nan]3[FSR]4,-2.736882,7.7639775
2019[Cu][nan]3[FSR]5,-1.1856503,4.363927
2019[Cu][nbo]3[ASR]1,-0.96551985,3.2996225
2019[Cu][nbo]3[ASR]2,-3.0415912,8.236264
2019[Cu][nbo]3[FSR]1,-0.9834663,3.4891336
2019[Cu][pcu]3[ASR]1,6.220992,12.209205
2019[Cu][pcu]3[ASR]2,1.1786937,12.1255045
2019[Cu][pcu]3[ASR]3,-9.233983,11.3474455
2019[Cu][pcu]3[FSR]1,6.204443,12.2396345
2019[Cu][pcu]3[FSR]2,1.2217488,12.05595
2019[Cu][pcu]3[FSR]3,-9.217307,11.333895
2019[Cu][pts]3[ASR]1,-0.4027301,16.696356
2019[Cu][pts]3[ASR]2,0.3537299,3.3565907
2019[Cu][pts]3[FSR]1,-0.40092292,16.693066
2019[Cu][pts]3[FSR]2,0.55894285,4.663938
2019[Cu][rtl]3[ASR]1,-1.9483367,9.880791
2019[Cu][rtl]3[ASR]2,2.7810347,11.136299
2019[Cu][rtl]3[ASR]3,2.7547455,11.144088
2019[Cu][rtl]3[FSR]1,-3.28355,12.1101675
2019[Cu][rtl]3[FSR]2,2.7831283,11.13743
2019[Cu][rtl]3[FSR]3,2.7776585,11.134518
2019[Cu][she]3[FSR]1,-0.75992066,3.035678
2019[Cu][sql]2[ASR]1,0.19873898,13.211358
2019[Cu][sql]2[ASR]11,-4.666079,12.69012
2019[Cu][sql]2[ASR]12,0.8726658,6.5006876
2019[Cu][sql]2[ASR]13,0.85091174,6.474734
2019[Cu][sql]2[ASR]14,0.87902814,6.41219
2019[Cu][sql]2[ASR]2,2.3591506,11.873502
2019[Cu][sql]2[ASR]3,1.5329579,8.698225
2019[Cu][sql]2[ASR]4,4.537258,7.781767
2019[Cu][sql]2[ASR]5,-9.26717,11.358753
2019[Cu][sql]2[ASR]6,0.95416087,7.672786
2019[Cu][sql]2[ASR]7,-0.42795017,11.137006
2019[Cu][sql]2[ASR]8,1.6909344,9.805143
2019[Cu][sql]2[ASR]9,-3.8808975,11.233086
2019[Cu][sql]2[FSR]1,0.19641148,13.209374
2019[Cu][sql]2[FSR]2,2.3554883,11.887388
2019[Cu][sql]2[FSR]3,-3.1733327,12.291389
2019[Cu][sql]2[FSR]4,-2.9521925,13.836596
2019[Cu][sql]2[FSR]5,-0.41774213,11.146438
2019[Cu][sql]2[FSR]6,-3.9125981,11.224534
2019[Cu][sql]2[FSR]8,-4.7522945,12.671829
2019[Cu][sql]2[ION]1,1.967257,12.518955
2019[Cu][ssa]3[ASR]1,-1.1119444,3.658917
2019[Cu][ssa]3[FSR]1,-2.338052,7.8830185
2019[Cu][tbo]3[ASR]1,-2.2486398,2.241986
2019[Cu][tbo]3[ASR]2,-2.0524564,2.4734645
2019[Cu][tbo]3[ASR]3,-2.0501003,2.4417925
2019[Cu][tbo]3[FSR]1,-0.6523821,4.2769504
2019[Dy][bnn]3[ASR]1,3.1036565,10.231563
2019[Dy][nan]3[ASR]1,2.8589582,6.60835
2019[Dy][nan]3[ASR]3,4.605865,14.634724
2019[Dy][nan]3[ASR]4,0.30776983,4.0472174
2019[Dy][nan]3[FSR]2,4.600463,14.635206
2019[Dy][nan]3[ION]1,-4.320888,11.662702
2019[Dy][pcu]3[ASR]1,2.8461118,15.321238
2019[Dy][pcu]3[FSR]1,2.8488097,15.342798
2019[Dy][sql]2[ASR]1,-3.4922996,9.392976
2019[Dy][sql]2[ASR]2,2.9675002,12.3783245
2019[Dy][sql]2[ASR]3,1.665523,14.740103
2019[Dy][sql]2[ASR]4,1.6677579,14.778115
2019[Dy][sql]2[FSR]1,-3.3358433,11.495272
2019[Dy][sql]2[FSR]3,-3.7112894,14.278812
2019[Dy][sql]2[FSR]4,-3.77339,14.309569
2019[ErCo][bex]2[ION]1,2.219416,12.074398
2019[Er][hcb]2[ASR]1,-6.2895594,5.421566
2019[Er][hcb]2[ASR]2,-6.263703,5.445378
2019[Er][hcb]2[ASR]3,-6.2914534,5.4158435
2019[Er][hcb]2[ASR]4,-6.2900276,5.421903
2019[Er][hcb]2[FSR]1,-6.3410773,6.434936
2019[Er][hcb]2[FSR]2,-6.3319445,6.3776975
2019[Er][hcb]2[FSR]3,-6.2750974,6.3467765
2019[Er][kgd]2[ASR]1,2.1255481,6.737884
2019[Er][kgd]2[FSR]1,-3.2018702,8.654798
2019[Er][nan]3[ASR]1,2.874534,6.6642423
2019[Er][nan]3[ASR]2,-6.2580547,5.4568357
2019[Er][nan]3[ASR]3,0.36351693,4.0786943
2019[Er][nan]3[FSR]1,-6.2444444,5.4814878
2019[Eu][bnn]3[ASR]1,3.0570664,10.113256
2019[Eu][flu]3[ION]1,-3.6276953,8.87925
2019[Eu][hcb]2[FSR]1,-1.3097813,12.67095
2019[Eu][kgd]2[ASR]1,2.089881,6.7351923
2019[Eu][kgd]2[FSR]1,-3.2069225,8.749714
2019[Eu][nan]2[ASR]1,2.1981218,14.853789
2019[Eu][nan]2[FSR]1,2.2127113,14.95025
2019[Eu][nan]3[ASR]1,-2.41308,14.863783
2019[Eu][nan]3[ASR]10,-1.8554336,11.704365
2019[Eu][nan]3[ASR]11,4.004602,8.3000765
2019[Eu][nan]3[ASR]2,-1.3598912,12.636591
2019[Eu][nan]3[ASR]3,2.863398,6.613606
2019[Eu][nan]3[ASR]4,-3.9759622,10.467296
2019[Eu][nan]3[ASR]5,-3.9319968,10.483351
2019[Eu][nan]3[ASR]6,2.195943,7.9970284
2019[Eu][nan]3[ASR]7,2.9095862,7.395137
2019[Eu][nan]3[ASR]8,1.8233002,11.570664
2019[Eu][nan]3[ASR]9,3.192329,7.1367874
2019[Eu][nan]3[FSR]2,-3.01954,15.473211
2019[Eu][nan]3[FSR]4,-4.143209,12.127366
2019[Eu][nan]3[FSR]5,-4.438769,11.59018
2019[Eu][nan]3[FSR]6,-3.4415987,10.490685
2019[Eu][nan]3[ION]1,-7.203226,10.490164
2019[Eu][sql]2[ASR]1,3.7482452,10.467574
2019[Eu][sql]2[ASR]2,2.9743552,12.363039
2019[Eu][sql]2[ASR]3,1.6843916,14.680487
2019[Eu][sql]2[ASR]4,1.7037501,14.693248
2019[Eu][sql]2[FSR]1,-3.6382804,14.64069
2019[Eu][sql]2[FSR]2,-3.200636,13.047097
2019[Eu][sql]2[FSR]3,-3.7013183,14.251733
2019[Eu][sql]2[FSR]4,-3.550849,14.196062
2019[Eu][tcs]3[ASR]1,-5.995314,6.9739246
2019[Eu][tcs]3[FSR]1,-6.0176377,7.0065064
2019[Eu][ytw]3[ASR]1,1.3349566,5.291312
2019[Fe][acs]3[ASR]1,-1.2105789,1.0962813
2019[Fe][ant]3[ASR]1,2.4604485,5.0946097
2019[Fe][fmz]3[ASR]1,-1.0741328,1.3974288
2019[Fe][stp]3[ASR]1,-2.049332,-0.10009898
2019[Fe][stp]3[ASR]2,-2.0173159,-0.046938427
2019[GaCu][agw]3[ASR]1,-1.0672146,1.6467961
2019[Gd][bnn]3[ASR]1,3.0529697,10.189699
2019[Gd][bnn]3[ASR]2,-3.22813,14.241789
2019[Gd][bnn]3[FSR]1,-3.5198023,14.524114
2019[Gd][esg]3[ASR]1,1.6650504,6.2022257
2019[Gd][esg]3[ASR]2,1.5632248,6.144251
2019[Gd][flu]3[ION]1,-7.2560835,10.496979
2019[Gd][kgd]2[ASR]1,2.1105676,6.7122927
2019[Gd][kgd]2[ASR]2,2.0784073,7.1735086
2019[Gd][kgd]2[FSR]1,-3.3205903,11.401802
2019[Gd][kgd]2[FSR]2,-3.3493187,11.3341675
2019[Gd][nan]2[ASR]1,1.7355777,14.679701
2019[Gd][nan]2[FSR]1,-3.6525908,14.191489
2019[Gd][nan]3[ASR]1,2.868566,6.623399
2019[Gd][nan]3[ASR]2,-2.31318,9.552274
2019[Gd][nan]3[ASR]3,2.5984583,14.944001
2019[Gd][sql]2[ASR]1,2.9945185,12.371216
2019[Gd][sql]2[ASR]2,1.6618648,14.7399
2019[Gd][sql]2[ASR]3,-3.7014542,14.076527
2019[Gd][sql]2[FSR]2,-3.7215374,14.29752
2019[Gd][sql]2[FSR]3,-3.746286,14.260399
2019[Ho][nan]3[ASR]1,2.8439758,6.639465
2019[Ho][nan]3[ASR]3,0.34237474,4.1810985
2019[Ho][sql]2[ASR]1,-3.3725023,12.719258
2019[Ho][sql]2[FSR]1,-3.4130633,12.934533
2019[Ho][sra]3[ASR]1,-3.3899043,13.2927265
2019[Ho][sra]3[FSR]1,-3.4932513,14.532802
2019[InCu][nbo]3[ASR]1,-1.2955705,1.923447
2019[In][acs]3[FSR]1,1.5786496,6.8527546
2019[In][bpq]3[ASR]1,1.9147835,8.343955
2019[In][bpq]3[ASR]2,-2.1353776,9.404879
2019[In][bpq]3[ASR]3,-2.238446,9.538832
2019[In][bpq]3[ASR]4,4.510794,6.699477
2019[In][bpq]3[ASR]5,-1.832379,8.795875
2019[In][bpq]3[ASR]6,-1.8657379,8.835574
2019[In][bpq]3[FSR]1,1.9173037,8.362432
2019[In][bpq]3[FSR]2,-2.1322536,9.408442
2019[In][bpq]3[FSR]3,-2.209223,9.505886
2019[In][bpq]3[FSR]4,4.489194,6.74637
2019[In][bpq]3[FSR]5,-1.8292601,8.801065
2019[In][bpq]3[FSR]6,-1.8453918,8.805731
2019[In][cdt]3[ASR]1,-6.2013283,6.7433867
2019[In][cdt]3[FSR]1,-6.206499,6.741801
2019[In][fes]2[ASR]1,3.3961406,10.954391
2019[In][fes]2[FSR]1,3.3596873,10.991045
2019[In][kgd]2[ASR]1,0.7548675,5.7710567
2019[In][kgd]2[FSR]1,0.7169769,6.333957
2019[In][mcm]2[ASR]1,2.0256143,6.997747
2019[In][mcm]2[FSR]1,2.0316563,7.003373
2019[In][mmt]3[ASR]1,-0.94796133,1.1408135
2019[In][mmt]3[FSR]1,-0.96842855,1.1652942
2019[In][nan]3[ASR]1,-1.9249536,2.477622
2019[In][nan]3[ASR]2,1.953924,7.187659
2019[In][nan]3[ASR]3,-1.1273646,4.1158767
2019[In][nan]3[FSR]1,-1.9379805,2.477201
2019[In][nan]3[FSR]2,1.9363993,7.1527915
2019[In][sql]2[ASR]1,-0.31594265,7.1673565
2019[In][sql]2[FSR]2,-0.30828673,7.1736674
2019[In][stp]3[ASR]1,-2.0546944,-0.09050192
2019[La][flu]3[ION]1,1.7403353,12.691329
2019[La][flu]3[ION]2,-3.630175,8.855106
2019[La][kgd]2[ASR]1,2.0042274,6.634317
2019[La][kgd]2[FSR]1,-3.075033,8.58743
2019[La][nan]3[ASR]1,2.8574152,6.6884074
2019[La][nan]3[ASR]2,2.7872477,6.8684998
2019[La][nan]3[ASR]3,4.604551,14.632237
2019[La][nan]3[ASR]4,4.4746356,7.4718466
2019[La][nan]3[ASR]5,1.798395,12.548344
2019[La][nan]3[ASR]6,2.2481875,12.899325
2019[La][nan]3[FSR]2,-2.4056234,12.865033
2019[La][nan]3[FSR]4,-4.020507,13.588986
2019[La][pcu]3[ASR]1,2.860701,15.319366
2019[La][pcu]3[ASR]2,2.8470418,15.333956
2019[La][pcu]3[FSR]1,2.8628368,15.345265
2019[La][pcu]3[FSR]2,2.8876708,15.318792
2019[La][scu]3[ASR]1,-4.4136105,12.00749
2019[La][scu]3[FSR]1,-4.369415,12.130844
2019[La][sql]2[ASR]1,-3.757131,14.05171
2019[La][sql]2[ASR]2,-1.2582772,12.710247
2019[La][sql]2[FSR]1,-3.7451615,14.005866
2019[La][sql]2[FSR]2,-1.6574625,12.909654
2019[Lu][pcu]3[ASR]1,2.8234851,15.412685
2019[Lu][pcu]3[ASR]2,2.8219683,15.34882
2019[Lu][pcu]3[FSR]1,2.8569252,15.385371
2019[Lu][pcu]3[FSR]2,2.8198042,15.373437
2019[Mg][nan]2[ASR]1,1.8378165,7.91863
2019[Mg][nan]2[ASR]2,1.8665531,7.7302604
2019[Mg][nan]2[FSR]1,1.7106291,7.982102
2019[Mg][nan]2[FSR]2,1.7155211,7.9144835
2019[Mg][nan]3[ASR]1,-4.237549,2.2470994
2019[Mg][nan]3[ASR]2,-4.2493796,2.24704
2019[Mg][nan]3[ASR]3,-4.25462,2.2489076
2019[Mg][nan]3[FSR]1,-2.5990407,10.026473
2019[Mg][nan]3[ION]1,-3.1791644,8.83713
2019[Mg][sql]2[ASR]1,1.8880967,9.909388
2019[Mg][sql]2[FSR]1,-3.9106643,9.584574
2019[Mn][bpq]3[ASR]1,5.6032186,11.5087
2019[Mn][bpq]3[FSR]1,5.6171517,11.504362
2019[Mn][fsc]3[ASR]1,1.7427781,12.058919
2019[Mn][fsc]3[FSR]1,1.7315136,12.046426
2019[Mn][kgd]2[ASR]1,-1.2541165,3.2440476
2019[Mn][nan]3[ASR]2,-1.105369,10.94087
2019[Mn][nan]3[FSR]1,-3.2969842,8.312256
2019[Mn][nan]3[FSR]3,-2.0668278,11.629183
2019[Mn][sql]2[FSR]2,-3.6487653,14.722438
2019[Mn][srs]3[ASR]1,1.6453775,8.648062
2019[Mn][srs]3[FSR]1,1.6468364,8.6177025
2019[Nd][bnn]3[ION]1,-7.325527,10.520085
2019[Nd][fit]3[ION]1,1.6749529,12.688451
2019[Nd][flu]3[ASR]1,1.0554667,7.9789386
2019[Nd][flu]3[FSR]1,-3.7410119,9.153378
2019[Nd][flu]3[ION]1,-3.6516595,8.913808
2019[Nd][kgd]2[ASR]1,2.070314,6.6760516
2019[Nd][kgd]2[FSR]1,-3.0542097,8.396863
2019[Nd][kgd]2[ION]1,-3.9115615,10.499481
2019[Nd][nan]3[ASR]1,2.872784,6.626315
2019[Nd][nan]3[ASR]2,4.460337,7.564105
2019[Nd][nan]3[FSR]1,-2.4537194,12.88017
2019[Nd][nan]3[ION]1,-7.5181184,10.544592
2019[Nd][pcu]3[ASR]1,2.8771908,15.354445
2019[Nd][pcu]3[ASR]2,2.8610263,15.373951
2019[Nd][pcu]3[FSR]1,2.9120357,15.323174
2019[Nd][pcu]3[FSR]2,2.869098,15.371807
2019[Nd][sql]2[ASR]1,1.8282893,14.568667
2019[Nd][sql]2[FSR]1,-3.773718,13.87416
2019[Ni][dia]3[ASR]1,1.0294707,13.445553
2019[Ni][dia]3[ASR]2,0.6893749,5.913451
2019[Ni][dia]3[ASR]3,0.83398134,6.406134
2019[Ni][dia]3[ASR]4,1.21232,9.053752
2019[Ni][dia]3[FSR]1,1.0086639,13.45273
2019[Ni][dia]3[FSR]2,0.7031355,5.9001017
2019[Ni][dia]3[FSR]3,0.8248917,6.3733325
2019[Ni][dia]3[FSR]4,1.2556365,9.084464
2019[Ni][fcu]3[ASR]1,-0.6387742,2.839433
2019[Ni][fcu]3[FSR]1,-0.6651721,2.7683666
2019[Ni][fes]2[ASR]1,-0.51653177,10.62253
2019[Ni][gra]3[ASR]1,-2.6738112,11.369358
2019[Ni][gra]3[FSR]1,-2.6537693,11.375511
2019[Ni][hcb]2[ASR]1,0.660327,7.487071
2019[Ni][hcb]2[ASR]2,1.4346522,7.725089
2019[Ni][hcb]2[ASR]3,1.6621323,9.207571
2019[Ni][hcb]2[FSR]1,-4.393907,10.545266
2019[Ni][nan]2[ASR]1,1.5661465,12.088264
2019[Ni][nan]3[ASR]1,-4.348999,2.311089
2019[Ni][nan]3[ASR]2,-2.2868385,9.79022
2019[Ni][nan]3[ASR]3,-4.354991,2.324349
2019[Ni][nan]3[ASR]4,-3.985632,10.582219
2019[Ni][nan]3[ASR]9,-3.0439925,7.8165755
2019[Ni][nan]3[FSR]1,-3.5422404,13.476096
2019[Ni][nan]3[FSR]2,-2.5682395,10.117536
2019[Ni][nan]3[FSR]3,-4.028077,10.805112
2019[Ni][nan]3[FSR]4,-3.3327348,8.343737
2019[Ni][nan]3[FSR]9,-3.0692234,7.7774487
2019[Ni][pcu]3[ASR]1,-8.585117,10.650641
2019[Ni][pcu]3[FSR]1,-8.550965,10.614964
2019[Ni][sql]2[ASR]2,-4.8575115,13.336869
2019[Np][shp]3[ASR]1,-4.349067,2.2759142
2019[Np][shp]3[FSR]1,4.4373064,6.751803
2019[Pb][nan]2[ASR]1,2.5987148,14.30345
2019[Pb][nan]2[ASR]2,-2.7966282,14.343435
2019[Pb][nan]2[FSR]1,2.6125798,14.276212
2019[Pb][nan]2[FSR]2,-2.7901773,14.355254
2019[Pr][nan]3[ASR]1,2.8743422,6.622706
2019[Pr][nan]3[ASR]2,3.7399092,10.549697
2019[Pr][nan]3[ASR]3,-2.4690711,12.906256
2019[Pr][nan]3[FSR]1,-3.4918282,13.533282
2019[Pr][nan]3[FSR]2,-2.459812,12.907995
2019[Sc][soc]3[ASR]1,-1.2155892,4.299074
2019[Sm][flu]3[ION]1,-3.6892827,8.878382
2019[Sm][hcb]2[ION]1,-6.3361325,6.412272
2019[Sm][kgd]2[ASR]1,2.0933385,6.7252307
2019[Sm][kgd]2[FSR]1,-3.0582345,8.455327
2019[Sm][nan]2[ASR]1,1.8066312,14.6308565
2019[Sm][nan]2[FSR]1,-3.6368937,14.132111
2019[Sm][nan]3[ASR]1,-1.5141819,12.89515
2019[Sm][nan]3[ASR]2,2.876341,6.5958986
2019[Sm][nan]3[FSR]1,-2.8805811,15.279262
2019[Sm][nan]3[ION]1,-7.222393,10.495746
2019[Sm][sqc]3[ASR]1,4.5960307,7.842606
2019[Sm][sqc]3[FSR]1,-2.7569065,14.773061
2019[Sm][sql]2[ASR]1,2.9814172,12.377962
2019[Sm][sql]2[FSR]1,-3.139704,12.960786
2019[TbNi][hcb]2[FSR]1,-3.1060238,12.875892
2019[Tb][bnn]3[ASR]1,3.08024,10.1647625
2019[Tb][fcu]3[ASR]1,-1.1098895,2.7608864
2019[Tb][nan]3[ASR]1,-3.0709093,12.652666
2019[Tb][nan]3[ASR]2,2.8795753,6.7543955
2019[Tb][nan]3[ASR]3,2.9115217,6.8462577
2019[Tb][nan]3[ASR]4,-3.9560754,10.539754
2019[Tb][nan]3[ASR]6,1.8155392,11.633735
2019[Tb][nan]3[ASR]7,-2.8815846,14.12503
2019[Tb][nan]3[FSR]2,-4.4111743,11.685944
2019[Tb][nan]3[FSR]3,-3.5308986,14.831525
2019[Tb][nan]3[ION]1,-7.1845145,10.485477
2019[Tb][nan]3[ION]2,-4.328259,11.63634
2019[Tb][pts]3[ASR]1,-2.1649475,9.571377
2019[Tb][she]3[ION]1,-1.385089,1.4745705
2019[Tb][sqc]3[ASR]1,4.60492,7.8099065
2019[Tb][sqc]3[FSR]1,-2.7349176,14.721841
2019[Tb][sqc]3[ION]1,-7.160165,10.4860325
2019[Tb][sql]2[ASR]1,2.991951,12.392148
2019[Tb][sql]2[ASR]2,-3.759952,14.163207
2019[Tb][sql]2[ASR]3,1.6564626,14.816091
2019[Tb][sql]2[FSR]1,-3.2210884,13.033171
2019[Tb][sql]2[FSR]2,-3.737343,14.269286
2019[Tb][sql]2[FSR]3,1.5708276,14.854506
2019[Tb][urx]3[ASR]1,-1.2956638,1.8857697
2019[Tb][urx]3[FSR]1,-1.2760497,2.1875432
2019[Th][bcu]3[ASR]1,-1.1820886,2.1235707
2019[Th][bcu]3[FSR]1,-1.1956635,2.225492
2019[Tm][nan]2[ASR]1,-0.9231931,7.5208216
2019[U][ctn]3[ASR]1,4.5781355,7.47579
2019[U][ctn]3[FSR]1,4.6415977,7.8732357
2019[U][nan]3[ASR]1,4.534491,7.8295436
2019[U][nan]3[FSR]1,-2.7998505,15.465849
2019[U][pts]3[FSR]1,-3.5739458,10.252467
2019[V][bpq]3[ASR]1,4.8423295,10.860271
2019[V][bpq]3[ASR]2,5.6367807,17.508446
2019[V][bpq]3[ASR]3,-9.237711,11.355447
2019[V][bpq]3[ASR]4,5.0012274,9.409107
2019[V][bpq]3[FSR]1,4.84642,10.858477
2019[V][bpq]3[FSR]2,5.6357775,17.508112
2019[V][bpq]3[FSR]3,-9.230386,11.349505
2019[V][bpq]3[FSR]4,4.981267,9.408731
2019[V][nan]3[ASR]3,5.1034403,9.222586
2019[V][nan]3[ASR]4,4.0901704,5.7585435
2019[V][nan]3[FSR]3,5.1077056,9.226472
2019[V][nan]3[FSR]4,4.049017,5.7698627
2019[YK][nan]3[ION]1,-2.134047,14.3529005
2019[Y][nan]3[ASR]1,2.5785196,8.779648
2019[Y][nan]3[FSR]1,-3.9989126,11.029955
2019[Y][pcu]3[ASR]1,0.7656769,3.8089206
2019[Y][sqc]3[ION]1,-4.011874,11.52342
2019[YbCu][tbo]3[FSR]1,-2.0192983,1.0609579
2019[Yb][bnn]3[ION]1,-7.231444,10.491041
2019[Yb][nan]2[ASR]1,1.8783429,11.470841
2019[Yb][nan]2[ASR]2,-4.7711105,11.387265
2019[Yb][nan]2[FSR]1,1.8947012,11.480459
2019[Yb][nan]2[FSR]2,-4.7916865,11.31668
2019[Yb][sqc]3[ION]1,-3.9092236,10.279402
2019[Yb][sql]2[ASR]1,2.9795713,12.40118
2019[ZnMn][nan]3[ASR]1,-9.27296,11.369318
2019[ZnMn][nan]3[FSR]1,-9.32206,11.417616
2019[ZnSi][pcu]3[ASR]1,5.9433637,18.426579
2019[ZnSi][pcu]3[FSR]1,5.942931,18.425898
2019[Zn][ant]3[ASR]1,-1.437722,1.3521556
2019[Zn][bbf]3[ASR]1,-2.3079123,7.920327
2019[Zn][bbf]3[FSR]1,-2.3160918,7.9221997
2019[Zn][bcg]3[ASR]1,2.5199752,5.0705433
2019[Zn][bcg]3[FSR]1,2.5433333,5.094031
2019[Zn][cag]3[ASR]1,5.175062,11.852612
2019[Zn][cag]3[ASR]2,5.209522,11.859657
2019[Zn][cag]3[FSR]1,5.179604,11.885448
2019[Zn][cag]3[FSR]2,5.218169,11.860174
2019[Zn][dia]3[ASR]1,-0.8554109,16.479025
2019[Zn][dia]3[ASR]2,2.0875707,12.543912
2019[Zn][dia]3[ASR]5,-0.8185829,10.7955475
2019[Zn][dia]3[ASR]6,1.3059608,11.7710085
2019[Zn][dia]3[FSR]1,-0.8519233,16.484037
2019[Zn][dia]3[FSR]2,2.102098,12.518213
2019[Zn][dia]3[FSR]5,-0.8045422,10.761473
2019[Zn][dia]3[FSR]6,1.2988412,11.802147
2019[Zn][dmc]3[ASR]1,3.3088748,11.814163
2019[Zn][dmc]3[FSR]1,3.2682629,11.75211
2019[Zn][etf]3[ASR]1,4.6700206,13.08308
2019[Zn][etf]3[ASR]5,4.703777,13.039814
2019[Zn][etf]3[FSR]1,4.672768,13.089788
2019[Zn][etf]3[FSR]5,4.6774755,13.069818
2019[Zn][fsc]3[ASR]1,2.0134506,10.392423
2019[Zn][fsc]3[FSR]1,2.046489,10.424019
2019[Zn][hcb]2[ASR]1,-3.5988793,10.933289
2019[Zn][hcb]2[ASR]2,-4.31244,10.884735
2019[Zn][hcb]2[ASR]3,-4.819359,11.024747
2019[Zn][hcb]2[ASR]4,-4.516008,12.451421
2019[Zn][hcb]2[ASR]5,0.6282258,7.606889
2019[Zn][hcb]2[ASR]6,3.106386,14.292571
2019[Zn][hcb]2[FSR]1,-3.7643657,11.467033
2019[Zn][hcb]2[FSR]2,-4.335444,10.875265
2019[Zn][hcb]2[FSR]3,-4.8287764,11.038094
2019[Zn][hcb]2[FSR]4,-4.4409537,12.425873
2019[Zn][hcb]2[FSR]5,1.5306534,9.781002
2019[Zn][hcb]2[FSR]6,-4.17508,13.93407
2019[Zn][kgd]2[ASR]1,-2.2997663,9.427673
2019[Zn][kgd]2[ASR]2,-3.6804864,13.573831
2019[Zn][kgd]2[FSR]1,-3.6373582,12.782575
2019[Zn][kgd]2[FSR]2,-3.6547966,13.554576
2019[Zn][lon]3[ASR]1,-3.1492345,10.768159
2019[Zn][lon]3[ASR]2,-3.1734788,10.783926
2019[Zn][lon]3[ASR]3,-3.1913283,10.887362
2019[Zn][lon]3[ASR]4,-3.2903955,11.017116
2019[Zn][lon]3[ASR]5,-3.163854,10.816558
2019[Zn][lon]3[ASR]7,-3.4470277,11.347958
2019[Zn][lon]3[ASR]8,-3.488376,11.412512
2019[Zn][lon]3[FSR]1,-3.20656,10.701787
2019[Zn][lon]3[FSR]2,-3.1643994,10.789828
2019[Zn][lon]3[FSR]3,-3.1933503,10.875887
2019[Zn][lon]3[FSR]4,-3.3134613,11.0507765
2019[Zn][lon]3[FSR]5,-3.119531,10.831414
2019[Zn][lon]3[FSR]7,-3.434257,11.335867
2019[Zn][lon]3[FSR]8,-3.438974,11.421352
2019[Zn][lvt]3[ASR]1,0.8140044,9.821745
2019[Zn][lvt]3[FSR]1,0.81660885,9.843593
2019[Zn][mog]3[ASR]1,-4.814988,11.02019
2019[Zn][mog]3[ASR]2,-4.8240795,10.950718
2019[Zn][mog]3[ASR]3,-4.8865633,11.172336
2019[Zn][mog]3[ASR]4,-4.8607383,11.09154
2019[Zn][mog]3[FSR]1,-4.8557434,11.004955
2019[Zn][mog]3[FSR]2,-4.7950783,10.910702
2019[Zn][mog]3[FSR]3,-4.867877,11.132356
2019[Zn][mog]3[FSR]4,-4.8646297,11.096354
2019[Zn][mys]3[ASR]1,3.874885,14.892734
2019[Zn][mys]3[FSR]1,3.8740776,14.885928
2019[Zn][nan]2[ASR]1,-2.8361654,14.39092
2019[Zn][nan]2[ASR]2,-5.095002,13.80889
2019[Zn][nan]2[ASR]3,1.4957203,9.994894
2019[Zn][nan]2[ASR]4,1.9237443,10.178042
2019[Zn][nan]2[ASR]5,1.9129298,10.1939335
2019[Zn][nan]2[ASR]6,1.9824779,10.275405
2019[Zn][nan]2[ASR]7,1.9573671,10.230926
2019[Zn][nan]2[ASR]8,1.950509,10.197796
2019[Zn][nan]2[ASR]9,1.8533403,10.187723
2019[Zn][nan]2[FSR]1,-5.1139846,13.800981
2019[Zn][nan]2[FSR]2,1.4814814,9.9458475
2019[Zn][nan]2[FSR]3,1.9376987,10.20995
2019[Zn][nan]2[FSR]4,1.9311233,10.185553
2019[Zn][nan]2[FSR]5,1.970088,10.270405
2019[Zn][nan]2[FSR]6,1.9437215,10.22815
2019[Zn][nan]2[FSR]7,1.948135,10.142726
2019[Zn][nan]2[FSR]8,1.8637052,10.156442
2019[Zn][nan]3[ASR]10,-4.516584,2.1869702
2019[Zn][nan]3[ASR]11,-1.3598722,4.1643596
2019[Zn][nan]3[ASR]12,-1.1086347,11.627388
2019[Zn][nan]3[ASR]17,3.8416448,14.995102
2019[Zn][nan]3[ASR]18,3.833264,15.048284
2019[Zn][nan]3[ASR]19,3.839727,15.02534
2019[Zn][nan]3[ASR]2,-10.005508,12.215061
2019[Zn][nan]3[ASR]20,3.845666,15.021758
2019[Zn][nan]3[ASR]21,3.8234494,15.081829
2019[Zn][nan]3[ASR]24,3.8341804,15.046682
2019[Zn][nan]3[ASR]25,3.2146122,5.972916
2019[Zn][nan]3[ASR]26,3.3864377,6.3899355
2019[Zn][nan]3[ASR]28,3.022173,11.64618
2019[Zn][nan]3[ASR]3,6.0900526,12.585676
2019[Zn][nan]3[ASR]4,-1.0873091,4.388361
2019[Zn][nan]3[ASR]5,-0.3155465,3.1628244
2019[Zn][nan]3[ASR]6,6.171261,12.496155
2019[Zn][nan]3[FSR]10,-1.1384778,11.650476
2019[Zn][nan]3[FSR]15,-4.2116704,10.518662
2019[Zn][nan]3[FSR]16,3.844116,15.005291
2019[Zn][nan]3[FSR]17,3.8363018,15.054764
2019[Zn][nan]3[FSR]18,3.8387375,15.029761
2019[Zn][nan]3[FSR]19,3.844461,15.029061
2019[Zn][nan]3[FSR]2,6.0959773,12.627448
2019[Zn][nan]3[FSR]20,3.8142214,15.090096
2019[Zn][nan]3[FSR]23,3.8297186,15.058913
2019[Zn][nan]3[FSR]24,1.9567398,13.222822
2019[Zn][nan]3[FSR]25,-3.4145603,10.004744
2019[Zn][nan]3[FSR]27,3.0329664,11.637207
2019[Zn][nan]3[FSR]3,-1.0472633,4.354857
2019[Zn][nan]3[FSR]4,-1.017629,4.466905
2019[Zn][nan]3[FSR]5,6.2040315,12.4548645
2019[Zn][nan]3[FSR]9,-1.3931383,4.185198
2019[Zn][nan]3[ION]1,1.1935393,12.536766
2019[Zn][pcu]3[ASR]1,-9.316502,11.424876
2019[Zn][pcu]3[ASR]2,5.6399355,12.352736
2019[Zn][pcu]3[ASR]3,2.1552896,8.620901
2019[Zn][pcu]3[ASR]4,-3.7542198,9.022358
2019[Zn][pcu]3[ASR]5,-3.7345016,9.001585
2019[Zn][pcu]3[ASR]6,2.063555,12.088567
2019[Zn][pcu]3[ASR]7,-0.15220785,2.6641996
2019[Zn][pcu]3[FSR]1,-9.314149,11.422327
2019[Zn][pcu]3[FSR]2,5.607508,12.3539
2019[Zn][pcu]3[FSR]3,2.1475286,8.630398
2019[Zn][pcu]3[FSR]4,-3.7736776,8.975093
2019[Zn][pcu]3[FSR]5,-3.7400815,9.003995
2019[Zn][pcu]3[FSR]6,2.0180259,12.026314
2019[Zn][pcu]3[FSR]7,-0.11558522,2.6988685
2019[Zn][pts]3[ASR]1,2.6942782,8.347852
2019[Zn][pts]3[ASR]2,2.5534644,5.142894
2019[Zn][pts]3[ASR]3,3.2321095,11.098952
2019[Zn][pts]3[ASR]4,2.462068,8.129611
2019[Zn][pts]3[FSR]1,2.7187164,8.371847
2019[Zn][pts]3[FSR]2,2.552826,5.1453295
2019[Zn][pts]3[FSR]3,3.2337954,11.071773
2019[Zn][pts]3[FSR]4,2.4517853,8.11272
2019[Zn][pts]3[FSR]6,-3.4830322,10.228436
2019[Zn][pyr]3[ASR]1,-1.8114536,8.752168
2019[Zn][pyr]3[FSR]1,-3.573861,12.712929
2019[Zn][raa]3[ASR]1,5.169135,12.069466
2019[Zn][raa]3[ASR]3,5.213245,12.146105
2019[Zn][raa]3[FSR]1,5.158619,12.062648
2019[Zn][raa]3[FSR]3,5.214218,12.148569
2019[Zn][sab]3[ASR]1,4.31332,5.7921524
2019[Zn][sit]3[ASR]1,0.87362033,8.217452
2019[Zn][sit]3[ION]1,1.0183444,8.418403
2019[Zn][snz]3[ASR]1,-0.23310697,2.4881194
2019[Zn][snz]3[FSR]1,-0.26562503,2.4869826
2019[Zn][sqc]3[ASR]1,-0.02902033,17.824636
2019[Zn][sqc]3[FSR]1,-0.04216083,17.815525
2019[Zn][sql]2[ASR]1,0.5813128,11.516998
2019[Zn][sql]2[ASR]10,2.0903466,12.536157
2019[Zn][sql]2[ASR]11,-4.6161413,10.38736
2019[Zn][sql]2[ASR]12,1.0366881,12.717555
2019[Zn][sql]2[ASR]13,1.0301836,12.885785
2019[Zn][sql]2[ASR]14,1.0017054,12.749026
2019[Zn][sql]2[ASR]18,1.1751118,11.949701
2019[Zn][sql]2[ASR]19,1.5114056,13.5400505
2019[Zn][sql]2[ASR]2,1.5513872,4.233376
2019[Zn][sql]2[ASR]22,2.5101223,13.779118
2019[Zn][sql]2[ASR]24,0.7139805,6.012003
2019[Zn][sql]2[ASR]3,0.03952526,4.5576496
2019[Zn][sql]2[ASR]4,1.5800817,12.095757
2019[Zn][sql]2[ASR]5,0.13970919,12.942027
2019[Zn][sql]2[ASR]6,-2.977787,8.289661
2019[Zn][sql]2[ASR]7,-2.9991403,8.32819
2019[Zn][sql]2[ASR]8,1.5394688,11.220732
2019[Zn][sql]2[ASR]9,0.77061415,6.0958905
2019[Zn][sql]2[FSR]1,0.577739,11.512152
2019[Zn][sql]2[FSR]10,0.7706032,6.1681595
2019[Zn][sql]2[FSR]11,2.1139824,12.556239
2019[Zn][sql]2[FSR]12,-4.609466,10.481371
2019[Zn][sql]2[FSR]13,1.1275725,12.646414
2019[Zn][sql]2[FSR]14,1.0017319,12.913557
2019[Zn][sql]2[FSR]15,1.010069,12.6750965
2019[Zn][sql]2[FSR]19,1.1746289,11.929784
2019[Zn][sql]2[FSR]2,1.8288158,7.854532
2019[Zn][sql]2[FSR]20,1.50797,13.561178
2019[Zn][sql]2[FSR]23,2.5016406,13.697187
2019[Zn][sql]2[FSR]3,-1.2852702,4.713504
2019[Zn][sql]2[FSR]4,1.5637674,12.116764
2019[Zn][sql]2[FSR]5,0.12335179,13.011689
2019[Zn][sql]2[FSR]7,-2.93161,8.361393
2019[Zn][sql]2[FSR]8,-3.0114992,8.33302
2019[Zn][sql]2[FSR]9,1.586105,11.183048
2019[Zn][sql]2[ION]1,-3.7918777,11.093114
2019[Zn][sqp]3[ASR]1,0.5790517,11.43254
2019[Zn][sqp]3[FSR]1,0.6150671,11.361695
2019[Zn][sra]3[ASR]1,-1.1701207,3.7023206
2019[Zn][tfw]3[ASR]1,6.1132703,12.536937
2019[Zn][tfw]3[FSR]1,6.0546565,12.672382
2019[Zn][tfz]3[ASR]1,-3.1221356,8.601621
2019[Zn][tfz]3[FSR]1,-3.1363819,8.6467905
2019[Zn][ths]3[ASR]1,-3.8726811,10.963039
2019[Zn][ths]3[FSR]1,-3.8384967,10.92623
2019[Zn][utp]3[ASR]1,0.2607469,5.7644186
2019[Zn][utp]3[ASR]2,-0.034582406,5.7251635
2019[Zr][bcu]3[ASR]1,-0.9648379,2.2958353
2019[Zr][bcu]3[ASR]2,-0.05220271,3.3387425
2019[Zr][bcu]3[ASR]3,0.77332306,16.699478
2019[Zr][bcu]3[FSR]1,0.7882077,16.696152
2019[Zr][bey]2[ASR]1,2.9964783,12.325622
2019[Zr][bey]2[FSR]1,2.9932656,12.332381
2019[Zr][csq]3[ASR]1,-1.7483478,0.42756003
2019[Zr][csq]3[ASR]2,-1.7313989,0.38509002
2019[Zr][csq]3[ASR]3,-1.7635227,0.46569073
2019[Zr][flu]3[ASR]1,-0.6786202,2.2324812
2019[Zr][flu]3[ASR]2,-1.1439253,3.4068296
2019[Zr][flu]3[ASR]3,0.68450564,4.0985284
2019[Zr][nan]2[ASR]1,0.5947141,4.5734696
2019[Zr][nan]2[ASR]2,2.978905,5.6490417
2019[Zr][nan]3[ASR]1,3.9767883,7.9427123
2019[Zr][nan]3[FSR]1,4.036729,8.04012
2019[Zr][pts]3[ASR]1,4.928208,10.664377
2019[Zr][pts]3[FSR]1,4.9293284,10.660699
2019[Zr][scu]3[ASR]1,0.8887865,4.2927647
2019[Zr][scu]3[ASR]2,-1.1997339,1.6048013
2019[Zr][scu]3[ASR]3,0.52500874,4.665212
2019[Zr][scu]3[ASR]4,0.47736168,4.532026
2019[Zr][scu]3[ASR]5,-1.666453,0.40550062
2019[Zr][sjt]3[ASR]1,-1.2970593,1.2279677
2019[Zr][sqc]3[ASR]1,-1.133303,1.164911
2019[Zr][zll]3[ASR]1,1.0278897,4.5419703
2020[Ag][nbo]3[ASR]1,-0.48938912,3.4197943
2020[Ag][nbo]3[ASR]2,0.9051567,7.5274625
2020[Ag][nbo]3[FSR]1,0.8933974,7.5231624
2020[Ag][pts]3[ASR]1,0.754461,9.416601
2020[Ag][pts]3[FSR]1,0.77006215,9.4271965
2020[AlFe][rna]3[ASR]1,7.9283204,1.4802426
2020[Al][fmz]3[ASR]1,-1.1025156,1.3724252
2020[Al][nan]3[ASR]2,2.1679077,8.490745
2020[Al][nan]3[ASR]3,2.1877172,8.520242
2020[Al][nan]3[FSR]2,2.1906245,8.47031
2020[Al][nan]3[FSR]3,2.177637,8.530564
2020[Bi][rtl]3[FSR]1,2.2288632,11.747686
2020[Bi][sql]2[ION]1,-4.194384,11.263175
2020[CdEu][nan]3[FSR]1,3.050417,14.009197
2020[CdNa][nan]3[ION]1,-4.042696,11.355179
2020[Cd][ant]3[FSR]1,-2.8071203,9.685961
2020[Cd][apo]3[ASR]1,3.998696,5.585888
2020[Cd][apo]3[FSR]1,4.001445,5.696352
2020[Cd][dia]3[ASR]1,0.96781635,9.4474325
2020[Cd][dia]3[ASR]5,2.096054,12.413305
2020[Cd][dia]3[ASR]6,0.9991176,14.063713
2020[Cd][dia]3[FSR]1,0.9825843,9.434287
2020[Cd][dia]3[FSR]5,2.1247106,12.461892
2020[Cd][dia]3[FSR]6,0.9547287,14.034273
2020[Cd][fes]2[ASR]1,-2.3672626,8.41419
2020[Cd][fes]2[ASR]2,0.19426028,4.089855
2020[Cd][fes]2[ASR]3,2.8716776,9.050048
2020[Cd][fes]2[FSR]1,-4.1854863,11.766458
2020[Cd][fes]2[FSR]3,1.6715602,12.52691
2020[Cd][hcb]2[ASR]1,0.22048864,12.903308
2020[Cd][hcb]2[ASR]2,-3.8520052,12.2685995
2020[Cd][hcb]2[ASR]4,1.3462698,14.045615
2020[Cd][hcb]2[FSR]1,0.24431522,12.90626
2020[Cd][hcb]2[FSR]2,-4.005033,13.188659
2020[Cd][hcb]2[FSR]4,-4.7729983,13.896656
2020[Cd][hcb]2[ION]1,-2.8279731,14.296963
2020[Cd][hms]3[ASR]1,-5.005544,11.498482
2020[Cd][hms]3[FSR]1,-4.9978642,11.488051
2020[Cd][kgd]2[ASR]1,0.38792422,3.794202
2020[Cd][kgd]2[ASR]2,1.7816912,7.7126307
2020[Cd][kgd]2[ASR]3,2.0264342,9.9942665
2020[Cd][kgd]2[ASR]4,2.3964314,14.379506
2020[Cd][kgd]2[ASR]5,4.110937,5.706496
2020[Cd][kgd]2[FSR]1,0.4896983,4.8838286
2020[Cd][kgd]2[FSR]2,1.8132218,7.798503
2020[Cd][kgd]2[FSR]3,2.0463767,10.019183
2020[Cd][kgd]2[FSR]4,2.2335758,14.719454
2020[Cd][nan]3[ASR]2,-3.3331914,13.238176
2020[Cd][nan]3[ASR]3,1.2325318,7.632382
2020[Cd][nan]3[ASR]4,-4.212733,11.181022
2020[Cd][nan]3[ASR]5,-0.32079983,5.9795947
2020[Cd][nan]3[ASR]6,3.5585124,11.988442
2020[Cd][nan]3[ASR]7,3.4506545,11.980956
2020[Cd][nan]3[FSR]2,-3.6987822,9.009887
2020[Cd][nan]3[FSR]3,-4.1874547,11.173674
2020[Cd][nan]3[FSR]4,-2.3353899,7.2838655
2020[Cd][nan]3[FSR]5,3.5603771,11.987238
2020[Cd][nan]3[FSR]6,3.4582896,11.982841
2020[Cd][nan]3[FSR]8,2.2160954,10.86623
2020[Cd][pcu]3[ASR]1,1.2144003,7.0262814
2020[Cd][pcu]3[ASR]2,-0.33477306,11.207927
2020[Cd][pcu]3[ASR]3,-0.35490152,11.28932
2020[Cd][pcu]3[ASR]4,-1.2290393,11.11934
2020[Cd][pcu]3[ASR]5,-1.0888928,10.391701
2020[Cd][pcu]3[FSR]1,1.223766,7.0220695
2020[Cd][pcu]3[FSR]2,-0.35838237,11.206247
2020[Cd][pcu]3[FSR]3,-0.3440264,11.319068
2020[Cd][pcu]3[FSR]4,-1.2390378,11.143726
2020[Cd][pcu]3[FSR]5,-1.0615563,10.42003
2020[Cd][pts]3[ASR]2,2.2376359,9.568542
2020[Cd][rtl]3[ASR]1,2.6959465,10.796767
2020[Cd][rtl]3[FSR]1,2.679258,10.798144
2020[Cd][rtl]3[ION]1,1.4663607,9.286747
2020[Cd][sod]3[ASR]1,-0.2297946,3.9768264
2020[Cd][sod]3[FSR]1,-1.2183466,4.5741363
2020[Cd][sql]2[ASR]1,2.1933486,6.864414
2020[Cd][sql]2[ASR]11,-3.1482308,8.247645
2020[Cd][sql]2[ASR]2,1.5666339,11.564493
2020[Cd][sql]2[ASR]3,-4.245259,10.245998
2020[Cd][sql]2[ASR]4,2.1432996,12.537282
2020[Cd][sql]2[ASR]5,-4.683918,12.384439
2020[Cd][sql]2[ASR]6,-4.279812,10.18534
2020[Cd][sql]2[ASR]7,-4.3946657,10.580178
2020[Cd][sql]2[ASR]8,-4.3402157,10.348679
2020[Cd][sql]2[ASR]9,1.0783275,13.419757
2020[Cd][sql]2[FSR]1,1.8815222,9.937519
2020[Cd][sql]2[FSR]11,-3.1783953,8.309362
2020[Cd][sql]2[FSR]2,1.5813998,11.5689
2020[Cd][sql]2[FSR]3,-4.2654967,10.246424
2020[Cd][sql]2[FSR]4,2.1140034,12.546452
2020[Cd][sql]2[FSR]5,-4.678397,12.429727
2020[Cd][sql]2[FSR]6,-4.244703,10.144494
2020[Cd][sql]2[FSR]7,-4.4081845,10.583755
2020[Cd][sql]2[FSR]8,-4.376267,10.331173
2020[CeCu][nan]2[ASR]1,3.6713417,13.821723
2020[Ce][bpq]3[ASR]1,-6.2725797,6.690277
2020[Ce][hex]3[ASR]1,-9.99442,12.222883
2020[Ce][nan]3[ASR]1,4.3962274,7.669357
2020[Ce][pcu]3[ASR]1,1.4061034,4.220393
2020[Ce][pts]3[ASR]1,5.4228196,11.635641
2020[Ce][pts]3[FSR]1,5.6823792,12.087163
2020[CoNa][ant]3[ION]1,2.0543184,8.229666
2020[CoRu][sql]2[ASR]1,1.5002832,8.728609
2020[CoRu][sql]2[FSR]1,1.5257416,8.734988
2020[CoSi][nan]3[FSR]1,-4.1947455,11.421101
2020[CoU][hcb]2[ASR]1,2.1509073,9.773382
2020[Co][anh]3[ION]2,-2.7100966,8.419579
2020[Co][cds]3[ASR]1,-2.562807,8.321104
2020[Co][cds]3[FSR]1,-2.546613,8.304493
2020[Co][dia]3[ASR]1,2.5753293,10.306859
2020[Co][dia]3[FSR]1,2.5873783,10.302678
2020[Co][fes]2[ASR]1,-2.6442466,8.162418
2020[Co][fsc]3[ASR]1,-2.4842238,11.73618
2020[Co][fsc]3[ASR]2,1.1221886,10.444158
2020[Co][fsc]3[FSR]1,-2.4618766,11.697676
2020[Co][fsc]3[FSR]2,1.1291187,10.491616
2020[Co][hcb]2[ION]1,-3.6271038,8.476328
2020[Co][hex]3[ASR]1,-4.0923805,11.229568
2020[Co][hex]3[FSR]1,-4.1206956,11.2610655
2020[Co][hxl]2[ASR]1,-3.836806,12.135266
2020[Co][hxl]2[FSR]1,-3.8685458,12.133708
2020[Co][ins]3[ASR]1,1.4293212,10.603198
2020[Co][ins]3[FSR]1,1.4247924,10.58211
2020[Co][llz]3[ASR]1,0.5669277,4.837055
2020[Co][llz]3[FSR]1,0.53112227,4.842061
2020[Co][mab]3[ASR]1,-2.8398228,8.332095
2020[Co][mab]3[FSR]1,-2.9597588,8.283393
2020[Co][nan]2[ASR]1,1.177241,11.250805
2020[Co][nan]2[ASR]2,-4.4701953,10.359094
2020[Co][nan]2[ASR]3,-3.7171407,9.041023
2020[Co][nan]2[ASR]6,-4.9304376,13.912999
2020[Co][nan]2[ASR]7,-4.9502687,13.879267
2020[Co][nan]2[ASR]8,-4.9805436,13.863079
2020[Co][nan]2[FSR]10,-4.9634547,13.881665
2020[Co][nan]2[FSR]2,1.1930788,11.255129
2020[Co][nan]2[FSR]3,-4.5250044,10.352168
2020[Co][nan]2[FSR]4,-3.9106135,10.757735
2020[Co][nan]2[FSR]5,1.1292129,10.485174
2020[Co][nan]2[FSR]8,-4.9601674,13.878868
2020[Co][nan]2[FSR]9,-4.950643,13.894846
2020[Co][nan]3[ASR]1,-3.3622487,9.995472
2020[Co][nan]3[ASR]10,5.81283,11.06814
2020[Co][nan]3[ASR]11,5.8404737,11.043566
2020[Co][nan]3[ASR]12,5.8519406,11.011179
2020[Co][nan]3[ASR]17,-1.6744747,17.542223
2020[Co][nan]3[ASR]18,-1.6578808,17.537424
2020[Co][nan]3[ASR]19,1.5172465,7.7712445
2020[Co][nan]3[ASR]2,-3.3805516,11.398757
2020[Co][nan]3[ASR]22,-6.0414214,5.905285
2020[Co][nan]3[ASR]23,-0.85426855,5.15064
2020[Co][nan]3[ASR]24,-0.8438817,4.9814053
2020[Co][nan]3[ASR]25,-0.8815952,5.1054664
2020[Co][nan]3[ASR]26,0.7420821,12.486861
2020[Co][nan]3[ASR]3,0.3549969,4.9548125
2020[Co][nan]3[ASR]4,0.99484724,9.862202
2020[Co][nan]3[ASR]5,0.7475908,6.294644
2020[Co][nan]3[ASR]6,-1.8366398,6.972807
2020[Co][nan]3[ASR]7,-1.721778,6.805432
2020[Co][nan]3[ASR]8,-4.1775017,11.49691
2020[Co][nan]3[ASR]9,0.60911,5.386436
2020[Co][nan]3[FSR]1,-3.4082167,9.969319
2020[Co][nan]3[FSR]10,5.8823357,11.000778
2020[Co][nan]3[FSR]11,5.8050914,10.997414
2020[Co][nan]3[FSR]12,5.8534007,11.013942
2020[Co][nan]3[FSR]17,-4.724712,-2.5449965
2020[Co][nan]3[FSR]18,-4.5490947,10.239015
2020[Co][nan]3[FSR]19,-4.725031,-2.5452833
2020[Co][nan]3[FSR]2,-3.696744,11.991869
2020[Co][nan]3[FSR]20,-4.725049,-2.5454357
2020[Co][nan]3[FSR]21,-4.725118,-2.5455863
2020[Co][nan]3[FSR]22,-4.725157,-2.5456266
2020[Co][nan]3[FSR]23,-4.725236,-2.545602
2020[Co][nan]3[FSR]24,-4.725141,-2.5456474
2020[Co][nan]3[FSR]25,-1.6772019,17.546103
2020[Co][nan]3[FSR]26,-1.6546725,17.538567
2020[Co][nan]3[FSR]27,1.5787301,7.73894
2020[Co][nan]3[FSR]3,0.34479004,4.945131
2020[Co][nan]3[FSR]30,-6.007606,5.873582
2020[Co][nan]3[FSR]31,5.8306603,11.0118065
2020[Co][nan]3[FSR]32,5.8282194,11.012384
2020[Co][nan]3[FSR]33,5.7908735,10.951264
2020[Co][nan]3[FSR]4,0.94524306,9.87003
2020[Co][nan]3[FSR]5,-2.6843328,7.5055447
2020[Co][nan]3[FSR]6,-1.8417614,6.9614105
2020[Co][nan]3[FSR]7,-1.7297766,6.8108406
2020[Co][nan]3[FSR]8,-4.2358394,11.558296
2020[Co][nan]3[FSR]9,0.5876936,5.385177
2020[Co][nbo]3[ASR]1,0.26680115,4.881925
2020[Co][nbo]3[ASR]2,-2.0650873,-0.11195964
2020[Co][nbo]3[FSR]1,0.2530533,4.865932
2020[Co][nia]3[ASR]1,0.7051351,4.888992
2020[Co][nia]3[ASR]2,0.68212634,4.92736
2020[Co][nia]3[FSR]1,0.679049,4.8625345
2020[Co][nia]3[FSR]2,0.72270566,4.912071
2020[Co][pcu]3[ASR]2,4.476382,7.964099
2020[Co][pcu]3[ASR]3,-5.457342,6.1722608
2020[Co][pcu]3[FSR]3,-5.4626503,6.1777153
2020[Co][pts]3[ASR]1,1.6560955,4.2340455
2020[Co][pts]3[FSR]1,1.6923367,4.2665563
2020[Co][rob]3[ASR]1,-4.350798,10.3526945
2020[Co][rob]3[FSR]1,-4.3802705,10.326845
2020[Co][sab]3[ASR]1,4.392129,5.8611355
2020[Co][sit]3[ASR]1,0.40552714,3.8673942
2020[Co][sql]2[ASR]1,-4.913846,11.399894
2020[Co][sql]2[ASR]10,-4.981172,12.064441
2020[Co][sql]2[ASR]2,1.4952669,11.503925
2020[Co][sql]2[ASR]3,-4.038968,9.808542
2020[Co][sql]2[ASR]4,1.2574693,9.786561
2020[Co][sql]2[ASR]5,1.9517747,8.390902
2020[Co][sql]2[ASR]7,0.78323895,6.4339523
2020[Co][sql]2[ASR]8,-1.0060097,10.380938
2020[Co][sql]2[ASR]9,1.9304518,7.31302
2020[Co][sql]2[FSR]1,1.4381458,11.496415
2020[Co][sql]2[FSR]2,-4.0421124,9.807399
2020[Co][sql]2[FSR]3,1.2508342,9.785925
2020[Co][sql]2[FSR]5,-8.269313,10.6449795
2020[Co][sql]2[FSR]6,-2.6270049,10.841475
2020[Co][sql]2[FSR]7,-5.0070057,12.057238
2020[Co][tfz]3[ASR]1,0.6286148,4.9268694
2020[Co][tfz]3[FSR]1,0.612766,4.9172444
2020[CuAsMoV][nan]2[ASR]3,-0.33905378,16.685617
2020[CuAsMoV][nan]2[FSR]1,-0.23759827,16.689442
2020[CuCe][nan]2[FSR]1,3.6350963,13.888539
2020[CuDy][nan]3[FSR]1,3.5521963,13.810308
2020[CuDy][nan]3[FSR]2,3.5698416,13.806013
2020[CuGd][nan]2[ASR]1,2.5890036,5.92026
2020[CuGe][sql]2[ASR]2,-8.161572,10.793459
2020[CuGe][sql]2[ASR]3,-8.153647,10.7860155
2020[CuMo][pcu]3[ASR]1,0.5198546,16.244364
2020[CuNb][sql]2[ASR]3,-8.147113,10.788131
2020[CuNb][sql]2[FSR]3,-8.156373,10.782723
2020[CuSb][sql]2[ASR]1,-0.089041054,5.612277
2020[CuSb][sql]2[FSR]1,-0.08741899,5.6192966
2020[CuSi][pcu]2[ASR]1,-8.5622835,10.620942
2020[CuSi][pcu]2[ASR]2,-8.629971,10.964637
2020[CuSi][pcu]2[FSR]1,-8.52519,10.567876
2020[CuSi][pcu]2[FSR]2,-8.593648,10.962584
2020[CuSi][pcu]3[ASR]1,-8.546518,10.895454
2020[CuSi][pcu]3[FSR]1,-8.522539,10.876307
2020[CuYb][stp]3[ASR]1,3.2298455,17.05954
2020[CuZr][flu]3[ASR]1,-1.070536,7.0888104
2020[Cu][ant]2[ASR]1,4.734804,12.762447
2020[Cu][ant]2[FSR]1,4.7507353,12.705334
2020[Cu][bcg]3[ASR]1,2.5678718,5.1048617
2020[Cu][bcg]3[FSR]1,2.5418525,5.094558
2020[Cu][bcs]3[ASR]1,-0.8748677,5.350431
2020[Cu][bcs]3[FSR]1,-0.85158116,5.3787723
2020[Cu][cpc]2[ASR]1,4.9461293,12.42
2020[Cu][cpc]2[FSR]1,4.6427813,13.131499
2020[Cu][dia]3[ASR]1,0.12384434,9.42443
2020[Cu][dia]3[ASR]2,0.16706608,9.390159
2020[Cu][dia]3[ASR]3,0.24913064,4.002937
2020[Cu][dia]3[ASR]4,0.18756457,5.017036
2020[Cu][dia]3[ASR]5,0.17998894,5.0239854
2020[Cu][dia]3[ASR]6,0.98754734,10.734197
2020[Cu][dia]3[FSR]1,0.13427731,9.42043
2020[Cu][dia]3[FSR]2,0.14741822,9.404884
2020[Cu][dia]3[FSR]3,0.26277938,4.047796
2020[Cu][eea]3[ASR]1,3.9214802,6.0607853
2020[Cu][eea]3[FSR]1,3.9223862,6.0573006
2020[Cu][hbt]2[ASR]1,2.87397,10.704044
2020[Cu][hbt]2[FSR]1,2.8485746,10.752949
2020[Cu][kgm]2[ASR]1,1.3272864,10.882158
2020[Cu][kgm]2[ASR]3,-1.1872817,1.8322412
2020[Cu][kgm]2[FSR]1,-3.927718,11.096926
2020[Cu][lil]3[ASR]1,-1.183949,2.1869838
2020[Cu][lil]3[FSR]1,-1.2366745,3.1855714
2020[Cu][lvt]3[ASR]1,1.5193647,6.208204
2020[Cu][mot]3[ASR]1,3.1873739,5.1491647
2020[Cu][nan]2[ASR]1,2.8430161,10.725176
2020[Cu][nan]2[ASR]10,3.0855248,9.918338
2020[Cu][nan]2[ASR]11,3.0454843,9.95253
2020[Cu][nan]2[ASR]12,3.0890884,9.917389
2020[Cu][nan]2[ASR]13,-0.5920703,7.0948453
2020[Cu][nan]2[ASR]2,2.821302,10.77423
2020[Cu][nan]2[ASR]3,0.49675697,6.565231
2020[Cu][nan]2[ASR]4,3.212733,9.982923
2020[Cu][nan]2[ASR]5,3.2280545,9.980209
2020[Cu][nan]2[ASR]6,3.2116022,9.9736
2020[Cu][nan]2[ASR]7,3.2175293,10.012436
2020[Cu][nan]2[ASR]8,3.106823,9.925097
2020[Cu][nan]2[ASR]9,3.1016903,9.918707
2020[Cu][nan]2[FSR]1,2.816377,10.710705
2020[Cu][nan]2[FSR]10,3.0506132,9.914758
2020[Cu][nan]2[FSR]11,3.077243,9.929204
2020[Cu][nan]2[FSR]12,3.0992258,9.930112
2020[Cu][nan]2[FSR]2,2.808721,10.747519
2020[Cu][nan]2[FSR]3,0.4699736,6.540524
2020[Cu][nan]2[FSR]4,3.2025368,9.987097
2020[Cu][nan]2[FSR]5,3.2156384,9.989206
2020[Cu][nan]2[FSR]6,3.2294576,9.952692
2020[Cu][nan]2[FSR]7,3.2020407,10.012671
2020[Cu][nan]2[FSR]8,3.1150725,9.926201
2020[Cu][nan]2[FSR]9,3.111568,9.926412
2020[Cu][nan]3[ASR]10,5.645394,17.512135
2020[Cu][nan]3[ASR]2,-0.77132034,2.2732956
2020[Cu][nan]3[ASR]3,5.282858,13.020484
2020[Cu][nan]3[ASR]5,1.1193027,6.910648
2020[Cu][nan]3[ASR]6,7.212282,12.905248
2020[Cu][nan]3[ASR]7,7.215195,12.9078
2020[Cu][nan]3[ASR]8,7.215918,12.908164
2020[Cu][nan]3[ASR]9,7.2186537,12.909785
2020[Cu][nan]3[FSR]10,5.6460824,17.532871
2020[Cu][nan]3[FSR]3,-2.9074488,14.725998
2020[Cu][nan]3[FSR]6,7.2124066,12.903388
2020[Cu][nan]3[FSR]7,7.2160306,12.90845
2020[Cu][nan]3[FSR]8,7.2167764,12.908696
2020[Cu][nan]3[FSR]9,7.219049,12.911978
2020[Cu][nbo]3[ASR]1,0.35829714,5.2135057
2020[Cu][nbo]3[ASR]2,-2.0615628,-0.117659755
2020[Cu][nbo]3[ASR]3,-2.0705144,-0.11160592
2020[Cu][nbo]3[ASR]4,-2.0567932,-0.09776858
2020[Cu][nbo]3[FSR]1,0.32176733,5.2130704
2020[Cu][pcu]3[ASR]1,3.6514862,13.863627
2020[Cu][pcu]3[ASR]2,3.6584136,13.855148
2020[Cu][pcu]3[ASR]3,-3.4798236,9.281832
2020[Cu][pcu]3[FSR]1,3.658224,13.872921
2020[Cu][pcu]3[FSR]2,3.6603746,13.854872
2020[Cu][pcu]3[FSR]3,-3.4673548,9.297056
2020[Cu][pts]3[ASR]1,2.3288546,13.150338
2020[Cu][pts]3[ASR]2,-0.87757117,1.1153438
2020[Cu][pts]3[ASR]3,-1.102913,1.0008398
2020[Cu][pts]3[FSR]1,2.2647305,13.128843
2020[Cu][pyr]3[ASR]1,-1.3108375,10.947166
2020[Cu][rob]3[ASR]1,1.562515,13.680645
2020[Cu][rob]3[ASR]2,0.78382385,11.194199
2020[Cu][rob]3[FSR]1,1.5805811,13.637278
2020[Cu][rob]3[FSR]2,0.7924749,11.1894045
2020[Cu][she]3[ASR]1,-0.7391956,2.9163547
2020[Cu][she]3[ASR]2,-0.72486585,2.9815404
2020[Cu][she]3[FSR]1,-0.73658156,2.9944458
2020[Cu][she]3[FSR]2,-0.72083247,2.9767373
2020[Cu][sql]2[ASR]1,-1.2662375,3.3652577
2020[Cu][sql]2[ASR]10,3.1490576,9.909329
2020[Cu][sql]2[ASR]11,-1.3599318,4.707024
2020[Cu][sql]2[ASR]12,0.8078175,4.1071177
2020[Cu][sql]2[ASR]13,-9.232085,11.334036
2020[Cu][sql]2[ASR]14,-9.284875,11.388677
2020[Cu][sql]2[ASR]15,-9.289852,11.39488
2020[Cu][sql]2[ASR]16,-9.298907,11.396164
2020[Cu][sql]2[ASR]17,3.7565556,6.860777
2020[Cu][sql]2[ASR]18,0.10339946,4.333624
2020[Cu][sql]2[ASR]19,0.5195954,4.612637
2020[Cu][sql]2[ASR]2,2.3913622,11.507533
2020[Cu][sql]2[ASR]21,-9.246164,11.353788
2020[Cu][sql]2[ASR]3,1.1208398,9.386849
2020[Cu][sql]2[ASR]4,0.6154577,5.2175436
2020[Cu][sql]2[ASR]5,-4.571896,12.701116
2020[Cu][sql]2[ASR]6,2.2414863,9.454039
2020[Cu][sql]2[ASR]7,0.44543266,6.477947
2020[Cu][sql]2[ASR]8,-3.9984148,10.268977
2020[Cu][sql]2[ASR]9,3.0823634,9.930953
2020[Cu][sql]2[FSR]1,2.3579996,11.475734
2020[Cu][sql]2[FSR]10,-1.3672982,4.729731
2020[Cu][sql]2[FSR]11,1.0643278,7.3648443
2020[Cu][sql]2[FSR]12,-9.274267,11.333899
2020[Cu][sql]2[FSR]15,-3.034895,9.852293
2020[Cu][sql]2[FSR]16,-3.2562368,9.484547
2020[Cu][sql]2[FSR]17,-1.3782262,4.6790624
2020[Cu][sql]2[FSR]2,-4.024663,10.124621
2020[Cu][sql]2[FSR]3,-3.2543433,8.602318
2020[Cu][sql]2[FSR]4,-4.538939,12.768462
2020[Cu][sql]2[FSR]5,1.3545089,12.220144
2020[Cu][sql]2[FSR]6,0.4412476,6.4746375
2020[Cu][sql]2[FSR]7,-4.1376247,10.49077
2020[Cu][sql]2[FSR]8,3.0233715,9.919983
2020[Cu][sql]2[FSR]9,3.1267715,9.922735
2020[Cu][sql]2[ION]1,1.2009526,9.48054
2020[Cu][tbo]3[ASR]1,-2.0238316,2.4221878
2020[Cu][tbo]3[ASR]2,-2.1688893,2.3152728
2020[Cu][tbo]3[ASR]3,-2.054908,2.4579542
2020[Cu][tbo]3[ASR]4,-2.0105855,2.4425452
2020[Cu][tbo]3[ASR]5,-2.00854,2.4294267
2020[Cu][tbo]3[ASR]6,-1.9622766,2.4973717
2020[Cu][tbo]3[FSR]1,-2.0327375,2.4940972
2020[DyCu][nan]3[ASR]1,3.842568,13.546984
2020[DyCu][nan]3[ASR]2,3.8550255,13.542418
2020[Dy][hcb]2[ASR]1,-3.0409272,13.576483
2020[Dy][nan]3[ASR]1,-4.7149873,13.941836
2020[Dy][nan]3[FSR]1,-4.7412324,13.9988
2020[Er][nan]3[ASR]1,-4.7223263,13.948552
2020[Er][nan]3[FSR]1,-4.6910796,13.989023
2020[EuCd][nan]3[ASR]1,3.2711012,13.508261
2020[Eu][bnn]3[ASR]1,2.9157033,10.937216
2020[Eu][bnn]3[FSR]1,-4.1603146,11.302065
2020[Eu][flu]3[ASR]1,-2.2763364,7.840969
2020[Eu][flu]3[ASR]2,2.3396385,6.8543744
2020[Eu][flu]3[FSR]1,-2.824838,8.313822
2020[Eu][htp]3[ASR]1,2.552324,14.540881
2020[Eu][htp]3[FSR]1,2.5164094,14.454262
2020[Eu][nan]2[ASR]1,1.9346799,14.341145
2020[Eu][nan]2[FSR]1,-3.5928855,13.707813
2020[Eu][nan]3[ASR]1,-4.718693,13.940354
2020[Eu][nan]3[ASR]2,4.514103,7.6812844
2020[Eu][nan]3[ASR]3,3.479516,7.160552
2020[Eu][nan]3[ASR]4,2.6097949,13.646142
2020[Eu][nan]3[ASR]5,2.597277,8.198343
2020[Eu][nan]3[ASR]7,-1.3014758,12.670744
2020[Eu][nan]3[ASR]8,2.4549994,15.979872
2020[Eu][nan]3[FSR]1,-4.706787,13.980887
2020[Eu][nan]3[FSR]2,3.49486,7.171579
2020[Eu][nan]3[FSR]3,2.578731,13.697721
2020[Eu][nan]3[FSR]6,-1.322809,12.783058
2020[Eu][nan]3[FSR]7,2.4506867,15.978592
2020[Eu][pcu]3[ASR]1,-1.9133902,8.784265
2020[Eu][pcu]3[FSR]1,-2.5759249,9.836752
2020[Eu][sqc]3[ION]1,1.2505909,8.3307295
2020[Eu][sql]2[ASR]1,-1.116357,7.1655674
2020[Eu][sql]2[ASR]2,1.9864284,8.083145
2020[Eu][sql]2[FSR]1,-3.6722596,13.830765
2020[Eu][sql]2[FSR]2,-2.9256752,14.471807
2020[Eu][sql]2[FSR]3,-1.0182995,10.984249
2020[FeAl][rna]3[FSR]1,7.928433,1.4801195
2020[FeIn][nan]3[FSR]1,7.92799,1.4810019
2020[FeIn][rna]3[FSR]1,7.928866,1.47956
2020[FePt][fsc]3[FSR]1,-12.079051,5.126581
2020[Fe][hcb]2[ASR]1,-6.2909207,5.4129353
2020[Fe][hcb]2[ASR]2,-2.127799,-0.15731978
2020[Fe][hcb]2[FSR]1,-6.290507,5.4150987
2020[Fe][hcb]2[FSR]2,-2.1406953,-0.17665856
2020[Fe][nan]3[ASR]1,-1.1446297,4.291357
2020[Fe][nan]3[ASR]2,1.3256246,7.0083175
2020[Fe][nan]3[ASR]3,-0.8039413,5.8951225
2020[Fe][nan]3[ASR]4,-1.8995711,8.676555
2020[Fe][nan]3[FSR]1,-3.004526,9.19814
2020[Fe][nan]3[FSR]3,-1.8992258,8.676735
2020[Fe][nuc]3[ASR]1,-1.6281065,0.44483706
2020[Fe][pts]3[ASR]1,-5.8536654,6.256183
2020[Fe][tbo]3[ASR]1,-1.599702,0.5187239
2020[Fe][tbo]3[ASR]2,-1.585735,0.5576934
2020[Fe][tbo]3[FSR]1,-1.6220341,0.5038877
2020[Fe][tbo]3[FSR]2,-1.5762379,0.5592343
2020[GdCu][nan]2[FSR]1,1.4331532,11.287908
2020[GdZn][sqp]3[FSR]1,1.8176003,7.4091225
2020[Gd][esg]3[ASR]1,-2.886267,8.481634
2020[Gd][esg]3[ASR]2,1.6091135,6.1946983
2020[Gd][esg]3[FSR]1,-3.1176326,8.700953
2020[Gd][esg]3[FSR]2,1.9445707,7.283082
2020[Gd][nan]2[ASR]1,-2.976629,15.471155
2020[Gd][nan]2[ASR]2,2.2478752,14.409266
2020[Gd][nan]2[ASR]3,-3.4917898,13.655813
2020[Gd][nan]2[FSR]1,-2.9615273,15.449708
2020[Gd][nan]2[FSR]3,-3.631322,14.111197
2020[Gd][nan]3[ASR]1,-4.741536,13.961429
2020[Gd][nan]3[ASR]3,1.0038103,4.6178255
2020[Gd][nan]3[ASR]4,1.7338623,8.351195
2020[Gd][nan]3[FSR]1,-4.6915298,13.997961
2020[Gd][pcu]3[ASR]1,-1.963271,8.791893
2020[Gd][pcu]3[FSR]1,-2.5751338,9.868324
2020[Gd][pts]3[ASR]1,-2.18525,9.591371
2020[Gd][pts]3[FSR]1,-3.6244812,14.803066
2020[Gd][sqc]3[ASR]1,2.3651521,14.346785
2020[Gd][sql]2[ASR]1,1.8286663,14.343742
2020[Gd][sql]2[ASR]2,-1.0730766,7.09965
2020[Gd][sql]2[FSR]1,-3.6335847,13.836667
2020[GeCu][sql]2[FSR]2,-8.160096,10.792802
2020[GeCu][sql]2[FSR]3,-8.136035,10.769817
2020[Hf][flu]3[ASR]1,-1.5344559,1.0558667
2020[Ho][nan]3[ASR]1,-4.761254,13.978342
2020[Ho][nan]3[FSR]1,-4.7093053,13.989694
2020[InFe][nan]3[ASR]1,7.9282737,1.4806705
2020[InFe][rna]3[ASR]1,7.9297357,1.4781556
2020[InTb][nan]3[ASR]1,-1.8353323,7.882473
2020[In][hcb]2[ASR]1,-6.261532,5.453686
2020[In][hcb]2[FSR]1,-6.254296,5.4607415
2020[In][nan]3[ASR]1,-1.2083458,16.26957
2020[In][nan]3[ASR]2,-0.6275379,2.2930555
2020[In][nan]3[ASR]4,-1.8015584,8.729112
2020[In][nan]3[FSR]1,-1.2217395,16.264244
2020[In][nan]3[FSR]4,-1.8723351,8.717539
2020[In][nuc]3[ASR]1,-1.5459822,0.5212221
2020[La][nan]2[ASR]1,-2.821,8.149172
2020[La][nan]3[ASR]1,-1.2961409,12.646008
2020[La][pcu]3[ASR]1,1.0479314,3.9551704
2020[La][pts]3[ASR]1,5.4652953,11.664992
2020[La][pts]3[FSR]1,5.7025633,12.075762
2020[La][tfz]3[ASR]1,2.5632665,13.482635
2020[Lu][hcb]2[ASR]1,-2.9754195,13.707194
2020[Lu][hcb]2[FSR]1,-3.5833044,14.137262
2020[Lu][nan]3[ASR]2,-3.733266,10.018218
2020[Lu][nan]3[FSR]2,-3.7033937,10.655448
2020[Mg][nan]3[ASR]1,-4.2357845,2.2519042
2020[Mg][nan]3[ASR]2,-0.107507385,5.5323586
2020[Mg][nan]3[ASR]3,-1.6702827,4.586322
2020[Mg][nan]3[ASR]4,0.30618557,4.318307
2020[Mg][nan]3[ASR]5,-1.6576147,4.617361
2020[Mg][nan]3[ASR]6,0.38392434,4.444734
2020[Mg][nan]3[ASR]7,-3.0302377,13.878089
2020[Mg][nan]3[ASR]8,-3.0218318,13.964696
2020[Mg][nan]3[ASR]9,-3.0342612,13.9159975
2020[Mg][nan]3[FSR]1,3.9019198,6.3756742
2020[Mg][nan]3[FSR]2,-1.6737491,4.6111727
2020[Mg][nan]3[FSR]3,0.34495705,4.3472614
2020[Mg][nan]3[FSR]4,-1.6682076,4.6312037
2020[Mg][nan]3[FSR]5,0.3874374,4.4466033
2020[Mg][nan]3[FSR]6,-3.0107346,13.945826
2020[Mg][nan]3[FSR]7,-3.0420258,13.990893
2020[Mg][nan]3[FSR]8,-3.0202227,13.920061
2020[Mg][nia]3[ASR]1,0.70222527,4.8444357
2020[Mg][nia]3[ASR]2,0.735646,4.89657
2020[Mg][nia]3[ASR]3,0.71722835,4.9233313
2020[Mg][nia]3[FSR]1,0.70804125,4.824158
2020[Mg][nia]3[FSR]2,0.78171635,4.979255
2020[Mg][nia]3[FSR]3,0.70401,4.954694
2020[Mg][rtl]3[ASR]1,2.7655141,13.331139
2020[Mg][rtl]3[FSR]1,2.7411416,13.317879
2020[MnRu][sql]2[ION]1,-5.8854094,7.2092934
2020[Mn][ant]3[ASR]1,2.7646604,5.8346505
2020[Mn][ant]3[FSR]1,-3.021498,9.519095
2020[Mn][cds]3[ASR]1,-2.9552774,7.994427
2020[Mn][hcb]2[ION]1,-3.5936227,8.368768
2020[Mn][kgd]2[ASR]1,-5.600092,6.2811365
2020[Mn][kgd]2[FSR]1,-5.589918,6.313004
2020[Mn][nan]3[ASR]1,2.102337,11.620966
2020[Mn][nan]3[ASR]3,3.838662,10.793243
2020[Mn][nan]3[FSR]1,-4.6561856,11.118262
2020[Mn][nan]3[FSR]3,3.8641646,10.796732
2020[Mn][nbo]3[ASR]1,-2.100188,-0.15176398
2020[Mn][pcu]3[ASR]2,0.32022414,6.3499146
2020[Mn][pcu]3[FSR]2,0.3095071,6.35667
2020[Mn][sql]2[ASR]1,2.0924292,6.4585032
2020[Mn][sql]2[ASR]2,0.10860805,5.0105414
2020[Mn][sql]2[ASR]3,0.5166578,5.964524
2020[Mn][sql]2[ASR]4,-5.0434856,12.067522
2020[Mn][sql]2[FSR]1,1.1277609,8.34488
2020[Mn][sql]2[FSR]2,0.28669882,10.479103
2020[Mn][sql]2[FSR]3,0.26982653,10.327671
2020[Mn][sql]2[FSR]4,-5.046972,12.069696
2020[Mn][sra]3[ION]1,-3.2524197,10.35714
2020[Nd][nan]3[ASR]1,-2.3099272,9.717215
2020[Nd][nan]3[ASR]2,1.8713998,13.995998
2020[Nd][nan]3[ASR]3,1.6647209,7.406033
2020[Nd][nan]3[ASR]4,2.7580726,6.875293
2020[Nd][nan]3[FSR]1,-2.8674374,12.672479
2020[Nd][nan]3[FSR]2,1.8149779,14.205275
2020[Nd][nan]3[FSR]3,-3.2494495,8.816244
2020[NiMn][nan]3[ASR]1,-1.1948237,10.742671
2020[NiMn][nan]3[FSR]1,4.5927687,14.625508
2020[NiU][hcb]2[ASR]1,2.2219033,9.958854
2020[Ni][bey]2[ASR]1,0.6348147,6.433263
2020[Ni][dia]3[ASR]1,-0.019241314,4.974746
2020[Ni][dia]3[FSR]1,0.032698642,5.0148787
2020[Ni][hcb]2[ION]1,-3.596548,8.411714
2020[Ni][kgd]2[ASR]1,0.15005107,5.2379875
2020[Ni][kgd]2[FSR]1,0.16892768,5.2347717
2020[Ni][nan]2[FSR]1,-4.5039005,10.512065
2020[Ni][nan]2[FSR]2,-3.9548163,11.22974
2020[Ni][nan]3[ASR]1,-1.2157934,3.933555
2020[Ni][nan]3[ASR]2,-4.693524,11.9852295
2020[Ni][nan]3[ASR]3,-0.5493782,2.729756
2020[Ni][nan]3[ASR]5,-4.3041067,13.855625
2020[Ni][nan]3[FSR]2,-4.6256223,12.382547
2020[Ni][nan]3[FSR]3,-0.5577116,2.7239757
2020[Ni][nan]3[FSR]5,-4.2796335,13.879471
2020[Ni][nbo]3[ASR]1,-2.0721378,-0.16299205
2020[Ni][sql]2[ASR]1,1.9785801,7.497776
2020[Ni][sql]2[FSR]1,-4.67496,12.755098
2020[Ni][sql]2[FSR]10,-3.2408605,9.376185
2020[Ni][sql]2[FSR]6,-2.9259632,8.223768
2020[Pr][nan]3[ASR]1,4.4423823,7.6901283
2020[Pr][nan]3[ASR]2,3.6183462,7.417841
2020[Pr][nan]3[FSR]1,2.0954564,10.049872
2020[Pr][pts]3[ASR]1,5.484021,11.6226
2020[Pr][pts]3[FSR]1,5.6917377,12.131045
2020[PtFe][fsc]3[ASR]1,-12.089204,5.116752
2020[ReAg][pts]3[ION]1,3.3933532,14.079537
2020[Ru][sql]2[ASR]1,-9.231324,11.340402
2020[Ru][sql]2[FSR]1,-9.20644,11.31691
2020[Sc][acs]3[ASR]1,1.4882954,4.016976
2020[Sc][bcu]3[FSR]1,2.548714,9.66941
2020[Sc][ceq]3[ASR]1,-1.0501467,2.5036497
2020[Sc][nan]3[ASR]1,1.7803705,6.973051
2020[SiZr][scu]3[ASR]1,-0.25068814,3.3037543
2020[Sm][nan]3[ASR]1,-4.7352824,13.897477
2020[Sm][nan]3[ASR]2,-1.273635,12.691357
2020[Sm][nan]3[FSR]1,-4.712984,13.970852
2020[Sm][nan]3[FSR]2,-1.2870667,12.803375
2020[Sm][pts]3[ASR]1,2.8911526,15.606038
2020[Sm][pts]3[FSR]1,-2.9522545,14.305172
2020[TbIn][nan]3[FSR]1,-1.837672,7.852767
2020[Tb][hcb]2[ASR]1,-2.7394083,11.435189
2020[Tb][hcb]2[FSR]1,-2.758455,11.428958
2020[Tb][htp]3[ASR]1,2.519564,14.510816
2020[Tb][htp]3[FSR]1,2.4927368,14.519052
2020[Tb][nan]2[ASR]1,1.9293543,14.344906
2020[Tb][nan]2[FSR]2,-3.539561,13.565888
2020[Tb][nan]3[ASR]1,-4.722689,13.982244
2020[Tb][nan]3[ASR]2,3.5460045,7.154035
2020[Tb][nan]3[ASR]4,4.5559187,7.405852
2020[Tb][nan]3[ASR]5,5.646119,17.511223
2020[Tb][nan]3[ASR]7,4.619624,7.7547445
2020[Tb][nan]3[FSR]1,-4.7181506,13.989007
2020[Tb][nan]3[FSR]2,3.5819674,7.168386
2020[Tb][pcu]3[ASR]1,-1.9437386,8.813184
2020[Tb][pcu]3[FSR]1,-2.5908225,9.872265
2020[Tb][pcu]3[ION]1,-4.0770893,12.612979
2020[Tb][sql]2[ASR]1,2.5869217,15.327405
2020[Tb][sql]2[FSR]1,-3.4615703,14.846841
2020[Ti][srs]3[ASR]1,0.23230685,3.1281302
2020[Ti][srs]3[FSR]1,0.2327512,3.1327305
2020[UAg][nan]3[ASR]1,1.8348275,14.840132
2020[UAg][nan]3[FSR]1,-3.1417797,14.880726
2020[UEu][nan]3[ION]1,1.6283531,15.639572
2020[UFe][hcb]2[ASR]1,2.1894135,9.8633795
2020[U][hcb]2[ASR]1,2.5988245,9.839376
2020[U][hcb]2[ASR]2,-2.9270294,22.071596
2020[U][hcb]2[ASR]3,-2.8717961,22.075357
2020[U][hcb]2[FSR]1,2.6489422,9.847157
2020[U][hcb]2[FSR]2,-3.0130439,22.008484
2020[U][hcb]2[FSR]3,-2.9610472,22.05948
2020[U][nan]3[ASR]1,-2.5485675,9.75372
2020[U][nan]3[FSR]1,-3.3010323,13.260576
2020[V][nan]3[ASR]1,3.6797097,6.271678
2020[V][nan]3[ASR]2,3.694542,6.253849
2020[V][nan]3[ASR]3,4.0986586,5.7892733
2020[V][nan]3[FSR]1,3.6719315,6.2544765
2020[V][nan]3[FSR]2,3.6523705,6.2573867
2020[V][nan]3[FSR]3,4.114261,5.7871943
2020[YMn][nan]3[FSR]1,-3.2426355,12.0297365
2020[Y][mog]3[ASR]1,4.1152267,7.9991145
2020[Y][mog]3[FSR]1,-2.7021072,10.300699
2020[Y][nan]3[ASR]1,-2.916856,15.221801
2020[Y][nan]3[ASR]2,-2.9599862,15.24415
2020[Y][nan]3[FSR]1,-3.0122156,15.368417
2020[Y][nan]3[FSR]2,-3.017271,15.265647
2020[Y][pts]3[ASR]1,-2.1700308,9.424363
2020[Y][pts]3[FSR]1,-3.8145301,14.367819
2020[YbCu][stp]3[FSR]1,3.231932,17.05912
2020[Yb][hcb]2[ASR]1,2.9409904,15.347167
2020[Yb][hcb]2[FSR]1,2.8864017,15.417097
2020[Yb][nan]3[ASR]1,-4.7003107,13.987002
2020[Yb][nan]3[FSR]1,-4.7196407,13.990654
2020[ZnCd][nan]3[ASR]1,0.35247314,3.513764
2020[ZnGd][sqp]3[ASR]1,1.7652735,7.418985
2020[ZnRu][sql]2[ASR]1,1.404803,8.675985
2020[ZnRu][sql]2[FSR]1,1.4019021,8.685481
2020[ZnSi][scu]3[ASR]1,2.6560404,13.740459
2020[ZnSi][scu]3[FSR]1,-4.5760245,13.392204
2020[Zn][acs]3[ASR]1,-2.3116271,9.509755
2020[Zn][bbf]3[ASR]1,-4.6706014,12.430848
2020[Zn][bbf]3[ASR]2,0.9962449,12.925833
2020[Zn][bbf]3[FSR]1,-4.738708,12.426577
2020[Zn][bbf]3[FSR]2,1.0633361,12.923026
2020[Zn][bex]2[ASR]1,2.2881148,11.760627
2020[Zn][bex]2[FSR]1,2.2303288,11.753112
2020[Zn][bey]2[ASR]1,2.5849082,10.084347
2020[Zn][bey]2[ASR]2,-3.3193479,12.029037
2020[Zn][bey]2[FSR]1,2.5704906,10.073685
2020[Zn][bey]2[FSR]2,-3.3123338,12.0176
2020[Zn][cds]3[ASR]1,1.0661407,8.447779
2020[Zn][cds]3[FSR]1,1.0371907,8.449889
2020[Zn][dia]3[ASR]1,-3.213268,9.2438
2020[Zn][dia]3[ASR]10,-4.6911135,11.170221
2020[Zn][dia]3[ASR]11,-0.3237169,11.695992
2020[Zn][dia]3[ASR]2,-0.3460107,11.679889
2020[Zn][dia]3[ASR]6,-4.339175,10.627064
2020[Zn][dia]3[ASR]7,-4.356051,10.514391
2020[Zn][dia]3[ASR]8,2.3705642,4.6209874
2020[Zn][dia]3[FSR]1,-3.1949394,9.258541
2020[Zn][dia]3[FSR]11,-0.30840427,11.693024
2020[Zn][dia]3[FSR]2,-0.3231465,11.689996
2020[Zn][dia]3[FSR]6,-4.3468685,10.6313925
2020[Zn][dia]3[FSR]7,-4.3633614,10.469407
2020[Zn][dia]3[FSR]8,2.3482058,4.5984282
2020[Zn][dia]3[ION]1,-4.838545,11.703132
2020[Zn][dmc]3[ASR]1,-2.3576734,12.006763
2020[Zn][dmc]3[FSR]1,-2.3584867,12.0154295
2020[Zn][fes]2[ASR]1,2.6953847,8.382047
2020[Zn][fes]2[ASR]2,-0.326845,5.6033444
2020[Zn][fes]2[FSR]1,1.5420619,12.261514
2020[Zn][fgl]3[ASR]1,-1.7493047,6.8779697
2020[Zn][fgl]3[ASR]2,-1.5569742,6.5862346
2020[Zn][fgl]3[FSR]1,-1.7576835,6.8669796
2020[Zn][fgl]3[FSR]2,-1.5587462,6.5880556
2020[Zn][fsc]3[ASR]1,2.1132004,12.450065
2020[Zn][fsc]3[FSR]1,2.114906,12.455874
2020[Zn][gwg]3[ASR]1,2.1329558,12.392864
2020[Zn][hcb]2[ASR]2,-6.380642,6.527332
2020[Zn][hcb]2[ASR]3,1.6869551,8.223974
2020[Zn][hcb]2[ASR]4,-4.348899,10.853476
2020[Zn][hcb]2[ASR]5,1.3980182,9.663883
2020[Zn][hcb]2[FSR]2,-6.3797297,6.5312505
2020[Zn][hcb]2[FSR]3,-4.2995377,10.438985
2020[Zn][hcb]2[FSR]5,-4.3633294,10.874807
2020[Zn][hcb]2[FSR]6,1.4868274,9.697681
2020[Zn][hcb]3[ASR]1,-4.9138193,13.255737
2020[Zn][hcb]3[FSR]1,-4.9015946,13.247732
2020[Zn][hwx]3[ASR]1,-3.078983,9.734622
2020[Zn][hwx]3[FSR]1,-3.0899172,9.726069
2020[Zn][kgd]2[ASR]1,5.885204,10.5778265
2020[Zn][kgd]2[FSR]1,-2.8534667,14.47508
2020[Zn][lvt]3[ASR]1,0.5730208,14.014146
2020[Zn][lvt]3[FSR]1,0.57743543,14.007817
2020[Zn][nan]2[ASR]1,5.0802817,9.845018
2020[Zn][nan]2[ASR]2,-0.8165978,16.741804
2020[Zn][nan]2[ASR]4,2.7494578,6.486639
2020[Zn][nan]2[ASR]5,0.714512,6.20909
2020[Zn][nan]2[FSR]1,-0.9646426,16.606682
2020[Zn][nan]3[ASR]1,-1.4656178,6.6342387
2020[Zn][nan]3[ASR]10,1.2774013,10.72871
2020[Zn][nan]3[ASR]11,3.151435,14.70459
2020[Zn][nan]3[ASR]12,-2.7978063,13.644773
2020[Zn][nan]3[ASR]13,5.979581,11.166469
2020[Zn][nan]3[ASR]14,-2.7888982,13.646588
2020[Zn][nan]3[ASR]15,5.9826837,11.182932
2020[Zn][nan]3[ASR]16,-4.408871,2.2605605
2020[Zn][nan]3[ASR]17,1.8915814,9.0281
2020[Zn][nan]3[ASR]18,-3.6729076,14.325514
2020[Zn][nan]3[ASR]19,-1.1789383,4.348688
2020[Zn][nan]3[ASR]2,5.7095804,11.30177
2020[Zn][nan]3[ASR]20,-0.9122033,7.0079064
2020[Zn][nan]3[ASR]21,-3.6571217,12.795757
2020[Zn][nan]3[ASR]3,-4.272244,12.199992
2020[Zn][nan]3[ASR]4,-0.49623156,11.345623
2020[Zn][nan]3[ASR]5,1.0442065,10.762913
2020[Zn][nan]3[ASR]53,1.3114637,10.759408
2020[Zn][nan]3[ASR]55,-2.7455266,7.5190253
2020[Zn][nan]3[ASR]56,-1.6444709,2.5197847
2020[Zn][nan]3[ASR]57,3.8014529,15.299162
2020[Zn][nan]3[ASR]58,3.8004785,15.351273
2020[Zn][nan]3[ASR]59,3.809262,15.312639
2020[Zn][nan]3[ASR]6,0.9941595,10.660362
2020[Zn][nan]3[ASR]60,3.8177617,15.311013
2020[Zn][nan]3[ASR]61,1.2452399,8.404965
2020[Zn][nan]3[ASR]63,-1.0778376,10.9202385
2020[Zn][nan]3[ASR]64,1.3662788,2.536352
2020[Zn][nan]3[ASR]65,1.6145905,11.508421
2020[Zn][nan]3[ASR]68,-1.0126556,11.279498
2020[Zn][nan]3[ASR]7,3.8775558,10.035712
2020[Zn][nan]3[ASR]70,3.6318018,9.272858
2020[Zn][nan]3[ASR]8,-1.3649383,1.1485199
2020[Zn][nan]3[ASR]9,2.017122,10.035387
2020[Zn][nan]3[FSR]1,-3.213761,10.392743
2020[Zn][nan]3[FSR]10,3.1145074,14.685415
2020[Zn][nan]3[FSR]11,-2.799788,13.645207
2020[Zn][nan]3[FSR]12,5.98255,11.178596
2020[Zn][nan]3[FSR]13,-2.796173,13.646975
2020[Zn][nan]3[FSR]14,6.002339,11.195256
2020[Zn][nan]3[FSR]15,1.6269717,14.62299
2020[Zn][nan]3[FSR]16,1.859045,8.955504
2020[Zn][nan]3[FSR]17,-3.4590614,14.256829
2020[Zn][nan]3[FSR]18,-1.223024,4.3562675
2020[Zn][nan]3[FSR]19,-0.93295616,7.0316477
2020[Zn][nan]3[FSR]2,-4.2541304,12.218274
2020[Zn][nan]3[FSR]20,-3.638306,12.782695
2020[Zn][nan]3[FSR]3,-0.4901342,11.344287
2020[Zn][nan]3[FSR]4,0.9563907,10.812319
2020[Zn][nan]3[FSR]5,1.0366368,10.663224
2020[Zn][nan]3[FSR]52,1.3226535,10.757028
2020[Zn][nan]3[FSR]54,-2.7471673,7.511499
2020[Zn][nan]3[FSR]55,3.8014112,15.306633
2020[Zn][nan]3[FSR]56,3.8105502,15.324314
2020[Zn][nan]3[FSR]57,3.8080962,15.306589
2020[Zn][nan]3[FSR]58,3.7979264,15.297826
2020[Zn][nan]3[FSR]6,3.8803568,10.016573
2020[Zn][nan]3[FSR]60,-1.0780209,10.908689
2020[Zn][nan]3[FSR]61,1.362358,2.540945
2020[Zn][nan]3[FSR]62,1.6249261,11.517751
2020[Zn][nan]3[FSR]66,-2.4244096,11.924423
2020[Zn][nan]3[FSR]7,-1.3308433,1.2670702
2020[Zn][nan]3[FSR]8,-3.1751404,10.48633
2020[Zn][nan]3[FSR]9,1.2182802,10.635724
2020[Zn][nan]3[ION]1,2.4522634,9.151367
2020[Zn][nbo]3[ASR]1,0.2769595,3.487086
2020[Zn][nbo]3[ASR]3,-2.0234053,-0.0766668
2020[Zn][nts]3[ASR]1,-1.2474095,2.4031417
2020[Zn][pcu]3[ASR]1,2.7831383,6.9984016
2020[Zn][pcu]3[ASR]10,1.2250798,8.091817
2020[Zn][pcu]3[ASR]11,0.472386,11.193359
2020[Zn][pcu]3[ASR]12,1.6871307,13.670957
2020[Zn][pcu]3[ASR]13,-4.9175854,11.374884
2020[Zn][pcu]3[ASR]14,-3.7864952,9.763419
2020[Zn][pcu]3[ASR]2,0.66518724,6.227312
2020[Zn][pcu]3[ASR]6,1.8437504,7.1614156
2020[Zn][pcu]3[ASR]7,-3.9345617,11.100372
2020[Zn][pcu]3[FSR]1,2.773216,6.989342
2020[Zn][pcu]3[FSR]10,1.273505,8.100969
2020[Zn][pcu]3[FSR]11,0.50953394,11.17138
2020[Zn][pcu]3[FSR]12,1.6376903,13.686676
2020[Zn][pcu]3[FSR]13,-4.9143186,11.3832445
2020[Zn][pcu]3[FSR]14,-3.7696075,9.81759
2020[Zn][pcu]3[FSR]2,0.6470173,6.1843467
2020[Zn][pcu]3[FSR]6,1.8083234,7.166702
2020[Zn][pcu]3[FSR]7,-3.878358,11.10861
2020[Zn][qtz]3[ASR]1,-2.7906666,9.598114
2020[Zn][qtz]3[FSR]1,-2.8366795,9.657521
2020[Zn][rob]3[ASR]1,-4.6236634,11.623305
2020[Zn][rob]3[FSR]1,-4.668793,11.579531
2020[Zn][sql]2[ASR]1,5.6445465,17.518976
2020[Zn][sql]2[ASR]11,-4.938487,12.3501625
2020[Zn][sql]2[ASR]12,-4.565265,11.691265
2020[Zn][sql]2[ASR]16,1.9575131,8.384989
2020[Zn][sql]2[ASR]18,0.6995617,13.3444195
2020[Zn][sql]2[ASR]2,5.0747166,9.881515
2020[Zn][sql]2[ASR]20,-4.727937,13.592485
2020[Zn][sql]2[ASR]22,0.35767198,13.003124
2020[Zn][sql]2[ASR]3,1.6090323,11.156402
2020[Zn][sql]2[ASR]4,-3.7140892,9.74363
2020[Zn][sql]2[FSR]1,1.630273,11.146638
2020[Zn][sql]2[FSR]10,-4.6086626,11.746488
2020[Zn][sql]2[FSR]15,0.7164824,13.381472
2020[Zn][sql]2[FSR]17,-4.728254,13.58953
2020[Zn][sql]2[FSR]19,0.26211748,12.95797
2020[Zn][sql]2[FSR]2,-4.201049,10.8536
2020[Zn][sql]2[FSR]9,-4.9560733,12.319235
2020[Zn][sql]2[ION]1,-4.5475736,12.818554
2020[Zn][sql]2[ION]2,-4.449735,12.823967
2020[Zn][sra]3[ASR]1,0.7219103,13.309448
2020[Zn][sra]3[ASR]2,0.7088023,13.296913
2020[Zn][sra]3[ASR]3,0.7139127,13.2759695
2020[Zn][sra]3[FSR]1,0.68518555,13.247679
2020[Zn][sra]3[FSR]2,0.7066884,13.294152
2020[Zn][sra]3[FSR]3,0.734406,13.26581
2020[Zn][tbo]3[ASR]1,-1.9903008,2.4202054
2020[Zn][tfc]3[ASR]1,-4.296716,13.480199
2020[Zn][tfc]3[FSR]1,-4.2227488,13.648461
2020[Zn][tfz]3[ASR]1,0.6511912,4.5440474
2020[Zn][tfz]3[ASR]2,0.58933175,5.779959
2020[Zn][tfz]3[ASR]3,3.8231485,11.313739
2020[Zn][tfz]3[FSR]1,0.62102354,4.5119953
2020[Zn][tfz]3[FSR]2,0.58952874,5.7841606
2020[Zn][ths]3[ASR]1,0.9152767,12.966588
2020[Zn][ths]3[ASR]2,-4.5211096,13.3449335
2020[Zn][ths]3[ASR]3,-6.03209,7.0460415
2020[Zn][ths]3[FSR]1,0.93804467,12.945179
2020[Zn][ths]3[FSR]2,-6.027528,7.051356
2020[Zr][afw]3[ASR]1,-2.3673353,7.094356
2020[Zr][csq]3[ASR]2,-1.7890513,0.36720023
2020[Zr][csq]3[ASR]3,-1.7501055,0.4216574
2020[Zr][flu]3[ASR]1,-1.2163122,2.1599839
2020[Zr][flu]3[ASR]2,-1.1622372,2.2404397
2020[Zr][flu]3[ASR]3,-1.5723712,0.84838414
2020[Zr][hex]3[ASR]1,5.1508017,9.276027
2020[Zr][hex]3[FSR]1,5.152689,9.275757
2020[Zr][nan]3[ASR]1,-1.2121297,3.3501348
2020[Zr][nan]3[ASR]2,-2.5834453,7.543351
2020[Zr][nan]3[FSR]1,-1.2288555,3.5930634
2020[Zr][nan]3[FSR]2,-2.6516957,7.6689596
2020[Zr][scu]3[ASR]1,-0.8407827,1.8119876
2020[Zr][sod]3[ASR]1,-1.7261524,0.28647882
2020[Zr][sod]3[FSR]1,-1.724097,0.29528794
2020[Zr][sqc]3[ASR]1,0.31566206,3.708298
2020[Zr][sqc]3[ASR]2,0.46395323,3.7370305
2020[Zr][sql]2[ASR]1,2.8501182,5.533331
2021[Ag][nan]2[ASR]1,1.2844234,5.2517395
2021[Ag][nan]3[ASR]1,-1.7494463,10.712958
2021[Ag][nan]3[FSR]1,-1.7542646,10.70895
2021[AlAg][fet]2[ION]1,-0.606071,11.480506
2021[AlAg][fet]2[ION]2,-0.6106197,11.5246
2021[Al][nan]3[ASR]10,7.010503,8.909378
2021[Al][nan]3[ASR]11,7.0147066,8.906454
2021[Al][nan]3[ASR]12,6.991978,8.914779
2021[Al][nan]3[ASR]13,7.0161457,8.906863
2021[Al][nan]3[ASR]14,6.835255,8.943684
2021[Al][nan]3[ASR]15,6.8433433,8.942445
2021[Al][nan]3[ASR]16,6.990116,8.918162
2021[Al][nan]3[ASR]17,6.9875054,8.91793
2021[Al][nan]3[ASR]18,6.99474,8.915933
2021[Al][nan]3[ASR]19,7.009414,8.910818
2021[Al][nan]3[ASR]20,6.9864497,8.92195
2021[Al][nan]3[ASR]21,6.8362226,8.947383
2021[Al][nan]3[ASR]22,3.7715766,7.1707444
2021[Al][nan]3[ASR]23,3.77026,6.3668537
2021[Al][nan]3[ASR]24,-1.0776169,1.0577102
2021[Al][nan]3[ASR]3,-1.953748,9.740825
2021[Al][nan]3[ASR]4,7.014358,8.908566
2021[Al][nan]3[ASR]5,7.0266113,8.903324
2021[Al][nan]3[ASR]6,7.055058,8.890354
2021[Al][nan]3[ASR]7,7.0112653,8.912164
2021[Al][nan]3[ASR]8,6.9814076,8.948425
2021[Al][nan]3[ASR]9,7.0459046,8.8772135
2021[Al][nan]3[FSR]10,7.0104084,8.909145
2021[Al][nan]3[FSR]11,7.017581,8.905991
2021[Al][nan]3[FSR]12,6.992752,8.915298
2021[Al][nan]3[FSR]13,7.018996,8.904906
2021[Al][nan]3[FSR]14,6.8398666,8.944219
2021[Al][nan]3[FSR]15,6.8454423,8.941983
2021[Al][nan]3[FSR]16,6.991143,8.918827
2021[Al][nan]3[FSR]17,6.9507337,8.954644
2021[Al][nan]3[FSR]18,6.993237,8.916034
2021[Al][nan]3[FSR]19,7.0132284,8.908797
2021[Al][nan]3[FSR]20,6.9899006,8.919841
2021[Al][nan]3[FSR]21,6.838859,8.949801
2021[Al][nan]3[FSR]22,3.7422726,7.1986322
2021[Al][nan]3[FSR]23,3.795984,6.3588123
2021[Al][nan]3[FSR]3,-1.9103967,9.706207
2021[Al][nan]3[FSR]4,7.018703,8.908582
2021[Al][nan]3[FSR]5,7.032146,8.902775
2021[Al][nan]3[FSR]6,7.0193963,8.907781
2021[Al][nan]3[FSR]7,7.0236263,8.926329
2021[Al][nan]3[FSR]8,7.0075307,8.926093
2021[Al][nan]3[FSR]9,7.019842,8.906383
2021[CdCr][nan]3[ION]1,-3.8283753,9.902515
2021[Cd][flu]3[ASR]1,-3.0340924,13.59957
2021[Cd][flu]3[FSR]1,-3.0520267,13.592879
2021[Cd][fsc]3[ASR]1,-2.442991,11.799306
2021[Cd][fsc]3[ASR]2,-2.4383945,11.751474
2021[Cd][fsc]3[FSR]1,-2.4334347,11.796805
2021[Cd][fsc]3[FSR]2,-2.459934,11.721229
2021[Cd][hcb]2[ASR]1,-0.64473003,11.02273
2021[Cd][hcb]2[FSR]1,-0.64095384,11.0298395
2021[Cd][kag]3[ASR]1,-1.3174307,1.3689016
2021[Cd][kag]3[FSR]1,-1.3638744,1.30603
2021[Cd][kgd]2[ASR]1,1.9849269,9.978053
2021[Cd][nan]2[ASR]1,1.072281,13.102995
2021[Cd][nan]2[ASR]2,1.4187993,10.526528
2021[Cd][nan]2[ASR]3,1.6134967,11.0035
2021[Cd][nan]2[FSR]1,1.0915631,13.115342
2021[Cd][nan]2[FSR]2,1.5763993,11.683541
2021[Cd][nan]3[ASR]2,0.9467264,8.271962
2021[Cd][nan]3[ASR]3,2.1714027,7.145053
2021[Cd][nan]3[ASR]4,1.7289623,7.4750338
2021[Cd][nan]3[FSR]2,0.9400199,8.2984
2021[Cd][nan]3[FSR]3,-3.8706381,9.654419
2021[Cd][pcu]3[ASR]1,-4.3168173,10.382553
2021[Cd][pcu]3[ASR]2,0.08120729,3.6862423
2021[Cd][pcu]3[ASR]3,3.199162,11.741699
2021[Cd][pcu]3[ASR]4,-0.33359063,11.155976
2021[Cd][pcu]3[FSR]1,-4.3320622,10.437165
2021[Cd][pcu]3[FSR]2,0.050697334,3.692058
2021[Cd][pcu]3[FSR]3,3.212163,11.743483
2021[Cd][pcu]3[FSR]4,-0.33255664,11.153469
2021[Cd][pts]3[ASR]1,2.4393306,9.997175
2021[Cd][pts]3[ASR]2,-3.5137522,9.151246
2021[Cd][pts]3[FSR]1,-4.419491,11.575656
2021[Cd][pts]3[FSR]2,-3.4945946,9.1406
2021[Cd][sql]2[ASR]1,2.1548095,12.58849
2021[Cd][sql]2[ASR]2,-3.5817678,10.765697
2021[Cd][sql]2[ASR]3,-4.4879613,13.542358
2021[Cd][sql]2[ASR]4,-8.766216,11.004859
2021[Cd][sql]2[ASR]6,-3.3972216,12.581656
2021[Cd][sql]2[FSR]1,2.1697977,12.606254
2021[Cd][sql]2[FSR]2,-3.575925,10.756874
2021[Cd][sql]2[FSR]3,-4.502233,13.578961
2021[Cd][sql]2[FSR]4,-8.818536,11.011283
2021[Cd][sql]2[FSR]6,-3.3980153,12.55602
2021[Cd][sra]3[FSR]1,-2.9762704,13.186875
2021[Cd][tfz]3[ASR]1,1.8340998,7.0722837
2021[Cd][tfz]3[ASR]2,1.848006,7.4034967
2021[Cd][tfz]3[ASR]3,1.8005975,7.4779425
2021[Cd][tfz]3[ASR]4,-3.4699714,9.131983
2021[Cd][tfz]3[ASR]5,5.2120786,12.582079
2021[Cd][tfz]3[FSR]1,-3.1586041,8.722205
2021[Cd][tfz]3[FSR]2,-3.6283884,9.174764
2021[Cd][tfz]3[FSR]3,-3.6281593,9.120289
2021[Cd][tfz]3[FSR]4,-4.3877883,10.554589
2021[Ce][fcu]3[ASR]1,-2.9937737,22.03845
2021[Ce][flu]3[ASR]1,1.0473815,4.8549337
2021[Ce][flu]3[FSR]1,1.0488675,4.8319426
2021[Ce][kgd]2[ASR]1,-2.471017,9.6881695
2021[Ce][kgd]2[FSR]1,-2.5076103,9.755507
2021[Ce][nan]3[ASR]1,-3.0487568,10.403438
2021[Ce][nan]3[ASR]2,-0.32445645,2.5751333
2021[Ce][nan]3[ASR]3,-4.4425488,11.97979
2021[Ce][nan]3[FSR]1,-3.5954447,13.408532
2021[Ce][nan]3[FSR]2,-0.56226593,4.654982
2021[Ce][nan]3[ION]1,-0.4592049,4.75395
2021[Ce][nbo]3[ASR]1,-0.394066,2.6366866
2021[Ce][nbo]3[ASR]2,-0.3941686,2.6342509
2021[Ce][nbo]3[FSR]1,-0.34867385,4.7982054
2021[CoAg][fet]2[ION]1,-0.6210273,11.469208
2021[Co][ant]3[ASR]1,-3.7920716,11.705999
2021[Co][ant]3[FSR]1,-3.813177,12.757817
2021[Co][dia]3[ASR]1,-4.8470883,11.942849
2021[Co][dia]3[FSR]1,-4.8367295,11.941659
2021[Co][flu]3[ASR]1,-3.363605,13.120486
2021[Co][flu]3[FSR]1,-3.495174,12.85669
2021[Co][kgd]2[ASR]1,-4.3603625,13.717428
2021[Co][kgd]2[FSR]1,-4.3254743,13.783248
2021[Co][llj]3[ASR]1,0.018891256,3.4884753
2021[Co][nan]2[FSR]1,-3.7742286,12.395408
2021[Co][nan]3[ASR]1,2.4098818,8.753265
2021[Co][nan]3[ASR]10,2.3159769,9.443058
2021[Co][nan]3[ASR]11,-0.5695646,2.770478
2021[Co][nan]3[ASR]14,-1.0058727,7.472904
2021[Co][nan]3[ASR]15,1.8214915,13.139197
2021[Co][nan]3[ASR]17,-0.19393685,3.5343769
2021[Co][nan]3[ASR]18,-0.08077018,3.6604166
2021[Co][nan]3[ASR]2,2.4005027,8.708465
2021[Co][nan]3[ASR]3,-1.720092,7.3664756
2021[Co][nan]3[ASR]4,2.7402837,13.006229
2021[Co][nan]3[ASR]5,-2.8539085,14.416196
2021[Co][nan]3[ASR]6,3.7675948,11.315895
2021[Co][nan]3[ASR]9,1.8045813,13.125106
2021[Co][nan]3[FSR]1,1.7904907,10.441381
2021[Co][nan]3[FSR]10,1.8701799,13.091319
2021[Co][nan]3[FSR]11,2.3559597,9.488569
2021[Co][nan]3[FSR]15,1.8188282,13.126482
2021[Co][nan]3[FSR]17,0.0685975,4.914974
2021[Co][nan]3[FSR]18,-1.1938272,4.437787
2021[Co][nan]3[FSR]2,2.4051766,8.725406
2021[Co][nan]3[FSR]3,-2.9326906,9.985083
2021[Co][nan]3[FSR]4,-3.5909767,13.576654
2021[Co][nan]3[FSR]5,-2.849316,14.454022
2021[Co][nan]3[FSR]6,3.8098192,11.258871
2021[Co][nan]3[FSR]9,1.6916951,13.315733
2021[Co][nan]3[ION]1,-3.264401,8.726821
2021[Co][pcu]3[ASR]1,1.4501084,11.122465
2021[Co][pcu]3[ASR]2,-1.1868886,11.13903
2021[Co][pcu]3[ASR]3,-1.0806907,10.286342
2021[Co][pcu]3[ASR]4,-1.0692661,10.7442665
2021[Co][pcu]3[ASR]5,1.6176155,11.429352
2021[Co][pcu]3[ASR]6,1.651975,11.439837
2021[Co][pcu]3[FSR]1,1.4406955,11.133445
2021[Co][pcu]3[FSR]2,-1.2337936,11.111984
2021[Co][pcu]3[FSR]3,-1.0546715,10.254451
2021[Co][pcu]3[FSR]4,-1.0761466,10.749911
2021[Co][pcu]3[FSR]5,1.6906418,11.388331
2021[Co][pcu]3[FSR]6,1.6914483,11.408058
2021[Co][pts]3[ASR]1,-3.5654755,13.482777
2021[Co][rtl]3[ASR]1,2.7230463,10.836483
2021[Co][rtl]3[FSR]1,2.7094436,10.8633795
2021[Co][scu]3[ASR]1,-2.5183535,14.930859
2021[Co][scu]3[FSR]1,-2.515784,14.949464
2021[Co][sit]3[ASR]1,0.8473202,5.4059114
2021[Co][sql]2[ASR]1,-4.3904867,10.559659
2021[Co][sql]2[ASR]2,-1.0147717,10.419699
2021[Co][sql]2[FSR]2,-4.352425,10.597919
2021[Co][sql]2[FSR]3,-2.6709764,10.856423
2021[Co][sql]2[FSR]4,-4.4128914,12.782143
2021[Co][svk]3[ASR]1,-2.4877748,8.066139
2021[Co][svk]3[FSR]1,-3.4823864,9.905935
2021[CrAg][fet]2[ION]1,-0.581843,11.554648
2021[CuMn][sql]2[ASR]1,-3.7730699,9.160083
2021[CuMn][sql]2[FSR]1,-3.4108841,11.39505
2021[CuMn][tfz]3[ASR]1,0.9564213,9.790503
2021[CuMn][tfz]3[ASR]2,0.9632908,7.582947
2021[CuMn][tfz]3[FSR]1,0.98214126,9.821385
2021[CuMn][tfz]3[FSR]2,0.95322675,7.5822515
2021[CuW][sql]2[ASR]1,-1.4109391,10.903241
2021[Cu][bcu]3[ASR]1,-5.8829226,7.3267474
2021[Cu][bcu]3[FSR]1,-5.877532,7.2999797
2021[Cu][bex]2[ASR]1,-1.0127493,10.395533
2021[Cu][bex]2[FSR]1,-1.0166955,10.378941
2021[Cu][dia]3[ASR]1,1.1363312,10.485842
2021[Cu][dia]3[FSR]1,1.1421206,10.528411
2021[Cu][djg]3[ASR]1,2.4358432,7.419336
2021[Cu][djg]3[FSR]1,2.4298718,7.4182143
2021[Cu][eea]3[ASR]1,3.2428513,5.98442
2021[Cu][eea]3[FSR]1,3.2172942,5.999897
2021[Cu][lvt]3[ASR]1,-1.9450381,0.041186854
2021[Cu][nan]3[ASR]1,0.8654673,3.8788118
2021[Cu][nan]3[ASR]2,1.3899447,7.0113387
2021[Cu][nan]3[ASR]3,-3.4171548,11.316251
2021[Cu][nbo]3[ASR]1,-0.6097404,0.9166044
2021[Cu][nbo]3[ASR]2,-2.0674365,-0.11900712
2021[Cu][pcu]3[ASR]1,1.0496436,10.012035
2021[Cu][pcu]3[ASR]2,0.9903353,9.95535
2021[Cu][pcu]3[ASR]3,-1.1876105,2.8204958
2021[Cu][pcu]3[ASR]4,0.30930465,9.507651
2021[Cu][pcu]3[FSR]1,1.0369914,9.990283
2021[Cu][pcu]3[FSR]2,1.0428269,9.955026
2021[Cu][pcu]3[FSR]3,-1.1948618,2.8342602
2021[Cu][rtl]3[ASR]2,2.0640903,12.233351
2021[Cu][rtl]3[FSR]2,2.0518684,12.246648
2021[Cu][sql]2[ASR]1,1.4870242,11.773707
2021[Cu][sql]2[ASR]10,1.5276381,4.0530744
2021[Cu][sql]2[ASR]2,-7.5125155,2.9293544
2021[Cu][sql]2[ASR]3,1.321649,8.90053
2021[Cu][sql]2[ASR]4,-1.455718,10.9265785
2021[Cu][sql]2[ASR]5,-3.3410707,11.782068
2021[Cu][sql]2[ASR]6,-1.781934,0.27337983
2021[Cu][sql]2[ASR]7,-1.0094839,10.382626
2021[Cu][sql]2[ASR]8,-4.2675653,10.512914
2021[Cu][sql]2[ASR]9,1.2036914,8.794053
2021[Cu][sql]2[FSR]1,1.4877661,11.721955
2021[Cu][sql]2[FSR]10,-2.6396852,9.523101
2021[Cu][sql]2[FSR]2,-7.4673777,2.9745345
2021[Cu][sql]2[FSR]3,1.5733631,10.530331
2021[Cu][sql]2[FSR]4,-1.4597507,10.939191
2021[Cu][sql]2[FSR]5,-3.3511837,11.807218
2021[Cu][sql]2[FSR]6,-1.7456323,0.2920788
2021[Cu][sql]2[FSR]7,-1.005564,10.382039
2021[Cu][sql]2[FSR]8,-4.2951503,10.538015
2021[Cu][sql]2[FSR]9,1.1960325,8.790876
2021[Cu][ssb]3[ASR]1,0.4008803,3.7589269
2021[Cu][xft]3[ASR]1,-8.683923,11.033932
2021[Cu][xft]3[FSR]1,-8.672519,11.025595
2021[Dy][nan]3[ASR]1,-2.9085932,15.380386
2021[Dy][nan]3[ASR]2,-2.9058142,15.402568
2021[Dy][nan]3[ASR]4,3.023473,5.8266554
2021[Dy][nan]3[FSR]1,-2.9452846,15.482272
2021[Dy][nan]3[FSR]2,-2.9511204,15.484475
2021[Er][fcu]3[ASR]1,-3.007457,22.028093
2021[Er][nan]3[ASR]1,-2.9298306,15.457297
2021[Er][nan]3[ASR]2,-2.912936,15.421301
2021[Er][nan]3[FSR]1,-2.9330554,15.461354
2021[Er][nan]3[FSR]2,-2.9202278,15.453346
2021[Eu][fcu]3[ASR]1,-0.98251355,2.4368706
2021[Eu][fcu]3[ASR]2,-1.1717472,2.4124346
2021[Eu][fcu]3[ASR]3,-3.0205314,22.015722
2021[Eu][fcu]3[FSR]1,-1.1558511,2.4753706
2021[Eu][kgd]2[ASR]1,3.9218667,7.728498
2021[Eu][kgd]2[FSR]1,-2.555274,9.782162
2021[Eu][lvt]3[ASR]1,3.3824682,5.469283
2021[Eu][nan]3[ASR]2,3.3199184,7.3403287
2021[Eu][nan]3[ASR]3,2.4327552,14.424771
2021[Eu][nan]3[FSR]2,3.3193789,7.3611765
2021[Eu][nan]3[FSR]3,-3.5498443,14.236797
2021[Eu][nan]3[ION]1,-0.36484402,4.7986546
2021[Eu][pcu]3[ASR]1,-9.006524,11.1710005
2021[Eu][pcu]3[FSR]1,-9.042621,11.196841
2021[Eu][pts]3[ASR]1,2.8733351,15.66305
2021[Eu][pts]3[FSR]1,-2.9389799,14.380498
2021[Eu][rtl]3[ASR]1,3.0333784,5.722804
2021[Eu][rtl]3[FSR]1,1.5375487,13.312193
2021[FeAg][fet]2[ION]1,-0.5725265,11.507617
2021[FeGa][rna]3[FSR]2,7.928737,1.4798895
2021[FeGa][rna]3[FSR]3,7.928671,1.4800957
2021[Fe][acs]3[ASR]1,-0.33092296,3.0318947
2021[Fe][bpq]3[ASR]1,-2.3470457,9.442962
2021[Fe][bpq]3[FSR]1,-2.3731806,9.475076
2021[Fe][nan]3[ASR]1,3.6865337,6.2578936
2021[Fe][nan]3[FSR]1,3.696049,6.23568
2021[GaAg][fet]2[ION]1,-0.6206007,11.510319
2021[GaFe][rna]3[ASR]2,7.9288564,1.4798146
2021[GaFe][rna]3[ASR]3,7.928688,1.4800805
2021[Gd][nan]3[ASR]1,2.546916,14.547726
2021[Gd][nan]3[FSR]1,-3.5717454,14.229448
2021[Gd][sql]2[ASR]1,-4.2865124,11.976081
2021[GeNi][pcu]3[FSR]1,5.9416065,18.417887
2021[Hf][sqc]3[ASR]1,0.7302192,4.289621
2021[Hf][sqc]3[FSR]1,-1.8817668,7.7205405
2021[Ho][nan]3[ASR]1,-2.8745236,15.326974
2021[Ho][nan]3[ASR]2,-2.8847141,15.369883
2021[Ho][nan]3[FSR]1,-2.8944266,15.451917
2021[Ho][nan]3[FSR]2,-2.9462974,15.481502
2021[In][nan]3[ASR]1,5.074406,9.066883
2021[In][nan]3[ASR]2,0.46253598,4.5610657
2021[In][nan]3[FSR]1,5.07366,9.067861
2021[In][nan]3[FSR]2,0.4685356,4.5758896
2021[LaFe][nan]3[ASR]1,-4.038142,10.238218
2021[La][fsc]3[ASR]1,0.48679197,11.211621
2021[La][fsc]3[FSR]1,-3.3206728,12.489784
2021[La][kgd]2[ASR]1,3.9010298,7.709588
2021[La][kgd]2[FSR]1,-2.4816177,9.7185545
2021[La][sql]2[ASR]1,-2.3568428,7.9624887
2021[Mg][nan]2[ASR]1,1.8801378,8.394958
2021[Mg][nan]2[FSR]1,-3.9145837,9.778572
2021[MnCu][tfz]3[ION]1,1.0230331,8.033729
2021[MnSi][kgd]2[FSR]1,-3.5088625,9.796281
2021[Mn][dia]3[ASR]1,-1.2773643,4.0151806
2021[Mn][dia]3[FSR]1,-1.2664673,4.0067663
2021[Mn][kgd]2[ASR]2,-4.193109,13.818721
2021[Mn][kgd]2[ASR]3,-4.294331,13.764747
2021[Mn][kgd]2[FSR]2,-4.2267656,13.762352
2021[Mn][kgd]2[FSR]3,-4.299388,13.744457
2021[Mn][nan]2[ASR]1,4.064592,14.299553
2021[Mn][nan]2[ASR]2,-3.5409381,9.240503
2021[Mn][nan]2[FSR]1,-2.9139905,14.724462
2021[Mn][nan]2[FSR]2,-3.6326594,9.39716
2021[Mn][nan]3[ASR]2,-0.6428631,1.8898915
2021[Mn][sql]2[ASR]1,-2.9837224,8.991626
2021[Mn][sql]2[FSR]1,-3.7128375,10.156381
2021[Mo][lvt]3[ASR]1,-2.8808835,8.274605
2021[Mo][lvt]3[FSR]1,-2.891132,8.291111
2021[Nd][kgd]2[ASR]1,3.9079044,7.761691
2021[Nd][kgd]2[FSR]1,-2.5939903,9.825128
2021[Nd][lvt]3[ASR]1,3.2198188,5.366902
2021[Nd][nan]3[ASR]1,3.5656836,7.378547
2021[Nd][pcu]3[ASR]1,2.4085546,14.351463
2021[Nd][pcu]3[ASR]2,6.5143538,8.917176
2021[Nd][rtl]3[ASR]1,3.0033174,5.6468234
2021[Nd][rtl]3[FSR]1,1.5229763,13.225487
2021[NiGe][pcu]3[ASR]1,5.9429193,18.42318
2021[NiLa][nan]3[ASR]1,-4.0187726,10.11407
2021[NiW][hcb]2[ASR]1,-4.3311214,2.2821658
2021[Ni][bnn]3[ASR]1,-4.4674916,10.299264
2021[Ni][bnn]3[FSR]1,-4.442122,10.430907
2021[Ni][dia]3[ASR]1,2.563285,10.276784
2021[Ni][dia]3[FSR]1,2.5667605,10.258024
2021[Ni][nan]3[ASR]1,2.6762726,10.42106
2021[Ni][nan]3[ASR]4,-6.971967,17.49132
2021[Ni][qtz]3[ASR]1,0.15144584,4.4417577
2021[Ni][qtz]3[ASR]3,0.16234986,4.49231
2021[Ni][qtz]3[FSR]1,0.15111741,4.447853
2021[Ni][qtz]3[FSR]3,0.15079021,4.483924
2021[Pb][llj]2[ASR]1,1.4905528,15.969404
2021[Pb][llj]2[FSR]1,1.4893044,15.998692
2021[Pb][nan]3[ASR]1,1.2186276,16.03512
2021[Pb][nan]3[FSR]1,1.2304826,16.043547
2021[Pr][kgd]2[ASR]1,3.9423063,7.822605
2021[Pr][kgd]2[FSR]1,-2.5238261,9.811779
2021[Pr][pcu]3[ASR]1,2.4383373,14.299994
2021[Sc][acs]3[ASR]1,0.915299,6.454443
2021[Sc][acs]3[ASR]2,0.82834315,6.0457063
2021[Sc][nan]3[ASR]1,-0.5352717,2.039536
2021[Sc][qtz]3[FSR]1,-3.2878432,21.772816
2021[SiMn][kgd]2[ASR]1,-2.7514162,8.572323
2021[Sm][fcu]3[ASR]1,-3.0025277,22.032366
2021[Sm][kgd]2[ASR]1,3.9005704,7.772831
2021[Sm][kgd]2[FSR]1,-2.520768,9.796058
2021[Sm][pcu]3[ASR]1,2.4572299,14.372677
2021[Sm][rtl]3[ASR]1,3.019943,5.7564425
2021[Sm][rtl]3[FSR]1,1.5315105,13.326376
2021[Sm][sql]2[ASR]1,3.44384,8.869835
2021[Tb][fcu]3[ASR]1,-2.988219,22.046103
2021[Tb][nan]3[ASR]1,-2.9102864,15.411786
2021[Tb][nan]3[ASR]2,-2.8853009,15.379046
2021[Tb][nan]3[ASR]3,2.471192,14.4867735
2021[Tb][nan]3[FSR]1,-8.995117,11.1708975
2021[Tb][nan]3[FSR]2,-2.934667,15.469444
2021[Tb][nan]3[FSR]3,-2.9262617,15.508733
2021[Tb][nan]3[FSR]4,-3.6278753,14.724233
2021[Tb][rtl]3[ASR]1,3.0028236,5.8705864
2021[Th][fcu]3[ASR]1,-1.0915173,2.2369041
2021[Th][fcu]3[ASR]2,4.41595,6.897175
2021[Th][fcu]3[FSR]1,-1.1451875,2.2667003
2021[Th][fcu]3[FSR]2,4.456858,7.049548
2021[Tm][nan]3[ASR]1,-2.9311512,15.387654
2021[Tm][nan]3[ASR]2,-2.9377158,15.476425
2021[Tm][nan]3[ASR]3,3.3838437,7.441938
2021[Tm][nan]3[FSR]1,-2.9294693,15.441364
2021[Tm][nan]3[FSR]2,-2.9227319,15.460238
2021[U][cds]3[ASR]1,-0.45744264,2.9983554
2021[U][cds]3[FSR]1,-0.3437054,3.189446
2021[U][hcb]2[ASR]1,1.0420845,16.1527
2021[U][hcb]2[FSR]1,-2.8291676,15.514683
2021[U][nan]2[ASR]1,0.8747355,16.404865
2021[U][nan]2[ASR]2,2.4640691,9.800414
2021[U][nan]2[FSR]1,1.2811872,16.489399
2021[U][nan]2[FSR]2,2.6025007,9.875498
2021[U][pcu]3[ASR]1,1.0478008,16.0872
2021[U][pcu]3[ASR]2,1.0827284,16.078339
2021[U][pcu]3[ASR]3,1.0428542,16.096565
2021[U][pcu]3[FSR]1,1.2479814,16.044052
2021[U][pcu]3[FSR]2,1.2686559,16.02125
2021[U][pcu]3[FSR]3,1.2423084,16.059164
2021[U][pcu]3[FSR]4,1.2788393,16.044685
2021[U][pcu]3[ION]1,2.5375445,9.907356
2021[U][ths]3[ASR]1,0.7843652,3.6969547
2021[U][ths]3[ASR]2,0.843064,3.781333
2021[U][ths]3[ASR]3,0.80093807,3.6928248
2021[V][nan]3[ASR]1,3.7956212,6.364092
2021[V][nan]3[ASR]10,4.1704507,5.7416673
2021[V][nan]3[ASR]11,4.1629643,5.763466
2021[V][nan]3[ASR]12,4.1482053,5.7162905
2021[V][nan]3[ASR]13,5.1067266,9.228131
2021[V][nan]3[ASR]2,3.790829,6.335088
2021[V][nan]3[ASR]3,3.7559874,6.372082
2021[V][nan]3[ASR]4,3.7942586,6.3477473
2021[V][nan]3[ASR]5,3.7964869,6.328269
2021[V][nan]3[ASR]6,4.180706,5.747797
2021[V][nan]3[ASR]7,4.164546,5.7443023
2021[V][nan]3[ASR]8,4.1526594,5.730052
2021[V][nan]3[ASR]9,4.1673884,5.7382455
2021[V][nan]3[FSR]1,3.8152766,6.344687
2021[V][nan]3[FSR]10,4.177447,5.7433696
2021[V][nan]3[FSR]11,4.208447,5.7723293
2021[V][nan]3[FSR]12,4.165969,5.721758
2021[V][nan]3[FSR]13,5.10721,9.230872
2021[V][nan]3[FSR]2,3.8019156,6.3356333
2021[V][nan]3[FSR]3,3.7726367,6.400203
2021[V][nan]3[FSR]4,3.7862053,6.3624067
2021[V][nan]3[FSR]5,3.8054311,6.3340406
2021[V][nan]3[FSR]6,4.179827,5.7369313
2021[V][nan]3[FSR]7,4.1830683,5.7568693
2021[V][nan]3[FSR]8,4.1639,5.7250185
2021[V][nan]3[FSR]9,4.1793265,5.734878
2021[V][nan]3[ION]1,1.9202335,14.176452
2021[WCu][sql]2[FSR]1,-1.4315158,10.918673
2021[Y][acs]3[ASR]1,-2.9705412,8.272786
2021[Y][acs]3[FSR]1,-2.971547,8.308939
2021[Y][pcu]3[ASR]1,-0.84946007,2.2751067
2021[Y][pcu]3[FSR]1,-0.82961744,2.282782
2021[Yb][fcu]3[ASR]1,-2.992467,22.043785
2021[ZnIn][nan]3[ASR]1,-1.3898234,2.566611
2021[ZnLa][nan]3[ASR]1,-4.0113106,10.101259
2021[ZnMg][nan]3[ASR]1,-1.2700535,4.0970945
2021[ZnPb][llj]3[ASR]1,3.278655,13.449969
2021[ZnPb][llj]3[FSR]1,3.2803893,13.457205
2021[ZnSi][kgd]2[ASR]1,-1.3871412,4.2494903
2021[Zn][bcg]3[ASR]1,2.4098501,8.752815
2021[Zn][bcg]3[FSR]1,2.4343271,8.762031
2021[Zn][bex]2[ASR]1,-4.1643724,10.533563
2021[Zn][bex]2[FSR]1,-4.0337086,10.974631
2021[Zn][dia]3[ASR]1,-0.46379343,2.8439534
2021[Zn][dia]3[ASR]2,2.2930424,4.5635037
2021[Zn][dia]3[ASR]3,3.3169513,11.760284
2021[Zn][dia]3[ASR]4,-3.546272,10.819063
2021[Zn][dia]3[ASR]6,-0.45089918,2.8301537
2021[Zn][dia]3[FSR]2,2.292617,4.5635166
2021[Zn][dia]3[FSR]3,3.3155828,11.762813
2021[Zn][dia]3[FSR]4,-3.567286,10.819581
2021[Zn][dia]3[ION]1,1.3310137,7.6009736
2021[Zn][dmc]3[ASR]1,5.6436815,12.861993
2021[Zn][dmc]3[ASR]2,5.4057126,12.347715
2021[Zn][dmc]3[FSR]1,5.642346,12.868886
2021[Zn][dmc]3[FSR]2,5.4130955,12.291139
2021[Zn][dmp]3[FSR]1,0.90069175,10.486984
2021[Zn][fit]3[ASR]1,-2.2668023,9.398659
2021[Zn][fit]3[FSR]1,-2.3209593,9.422441
2021[Zn][fsc]3[ASR]1,1.7004988,11.773716
2021[Zn][fsc]3[ASR]2,1.2802134,10.331827
2021[Zn][fsc]3[FSR]1,1.730403,11.76922
2021[Zn][fsc]3[FSR]2,1.3034694,10.37891
2021[Zn][hcb]2[ASR]1,-0.4843568,11.138692
2021[Zn][hcb]2[FSR]1,-0.48346627,11.167707
2021[Zn][ins]3[ION]1,-3.4735062,14.2599125
2021[Zn][kgd]2[ASR]1,2.8934772,14.046551
2021[Zn][kgd]2[FSR]1,-3.709736,9.913865
2021[Zn][kgd]2[FSR]2,-4.4092827,13.510179
2021[Zn][lvt]3[ASR]1,4.7994227,12.4682665
2021[Zn][lvt]3[FSR]1,4.6800694,12.96734
2021[Zn][nan]2[ASR]1,2.0396316,7.1764555
2021[Zn][nan]2[ASR]2,-1.4783788,12.166824
2021[Zn][nan]2[FSR]2,-1.4761981,12.165384
2021[Zn][nan]3[ASR]1,-4.3553185,2.302257
2021[Zn][nan]3[ASR]10,-0.8257351,5.9474697
2021[Zn][nan]3[ASR]11,5.7531414,11.793413
2021[Zn][nan]3[ASR]12,-0.79357487,5.9191995
2021[Zn][nan]3[ASR]13,2.6600754,10.359708
2021[Zn][nan]3[ASR]14,1.4241259,11.861338
2021[Zn][nan]3[ASR]15,-1.6890486,2.490345
2021[Zn][nan]3[ASR]16,1.2810564,8.665525
2021[Zn][nan]3[ASR]17,3.7488906,15.258575
2021[Zn][nan]3[ASR]18,3.7608166,15.234145
2021[Zn][nan]3[ASR]19,3.7687912,15.231712
2021[Zn][nan]3[ASR]2,-4.3929706,2.2330272
2021[Zn][nan]3[ASR]20,5.6257176,12.952512
2021[Zn][nan]3[ASR]22,5.616516,12.960071
2021[Zn][nan]3[ASR]23,5.614321,12.947551
2021[Zn][nan]3[ASR]3,-1.1559694,3.643522
2021[Zn][nan]3[ASR]4,-0.95298046,3.3510208
2021[Zn][nan]3[ASR]5,2.3179822,9.124141
2021[Zn][nan]3[ASR]6,-1.0935439,7.0762205
2021[Zn][nan]3[ASR]7,0.7932014,4.802325
2021[Zn][nan]3[ASR]8,-1.5315759,6.5179114
2021[Zn][nan]3[ASR]9,-1.345198,6.38333
2021[Zn][nan]3[FSR]1,-4.3305902,2.3315523
2021[Zn][nan]3[FSR]10,5.713869,11.79799
2021[Zn][nan]3[FSR]11,-0.8018449,5.918337
2021[Zn][nan]3[FSR]12,2.6399572,10.311709
2021[Zn][nan]3[FSR]13,1.4023559,11.917767
2021[Zn][nan]3[FSR]14,1.3048333,8.675354
2021[Zn][nan]3[FSR]15,3.7606032,15.237554
2021[Zn][nan]3[FSR]16,3.7650342,15.234851
2021[Zn][nan]3[FSR]17,3.7753162,15.234423
2021[Zn][nan]3[FSR]18,5.6147685,12.975053
2021[Zn][nan]3[FSR]2,-4.4118433,2.2149894
2021[Zn][nan]3[FSR]20,5.6261935,12.971462
2021[Zn][nan]3[FSR]21,5.588762,12.990085
2021[Zn][nan]3[FSR]3,-1.1234998,3.6056385
2021[Zn][nan]3[FSR]4,-0.93504155,3.3627162
2021[Zn][nan]3[FSR]5,-1.09459,7.0732055
2021[Zn][nan]3[FSR]6,0.79802835,4.7650213
2021[Zn][nan]3[FSR]7,-1.516367,6.491008
2021[Zn][nan]3[FSR]8,-1.3565516,6.3837857
2021[Zn][nan]3[FSR]9,-0.8205263,5.946825
2021[Zn][pcu]3[ASR]12,1.9871216,10.211812
2021[Zn][pcu]3[ASR]13,2.029269,10.182847
2021[Zn][pcu]3[ASR]2,-1.1288024,3.8123426
2021[Zn][pcu]3[ASR]3,2.6216288,13.76604
2021[Zn][pcu]3[ASR]4,2.6494772,13.758833
2021[Zn][pcu]3[ASR]8,0.14696589,5.0260572
2021[Zn][pcu]3[FSR]12,1.9733421,10.175378
2021[Zn][pcu]3[FSR]13,2.0537798,10.199028
2021[Zn][pcu]3[FSR]3,2.6237652,13.792449
2021[Zn][pcu]3[FSR]4,2.6602068,13.779859
2021[Zn][pcu]3[FSR]8,0.112095825,4.989505
2021[Zn][pts]3[ASR]1,2.0597634,6.57028
2021[Zn][pts]3[ASR]2,2.5223103,8.164694
2021[Zn][pts]3[FSR]1,2.5655627,8.15687
2021[Zn][rtl]3[ASR]2,-0.9048056,2.0509272
2021[Zn][scu]3[ASR]1,-0.8575977,1.9639497
2021[Zn][scu]3[ASR]2,-3.581345,9.37879
2021[Zn][scu]3[FSR]1,-3.592913,10.389401
2021[Zn][sqc]3[ASR]1,0.61321276,6.0709224
2021[Zn][sqc]3[FSR]1,0.6065055,6.0753207
2021[Zn][sql]2[ASR]1,1.3030802,8.814148
2021[Zn][sql]2[ASR]2,1.5964848,9.346726
2021[Zn][sql]2[ASR]3,-1.2096188,4.308724
2021[Zn][sql]2[FSR]1,1.2945477,8.797476
2021[Zn][sql]2[FSR]2,-1.2271351,4.3113627
2021[Zn][srs]3[ASR]1,2.0618494,4.4795437
2021[Zn][srs]3[FSR]1,1.5561225,12.275607
2021[Zn][tfz]3[ASR]1,1.9358623,10.029993
2021[Zn][tfz]3[FSR]1,1.9637405,9.997113
2021[Zn][usf]3[ASR]1,3.1826894,14.243192
2021[Zn][usf]3[FSR]1,3.2125037,14.260874
2021[Zn][zst]3[ASR]1,-2.4045665,7.179846
2021[Zn][zst]3[FSR]1,-2.4028852,7.1763473
2021[Zr][csq]3[ASR]1,-11.336678,13.351696
2021[Zr][flu]3[ASR]1,-0.71100456,1.7030393
2021[Zr][nan]3[ASR]1,-10.038054,12.227269
2021[Zr][reo]3[ASR]1,-2.012773,5.824086
2021[Zr][reo]3[ASR]2,-2.0037074,5.8540244
2022[CdGd][pts]3[ION]1,-4.1186953,13.8595495
2022[CdPb][nan]3[ASR]1,1.8678764,15.776857
2022[CdPb][nan]3[FSR]1,1.0636148,16.109169
2022[CdTb][pts]3[ION]1,-4.0129414,13.913396
2022[Cd][cds]3[ASR]1,-5.72633,6.9575624
2022[Cd][cds]3[FSR]1,-5.760965,7.0010104
2022[Cd][crb]3[ASR]1,3.8258107,10.651444
2022[Cd][crb]3[FSR]1,-3.4628448,13.615856
2022[Cd][dia]3[ASR]1,1.1134101,12.099569
2022[Cd][fes]2[ASR]1,2.5313566,13.612411
2022[Cd][fes]2[FSR]1,-4.469891,12.915981
2022[Cd][fsc]3[ASR]1,2.4942136,10.460049
2022[Cd][fsc]3[FSR]1,-4.188038,11.5290165
2022[Cd][hms]3[ASR]1,1.5575575,9.242372
2022[Cd][kgd]2[ASR]1,2.4715579,14.451032
2022[Cd][kgd]2[ASR]2,2.7868702,13.176023
2022[Cd][kgd]2[FSR]1,-3.6328876,14.758928
2022[Cd][kgd]2[FSR]2,-4.378946,12.654831
2022[Cd][nan]2[ASR]1,0.9448382,11.211677
2022[Cd][nan]2[ASR]2,1.0982976,10.460681
2022[Cd][nan]2[FSR]1,1.0994371,10.472022
2022[Cd][nan]2[FSR]2,1.4358485,11.253028
2022[Cd][nan]3[ASR]1,2.148027,9.590897
2022[Cd][nan]3[ASR]2,2.6473045,10.475792
2022[Cd][nan]3[ASR]3,2.3930492,10.190761
2022[Cd][nan]3[ASR]4,2.813146,9.90617
2022[Cd][nan]3[ASR]5,2.1396718,10.380096
2022[Cd][nan]3[ASR]6,2.0609367,10.3873205
2022[Cd][nan]3[ASR]8,2.480093,7.40128
2022[Cd][nan]3[ASR]9,-1.8972244,8.524185
2022[Cd][nan]3[FSR]1,-3.8372037,10.094212
2022[Cd][nan]3[FSR]2,-4.267229,11.729233
2022[Cd][nuc]3[ASR]1,-1.5874144,-2.9667912
2022[Cd][nuc]3[FSR]1,-1.5831164,-2.9764347
2022[Cd][nuc]3[ION]1,-5.8959794,7.468243
2022[Cd][nuc]3[ION]2,-5.93124,7.531228
2022[Cd][pcu]3[ASR]1,1.4776958,7.708104
2022[Cd][pcu]3[FSR]1,1.4658391,7.7588663
2022[Cd][sdd]2[ASR]1,1.247601,13.309903
2022[Cd][sdd]2[FSR]1,1.220383,13.287184
2022[Cd][sql]2[ASR]1,-4.638015,11.233767
2022[Cd][sql]2[FSR]1,-4.66547,11.193969
2022[Cd][sql]2[FSR]2,-4.644694,12.244815
2022[Cd][tfz]3[ASR]1,1.9586945,10.030228
2022[Ce][ant]3[ASR]1,8.640571,14.832978
2022[Ce][ant]3[FSR]1,8.640985,14.833677
2022[Ce][nan]3[ASR]2,-2.3378217,7.2111497
2022[Ce][nan]3[FSR]2,-2.3395073,7.208512
2022[Ce][sql]2[ASR]1,2.4762976,7.855424
2022[CoMn][sql]2[ASR]1,-2.264156,7.068389
2022[CoMo][sql]2[ION]1,0.17547485,16.439726
2022[CoPb][nan]3[ASR]1,1.8808125,15.783278
2022[CoPtPd][srs]3[ION]1,-6.3585405,7.0622
2022[CoPt][fes]2[ION]1,-1.0512509,11.409077
2022[Co][bcg]3[ASR]1,2.5364048,5.075963
2022[Co][bcg]3[FSR]1,2.5440323,5.085354
2022[Co][gra]3[ASR]1,-5.8848305,7.4415727
2022[Co][gra]3[FSR]1,-5.9023695,7.418311
2022[Co][hxl]2[ASR]1,-5.8914857,6.306539
2022[Co][hxl]2[FSR]1,-5.9017615,6.3130646
2022[Co][mab]3[ASR]1,1.2644647,12.2173395
2022[Co][mab]3[FSR]1,1.2174947,12.242917
2022[Co][nan]3[ASR]1,0.022133764,3.672684
2022[Co][nan]3[ASR]12,-1.168687,4.0272627
2022[Co][nan]3[ASR]13,-0.79761946,3.236317
2022[Co][nan]3[ASR]14,-4.370065,2.2810147
2022[Co][nan]3[ASR]15,4.841978,7.3114758
2022[Co][nan]3[FSR]1,0.05843377,3.683785
2022[Co][nan]3[FSR]12,-1.1726995,4.0574617
2022[Co][nan]3[FSR]13,-2.5656867,10.108625
2022[Co][nan]3[FSR]14,4.8365965,7.312603
2022[Co][sit]3[ASR]1,0.25747553,3.5923138
2022[Co][sql]2[ASR]1,-2.301257,7.1242285
2022[Cr][nan]3[ASR]1,-1.9055804,8.705304
2022[Cr][nan]3[ASR]2,-1.9250993,8.692763
2022[Cr][nan]3[FSR]1,-1.9120617,8.695424
2022[Cr][nan]3[FSR]2,-1.9543744,8.7401905
2022[CuCd][nan]2[ASR]1,2.0121906,10.026338
2022[CuIn][dia]3[FSR]1,0.8551763,8.194845
2022[CuMn][dmd]3[ASR]1,3.7926924,15.017812
2022[CuSi][ith]3[ION]1,1.1267427,2.743747
2022[CuSi][mmo]2[ASR]1,-9.122863,11.256873
2022[CuSi][mmo]2[ASR]2,-9.146269,11.27335
2022[CuSi][mmo]2[FSR]1,-9.122323,11.25548
2022[CuSi][mmo]2[FSR]2,-9.153949,11.278671
2022[Cu][bnn]3[ASR]1,-1.587594,11.853907
2022[Cu][bnn]3[FSR]1,-1.5487561,11.898359
2022[Cu][nan]2[ASR]1,-3.0192351,22.01769
2022[Cu][nan]2[FSR]1,-3.0176783,22.019306
2022[Cu][nan]3[ASR]2,-3.8144732,12.762886
2022[Cu][nan]3[FSR]2,-3.6618328,13.223446
2022[Cu][nan]3[ION]1,-7.4394283,2.9986835
2022[Cu][pto]3[ASR]1,-0.041243326,4.2536216
2022[Cu][rob]3[ASR]1,1.5206605,13.538856
2022[Cu][rob]3[FSR]1,1.555647,13.508327
2022[Cu][rtl]3[ASR]1,-3.6124406,13.01103
2022[Cu][rtl]3[FSR]1,-3.6509306,13.05904
2022[Cu][sql]2[ASR]1,-2.1535058,5.9520617
2022[Cu][sql]2[ASR]2,-2.1844304,5.950891
2022[Cu][sql]2[ASR]3,-2.1515746,5.9551544
2022[Cu][sql]2[ASR]4,-2.1811504,5.9481277
2022[Cu][sql]2[ASR]5,-2.1479502,5.966267
2022[Cu][sql]2[ASR]6,-2.1668794,5.951683
2022[Cu][sql]2[ASR]7,-2.1808882,5.9468575
2022[Cu][sql]2[ASR]8,-4.246341,10.417489
2022[Cu][sql]2[ASR]9,0.37576967,9.2383175
2022[Cu][sql]2[FSR]1,-1.0521438,7.1457458
2022[Cu][sql]2[FSR]2,-1.0865662,7.150226
2022[Cu][sql]2[FSR]3,-1.0557421,7.234089
2022[Cu][sql]2[FSR]4,-4.3124056,10.47923
2022[Cu][tbo]3[ASR]10,-2.085244,2.410078
2022[Cu][tbo]3[ASR]3,-2.0384586,2.4573991
2022[Cu][tbo]3[ASR]4,-2.0108342,2.4347591
2022[Cu][tbo]3[ASR]5,-2.0382707,2.4586182
2022[Cu][tbo]3[ASR]6,-2.043328,2.456142
2022[Cu][tbo]3[ASR]7,-1.9909848,2.4181945
2022[Cu][tbo]3[ASR]8,-1.9618809,2.392561
2022[Cu][tbo]3[ASR]9,-2.0084856,2.402038
2022[Cu][tbo]3[FSR]10,-0.68296486,4.3022494
2022[Cu][tbo]3[FSR]11,-0.70263594,4.303857
2022[Cu][tbo]3[FSR]3,-0.6805786,4.3208175
2022[Cu][tbo]3[FSR]4,-0.6884483,4.3137865
2022[Cu][tbo]3[FSR]5,-0.6960612,4.312881
2022[Cu][tbo]3[FSR]6,-0.693156,4.309289
2022[Cu][tbo]3[FSR]7,-0.72210544,4.3692937
2022[Cu][tbo]3[FSR]8,-0.6864527,4.322286
2022[Cu][tbo]3[FSR]9,-0.7240538,4.3297343
2022[Er][ant]3[ASR]1,8.648494,14.838604
2022[Er][ant]3[FSR]1,8.648622,14.838633
2022[Er][pcu]3[FSR]1,-4.3567386,11.592351
2022[EuCd][pts]3[ION]1,-3.9574244,13.866425
2022[Eu][acs]3[ASR]1,3.6648314,7.831372
2022[Eu][ant]3[ASR]1,8.647745,14.841423
2022[Eu][ant]3[FSR]1,8.67637,14.869552
2022[Eu][cco]3[ASR]1,-1.2842585,12.1092
2022[Eu][cco]3[FSR]1,-1.2869956,12.476111
2022[Eu][hcb]2[ASR]1,-4.227979,11.491409
2022[Eu][hcb]2[ASR]2,-3.8948412,9.834884
2022[Eu][hcb]2[ASR]3,-6.3166347,6.482053
2022[Eu][hcb]2[FSR]1,-4.242384,11.465688
2022[Eu][hcb]2[FSR]2,-4.5678873,11.0446205
2022[Eu][kgd]2[ASR]1,-2.0452015,9.98027
2022[Eu][nan]3[ASR]1,-4.0314417,12.018424
2022[Eu][nan]3[ASR]2,1.5715834,5.5638933
2022[Eu][nan]3[FSR]1,-4.073744,12.037915
2022[Eu][nan]3[FSR]2,2.0427773,9.884099
2022[Eu][pcu]3[ASR]1,-7.4803133,2.963214
2022[Eu][pcu]3[FSR]1,-7.4897175,2.9544625
2022[Eu][pts]3[ASR]1,3.330435,5.4697776
2022[Eu][pts]3[FSR]1,1.5302416,13.47365
2022[Eu][sqc]3[ASR]1,4.1277,7.260142
2022[Eu][sql]2[ASR]1,-5.967808,7.0256066
2022[Eu][sql]2[FSR]1,-5.9715085,7.012414
2022[FeNi][nan]3[FSR]1,-3.175643,8.510969
2022[FePd][sql]2[FSR]1,4.5240326,13.094114
2022[Gd][ant]3[ASR]1,8.647318,14.841129
2022[Gd][ant]3[FSR]1,8.647692,14.841624
2022[Gd][hcb]2[ASR]1,-4.1616297,11.594508
2022[Gd][hcb]2[FSR]1,-4.207064,11.612098
2022[Gd][pcu]3[ASR]1,-7.483596,2.9598253
2022[Gd][pcu]3[FSR]1,-7.4926677,2.9508126
2022[InCu][dia]3[ASR]1,0.87916964,8.224655
2022[In][kgm]2[ASR]1,3.3582852,5.9996963
2022[In][kgm]2[FSR]1,3.334655,5.9830103
2022[In][nan]2[ASR]1,-3.8567834,9.9884405
2022[In][nan]2[FSR]1,-3.8943694,9.963898
2022[In][nan]3[ASR]1,4.615872,6.2056146
2022[In][nan]3[ASR]2,4.620185,6.1722927
2022[In][nan]3[ASR]3,3.7585833,7.44963
2022[In][nan]3[FSR]1,4.618122,6.2032657
2022[In][nan]3[FSR]2,4.619551,6.1746407
2022[La][nan]2[ASR]1,-4.166851,11.3481045
2022[La][nan]2[FSR]1,-4.144184,11.598077
2022[Lu][nan]3[ASR]1,-1.0430877,7.4803133
2022[Lu][nan]3[FSR]1,-1.014529,7.564499
2022[Mg][nan]3[ASR]1,-1.2032491,3.8771117
2022[MnCu][sql]2[ION]1,0.44386744,11.813015
2022[Mn][kgd]2[ASR]1,1.2041672,5.5065956
2022[Mn][kgd]2[ASR]2,-0.10830095,3.1209705
2022[Mn][kgd]2[FSR]1,-4.111604,10.502463
2022[Mn][nan]2[ASR]2,-2.7971916,8.585123
2022[Mn][nan]2[FSR]2,-4.5411286,11.4046545
2022[Mn][nan]3[ASR]1,1.8203808,8.061348
2022[Mn][pcu]3[ASR]1,5.6466603,17.513073
2022[Mn][pcu]3[ASR]2,5.646821,17.51332
2022[Mn][pcu]3[ASR]3,5.6464133,17.509789
2022[Mn][sql]2[ASR]1,-2.5470781,7.359706
2022[Mn][sql]2[ASR]2,4.119888,5.620401
2022[Mn][sql]2[FSR]1,-1.923756,8.843106
2022[Nd][nan]3[ASR]1,-1.1188427,3.5954993
2022[Nd][sql]2[ASR]1,2.401256,7.8502164
2022[NiFe][nan]3[ASR]1,-0.3753935,3.0984466
2022[NiMn][nan]3[ASR]1,-1.8220346,9.373773
2022[NiMn][nan]3[ASR]2,-1.8117063,9.363184
2022[NiMn][nan]3[FSR]1,-2.7948296,14.585591
2022[NiMn][nan]3[FSR]2,-2.75771,14.618019
2022[Ni][bex]2[ASR]1,-2.8078241,11.445986
2022[Ni][bex]2[FSR]1,-3.7449667,12.234328
2022[Ni][crb]3[ASR]1,1.6783452,8.075472
2022[Ni][crb]3[FSR]1,-3.6532407,9.412179
2022[Ni][dia]3[ASR]2,-2.7768314,11.458339
2022[Ni][dia]3[ASR]3,-2.7799604,11.46449
2022[Ni][dia]3[FSR]2,-2.7868693,11.484776
2022[Ni][dia]3[FSR]3,-2.8061879,11.4684515
2022[Ni][kgd]2[ASR]1,0.097981334,5.2943063
2022[Ni][kgd]2[ASR]2,0.016056448,5.2496285
2022[Ni][kgd]2[FSR]1,0.100302294,5.29327
2022[Ni][kgd]2[FSR]2,0.06378787,5.24932
2022[Ni][nan]2[ASR]1,1.9428962,8.372334
2022[Ni][nan]3[ASR]1,1.2665122,8.261231
2022[Ni][nan]3[ASR]2,-1.2879089,12.683865
2022[Ni][nan]3[ASR]3,4.8477855,7.3932037
2022[Ni][nan]3[ASR]4,-0.41365847,3.0603952
2022[Ni][nan]3[ASR]5,2.0106695,8.205067
2022[Ni][nan]3[FSR]1,1.2712508,8.290736
2022[Ni][nan]3[FSR]2,-1.3205885,12.677348
2022[Ni][nan]3[FSR]3,4.8598814,7.398951
2022[Ni][nan]3[FSR]4,1.8797982,8.038249
2022[Ni][shp]3[ASR]1,4.8218265,7.302846
2022[PbCo][nan]3[FSR]1,0.91985244,16.108194
2022[PbMn][nan]2[ASR]1,1.9036684,15.772748
2022[PbMn][nan]2[FSR]1,0.8770131,16.084099
2022[PdFe][sql]2[ASR]1,4.5230675,13.074223
2022[Pr][ant]3[ASR]1,8.598127,14.787455
2022[Pr][ant]3[FSR]1,8.641531,14.833369
2022[Sc][bpq]3[ASR]1,-2.7701156,8.575058
2022[Sc][bpq]3[ASR]3,-2.7299452,8.616914
2022[Sc][bpq]3[FSR]1,-2.7854102,8.570957
2022[Sc][bpq]3[FSR]3,-2.6954634,8.582807
2022[Sc][fmz]3[ASR]1,-1.1497488,1.237494
2022[Sc][nan]3[ASR]1,3.0866346,5.650706
2022[Sc][nan]3[FSR]1,3.077982,5.703255
2022[Sc][qtz]3[ASR]1,-3.2388637,21.817537
2022[Sm][ant]3[ASR]1,8.647038,14.837008
2022[Sm][ant]3[FSR]1,8.647505,14.837249
2022[Sm][nan]3[ASR]1,4.6662993,7.558199
2022[Sm][nan]3[FSR]1,-3.2133362,15.155866
2022[Sm][sqc]3[ASR]1,4.074815,7.199067
2022[Tb][ant]3[ASR]1,8.648324,14.838173
2022[Tb][ant]3[FSR]1,8.6492815,14.838849
2022[Tb][dia]3[ASR]1,-3.2068086,21.817793
2022[Tb][dia]3[FSR]1,-2.9262733,15.444565
2022[Tb][hcb]2[ASR]1,-4.227035,11.551402
2022[Tb][hcb]2[FSR]1,-4.105654,11.56674
2022[Tb][nan]3[ASR]1,-0.889504,3.4287386
2022[Tb][nan]3[FSR]1,-0.8970013,3.4380245
2022[Tb][pcu]3[ASR]1,-7.478353,2.963801
2022[Tb][pcu]3[FSR]1,-7.4832063,2.9604602
2022[Tb][sqc]3[ASR]1,4.1176434,7.233021
2022[Tb][sql]2[ASR]1,-5.9706316,7.1632843
2022[Tb][sql]2[FSR]1,-5.994483,7.1053257
2022[Tb][umc]3[ASR]1,3.7888489,5.4298177
2022[U][hcb]2[ASR]1,3.078568,5.2288375
2022[U][hcb]2[FSR]1,3.4092283,5.4494853
2022[U][srs]3[ASR]1,-1.2968326,1.0760448
2022[U][srs]3[FSR]1,-1.2459395,1.1874815
2022[Y][acs]3[ASR]1,2.8273308,9.270522
2022[Y][flu]3[ASR]1,-1.0238917,1.7635131
2022[Y][nan]3[ASR]1,-1.7990118,8.763047
2022[Y][nan]3[ASR]2,-1.9807392,8.855183
2022[Y][nan]3[ASR]3,8.636573,14.830397
2022[Y][nan]3[FSR]1,8.635666,14.830035
2022[ZnCo][rtl]3[ASR]1,4.5378566,5.9558234
2022[ZnCo][rtl]3[FSR]1,4.5591807,5.9795146
2022[ZnMg][rtl]3[ASR]1,4.518247,5.8926387
2022[ZnMn][nan]3[ASR]1,4.5177183,5.894954
2022[ZnPb][nan]2[ASR]1,1.8919777,15.7455
2022[ZnPb][nan]2[FSR]1,0.92050594,16.106071
2022[Zn][bex]2[ASR]1,1.9828894,11.264458
2022[Zn][dia]3[ASR]2,-5.915804,7.419646
2022[Zn][dia]3[ASR]3,-4.7606378,10.938227
2022[Zn][dia]3[ASR]4,-4.7748904,11.053853
2022[Zn][dia]3[FSR]2,-5.917187,7.4271474
2022[Zn][dia]3[FSR]3,-4.7564993,10.89958
2022[Zn][dia]3[FSR]4,-4.7791295,11.055163
2022[Zn][fsc]3[ASR]1,-0.76882344,10.646697
2022[Zn][fsc]3[FSR]1,-0.7897861,10.616786
2022[Zn][hcb]2[ASR]1,-3.1936278,9.176946
2022[Zn][hcb]2[FSR]1,-4.6808434,12.305775
2022[Zn][hcb]2[ION]1,0.03138437,5.022026
2022[Zn][hea]3[ASR]1,-0.9401144,7.4701524
2022[Zn][kgd]2[ASR]1,0.14553007,5.2174983
2022[Zn][kgd]2[FSR]1,0.21233836,5.1660657
2022[Zn][kgd]2[FSR]2,-4.7912817,12.260383
2022[Zn][lon]3[ASR]1,-3.5074692,11.454672
2022[Zn][lon]3[ASR]2,-3.5034096,11.419846
2022[Zn][lon]3[ASR]3,-3.4870236,11.461225
2022[Zn][lon]3[ASR]4,-3.5106268,11.442959
2022[Zn][lon]3[FSR]1,-3.5102131,11.465907
2022[Zn][lon]3[FSR]2,-3.4963276,11.411301
2022[Zn][lon]3[FSR]3,-3.5251126,11.46804
2022[Zn][lon]3[FSR]4,-3.502629,11.4260645
2022[Zn][nan]2[ASR]1,0.8956521,11.247907
2022[Zn][nan]2[ASR]2,1.9377496,10.506738
2022[Zn][nan]3[ASR]1,5.8634133,11.009603
2022[Zn][nan]3[ASR]11,-2.0157244,8.524016
2022[Zn][nan]3[ASR]12,-1.3308494,16.318012
2022[Zn][nan]3[ASR]13,-1.3280771,16.351543
2022[Zn][nan]3[ASR]14,2.7026877,10.366508
2022[Zn][nan]3[ASR]17,-1.1458677,3.0147417
2022[Zn][nan]3[ASR]2,-0.6467391,4.541574
2022[Zn][nan]3[ASR]21,-1.1538144,4.0074277
2022[Zn][nan]3[ASR]22,-1.1391515,3.9774218
2022[Zn][nan]3[ASR]23,-1.3280883,4.2367163
2022[Zn][nan]3[ASR]24,-1.1754572,4.0385494
2022[Zn][nan]3[ASR]25,-0.72693485,3.277038
2022[Zn][nan]3[ASR]27,3.1308637,5.0615077
2022[Zn][nan]3[ASR]3,-3.0826907,8.199039
2022[Zn][nan]3[ASR]4,-1.0057135,6.995932
2022[Zn][nan]3[ASR]5,-2.1413982,2.6051338
2022[Zn][nan]3[ASR]6,-2.1362555,2.6010234
2022[Zn][nan]3[ASR]7,-2.1452124,2.6002657
2022[Zn][nan]3[ASR]8,-1.3222926,16.314968
2022[Zn][nan]3[ASR]9,3.954557,7.8338256
2022[Zn][nan]3[FSR]1,5.822791,11.064921
2022[Zn][nan]3[FSR]13,-1.3143247,16.32287
2022[Zn][nan]3[FSR]14,-1.3029808,16.334972
2022[Zn][nan]3[FSR]15,2.7133675,10.366079
2022[Zn][nan]3[FSR]2,-0.6259241,4.5909624
2022[Zn][nan]3[FSR]21,-1.1556174,4.046264
2022[Zn][nan]3[FSR]22,-1.1390815,3.9696627
2022[Zn][nan]3[FSR]23,-1.353453,4.235296
2022[Zn][nan]3[FSR]24,-1.1601853,4.085413
2022[Zn][nan]3[FSR]25,-1.3319362,4.1674705
2022[Zn][nan]3[FSR]3,-3.0850103,8.216501
2022[Zn][nan]3[FSR]4,-1.0202907,7.051007
2022[Zn][nan]3[FSR]5,-2.1724992,2.6279306
2022[Zn][nan]3[FSR]6,-2.1400595,2.6059136
2022[Zn][nan]3[FSR]7,-2.165108,2.612501
2022[Zn][nan]3[FSR]9,-1.357809,16.323975
2022[Zn][nan]3[ION]1,1.4444853,2.3996384
2022[Zn][pcu]3[ASR]1,1.8977839,7.698335
2022[Zn][pcu]3[ASR]2,-1.85937,8.785375
2022[Zn][pcu]3[ASR]3,-5.466396,6.1751294
2022[Zn][pcu]3[ASR]4,1.520363,7.638544
2022[Zn][pcu]3[ASR]5,2.7135248,7.0997777
2022[Zn][pcu]3[ASR]8,1.3445938,7.6937866
2022[Zn][pcu]3[FSR]1,1.8668106,7.605202
2022[Zn][pcu]3[FSR]2,-5.4472966,6.1512027
2022[Zn][pcu]3[FSR]3,1.5409956,7.6050677
2022[Zn][pcu]3[FSR]4,2.7821162,7.0510798
2022[Zn][pcu]3[FSR]7,1.3443971,7.7035527
2022[Zn][pts]3[ASR]1,4.49069,5.7736573
2022[Zn][pts]3[ASR]2,4.4939575,5.781917
2022[Zn][pts]3[ASR]3,4.5013714,5.7796564
2022[Zn][pts]3[ASR]4,4.488529,5.764889
2022[Zn][pts]3[ASR]5,4.4820404,5.7695804
2022[Zn][pts]3[ASR]6,4.4973145,5.7646065
2022[Zn][pts]3[FSR]1,-1.7220336,8.753955
2022[Zn][pts]3[FSR]2,-1.5143164,8.740027
2022[Zn][pts]3[FSR]3,-1.7274239,8.768822
2022[Zn][pts]3[FSR]4,-1.712395,8.768741
2022[Zn][pts]3[FSR]5,-1.7178615,8.761892
2022[Zn][pts]3[FSR]6,-1.7115211,8.737114
2022[Zn][rtl]3[ASR]1,-1.1182331,1.1657282
2022[Zn][rtl]3[ASR]2,0.739575,5.443224
2022[Zn][rtl]3[FSR]2,0.7695191,5.470356
2022[Zn][sab]3[ASR]1,4.361888,5.8356695
2022[Zn][sql]2[ASR]1,0.7877337,6.2804008
2022[Zn][sql]2[ASR]2,0.758615,6.25095
2022[Zn][sql]2[ASR]6,1.9446589,11.935873
2022[Zn][sql]2[ASR]7,0.30329335,12.7539215
2022[Zn][sql]2[ASR]8,-1.2006893,11.685056
2022[Zn][sql]2[FSR]1,0.78233653,6.2719116
2022[Zn][sql]2[FSR]2,0.77043176,6.234245
2022[Zn][sql]2[FSR]6,1.9869152,11.910721
2022[Zn][sql]2[FSR]7,0.28718564,12.762243
2022[Zn][sql]2[FSR]8,-1.1636,11.657247
2022[Zn][sql]2[FSR]9,4.979701,15.713646
2022[Zn][umc]3[ASR]1,2.6794853,10.275473
2022[Zn][umc]3[FSR]1,2.6993208,10.281372
2022[Zn][utj]3[ASR]1,6.4755197,21.759722
2022[Zn][utj]3[FSR]1,6.4756207,21.759775
2022[Zr][bcu]3[ASR]1,-0.85674447,1.7549874
2022[Zr][lvt]3[ASR]1,0.805583,3.8889685
2022[Zr][scu]3[ASR]1,-1.972891,0.016187472
2022[Zr][she]3[ASR]1,-1.6912743,0.57641
2022[Zr][sqc]3[ASR]1,-0.55474764,2.4946706
2023[AlCu][scu]3[ASR]1,-0.33304933,2.4364376
2023[AlCu][scu]3[FSR]1,-0.2934423,2.41915
2023[Al][nan]3[ASR]1,4.2977023,8.144486
2023[Al][nan]3[ASR]2,1.5601231,6.845068
2023[Al][nan]3[ASR]4,4.256029,8.149086
2023[Al][nan]3[ASR]5,4.3665714,8.150047
2023[Al][nan]3[FSR]1,4.2804728,8.127918
2023[Al][nan]3[FSR]2,1.5623353,6.8332157
2023[Al][nan]3[FSR]4,4.2718153,8.147102
2023[Al][nan]3[FSR]5,4.3533196,8.16124
2023[Bi][nan]3[ASR]1,-10.038753,12.227326
2023[Bi][nan]3[FSR]1,-9.275288,11.378407
2023[Cd][dia]3[ASR]1,0.82915956,12.638439
2023[Cd][dia]3[ASR]2,1.0633357,13.432387
2023[Cd][dia]3[ASR]4,1.1100651,10.89091
2023[Cd][dia]3[ASR]5,2.286095,7.5007033
2023[Cd][dia]3[FSR]1,0.8327057,12.637496
2023[Cd][dia]3[FSR]2,1.0491772,13.483511
2023[Cd][dia]3[FSR]4,-4.0192995,11.430084
2023[Cd][dia]3[FSR]5,2.2779074,7.5529885
2023[Cd][dia]3[ION]1,-2.6306307,11.08061
2023[Cd][dmp]3[ASR]1,1.416297,9.230195
2023[Cd][dmp]3[FSR]1,1.3523566,9.187349
2023[Cd][eta]3[ASR]1,3.0794158,3.2595406
2023[Cd][eta]3[ASR]2,3.0918157,3.2706323
2023[Cd][eta]3[FSR]1,3.0945578,3.272418
2023[Cd][eta]3[FSR]2,3.0947185,3.2740057
2023[Cd][fes]2[ASR]1,1.4690639,7.1528306
2023[Cd][fes]2[FSR]1,1.2160693,7.909917
2023[Cd][fsc]3[ASR]1,-5.012618,11.470329
2023[Cd][fsc]3[FSR]1,-5.0027804,11.483265
2023[Cd][fsc]3[FSR]2,-2.4375367,11.792714
2023[Cd][hcb]2[ASR]1,1.9589894,10.982363
2023[Cd][hex]3[ASR]1,-8.215487,10.656685
2023[Cd][hex]3[FSR]1,-8.245789,10.632445
2023[Cd][kgd]2[ASR]1,0.32393447,9.257109
2023[Cd][kgd]2[FSR]1,2.120979,14.128048
2023[Cd][kgd]2[FSR]2,0.34586,9.251571
2023[Cd][lvt]3[ASR]1,0.11586468,9.293826
2023[Cd][lvt]3[FSR]1,1.816692,12.428289
2023[Cd][nan]2[ASR]1,1.7271541,11.467275
2023[Cd][nan]2[ASR]2,-1.986561,8.579922
2023[Cd][nan]2[FSR]1,1.7686043,11.436169
2023[Cd][nan]2[FSR]3,-3.8942885,11.694377
2023[Cd][nan]3[ASR]1,2.0124948,10.674713
2023[Cd][nan]3[ASR]2,-1.2722603,4.4645433
2023[Cd][nan]3[ASR]3,-2.8213184,7.9322395
2023[Cd][nan]3[ASR]4,1.7544619,12.3693
2023[Cd][nan]3[ASR]6,1.7364402,11.755746
2023[Cd][nan]3[ASR]8,0.07949797,3.3186986
2023[Cd][nan]3[FSR]1,1.9541533,10.67713
2023[Cd][nan]3[FSR]2,-2.9482396,8.14452
2023[Cd][nan]3[FSR]4,1.7958554,12.373129
2023[Cd][nan]3[FSR]6,1.7769684,11.808104
2023[Cd][nuc]3[ASR]1,-1.5920416,-2.9662051
2023[Cd][nuc]3[FSR]1,-1.5846722,-2.975768
2023[Cd][pts]3[ASR]1,1.8663564,10.549347
2023[Cd][rtl]3[ASR]1,2.6558232,10.454536
2023[Cd][rtl]3[FSR]1,2.6335378,10.47642
2023[Cd][rtl]3[FSR]2,2.6331525,10.493256
2023[Cd][sql]2[ASR]2,1.7579194,11.640407
2023[Cd][sql]2[ASR]3,2.6339803,7.273271
2023[Cd][sql]2[ASR]5,-0.42074093,11.4680605
2023[Cd][sql]2[FSR]2,-4.9272084,11.311947
2023[Cd][swi]3[ASR]1,-1.0133841,7.012557
2023[Ce][nan]3[ASR]1,4.463283,7.191577
2023[CoCr][sql]2[ASR]1,-1.4668376,11.621235
2023[CoTh][sql]2[ASR]1,2.4711125,10.405631
2023[CoW][sql]2[ASR]1,-1.4219574,11.580799
2023[Co][ato]3[ASR]1,-0.17658702,3.6150596
2023[Co][ato]3[ASR]2,-0.07774614,3.7353406
2023[Co][ato]3[FSR]1,-1.1423038,4.3787823
2023[Co][ato]3[FSR]2,-0.09592295,3.728731
2023[Co][dia]3[ASR]1,0.30373973,9.584023
2023[Co][dia]3[FSR]1,-4.544084,10.981314
2023[Co][fgl]3[ASR]1,0.24355544,3.6133325
2023[Co][fgl]3[FSR]1,0.21977657,3.6321862
2023[Co][gfy]3[ASR]1,1.8398956,7.0076385
2023[Co][gfy]3[FSR]1,-2.9576445,8.18269
2023[Co][hcb]2[ASR]2,2.084402,6.3151035
2023[Co][hcb]2[FSR]1,2.0706291,6.3366537
2023[Co][hcb]2[FSR]2,2.0823014,6.3232126
2023[Co][hcb]2[FSR]3,-3.9245853,13.243261
2023[Co][hcb]2[FSR]5,2.079962,6.3160276
2023[Co][nan]2[ASR]1,1.2927183,13.247665
2023[Co][nan]2[FSR]1,1.2571869,13.2716055
2023[Co][nan]3[ASR]1,-2.4174228,7.80251
2023[Co][nan]3[ASR]11,2.0793722,5.7710705
2023[Co][nan]3[ASR]12,-4.403405,2.2430675
2023[Co][nan]3[ASR]13,-4.40048,2.241983
2023[Co][nan]3[ASR]14,-5.022492,13.192792
2023[Co][nan]3[ASR]16,2.0493987,7.0864544
2023[Co][nan]3[ASR]2,0.98409235,9.888031
2023[Co][nan]3[ASR]5,1.2503561,9.951097
2023[Co][nan]3[ASR]6,-2.0402224,10.026711
2023[Co][nan]3[ASR]7,-1.770682,9.344197
2023[Co][nan]3[ASR]8,1.7517499,6.6627865
2023[Co][nan]3[ASR]9,-1.1466798,1.1531726
2023[Co][nan]3[FSR]1,-2.9199777,9.519565
2023[Co][nan]3[FSR]11,2.010227,10.198701
2023[Co][nan]3[FSR]12,2.3624115,7.856342
2023[Co][nan]3[FSR]13,-5.041259,13.198622
2023[Co][nan]3[FSR]2,0.9729487,9.866363
2023[Co][nan]3[FSR]5,-4.297367,10.518554
2023[Co][nan]3[FSR]6,-2.0592372,10.016052
2023[Co][nan]3[FSR]7,-1.796376,9.36946
2023[Co][nia]3[ASR]1,-4.2151012,11.319133
2023[Co][nia]3[FSR]1,-4.232562,11.33098
2023[Co][pcu]3[ASR]1,-4.56499,11.624561
2023[Co][pcu]3[ASR]2,1.4994744,6.035894
2023[Co][pcu]3[ASR]3,-0.85346943,10.524339
2023[Co][pcu]3[FSR]1,-4.5696054,11.62781
2023[Co][pcu]3[FSR]2,1.4925699,6.0335135
2023[Co][pcu]3[FSR]3,-0.8544044,10.524373
2023[Co][sql]2[ASR]1,-2.4625075,8.478437
2023[Co][sql]2[ASR]2,-3.596968,12.143376
2023[Co][sql]2[ASR]3,1.6918095,13.215686
2023[Co][sql]2[ASR]5,-2.880804,13.392192
2023[Co][sql]2[ASR]6,-2.8623092,13.447907
2023[Co][sql]2[FSR]1,-2.489633,8.887239
2023[Co][sql]2[FSR]2,-3.7161634,12.352207
2023[Co][sql]2[FSR]3,1.6957875,13.191798
2023[Co][sql]2[FSR]5,-3.0985901,8.355521
2023[Co][sql]2[FSR]6,0.27871284,10.376763
2023[Co][sql]2[FSR]7,-3.205361,9.340888
2023[CrCo][sql]2[FSR]1,-1.4371555,11.590733
2023[CrMn][qtz]3[FSR]1,-3.062868,21.97503
2023[CrNi][sql]2[FSR]1,-1.403656,11.55949
2023[CuMn][kgd]2[FSR]1,-1.9941642,11.647411
2023[CuMo][nan]2[ASR]1,-0.21483552,5.7625737
2023[CuMo][nan]2[ASR]2,3.4686396,17.168224
2023[CuPt][fof]3[ASR]1,-6.0116057,5.8530207
2023[CuSc][flu]3[ASR]1,-5.9645004,5.8622136
2023[CuSc][flu]3[FSR]1,-5.9476933,5.8445196
2023[CuSi][dag]3[ASR]1,0.8399469,3.1778405
2023[CuSi][nan]3[FSR]1,1.5231029,2.2979083
2023[CuTh][sql]2[ASR]1,2.5134757,10.478247
2023[CuTi][nan]3[ASR]1,1.5342016,2.2889645
2023[CuTi][nan]3[ASR]2,1.5416183,2.2781444
2023[CuTi][nan]3[ASR]3,1.4971633,2.3271015
2023[CuTi][nan]3[ASR]4,1.5373579,2.2836359
2023[CuTi][nan]3[FSR]1,1.5363564,2.2813125
2023[Cu][cds]3[ASR]1,-4.9394884,12.439065
2023[Cu][cds]3[FSR]1,-4.9451637,12.437869
2023[Cu][ctn]3[ASR]1,-1.5302202,1.1344788
2023[Cu][ctn]3[FSR]1,-1.4955574,1.1456145
2023[Cu][fsc]2[ASR]1,-2.4566736,11.73514
2023[Cu][fsc]2[FSR]1,-2.4903975,11.740563
2023[Cu][kgm]2[ASR]1,5.7421064,11.184542
2023[Cu][nan]2[ION]1,3.2055733,8.863031
2023[Cu][nan]3[ASR]1,0.83184284,6.665388
2023[Cu][nan]3[ASR]2,0.8656787,6.69995
2023[Cu][nan]3[ASR]3,1.9488515,9.625903
2023[Cu][nan]3[ASR]4,1.5479647,6.9029355
2023[Cu][nan]3[ASR]5,-0.7621506,1.8190391
2023[Cu][nan]3[ASR]6,-1.1499659,1.1823063
2023[Cu][nan]3[ASR]7,-1.1685802,1.1562561
2023[Cu][nan]3[ASR]8,-1.0922579,1.1538745
2023[Cu][nan]3[ASR]9,-0.8240433,1.4865329
2023[Cu][nan]3[FSR]1,0.83780205,6.6564884
2023[Cu][nan]3[FSR]2,0.8722919,6.7236657
2023[Cu][nan]3[FSR]3,1.9696786,9.638887
2023[Cu][nan]3[FSR]4,-3.0291183,8.450473
2023[Cu][nan]3[ION]1,-2.9117901,9.7609215
2023[Cu][nbo]3[ASR]1,-0.98045194,3.4170203
2023[Cu][pts]3[ASR]1,2.2621763,13.060363
2023[Cu][pts]3[ASR]2,2.274479,13.128385
2023[Cu][pts]3[ION]1,-1.3429176,3.4512103
2023[Cu][rob]3[ASR]1,2.0225494,9.910941
2023[Cu][rob]3[FSR]1,2.0502563,9.873773
2023[Cu][sql]2[ASR]1,0.048432723,4.276156
2023[Cu][sql]2[ASR]3,-3.5452719,8.939567
2023[Cu][sql]2[ASR]4,1.7314565,10.338723
2023[Cu][sql]2[ASR]5,-4.2625837,14.010188
2023[Cu][sql]2[FSR]1,0.03853633,4.2505994
2023[Cu][sql]2[FSR]3,-3.5117588,8.951709
2023[Cu][sql]2[FSR]4,1.401401,11.176355
2023[Cu][sql]2[FSR]5,-4.233282,14.009374
2023[Dy][dia]3[ASR]1,-3.4351377,12.970029
2023[Dy][dia]3[ASR]2,-6.29721,6.332644
2023[Dy][dia]3[FSR]1,-3.422636,12.93887
2023[Dy][dia]3[FSR]2,-6.3178887,6.425231
2023[Dy][hcb]2[ASR]1,-2.202986,9.656617
2023[Dy][hcb]2[ASR]2,-2.8445354,13.769442
2023[Dy][hcb]2[FSR]1,-2.8757246,14.197303
2023[Dy][hcb]2[FSR]2,-2.8776562,14.333583
2023[Dy][nan]3[ASR]1,4.549429,7.5436735
2023[Er][nan]3[ASR]1,2.6613955,9.518957
2023[Er][nan]3[ASR]2,4.566613,7.415462
2023[Er][nan]3[FSR]1,-4.3711143,11.511387
2023[Er][nan]3[FSR]2,-4.450914,11.516098
2023[Eu][bey]2[ASR]1,-3.8457875,9.792807
2023[Eu][bey]2[FSR]1,-3.9784713,10.097178
2023[Eu][bey]2[FSR]2,-3.9609375,10.071029
2023[Eu][bey]3[FSR]1,-3.9693553,10.108686
2023[Eu][kgd]2[ASR]1,2.1030967,6.7852845
2023[Eu][kgd]2[FSR]1,-3.7583334,9.13137
2023[Eu][lvt]3[ASR]1,3.329787,5.567403
2023[Eu][mog]3[ASR]1,2.6029887,11.033505
2023[Eu][mog]3[ASR]2,2.6118844,11.046486
2023[Eu][mog]3[FSR]1,2.6176746,11.048896
2023[Eu][mog]3[FSR]2,2.614749,11.030211
2023[Eu][nan]2[ASR]1,-3.8003101,9.733764
2023[Eu][nan]2[ASR]2,-3.8820956,9.787668
2023[Eu][nan]2[ASR]3,-8.856625,11.012914
2023[Eu][nan]2[ASR]4,2.798117,10.377296
2023[Eu][nan]2[FSR]1,-3.942346,10.054977
2023[Eu][nan]2[FSR]2,-4.307773,10.889855
2023[Eu][nan]2[FSR]4,-4.2162247,11.917433
2023[Eu][nan]3[ASR]1,0.6516875,4.405695
2023[Eu][nan]3[ASR]2,-0.40153614,2.0026631
2023[Eu][nan]3[ASR]4,2.6647186,9.463078
2023[Eu][nan]3[FSR]1,1.1719122,5.362616
2023[Eu][nan]3[FSR]2,-0.32595202,2.090249
2023[Eu][nan]3[FSR]4,-4.407801,11.464371
2023[Fe][ant]3[ASR]1,-0.02839376,3.2101817
2023[Fe][nan]2[ASR]1,-5.2174735,6.249491
2023[Fe][nan]3[ASR]1,5.6449914,17.519562
2023[Fe][nan]3[ASR]2,5.6451116,17.519857
2023[Fe][nan]3[ASR]3,1.7006108,6.905949
2023[Fe][nan]3[ASR]4,1.62326,6.834593
2023[Fe][nan]3[FSR]1,5.620373,17.54445
2023[Fe][nan]3[FSR]2,5.6438646,17.521208
2023[Fe][nan]3[FSR]3,-2.9193,8.548895
2023[Fe][nbo]3[ASR]1,0.094141185,3.363689
2023[Fe][sql]2[ASR]1,-4.9149485,12.513028
2023[Fe][sql]2[FSR]1,-4.925284,12.481444
2023[Fe][xmz]3[ASR]2,0.14635007,3.6037521
2023[Fe][xmz]3[ASR]3,0.13314952,3.5996397
2023[Fe][xmz]3[ASR]4,0.24310493,3.6455576
2023[Fe][xmz]3[ASR]5,0.21587665,3.601997
2023[Fe][xmz]3[FSR]2,0.15135995,3.613987
2023[Fe][xmz]3[FSR]3,0.15357281,3.6139245
2023[Fe][xmz]3[FSR]4,0.23250742,3.6096537
2023[Fe][xmz]3[FSR]5,0.31730527,3.545966
2023[GaNi][cds]3[ION]1,0.8000937,6.7195625
2023[Ga][bpq]3[ASR]21,3.7326732,7.4240203
2023[Gd][bey]2[ASR]1,-3.8738325,9.852054
2023[Gd][bey]2[FSR]1,-3.945874,10.099762
2023[Gd][bey]2[FSR]2,-3.968014,10.083146
2023[Gd][kgd]2[ASR]1,-3.3620157,13.832041
2023[Gd][nan]2[ASR]1,-8.816592,10.993151
2023[Gd][nan]3[ASR]1,2.645075,9.48509
2023[Gd][nan]3[FSR]1,-4.395126,11.4755745
2023[Gd][nan]3[FSR]2,-4.4624653,11.492564
2023[Hf][flu]3[ASR]1,-0.60227066,3.6693227
2023[Hf][flu]3[ASR]2,-0.58943886,3.678914
2023[Hf][flu]3[ASR]3,-0.5095247,3.7287018
2023[Hf][flu]3[ASR]4,-0.56938785,3.7081826
2023[Hf][hcp]3[ASR]1,-1.1176002,2.205571
2023[Hf][hcp]3[FSR]1,-1.1163337,2.1739848
2023[Ho][bey]2[FSR]1,-3.9395914,10.0648365
2023[Ho][bey]2[FSR]2,-4.0059004,10.093546
2023[Ho][nan]3[ASR]1,2.598479,9.562627
2023[Ho][nan]3[ASR]2,4.534041,7.390012
2023[Ho][nan]3[FSR]1,-4.400723,11.498064
2023[Ho][nan]3[FSR]2,-4.402526,11.504512
2023[In][dia]3[ASR]1,4.0092287,9.073141
2023[In][dia]3[FSR]1,4.013343,9.064752
2023[In][neb]3[ASR]1,0.25516522,3.7583392
2023[In][neb]3[ASR]2,-1.3727263,4.0087953
2023[In][neb]3[ASR]3,-1.3390764,4.0481896
2023[In][neb]3[ASR]4,-1.336363,4.031868
2023[In][neb]3[FSR]1,0.2561734,3.7631173
2023[In][neb]3[FSR]2,-1.3397827,4.031542
2023[In][neb]3[FSR]3,-1.336641,4.0396204
2023[In][neb]3[FSR]4,-1.3483578,4.0060005
2023[In][nht]3[ASR]1,0.72775024,4.2024083
2023[In][nht]3[ASR]2,-0.4732349,3.074824
2023[In][nht]3[FSR]1,-1.0753603,3.9497023
2023[La][mog]3[ASR]1,0.96261925,10.486028
2023[La][nan]2[ASR]1,1.5411534,9.499174
2023[La][nan]2[FSR]1,-4.2134356,11.180543
2023[La][pcu]3[ASR]1,-5.843639,6.2694387
2023[La][pts]3[ASR]1,3.410029,5.703725
2023[La][pts]3[FSR]1,3.5851672,7.537851
2023[Mg][bpq]3[ASR]1,-3.524869,10.38655
2023[Mg][bpq]3[ASR]2,-3.3244407,9.534458
2023[Mg][bpq]3[ASR]3,-3.4585054,10.208827
2023[Mg][bpq]3[FSR]1,-3.5387652,10.353544
2023[Mg][bpq]3[FSR]2,-3.3744009,9.524522
2023[Mg][bpq]3[FSR]3,-3.4770873,10.1470375
2023[Mg][nan]2[FSR]1,-3.7899451,10.76984
2023[Mn][nan]2[ASR]1,-1.0525432,10.580404
2023[Mn][nan]2[FSR]1,-1.0532299,11.087605
2023[Mn][nan]3[ASR]1,-0.87037474,3.0641615
2023[Mn][nan]3[FSR]1,4.236797,11.461859
2023[Mn][pcu]3[ASR]1,-1.082636,10.654253
2023[Mn][pcu]3[FSR]1,-1.0670788,10.645064
2023[Mn][sql]2[ASR]1,-1.0253252,10.652435
2023[Mn][sql]2[FSR]1,-0.99228925,10.640286
2023[MoCu][nan]2[FSR]1,3.4062848,17.212805
2023[MoNi][sql]2[FSR]1,-1.4184722,11.578316
2023[Nd][kgd]2[ASR]1,2.1174798,6.7401724
2023[Nd][kgd]2[FSR]1,-3.3110375,11.220707
2023[Nd][nan]3[ASR]1,-3.956171,9.941216
2023[Nd][nan]3[ASR]2,4.490283,7.264278
2023[NiCr][sql]2[ASR]1,-1.4383552,11.597788
2023[NiMo][sql]2[ASR]1,-1.4717063,11.559547
2023[NiW][sql]2[ASR]1,-1.4927942,11.583438
2023[Ni][acs]3[ASR]1,-1.1027862,2.1709418
2023[Ni][ddi]3[ASR]2,2.4715934,8.149475
2023[Ni][ddi]3[FSR]2,2.499835,8.168808
2023[Ni][dia]3[ASR]1,-4.297532,11.06453
2023[Ni][dia]3[ASR]2,0.839775,7.6718216
2023[Ni][dia]3[FSR]1,-4.194877,11.103682
2023[Ni][dia]3[FSR]2,0.7642788,7.7952533
2023[Ni][dia]3[ION]12,-3.8323784,10.15392
2023[Ni][dia]3[ION]3,-4.8629823,11.096691
2023[Ni][dia]3[ION]4,-3.6269536,10.036503
2023[Ni][dia]3[ION]5,1.1744201,9.918426
2023[Ni][dia]3[ION]6,1.2388058,9.092295
2023[Ni][dia]3[ION]7,-3.4689384,9.643788
2023[Ni][dia]3[ION]8,-3.4531353,9.709971
2023[Ni][dia]3[ION]9,-3.1488,9.001491
2023[Ni][hcb]2[ASR]1,-2.9052608,10.828442
2023[Ni][nan]3[ASR]1,-0.56597316,7.0377626
2023[Ni][nan]3[ASR]2,-4.4203568,2.2145057
2023[Ni][nan]3[ASR]3,2.183351,7.9421077
2023[Ni][nan]3[FSR]3,-2.9530866,9.476512
2023[Ni][nan]3[FSR]4,-2.7184637,8.629497
2023[Ni][sql]2[ASR]1,-0.5507204,11.492865
2023[Ni][sql]2[FSR]1,-2.8686903,11.767782
2023[Ni][sql]2[FSR]2,-4.4910073,10.661714
2023[Ni][sql]2[FSR]3,0.31595933,10.447914
2023[Pr][nan]3[ASR]1,4.4542365,7.246691
2023[Sc][bpq]3[ASR]1,-2.7023294,8.508981
2023[Sc][bpq]3[ASR]2,-2.657303,8.470494
2023[Sc][bpq]3[FSR]1,-2.6654646,8.535166
2023[Sc][bpq]3[FSR]2,-2.651945,8.44371
2023[Sc][nan]3[ASR]1,8.16095,11.930049
2023[Sc][nan]3[ASR]10,8.140703,11.957755
2023[Sc][nan]3[ASR]11,8.127196,11.987355
2023[Sc][nan]3[ASR]12,8.135032,11.970482
2023[Sc][nan]3[ASR]13,8.132728,11.969428
2023[Sc][nan]3[ASR]2,8.138392,11.973477
2023[Sc][nan]3[ASR]3,8.124727,11.943325
2023[Sc][nan]3[ASR]4,8.1446705,11.952279
2023[Sc][nan]3[ASR]5,8.121264,12.001529
2023[Sc][nan]3[ASR]6,8.142218,11.966416
2023[Sc][nan]3[ASR]7,8.1361475,11.949146
2023[Sc][nan]3[ASR]8,8.150164,11.942815
2023[Sc][nan]3[ASR]9,8.096076,11.952151
2023[Sc][nan]3[FSR]1,8.153932,11.938237
2023[Sc][nan]3[FSR]10,8.15369,11.944856
2023[Sc][nan]3[FSR]11,8.130535,11.983174
2023[Sc][nan]3[FSR]12,8.165436,11.942257
2023[Sc][nan]3[FSR]13,8.136839,11.96504
2023[Sc][nan]3[FSR]2,8.140271,11.971751
2023[Sc][nan]3[FSR]3,8.127874,11.940312
2023[Sc][nan]3[FSR]4,8.169114,11.932231
2023[Sc][nan]3[FSR]5,8.129662,11.996191
2023[Sc][nan]3[FSR]6,8.138825,11.967244
2023[Sc][nan]3[FSR]7,8.140806,11.943958
2023[Sc][nan]3[FSR]8,8.16279,11.929129
2023[Sc][nan]3[FSR]9,8.148406,11.972435
2023[Sm][bey]2[ASR]1,-3.9328387,9.913033
2023[Sm][bey]2[FSR]1,-3.9576354,10.0437355
2023[Sm][nan]2[FSR]1,-4.4618397,11.48753
2023[Sm][nan]3[ION]1,-6.260117,7.0677705
2023[Sm][pts]3[ASR]1,3.8113408,7.4046187
2023[Sr][nan]3[ION]1,-4.3566093,10.519773
2023[Tb][bey]2[ASR]1,-3.8769896,9.879759
2023[Tb][bey]2[FSR]1,-3.9638648,10.083289
2023[Tb][bey]2[FSR]2,-3.9917367,10.125042
2023[Tb][kgd]2[ASR]1,2.0984397,6.8141894
2023[Tb][kgd]2[FSR]1,-3.7675927,9.200417
2023[Tb][nan]2[ASR]1,1.7418922,9.795746
2023[Tb][nan]2[FSR]1,-4.2571,11.261361
2023[Tb][nan]3[ASR]1,-3.2101257,14.228255
2023[Tb][nan]3[ASR]2,2.6678085,9.431514
2023[Tb][nan]3[ASR]3,4.5265145,7.36392
2023[Tb][nan]3[FSR]1,-4.4381647,11.4628315
2023[Tb][nan]3[FSR]2,-3.2135642,14.164437
2023[Tb][nan]3[FSR]3,-4.4241195,11.451883
2023[Th][ftw]3[ASR]1,-1.388811,4.3639655
2023[Th][ftw]3[FSR]1,-1.3534174,4.364088
2023[Th][nan]3[ASR]1,2.7832108,9.919655
2023[Th][nan]3[FSR]1,2.7974257,9.91438
2023[Th][sql]2[ASR]1,-4.208891,10.564448
2023[TiCu][nan]3[FSR]1,1.5339165,2.2874055
2023[TiCu][nan]3[FSR]2,1.5095567,2.3195052
2023[TiCu][nan]3[FSR]3,1.5462252,2.2750847
2023[TiCu][nan]3[FSR]4,1.5313625,2.2903607
2023[TiCu][nan]3[FSR]5,1.5399117,2.2822106
2023[Ti][hcb]2[ASR]1,-1.050062,10.43751
2023[Ti][nan]3[ASR]1,-1.0146027,7.493378
2023[Tm][nan]3[ASR]1,4.555524,7.43928
2023[U][bcu]3[ASR]1,-1.266833,2.0212333
2023[U][dia]3[ASR]1,2.3702595,10.0507145
2023[U][hcb]2[FSR]1,-2.8942144,9.700969
2023[U][hcb]2[ION]1,-3.6751277,14.286036
2023[U][hcb]2[ION]2,-3.6919777,14.318453
2023[U][nan]2[ASR]1,-0.91782576,7.4264407
2023[U][nan]2[FSR]1,-0.90337396,7.418734
2023[U][nan]3[ASR]1,2.415884,10.102353
2023[U][nan]3[ASR]2,2.4079702,10.049933
2023[V][sea]3[ASR]1,1.9946715,7.5524635
2023[V][sea]3[FSR]1,2.0142267,7.5026493
2023[WNdZr][nan]3[FSR]1,-0.30816326,16.695452
2023[WNi][sql]2[FSR]1,-1.4155103,11.621592
2023[Y][nan]3[ASR]1,1.7439122,6.9897127
2023[Yb][nan]3[ASR]2,4.567301,7.4922476
2023[Yb][nan]3[ION]1,-3.8635569,13.710034
2023[Yb][the]3[ASR]1,-1.0014273,2.1488729
2023[ZnTi][nan]3[ASR]1,-3.6185415,8.125561
2023[ZnTi][nan]3[ASR]10,-3.6108541,8.118971
2023[ZnTi][nan]3[ASR]11,-3.6074448,8.117167
2023[ZnTi][nan]3[ASR]12,-3.6037507,8.115231
2023[ZnTi][nan]3[ASR]2,-3.6147313,8.10857
2023[ZnTi][nan]3[ASR]3,-3.5854201,8.158314
2023[ZnTi][nan]3[ASR]4,-3.6029577,8.13061
2023[ZnTi][nan]3[ASR]5,-3.601949,8.107637
2023[ZnTi][nan]3[ASR]6,-3.610868,8.123812
2023[ZnTi][nan]3[ASR]7,-3.6089761,8.123934
2023[ZnTi][nan]3[ASR]8,-3.590211,8.132605
2023[ZnTi][nan]3[ASR]9,-3.6118429,8.108837
2023[ZnTi][nan]3[ION]1,-3.578825,8.391883
2023[ZnTi][nan]3[ION]2,-3.5833242,8.37666
2023[ZnTi][nan]3[ION]3,-3.5782833,8.391971
2023[ZnTi][nan]3[ION]4,-3.6236298,8.184503
2023[ZnTi][nan]3[ION]5,-3.5567544,8.285919
2023[ZnTi][nan]3[ION]6,-3.5322566,8.262827
2023[ZnTi][nan]3[ION]7,-3.5568483,8.32032
2023[Zn][ant]3[ASR]1,-0.59695417,2.300699
2023[Zn][ant]3[FSR]1,-0.5833788,2.2822464
2023[Zn][bex]2[ASR]1,-1.5863019,12.192763
2023[Zn][dia]3[ASR]2,0.4661017,11.989621
2023[Zn][dia]3[FSR]2,0.4577309,12.031436
2023[Zn][eta]3[ASR]1,3.13484,3.2641728
2023[Zn][eta]3[ASR]2,3.140571,3.277648
2023[Zn][eta]3[ASR]3,3.1372395,3.2660825
2023[Zn][eta]3[FSR]1,3.135879,3.267967
2023[Zn][eta]3[FSR]2,3.1378484,3.262899
2023[Zn][eta]3[FSR]3,3.1323888,3.2648573
2023[Zn][eta]3[FSR]4,3.1361601,3.263756
2023[Zn][fsc]3[ASR]1,0.8460349,6.579163
2023[Zn][fsc]3[ASR]2,0.37790373,4.218078
2023[Zn][fsc]3[FSR]1,0.8122125,6.554954
2023[Zn][fsc]3[FSR]2,0.38164845,4.2314997
2023[Zn][hcb]2[ASR]1,-4.3766994,10.8135605
2023[Zn][hcb]2[FSR]1,-4.440311,10.820634
2023[Zn][hmc]3[ASR]1,-1.4699644,2.3738027
2023[Zn][kgd]2[ASR]1,-0.7144051,5.8440213
2023[Zn][kgd]2[ASR]2,-3.500872,13.329265
2023[Zn][kgd]2[ASR]3,2.1739082,11.256945
2023[Zn][kgd]2[FSR]1,-0.6911533,5.839678
2023[Zn][kgd]2[FSR]2,-3.5382774,13.577874
2023[Zn][kgd]2[FSR]3,-4.792551,11.614703
2023[Zn][lvt]3[ASR]1,0.70428413,4.2417827
2023[Zn][nan]2[ASR]2,3.2381098,10.533152
2023[Zn][nan]2[ASR]3,1.9437613,9.941449
2023[Zn][nan]2[ASR]4,-1.2769696,4.664477
2023[Zn][nan]2[ASR]5,1.3235694,12.517586
2023[Zn][nan]2[FSR]2,-3.490015,11.934489
2023[Zn][nan]2[FSR]3,-1.2736605,4.6820025
2023[Zn][nan]2[FSR]4,1.3388273,12.545593
2023[Zn][nan]3[ASR]1,0.89758307,8.988707
2023[Zn][nan]3[ASR]10,2.1300902,10.07675
2023[Zn][nan]3[ASR]11,3.2903917,5.9894977
2023[Zn][nan]3[ASR]12,1.3882931,13.100893
2023[Zn][nan]3[ASR]13,-3.9160812,12.547337
2023[Zn][nan]3[ASR]14,4.4763336,7.556514
2023[Zn][nan]3[ASR]15,-6.007562,6.253674
2023[Zn][nan]3[ASR]16,3.6189716,10.761928
2023[Zn][nan]3[ASR]17,4.511687,7.630331
2023[Zn][nan]3[ASR]18,-0.71489817,10.562602
2023[Zn][nan]3[ASR]2,0.89901865,9.018695
2023[Zn][nan]3[ASR]22,5.498367,12.283876
2023[Zn][nan]3[ASR]3,0.83872306,8.890059
2023[Zn][nan]3[ASR]4,0.8512297,8.946502
2023[Zn][nan]3[ASR]5,0.8341914,8.961936
2023[Zn][nan]3[ASR]6,0.85662633,8.9873705
2023[Zn][nan]3[ASR]7,0.8265947,8.988292
2023[Zn][nan]3[ASR]8,0.83037317,8.934645
2023[Zn][nan]3[FSR]1,0.89093626,9.003873
2023[Zn][nan]3[FSR]10,2.199934,10.122808
2023[Zn][nan]3[FSR]11,-4.405281,13.284622
2023[Zn][nan]3[FSR]12,-3.8734155,12.521599
2023[Zn][nan]3[FSR]13,4.4512687,7.5294366
2023[Zn][nan]3[FSR]14,-5.979668,6.2345304
2023[Zn][nan]3[FSR]15,3.6953218,10.818222
2023[Zn][nan]3[FSR]16,4.530901,7.626734
2023[Zn][nan]3[FSR]17,-0.7307658,10.613086
2023[Zn][nan]3[FSR]2,0.8993538,9.010813
2023[Zn][nan]3[FSR]21,5.4901943,12.290729
2023[Zn][nan]3[FSR]3,0.8327355,8.9366
2023[Zn][nan]3[FSR]4,0.84514964,8.957904
2023[Zn][nan]3[FSR]5,0.8279483,8.974169
2023[Zn][nan]3[FSR]6,0.881057,8.995554
2023[Zn][nan]3[FSR]7,0.84125525,8.953272
2023[Zn][nan]3[FSR]8,0.78413045,8.936129
2023[Zn][pcu]3[ASR]1,-1.0805254,3.7813337
2023[Zn][pcu]3[ASR]4,2.1131392,12.534429
2023[Zn][pcu]3[FSR]1,-1.0612501,3.7466676
2023[Zn][pcu]3[FSR]4,2.1262455,12.509285
2023[Zn][sql]2[ASR]1,2.6036723,11.839347
2023[Zn][sql]2[ASR]10,2.527553,11.882155
2023[Zn][sql]2[ASR]11,2.5817194,12.125002
2023[Zn][sql]2[ASR]12,2.536631,12.155615
2023[Zn][sql]2[ASR]13,2.6113524,12.137239
2023[Zn][sql]2[ASR]14,2.5167987,11.888176
2023[Zn][sql]2[ASR]15,2.6233997,12.098342
2023[Zn][sql]2[ASR]16,2.3717906,11.959327
2023[Zn][sql]2[ASR]17,2.344999,11.969075
2023[Zn][sql]2[ASR]18,2.3441432,11.959495
2023[Zn][sql]2[ASR]19,2.3531322,11.962509
2023[Zn][sql]2[ASR]2,2.6781652,12.018834
2023[Zn][sql]2[ASR]20,2.7326517,12.020008
2023[Zn][sql]2[ASR]21,2.5621157,11.869876
2023[Zn][sql]2[ASR]22,2.6278112,11.826329
2023[Zn][sql]2[ASR]23,2.6722405,12.047265
2023[Zn][sql]2[ASR]24,1.349045,7.6796927
2023[Zn][sql]2[ASR]26,0.872318,7.7288647
2023[Zn][sql]2[ASR]3,2.599572,11.793012
2023[Zn][sql]2[ASR]4,2.6936328,12.008524
2023[Zn][sql]2[ASR]5,2.6185443,12.148599
2023[Zn][sql]2[ASR]6,2.6060271,12.151511
2023[Zn][sql]2[ASR]7,2.538226,11.873236
2023[Zn][sql]2[ASR]8,2.6653745,12.0062
2023[Zn][sql]2[ASR]9,2.646748,12.065929
2023[Zn][sql]2[FSR]1,2.6073136,11.849613
2023[Zn][sql]2[FSR]10,2.5251145,11.897043
2023[Zn][sql]2[FSR]11,2.5819845,12.116486
2023[Zn][sql]2[FSR]12,2.585813,12.165089
2023[Zn][sql]2[FSR]13,2.614237,12.14098
2023[Zn][sql]2[FSR]14,2.514676,11.895445
2023[Zn][sql]2[FSR]15,2.6530654,12.106923
2023[Zn][sql]2[FSR]16,2.3844771,11.94705
2023[Zn][sql]2[FSR]17,2.34638,11.958848
2023[Zn][sql]2[FSR]18,2.3418586,11.963842
2023[Zn][sql]2[FSR]19,2.345289,11.928662
2023[Zn][sql]2[FSR]2,2.6815128,12.008723
2023[Zn][sql]2[FSR]20,2.6938252,12.010138
2023[Zn][sql]2[FSR]21,2.537556,11.86193
2023[Zn][sql]2[FSR]22,2.6806912,11.837851
2023[Zn][sql]2[FSR]23,2.6782904,12.09258
2023[Zn][sql]2[FSR]24,1.3658211,7.676616
2023[Zn][sql]2[FSR]26,0.9356073,7.788567
2023[Zn][sql]2[FSR]3,2.603604,11.835144
2023[Zn][sql]2[FSR]4,2.6926305,12.014689
2023[Zn][sql]2[FSR]5,2.6005397,12.151794
2023[Zn][sql]2[FSR]6,2.600256,12.162585
2023[Zn][sql]2[FSR]7,2.539976,11.8802
2023[Zn][sql]2[FSR]8,2.6788845,12.012406
2023[Zn][sql]2[FSR]9,2.6471126,12.079311
2023[Zn][sra]3[ASR]1,-3.3810604,9.091752
2023[Zn][sra]3[FSR]1,-3.3824143,9.11289
2023[Zn][srs]3[ASR]1,-0.10103982,3.6696465
2023[Zn][srs]3[FSR]1,0.72359717,7.8350196
2023[ZrCu][nan]3[FSR]1,1.5493966,2.2744596
2023[Zr][hcp]3[ASR]1,-1.1064732,1.5972425
2023[Zr][hcp]3[FSR]1,-1.1358984,1.5592797
2023[Zr][kgd]2[ASR]1,2.4052134,13.110137
2023[Zr][nbo]3[ASR]1,-1.9278744,0.123764016
2023[Zr][reo]3[ASR]1,-2.0023787,5.829796
2023[Zr][reo]3[ASR]2,-1.9988371,5.833316
2023[Zr][reo]3[ASR]3,-1.9773321,5.8500867
2023[Zr][reo]3[ASR]4,-1.9595164,5.811482
2024[Cd][dia]3[ASR]1,1.1297467,10.526897
2024[Cd][dia]3[FSR]1,1.1212165,10.502184
2024[Cd][dia]3[FSR]2,1.1112303,10.500679
2024[Cd][hcb]2[ION]1,-3.0421135,8.93588
2024[Cd][hcb]2[ION]2,-3.1018784,8.931773
2024[Cd][nan]2[ASR]1,-3.3011856,13.241515
2024[Cd][nan]2[ASR]2,-3.3313494,13.342295
2024[Cd][nan]2[ASR]3,-4.9636025,11.476301
2024[Cd][nan]2[ASR]4,-3.447541,11.50656
2024[Cd][nan]2[FSR]1,-4.5003896,12.381473
2024[Cd][nan]2[FSR]2,-3.4359486,11.499219
2024[Cd][nan]3[ASR]1,-0.81597996,2.1166394
2024[Cd][nan]3[ASR]2,-4.0192714,11.446009
2024[Cd][nan]3[ASR]3,-4.8522396,11.046856
2024[Cd][nan]3[ASR]4,-0.8111279,2.0859632
2024[Cd][nan]3[ASR]5,-2.867397,7.9301453
2024[Cd][nan]3[ASR]6,0.4281092,4.2376943
2024[Cd][nan]3[ASR]7,-2.894062,7.9682302
2024[Cd][nan]3[ASR]8,-4.033217,11.4452505
2024[Cd][nan]3[FSR]10,-4.2954583,11.58174
2024[Cd][nan]3[FSR]2,-4.319421,11.56077
2024[Cd][nan]3[FSR]3,-4.297573,11.589381
2024[Cd][nan]3[FSR]4,0.30320325,4.8196297
2024[Cd][nan]3[FSR]5,-3.015553,8.21182
2024[Cd][nan]3[FSR]6,-1.3339437,4.1398706
2024[Cd][nia]3[ASR]1,0.7808368,4.758553
2024[Cd][nia]3[FSR]1,0.7670414,4.7555265
2024[Cd][pcu]3[FSR]1,1.5017602,10.936075
2024[Cd][sql]2[ASR]1,-4.642366,12.411772
2024[Cd][sql]2[ASR]2,-4.659611,12.427675
2024[Cd][sql]2[FSR]1,-4.657347,12.451729
2024[Cd][sql]2[FSR]2,-4.6550026,12.431492
2024[CeCu][nan]3[ASR]1,-6.276286,6.3532887
2024[Co][dia]3[FSR]1,2.6018574,14.847211
2024[Co][nan]3[ASR]1,1.0397052,7.99662
2024[Co][nan]3[ASR]2,-2.4938037,8.040144
2024[Co][nan]3[ASR]3,1.0561156,7.986385
2024[Co][nan]3[FSR]1,1.0767027,8.013168
2024[Co][nan]3[FSR]2,-2.5392292,8.105095
2024[Co][nan]3[FSR]4,-3.5175648,14.380431
2024[Co][pcu]3[ASR]1,-4.8683047,11.352498
2024[Co][pcu]3[FSR]1,-4.929688,11.396407
2024[Co][pcu]3[FSR]2,4.971785,6.7197866
2024[Co][sql]2[ASR]1,-4.103607,9.926746
2024[Co][sql]2[ASR]2,-4.627296,11.613306
2024[Co][sql]2[FSR]1,-4.1648,9.961982
2024[Co][sql]2[FSR]2,-3.2516055,9.380339
2024[Co][sql]2[FSR]3,-4.6498137,11.599966
2024[Co][sql]2[FSR]4,-4.164342,9.971421
2024[Co][sql]2[FSR]5,-3.2834644,9.374426
2024[CuCe][nan]3[FSR]1,-6.3153496,6.4027987
2024[CuCe][nan]3[FSR]2,-6.3103747,6.3812523
2024[Cu][lvt]3[ASR]1,-0.38194418,2.4470434
2024[Cu][nan]3[ASR]1,2.9232776,5.576263
2024[Cu][nan]3[ASR]2,2.9191535,5.5622773
2024[Cu][nan]3[FSR]1,-2.8428044,9.526015
2024[Cu][pcu]3[ASR]1,0.28672218,13.588284
2024[Cu][pcu]3[ASR]2,0.28685927,13.545954
2024[Cu][pcu]3[ASR]3,0.3046613,13.598044
2024[Cu][pcu]3[FSR]1,0.32835484,13.6165695
2024[Cu][pcu]3[FSR]2,0.2739786,13.5587225
2024[Cu][pcu]3[FSR]3,0.2804426,13.618362
2024[Cu][pcu]3[FSR]4,0.27269474,13.575155
2024[Cu][sql]2[ASR]1,1.7049998,11.854269
2024[Cu][sql]2[ASR]2,1.7026446,11.846629
2024[Cu][sql]2[FSR]1,1.7166033,11.8784895
2024[Cu][sql]2[FSR]2,1.7059712,11.837513
2024[Cu][srs]3[ASR]1,-4.4154425,10.584628
2024[Cu][srs]3[FSR]1,-4.280762,11.40755
2024[Cu][srs]3[FSR]2,-4.2489448,11.467378
2024[Cu][tfz]3[ASR]1,3.0861914,12.156419
2024[Cu][tfz]3[FSR]1,3.09326,12.233334
2024[Eu][nan]2[ASR]1,1.2384617,9.151829
2024[Eu][nan]2[FSR]1,-4.611211,11.265271
2024[Eu][nan]2[FSR]2,-4.5952287,11.225033
2024[Eu][nan]3[ASR]1,2.7393193,9.225575
2024[Eu][nan]3[ASR]2,-3.1942844,14.025831
2024[Eu][nan]3[FSR]1,-3.2601979,14.132781
2024[Eu][nan]3[FSR]2,-4.1536827,11.282611
2024[Eu][nan]3[FSR]3,-3.2615259,14.131179
2024[Eu][nan]3[FSR]4,-4.122448,11.289332
2024[Eu][sql]2[ASR]1,-2.5518734,9.99862
2024[Eu][sql]2[FSR]1,-2.5770755,10.081303
2024[Fe][bpq]3[ASR]1,8.60512,14.885304
2024[Fe][bpq]3[FSR]1,8.641519,14.8512
2024[Hf][pcu]3[ASR]1,2.3013492,7.0609465
2024[Hf][pcu]3[FSR]1,2.311479,7.072699
2024[In][nan]3[ASR]1,2.6986341,9.094602
2024[La][nan]3[ASR]1,2.6693797,9.13008
2024[La][nan]3[FSR]1,-4.1271453,11.191777
2024[La][nan]3[FSR]2,-4.1357393,11.193593
2024[La][sql]2[ASR]1,2.306333,6.2815685
2024[La][sql]2[FSR]1,1.4091965,12.719932
2024[La][sql]2[FSR]2,1.467748,12.722148
2024[Mn][nan]3[ASR]1,2.4799342,9.011816
2024[Mn][nan]3[ASR]2,2.3996012,8.919748
2024[Mn][pcu]3[ASR]1,1.5509312,8.157976
2024[Mn][pcu]3[FSR]1,1.5446082,8.173499
2024[Mn][pts]3[ASR]1,1.7311132,11.030511
2024[Mn][pts]3[FSR]1,1.7324274,11.022581
2024[Mn][scu]3[ASR]1,-2.8957348,13.103641
2024[Mn][scu]3[FSR]1,-2.9411025,13.116063
2024[Nd][nan]3[FSR]1,-3.3733854,21.665884
2024[Nd][sql]2[ASR]1,-2.558839,9.994501
2024[Nd][sql]2[FSR]1,-2.5749624,10.070851
2024[Ni][etb]3[ASR]1,-0.096955895,3.8133676
2024[Ni][etb]3[FSR]1,-3.7539656,8.953274
2024[Ni][fes]2[ASR]1,-4.379349,10.530034
2024[Ni][fes]2[FSR]1,-4.1251087,11.224682
2024[Ni][fes]2[FSR]2,-4.11901,11.180036
2024[Ni][nan]3[ASR]1,-1.7755888,4.7784977
2024[Ni][nan]3[ASR]2,-1.7615076,4.775366
2024[Ni][nan]3[FSR]1,-3.407454,9.1696005
2024[Ni][nan]3[FSR]2,-1.768738,4.7882714
2024[Ni][nan]3[FSR]3,-1.7703147,4.7886286
2024[Ni][sql]2[ASR]1,-5.644669,6.291298
2024[Ni][sql]2[ASR]2,-6.2103825,7.06642
2024[Ni][sql]2[ASR]3,0.080795676,12.749075
2024[Ni][sql]2[ASR]4,0.0835748,12.724056
2024[Ni][sql]2[FSR]1,-5.702442,6.2310805
2024[Ni][sql]2[FSR]2,-6.2099924,7.073755
2024[Ni][sql]2[FSR]3,-3.1945257,9.294522
2024[Ni][sql]2[FSR]4,0.032687973,12.930364
2024[Ni][sql]2[FSR]6,-3.2015474,9.307981
2024[Pr][sql]2[ASR]1,-2.582974,10.030584
2024[Pr][sql]2[FSR]1,-2.5689623,10.0663395
2024[Pr][sql]2[FSR]2,-2.5636733,10.061081
2024[Sm][sql]2[ASR]1,3.699387,7.775458
2024[Sm][sql]2[ASR]2,3.6811674,7.7705164
2024[Sm][sql]2[FSR]1,-2.5509896,10.076983
2024[Tb][nan]3[ASR]1,2.7229168,9.243873
2024[Tb][nan]3[FSR]1,-4.1177363,11.228624
2024[Tb][nan]3[FSR]2,-4.136504,11.183194
2024[Tb][sql]2[ASR]1,2.3069108,6.383527
2024[Tb][sql]2[ASR]2,-2.5808024,10.033824
2024[Tb][sql]2[FSR]1,-2.576856,10.076816
2024[Tb][tfz]3[ASR]1,0.7634572,3.744014
2024[Tb][tfz]3[FSR]1,0.78093433,3.73639
2024[Th][llj]3[ASR]1,1.4815209,5.3859982
2024[Zn][bnn]3[ASR]1,2.2127013,11.436327
2024[Zn][bnn]3[FSR]1,2.217799,11.478987
2024[Zn][crb]3[ASR]1,12.986437,11.797588
2024[Zn][crb]3[ASR]10,12.984501,11.79554
2024[Zn][crb]3[ASR]11,9.685475,11.039327
2024[Zn][crb]3[ASR]12,9.716993,11.065565
2024[Zn][crb]3[ASR]13,9.716537,11.0640335
2024[Zn][crb]3[ASR]14,12.985144,11.796122
2024[Zn][crb]3[ASR]15,11.257327,5.449926
2024[Zn][crb]3[ASR]16,9.688625,11.040736
2024[Zn][crb]3[ASR]17,9.688943,11.04077
2024[Zn][crb]3[ASR]18,12.985469,11.796497
2024[Zn][crb]3[ASR]19,11.257355,5.4499164
2024[Zn][crb]3[ASR]2,1.3178958,-5.070653
2024[Zn][crb]3[ASR]20,9.718514,11.065953
2024[Zn][crb]3[ASR]21,9.691213,11.038934
2024[Zn][crb]3[ASR]22,12.984984,11.795834
2024[Zn][crb]3[ASR]23,12.984766,11.79558
2024[Zn][crb]3[ASR]24,9.712477,11.059335
2024[Zn][crb]3[ASR]25,9.685759,11.038157
2024[Zn][crb]3[ASR]26,12.985337,11.796157
2024[Zn][crb]3[ASR]27,11.257415,5.449895
2024[Zn][crb]3[ASR]28,9.69534,11.044574
2024[Zn][crb]3[ASR]29,1.3179598,-5.070765
2024[Zn][crb]3[ASR]3,9.7027645,11.050198
2024[Zn][crb]3[ASR]30,6.7478433,10.895962
2024[Zn][crb]3[ASR]31,6.7527723,10.8922615
2024[Zn][crb]3[ASR]32,1.3179421,-5.0708156
2024[Zn][crb]3[ASR]4,6.7533298,10.892765
2024[Zn][crb]3[ASR]5,1.3179513,-5.070854
2024[Zn][crb]3[ASR]6,9.695764,11.044817
2024[Zn][crb]3[ASR]7,11.25748,5.449857
2024[Zn][crb]3[ASR]8,6.7457743,10.898543
2024[Zn][crb]3[ASR]9,12.985101,11.795848
2024[Zn][crb]3[FSR]1,12.98552,11.796389
2024[Zn][crb]3[FSR]10,12.984934,11.795664
2024[Zn][crb]3[FSR]11,9.664439,11.014037
2024[Zn][crb]3[FSR]12,9.719755,11.066301
2024[Zn][crb]3[FSR]13,9.710167,11.0567255
2024[Zn][crb]3[FSR]14,12.98542,11.796129
2024[Zn][crb]3[FSR]15,11.257517,5.449837
2024[Zn][crb]3[FSR]16,9.689999,11.041239
2024[Zn][crb]3[FSR]17,9.676826,11.06019
2024[Zn][crb]3[FSR]18,12.98584,11.796662
2024[Zn][crb]3[FSR]19,11.257555,5.4498158
2024[Zn][crb]3[FSR]2,1.3179624,-5.070901
2024[Zn][crb]3[FSR]20,9.717943,11.064812
2024[Zn][crb]3[FSR]21,9.701064,11.048523
2024[Zn][crb]3[FSR]22,12.985334,11.795901
2024[Zn][crb]3[FSR]23,12.985086,11.795717
2024[Zn][crb]3[FSR]24,9.711098,11.056334
2024[Zn][crb]3[FSR]25,9.68326,11.039049
2024[Zn][crb]3[FSR]26,12.985663,11.7961645
2024[Zn][crb]3[FSR]27,11.257686,5.449772
2024[Zn][crb]3[FSR]28,9.693104,11.044507
2024[Zn][crb]3[FSR]29,1.3178852,-5.0706577
2024[Zn][crb]3[FSR]3,9.676039,11.020575
2024[Zn][crb]3[FSR]30,6.746829,10.896871
2024[Zn][crb]3[FSR]31,6.7611413,10.888247
2024[Zn][crb]3[FSR]32,1.3179641,-5.0709524
2024[Zn][crb]3[FSR]4,6.7534738,10.892733
2024[Zn][crb]3[FSR]5,1.3179767,-5.0709944
2024[Zn][crb]3[FSR]6,9.69257,11.043846
2024[Zn][crb]3[FSR]7,11.2577095,5.449753
2024[Zn][crb]3[FSR]8,6.750804,10.898022
2024[Zn][crb]3[FSR]9,12.985578,11.795928
2024[Zn][fes]2[ASR]1,1.7369137,9.914696
2024[Zn][fsc]3[ASR]1,0.82308275,5.488375
2024[Zn][fsc]3[FSR]1,0.82331645,5.4750175
2024[Zn][hex]3[ASR]1,1.67508,6.798048
2024[Zn][hex]3[FSR]1,1.6789731,6.7529635
2024[Zn][lig]3[ASR]1,6.3546276,11.456842
2024[Zn][lig]3[ASR]2,6.303053,11.556285
2024[Zn][nan]2[ASR]1,-2.7890885,8.232612
2024[Zn][nan]2[FSR]1,-3.5440834,9.150926
2024[Zn][nan]2[FSR]2,-3.5188699,9.106919
2024[Zn][nan]3[ASR]1,4.510038,7.747681
2024[Zn][nan]3[ASR]2,4.693126,7.801013
2024[Zn][nan]3[FSR]1,4.0293045,9.0290365
2024[Zn][nan]3[FSR]2,3.972038,8.963532
2024[Zn][nia]3[ASR]1,0.7333486,4.9045224
2024[Zn][nia]3[FSR]1,0.7289914,4.9301996
2024[Zn][pcu]3[ASR]1,-1.6748503,0.48924887
2024[Zn][pcu]3[ASR]2,-1.1018667,1.5495578
2024[Zn][pcu]3[ASR]3,2.422579,7.3743057
2024[Zn][pcu]3[FSR]1,1.3513883,10.855947
2024[Zn][pcu]3[FSR]2,-6.975046,17.501585
2024[Zn][pcu]3[FSR]3,-1.0168031,1.1452646
2024[Zn][pcu]3[FSR]4,-1.1058805,1.5536671
2024[Zn][pcu]3[FSR]5,2.4676929,7.4481516
2024[Zn][scn]3[ASR]1,-2.2680588,7.836357
2024[Zn][scn]3[FSR]1,-2.2756364,7.8249707
2024[Zn][sql]2[ASR]1,1.8108283,8.64323
2024[Zn][sql]2[ASR]2,-0.76673466,11.276036
2024[Zn][sql]2[ASR]3,-0.80312985,11.346234
2024[Zn][sql]2[ASR]4,-4.6068826,11.618333
2024[Zn][sql]2[FSR]1,-0.7455637,11.2997875
2024[Zn][sql]2[FSR]2,-0.79012144,11.337483
2024[Zn][sql]2[FSR]3,-4.5687823,11.626744
2024[Zn][sra]3[ASR]1,-3.5556254,8.537973
2024[Zn][sra]3[FSR]1,-3.5533905,8.529422
2024[Zn][srs]3[ASR]1,5.8592033,11.662379
2024[Zn][srs]3[ASR]2,5.86105,11.679409
2024[Zn][srs]3[FSR]1,4.64532,13.072952
2024[Zn][srs]3[FSR]2,4.6781983,13.008863
2024[Zn][srs]3[FSR]3,4.661423,13.051835
2024[Zn][srs]3[FSR]4,4.656504,13.042282
2024[Zn][ths]3[ASR]1,-6.140684,7.2019615
2024[Zn][ths]3[FSR]1,-6.090709,7.123325
2024[Zn][ths]3[FSR]3,-6.1102962,7.121487
2024[Zr][bcu]3[ASR]1,-1.33538,1.5145841
2024[Zr][flu]3[ASR]1,0.05238108,3.673529
